{
"type": "FeatureCollection",
"name": "route",
"crs": { "type": "name", "properties": { "name": "urn:ogc:def:crs:OGC:1.3:CRS84" } },
"features": [
{ "type": "Feature", "properties": { }, "geometry": { "type": "LineString", "coordinates": [ [ -0.08365670299195, 51.480000567145602 ], [ -0.083945134552299, 51.480007745274982 ], [ -0.084233566231958, 51.480014922695737 ], [ -0.084521998030921, 51.480022099407826 ], [ -0.084810429949173, 51.480029275411269 ], [ -0.085098861986701, 51.480036450706066 ], [ -0.085387294143497, 51.480043625292204 ], [ -0.085675726419546, 51.48005079916971 ], [ -0.085964158814837, 51.480057972338557 ], [ -0.08625259132936, 51.480065144798743 ], [ -0.086541023963102, 51.480072316550292 ], [ -0.08682945671605, 51.480079487593187 ], [ -0.087117889588196, 51.480086657927409 ], [ -0.087406322579525, 51.480093827552999 ], [ -0.087694755690025, 51.480100996469915 ], [ -0.087983188919687, 51.480108164678192 ], [ -0.088271622268498, 51.480115332177796 ], [ -0.088560055736444, 51.480122498968754 ], [ -0.088848489323517, 51.480129665051059 ], [ -0.089136923029704, 51.480136830424698 ], [ -0.089425356854992, 51.480143995089669 ], [ -0.08971379079937, 51.480151159045995 ], [ -0.090002224862827, 51.480158322293654 ], [ -0.090290659045351, 51.480165484832654 ], [ -0.090579093346932, 51.480172646662993 ], [ -0.090867527767552, 51.480179807784651 ], [ -0.091155962307207, 51.480186968197664 ], [ -0.091444396965881, 51.48019412790201 ], [ -0.091732831743563, 51.480201286897689 ], [ -0.092021266640242, 51.480208445184701 ], [ -0.092309701655906, 51.480215602763053 ], [ -0.092598136790541, 51.480222759632738 ], [ -0.092886572044141, 51.480229915793757 ], [ -0.093175007416688, 51.480237071246094 ], [ -0.093463442908174, 51.480244225989779 ], [ -0.093751878518586, 51.480251380024782 ], [ -0.094040314247914, 51.480258533351112 ], [ -0.094328750096142, 51.480265685968789 ], [ -0.094617186063262, 51.480272837877784 ], [ -0.094905622149263, 51.480279989078113 ], [ -0.095194058354129, 51.480287139569754 ], [ -0.095482494677853, 51.480294289352742 ], [ -0.095770931120421, 51.480301438427041 ], [ -0.09605936768182, 51.480308586792667 ], [ -0.096347804362041, 51.480315734449626 ], [ -0.096636241161072, 51.480322881397889 ], [ -0.096924678078898, 51.480330027637493 ], [ -0.097213115115513, 51.480337173168408 ], [ -0.097501552270899, 51.480344317990649 ], [ -0.097789989545047, 51.48035146210421 ], [ -0.098078426937947, 51.480358605509096 ], [ -0.098366864449587, 51.480365748205301 ], [ -0.098655302079951, 51.480372890192825 ], [ -0.098943739829032, 51.480380031471675 ], [ -0.099232177696816, 51.48038717204183 ], [ -0.099520615683293, 51.480394311903297 ], [ -0.099809053788449, 51.480401451056096 ], [ -0.100097492012275, 51.4804085895002 ], [ -0.100385930354756, 51.480415727235616 ], [ -0.100674368815883, 51.480422864262351 ], [ -0.100962807395644, 51.480430000580398 ], [ -0.101251246094025, 51.480437136189771 ], [ -0.101539684911017, 51.480444271090427 ], [ -0.101828123846606, 51.480451405282416 ], [ -0.102116562900782, 51.480458538765717 ], [ -0.102405002073535, 51.480465671540323 ], [ -0.102693441364848, 51.48047280360624 ], [ -0.102981880774714, 51.480479934963455 ], [ -0.10327032030312, 51.480487065611989 ], [ -0.103558759950052, 51.480494195551834 ], [ -0.103847199715502, 51.480501324782971 ], [ -0.104135639599456, 51.480508453305426 ], [ -0.104424079601901, 51.480515581119192 ], [ -0.10471251972283, 51.480522708224242 ], [ -0.105000959962227, 51.480529834620619 ], [ -0.10528940032008, 51.480536960308292 ], [ -0.10557784079638, 51.480544085287249 ], [ -0.105866281391116, 51.480551209557525 ], [ -0.106154722104272, 51.480558333119106 ], [ -0.106443162935841, 51.480565455971977 ], [ -0.106731603885808, 51.480572578116153 ], [ -0.107020044954161, 51.480579699551619 ], [ -0.107308486140891, 51.48058682027839 ], [ -0.107596927445985, 51.480593940296465 ], [ -0.10788536886943, 51.480601059605839 ], [ -0.108173810411215, 51.480608178206502 ], [ -0.108462252071331, 51.480615296098456 ], [ -0.108750693849761, 51.480622413281715 ], [ -0.109039135746499, 51.480629529756264 ], [ -0.10932757776153, 51.480636645522104 ], [ -0.109616019894842, 51.480643760579241 ], [ -0.109904462146425, 51.480650874927669 ], [ -0.110192904516267, 51.480657988567387 ], [ -0.110481347004353, 51.480665101498403 ], [ -0.110769789610676, 51.480672213720702 ], [ -0.111058232335222, 51.480679325234298 ], [ -0.111346675177979, 51.480686436039171 ], [ -0.111635118138936, 51.480693546135342 ], [ -0.111923561218083, 51.480700655522796 ], [ -0.112212004415403, 51.48070776420154 ], [ -0.11250044773089, 51.480714872171582 ], [ -0.11278889116453, 51.480721979432879 ], [ -0.11307733471631, 51.480729085985487 ], [ -0.113365778386221, 51.480736191829365 ], [ -0.11365422217425, 51.48074329696454 ], [ -0.113942666080383, 51.480750401390985 ], [ -0.114231110104612, 51.480757505108727 ], [ -0.114519554246922, 51.480764608117738 ], [ -0.114807998507305, 51.480771710418033 ], [ -0.115096442885746, 51.480778812009603 ], [ -0.115384887382234, 51.480785912892458 ], [ -0.115673331996759, 51.480793013066588 ], [ -0.115961776729308, 51.480800112532009 ], [ -0.116250221579869, 51.480807211288692 ], [ -0.116538666548431, 51.480814309336658 ], [ -0.116827111634982, 51.480821406675908 ], [ -0.117115556839508, 51.480828503306419 ], [ -0.117404002162002, 51.480835599228207 ], [ -0.11769244760245, 51.480842694441279 ], [ -0.117980893160838, 51.480849788945619 ], [ -0.118269338837159, 51.480856882741229 ], [ -0.118557784631397, 51.480863975828115 ], [ -0.11884623054354, 51.48087106820627 ], [ -0.119134676573581, 51.480878159875694 ], [ -0.119423122721505, 51.480885250836394 ], [ -0.1197115689873, 51.480892341088357 ], [ -0.120000015370955, 51.480899430631595 ], [ -0.12000003003515, 51.481798861141954 ], [ -0.119712252004529, 51.481791788078439 ], [ -0.119424474091224, 51.481784714309498 ], [ -0.119136696295245, 51.481777639835116 ], [ -0.118848918616607, 51.481770564655271 ], [ -0.118561141055317, 51.48176348877 ], [ -0.118273363611391, 51.48175641217928 ], [ -0.117985586284837, 51.481749334883112 ], [ -0.117697809075669, 51.48174225688151 ], [ -0.117410031983899, 51.481735178174461 ], [ -0.117122255009536, 51.48172809876197 ], [ -0.116834478152596, 51.481721018644045 ], [ -0.116546701413085, 51.481713937820686 ], [ -0.11625892479102, 51.481706856291872 ], [ -0.115971148286408, 51.481699774057638 ], [ -0.115683371899263, 51.481692691117964 ], [ -0.115395595629599, 51.481685607472841 ], [ -0.115107819477422, 51.481678523122298 ], [ -0.114820043442749, 51.481671438066314 ], [ -0.114532267525587, 51.481664352304897 ], [ -0.114244491725952, 51.481657265838038 ], [ -0.113956716043853, 51.48165017866576 ], [ -0.113668940479302, 51.481643090788033 ], [ -0.113381165032312, 51.481636002204894 ], [ -0.113093389702892, 51.481628912916314 ], [ -0.112805614491057, 51.4816218229223 ], [ -0.112517839396816, 51.481614732222866 ], [ -0.11223006442018, 51.481607640817998 ], [ -0.111942289561165, 51.481600548707696 ], [ -0.111654514819777, 51.481593455891975 ], [ -0.111366740196032, 51.481586362370827 ], [ -0.111078965689939, 51.481579268144252 ], [ -0.110791191301512, 51.48157217321225 ], [ -0.110503417030761, 51.481565077574828 ], [ -0.110215642877695, 51.481557981231965 ], [ -0.109927868842331, 51.481550884183697 ], [ -0.109640094924678, 51.481543786429995 ], [ -0.10935232112475, 51.481536687970873 ], [ -0.109064547442552, 51.481529588806339 ], [ -0.108776773878104, 51.481522488936385 ], [ -0.108489000431412, 51.481515388361004 ], [ -0.108201227102489, 51.481508287080189 ], [ -0.107913453891348, 51.481501185093975 ], [ -0.107625680797999, 51.481494082402342 ], [ -0.107337907822456, 51.481486979005282 ], [ -0.107050134964726, 51.481479874902817 ], [ -0.106762362224826, 51.481472770094925 ], [ -0.106474589602763, 51.48146566458162 ], [ -0.106186817098551, 51.48145855836291 ], [ -0.105899044712205, 51.481451451438772 ], [ -0.105611272443729, 51.48144434380923 ], [ -0.105323500293141, 51.481437235474282 ], [ -0.105035728260448, 51.481430126433906 ], [ -0.104747956345665, 51.481423016688133 ], [ -0.104460184548803, 51.48141590623694 ], [ -0.104172412869874, 51.481408795080334 ], [ -0.10388464130889, 51.481401683218323 ], [ -0.103596869865859, 51.481394570650913 ], [ -0.103309098540797, 51.481387457378077 ], [ -0.103021327333712, 51.481380343399842 ], [ -0.102733556244617, 51.481373228716215 ], [ -0.102445785273526, 51.481366113327162 ], [ -0.102158014420448, 51.481358997232704 ], [ -0.101870243685395, 51.481351880432847 ], [ -0.10158247306838, 51.481344762927598 ], [ -0.101294702569413, 51.481337644716916 ], [ -0.101006932188506, 51.481330525800864 ], [ -0.10071916192567, 51.481323406179392 ], [ -0.10043139178092, 51.481316285852522 ], [ -0.100143621754263, 51.48130916482026 ], [ -0.099855851845714, 51.481302043082586 ], [ -0.099568082055282, 51.48129492063952 ], [ -0.099280312382983, 51.481287797491063 ], [ -0.098992542828822, 51.481280673637187 ], [ -0.098704773392815, 51.481273549077926 ], [ -0.098417004074975, 51.481266423813281 ], [ -0.098129234875311, 51.481259297843216 ], [ -0.097841465793835, 51.481252171167768 ], [ -0.097553696830558, 51.481245043786927 ], [ -0.097265927985494, 51.481237915700689 ], [ -0.096978159258651, 51.481230786909066 ], [ -0.096690390650044, 51.481223657412045 ], [ -0.096402622159685, 51.481216527209625 ], [ -0.096114853787582, 51.481209396301814 ], [ -0.095827085533749, 51.481202264688626 ], [ -0.095539317398198, 51.481195132370047 ], [ -0.09525154938094, 51.481187999346062 ], [ -0.094963781481984, 51.4811808656167 ], [ -0.094676013701346, 51.481173731181947 ], [ -0.094388246039037, 51.481166596041817 ], [ -0.094100478495066, 51.481159460196295 ], [ -0.093812711069447, 51.481152323645389 ], [ -0.09352494376219, 51.481145186389092 ], [ -0.093237176573307, 51.481138048427411 ], [ -0.092949409502812, 51.481130909760353 ], [ -0.092661642550713, 51.481123770387917 ], [ -0.092373875717024, 51.48111663031009 ], [ -0.092086109001755, 51.481109489526872 ], [ -0.09179834240492, 51.481102348038284 ], [ -0.091510575926528, 51.481095205844319 ], [ -0.09122280956659, 51.48108806294497 ], [ -0.090935043325124, 51.481080919340243 ], [ -0.090647277202133, 51.481073775030133 ], [ -0.090359511197636, 51.481066630014652 ], [ -0.090071745311638, 51.481059484293802 ], [ -0.089783979544158, 51.48105233786756 ], [ -0.0894962138952, 51.481045190735941 ], [ -0.089208448364781, 51.481038042898959 ], [ -0.08892068295291, 51.4810308943566 ], [ -0.0886329176596, 51.481023745108864 ], [ -0.088345152484862, 51.481016595155765 ], [ -0.088057387428708, 51.481009444497289 ], [ -0.087769622491151, 51.481002293133429 ], [ -0.087481857672198, 51.480995141064213 ], [ -0.087194092971865, 51.48098798828962 ], [ -0.086906328390163, 51.480980834809664 ], [ -0.086618563927101, 51.480973680624338 ], [ -0.086330799582696, 51.480966525733635 ], [ -0.086043035356953, 51.480959370137576 ], [ -0.085755271249889, 51.480952213836147 ], [ -0.085467507261512, 51.480945056829349 ], [ -0.085179743391835, 51.480937899117187 ], [ -0.084891979640871, 51.480930740699669 ], [ -0.084604216008629, 51.480923581576782 ], [ -0.084316452495124, 51.480916421748525 ], [ -0.084028689100363, 51.480909261214912 ], [ -0.083740925824361, 51.480902099975928 ], [ -0.08345316266713, 51.480894938031589 ], [ -0.08316539962868, 51.480887775381888 ], [ -0.082877636709024, 51.48088061202683 ], [ -0.082589873908172, 51.480873447966417 ], [ -0.082302111226137, 51.480866283200641 ], [ -0.08201434866293, 51.480859117729501 ], [ -0.081726586218562, 51.480851951553007 ], [ -0.081438823893045, 51.480844784671177 ], [ -0.081151061686392, 51.480837617083964 ], [ -0.080863299598614, 51.480830448791409 ], [ -0.080575537629721, 51.480823279793491 ], [ -0.080287775779729, 51.480816110090217 ], [ -0.080000014048642, 51.480808939681602 ], [ -0.080000028988414, 51.481708377356412 ], [ -0.080287790712356, 51.481715547712255 ], [ -0.080575552555207, 51.481722717362757 ], [ -0.080863314516957, 51.48172988630791 ], [ -0.081151076597595, 51.481737054547708 ], [ -0.081438838797109, 51.481744222082156 ], [ -0.081726601115487, 51.481751388911263 ], [ -0.082014363552717, 51.481758555035015 ], [ -0.082302126108788, 51.481765720453403 ], [ -0.082589888783688, 51.48177288516645 ], [ -0.082877651577407, 51.481780049174134 ], [ -0.08316541448993, 51.481787212476483 ], [ -0.083453177521248, 51.48179437507347 ], [ -0.083740940671348, 51.481801536965094 ], [ -0.084028703940221, 51.481808698151376 ], [ -0.084316467327851, 51.481815858632281 ], [ -0.08460423083423, 51.481823018407837 ], [ -0.084891994459345, 51.481830177478038 ], [ -0.085179758203187, 51.481837335842876 ], [ -0.085467522065739, 51.481844493502365 ], [ -0.085755286046993, 51.481851650456484 ], [ -0.086043050146935, 51.481858806705247 ], [ -0.086330814365557, 51.481865962248648 ], [ -0.086618578702844, 51.481873117086685 ], [ -0.086906343158787, 51.481880271219353 ], [ -0.087194107733372, 51.481887424646665 ], [ -0.087481872426589, 51.481894577368607 ], [ -0.087769637238426, 51.4819017293852 ], [ -0.088057402168871, 51.481908880696416 ], [ -0.088345167217911, 51.481916031302269 ], [ -0.088632932385536, 51.481923181202745 ], [ -0.088920697671736, 51.481930330397859 ], [ -0.089208463076497, 51.481937478887616 ], [ -0.089496228599809, 51.481944626671996 ], [ -0.089783994241657, 51.481951773751007 ], [ -0.090071760002034, 51.481958920124654 ], [ -0.090359525880925, 51.481966065792911 ], [ -0.09064729187832, 51.481973210755804 ], [ -0.090935057994207, 51.481980355013334 ], [ -0.091222824228573, 51.481987498565481 ], [ -0.091510590581408, 51.481994641412257 ], [ -0.091798357052701, 51.48200178355367 ], [ -0.092086123642438, 51.482008924989685 ], [ -0.09237389035061, 51.482016065720344 ], [ -0.092661657177203, 51.48202320574562 ], [ -0.092949424122205, 51.482030345065525 ], [ -0.093237191185607, 51.482037483680053 ], [ -0.093524958367397, 51.482044621589189 ], [ -0.093812725667563, 51.482051758792956 ], [ -0.094100493086091, 51.482058895291338 ], [ -0.094388260622972, 51.482066031084344 ], [ -0.094676028278194, 51.482073166171958 ], [ -0.094963796051743, 51.482080300554209 ], [ -0.095251563943614, 51.482087434231069 ], [ -0.095539331953787, 51.48209456720253 ], [ -0.095827100082254, 51.482101699468629 ], [ -0.096114868329005, 51.482108831029343 ], [ -0.096402636694026, 51.482115961884666 ], [ -0.096690405177305, 51.482123092034605 ], [ -0.096978173778833, 51.48213022147916 ], [ -0.097265942498595, 51.482137350218302 ], [ -0.097553711336583, 51.482144478252081 ], [ -0.097841480292783, 51.482151605580476 ], [ -0.098129249367185, 51.482158732203466 ], [ -0.098417018559775, 51.482165858121078 ], [ -0.098704787870543, 51.482172983333299 ], [ -0.098992557299477, 51.482180107840122 ], [ -0.099280326846566, 51.482187231641547 ], [ -0.099568096511798, 51.482194354737594 ], [ -0.099855866295161, 51.482201477128235 ], [ -0.100143636196642, 51.4822085988135 ], [ -0.100431406216232, 51.482215719793352 ], [ -0.100719176353919, 51.482222840067813 ], [ -0.101006946609689, 51.482229959636889 ], [ -0.101294716983534, 51.482237078500553 ], [ -0.101582487475438, 51.482244196658833 ], [ -0.101870258085393, 51.482251314111707 ], [ -0.102158028813386, 51.48225843085919 ], [ -0.102445799659406, 51.48226554690126 ], [ -0.10273357062344, 51.482272662237939 ], [ -0.103021341705477, 51.482279776869213 ], [ -0.103309112905506, 51.482286890795088 ], [ -0.103596884223515, 51.482294004015571 ], [ -0.103884655659492, 51.482301116530635 ], [ -0.104172427213426, 51.482308228340301 ], [ -0.104460198885306, 51.482315339444554 ], [ -0.104747970675118, 51.482322449843423 ], [ -0.105035742582854, 51.482329559536879 ], [ -0.105323514608497, 51.482336668524923 ], [ -0.10561128675204, 51.482343776807568 ], [ -0.10589905901347, 51.4823508843848 ], [ -0.106186831392773, 51.482357991256627 ], [ -0.106474603889942, 51.482365097423042 ], [ -0.106762376504961, 51.482372202884051 ], [ -0.107050149237821, 51.482379307639647 ], [ -0.107337922088511, 51.482386411689831 ], [ -0.107625695057017, 51.482393515034609 ], [ -0.107913468143328, 51.48240061767396 ], [ -0.108201241347433, 51.482407719607913 ], [ -0.108489014669321, 51.482414820836453 ], [ -0.108776788108978, 51.482421921359574 ], [ -0.109064561666394, 51.482429021177282 ], [ -0.109352335341559, 51.482436120289563 ], [ -0.109640109134458, 51.482443218696439 ], [ -0.10992788304508, 51.482450316397902 ], [ -0.110215657073415, 51.482457413393945 ], [ -0.110503431219452, 51.482464509684554 ], [ -0.110791205483176, 51.482471605269772 ], [ -0.11107897986458, 51.482478700149549 ], [ -0.111366754363647, 51.482485794323921 ], [ -0.11165452898037, 51.482492887792851 ], [ -0.111942303714735, 51.482499980556376 ], [ -0.112230078566731, 51.482507072614474 ], [ -0.112517853536346, 51.482514163967153 ], [ -0.112805628623568, 51.482521254614397 ], [ -0.113093403828387, 51.482528344556229 ], [ -0.11338117915079, 51.482535433792627 ], [ -0.113668954590765, 51.482542522323598 ], [ -0.113956730148301, 51.482549610149157 ], [ -0.114244505823386, 51.482556697269281 ], [ -0.11453228161601, 51.482563783683979 ], [ -0.114820057526159, 51.482570869393236 ], [ -0.115107833553825, 51.48257795439708 ], [ -0.115395609698992, 51.48258503869549 ], [ -0.11568338596165, 51.482592122288473 ], [ -0.115971162341788, 51.482599205176015 ], [ -0.116258938839393, 51.482606287358131 ], [ -0.116546715454455, 51.482613368834819 ], [ -0.116834492186962, 51.482620449606067 ], [ -0.117122269036902, 51.48262752967188 ], [ -0.117410046004263, 51.482634609032267 ], [ -0.117697823089033, 51.482641687687213 ], [ -0.117985600291202, 51.482648765636718 ], [ -0.118273377610757, 51.482655842880796 ], [ -0.118561155047687, 51.48266291941944 ], [ -0.11884893260198, 51.482669995252643 ], [ -0.119136710273625, 51.482677070380404 ], [ -0.11942448806261, 51.482684144802725 ], [ -0.119712265968924, 51.482691218519605 ], [ -0.120000043992553, 51.482698291531051 ], [ -0.120000057243139, 51.483597721798901 ], [ -0.11971227922643, 51.483590648839517 ], [ -0.119424501327039, 51.483583575174698 ], [ -0.119136723544977, 51.483576500804446 ], [ -0.118848945880255, 51.483569425728774 ], [ -0.118561168332888, 51.483562349947654 ], [ -0.118273390902883, 51.483555273461093 ], [ -0.117985613590256, 51.483548196269119 ], [ -0.117697836395015, 51.483541118371697 ], [ -0.117410059317174, 51.483534039768855 ], [ -0.117122282356743, 51.48352696046058 ], [ -0.116834505513736, 51.483519880446885 ], [ -0.116546728788162, 51.483512799727741 ], [ -0.116258952180034, 51.483505718303185 ], [ -0.115971175689363, 51.483498636173195 ], [ -0.115683399316162, 51.483491553337778 ], [ -0.11539562306044, 51.483484469796949 ], [ -0.115107846922213, 51.483477385550671 ], [ -0.114820070901487, 51.483470300598988 ], [ -0.114532294998279, 51.483463214941878 ], [ -0.114244519212596, 51.483456128579341 ], [ -0.113956743544454, 51.483449041511385 ], [ -0.11366896799386, 51.483441953738001 ], [ -0.113381192560831, 51.483434865259198 ], [ -0.113093417245373, 51.483427776074983 ], [ -0.112805642047504, 51.483420686185347 ], [ -0.112517866967228, 51.483413595590278 ], [ -0.112230092004563, 51.483406504289789 ], [ -0.11194231715952, 51.483399412283894 ], [ -0.111654542432104, 51.483392319572594 ], [ -0.111366767822337, 51.48338522615586 ], [ -0.111078993330221, 51.483378132033707 ], [ -0.110791218955773, 51.483371037206147 ], [ -0.110503444699004, 51.483363941673176 ], [ -0.110215670559926, 51.483356845434777 ], [ -0.109927896538548, 51.48334974849098 ], [ -0.109640122634885, 51.483342650841756 ], [ -0.109352348848945, 51.483335552487134 ], [ -0.109064575180744, 51.483328453427099 ], [ -0.108776801630288, 51.483321353661651 ], [ -0.108489028197596, 51.483314253190798 ], [ -0.108201254882673, 51.483307152014532 ], [ -0.107913481685535, 51.483300050132847 ], [ -0.10762570860619, 51.483292947545763 ], [ -0.107337935644652, 51.483285844253274 ], [ -0.107050162800931, 51.483278740255379 ], [ -0.106762390075042, 51.483271635552072 ], [ -0.106474617466994, 51.483264530143373 ], [ -0.106186844976798, 51.483257424029269 ], [ -0.105899072604467, 51.483250317209745 ], [ -0.105611300350012, 51.483243209684822 ], [ -0.105323528213445, 51.483236101454509 ], [ -0.105035756194778, 51.483228992518789 ], [ -0.104747984294022, 51.483221882877658 ], [ -0.104460212511189, 51.483214772531134 ], [ -0.10417244084629, 51.483207661479227 ], [ -0.103884669299339, 51.4832005497219 ], [ -0.103596897870345, 51.483193437259182 ], [ -0.103309126559318, 51.483186324091058 ], [ -0.103021355366276, 51.483179210217543 ], [ -0.102733584291222, 51.483172095638636 ], [ -0.102445813334176, 51.483164980354324 ], [ -0.102158042495144, 51.483157864364628 ], [ -0.10187027177414, 51.483150747669541 ], [ -0.101582501171175, 51.483143630269048 ], [ -0.101294730686262, 51.483136512163171 ], [ -0.10100696031941, 51.483129393351888 ], [ -0.100719190070633, 51.483122273835228 ], [ -0.10043141993994, 51.48311515361317 ], [ -0.100143649927347, 51.483108032685728 ], [ -0.099855880032861, 51.483100911052894 ], [ -0.099568110256498, 51.483093788714669 ], [ -0.099280340598264, 51.483086665671053 ], [ -0.098992571058177, 51.483079541922052 ], [ -0.098704801636243, 51.483072417467675 ], [ -0.098417032332478, 51.483065292307899 ], [ -0.09812926314689, 51.483058166442738 ], [ -0.097841494079495, 51.483051039872194 ], [ -0.0975537251303, 51.483043912596273 ], [ -0.09726595629932, 51.48303678461496 ], [ -0.096978187586563, 51.48302965592827 ], [ -0.096690418992046, 51.483022526536196 ], [ -0.096402650515774, 51.483015396438738 ], [ -0.096114882157767, 51.48300826563591 ], [ -0.09582711391803, 51.483001134127683 ], [ -0.095539345796574, 51.482994001914086 ], [ -0.095251577793417, 51.482986868995113 ], [ -0.094963809908564, 51.482979735370755 ], [ -0.094676042142031, 51.482972601041034 ], [ -0.094388274493828, 51.482965466005929 ], [ -0.094100506963966, 51.48295833026544 ], [ -0.093812739552456, 51.482951193819595 ], [ -0.093524972259313, 51.482944056668359 ], [ -0.093237205084546, 51.482936918811745 ], [ -0.092949438028167, 51.482929780249762 ], [ -0.092661671090188, 51.482922640982423 ], [ -0.092373904270621, 51.4829155010097 ], [ -0.092086137569476, 51.482908360331599 ], [ -0.091798370986768, 51.482901218948136 ], [ -0.091510604522503, 51.482894076859303 ], [ -0.091222838176698, 51.482886934065107 ], [ -0.090935071949364, 51.482879790565526 ], [ -0.09064730584051, 51.482872646360583 ], [ -0.090359539850148, 51.482865501450277 ], [ -0.090071773978291, 51.482858355834608 ], [ -0.08978400822495, 51.482851209513562 ], [ -0.089496242590139, 51.482844062487167 ], [ -0.089208477073865, 51.482836914755389 ], [ -0.088920711676144, 51.482829766318268 ], [ -0.088632946396984, 51.482822617175756 ], [ -0.088345181236401, 51.482815467327903 ], [ -0.088057416194401, 51.48280831677468 ], [ -0.087769651271, 51.482801165516108 ], [ -0.087481886466209, 51.482794013552166 ], [ -0.087194121780037, 51.482786860882861 ], [ -0.086906357212499, 51.482779707508207 ], [ -0.086618592763604, 51.482772553428184 ], [ -0.086330828433366, 51.482765398642805 ], [ -0.086043064221795, 51.482758243152077 ], [ -0.085755300128904, 51.482751086955986 ], [ -0.085467536154703, 51.482743930054546 ], [ -0.085179772299204, 51.482736772447751 ], [ -0.084892008562418, 51.482729614135586 ], [ -0.084604244944359, 51.482722455118086 ], [ -0.084316481445037, 51.482715295395224 ], [ -0.084028718064464, 51.482708134967012 ], [ -0.083740954802651, 51.482700973833445 ], [ -0.083453191659611, 51.48269381199453 ], [ -0.083165428635354, 51.482686649450265 ], [ -0.082877665729893, 51.482679486200652 ], [ -0.082589902943237, 51.482672322245683 ], [ -0.082302140275403, 51.482665157585387 ], [ -0.082014377726398, 51.482657992219721 ], [ -0.081726615296235, 51.482650826148721 ], [ -0.081438852984924, 51.482643659372364 ], [ -0.08115109079248, 51.48263649189068 ], [ -0.080863328718912, 51.482629323703627 ], [ -0.080575566764234, 51.482622154811246 ], [ -0.080287804928454, 51.482614985213516 ], [ -0.080000043211587, 51.482607814910445 ], [ -0.080000056718132, 51.483507252343713 ], [ -0.080287818427996, 51.483514422594006 ], [ -0.080575580256775, 51.483521592138963 ], [ -0.080863342204452, 51.483528760978587 ], [ -0.08115110427102, 51.483535929112861 ], [ -0.081438866456465, 51.483543096541808 ], [ -0.081726628760778, 51.4835502632654 ], [ -0.082014391183945, 51.483557429283664 ], [ -0.082302153725952, 51.483564594596572 ], [ -0.082589916386794, 51.483571759204139 ], [ -0.082877679166455, 51.483578923106371 ], [ -0.083165442064925, 51.483586086303255 ], [ -0.083453205082191, 51.483593248794797 ], [ -0.083740968218242, 51.483600410580991 ], [ -0.084028731473065, 51.48360757166185 ], [ -0.08431649484665, 51.483614732037353 ], [ -0.084604258338985, 51.483621891707514 ], [ -0.08489202195006, 51.48362905067232 ], [ -0.085179785679861, 51.483636208931792 ], [ -0.085467549528377, 51.483643366485893 ], [ -0.085755313495596, 51.48365052333466 ], [ -0.086043077581507, 51.483657679478071 ], [ -0.086330841786098, 51.483664834916127 ], [ -0.086618606109357, 51.483671989648848 ], [ -0.086906370551272, 51.483679143676206 ], [ -0.087194135111835, 51.483686296998208 ], [ -0.08748189979103, 51.483693449614854 ], [ -0.087769664588848, 51.483700601526145 ], [ -0.088057429505276, 51.483707752732101 ], [ -0.088345194540304, 51.483714903232674 ], [ -0.088632959693916, 51.483722053027904 ], [ -0.088920724966106, 51.483729202117793 ], [ -0.08920849035686, 51.483736350502298 ], [ -0.089496255866166, 51.483743498181447 ], [ -0.089784021494011, 51.483750645155247 ], [ -0.090071787240386, 51.48375779142367 ], [ -0.09035955310528, 51.483764936986752 ], [ -0.090647319088676, 51.483772081844471 ], [ -0.090935085190569, 51.48377922599682 ], [ -0.091222851410943, 51.483786369443813 ], [ -0.091510617749788, 51.483793512185436 ], [ -0.091798384207092, 51.483800654221696 ], [ -0.092086150782843, 51.4838077955526 ], [ -0.092373917477031, 51.483814936178135 ], [ -0.092661684289644, 51.483822076098299 ], [ -0.092949451220668, 51.483829215313101 ], [ -0.093237218270095, 51.483836353822532 ], [ -0.09352498543791, 51.483843491626587 ], [ -0.093812752724102, 51.483850628725293 ], [ -0.094100520128661, 51.483857765118614 ], [ -0.094388287651574, 51.483864900806573 ], [ -0.09467605529283, 51.483872035789155 ], [ -0.094963823052417, 51.483879170066373 ], [ -0.095251590930324, 51.483886303638215 ], [ -0.095539358926538, 51.483893436504687 ], [ -0.095827127041048, 51.483900568665781 ], [ -0.096114895273844, 51.483907700121499 ], [ -0.096402663624912, 51.483914830871853 ], [ -0.096690432094242, 51.483921960916817 ], [ -0.096978200681822, 51.483929090256424 ], [ -0.097265969387639, 51.483936218890641 ], [ -0.097553738211684, 51.483943346819473 ], [ -0.097841507153944, 51.483950474042942 ], [ -0.098129276214406, 51.48395760056102 ], [ -0.098417045393058, 51.483964726373728 ], [ -0.098704814689892, 51.483971851481051 ], [ -0.098992584104894, 51.483978975882998 ], [ -0.099280353638053, 51.483986099579553 ], [ -0.099568123289356, 51.483993222570746 ], [ -0.099855893058793, 51.484000344856533 ], [ -0.100143662946351, 51.48400746643695 ], [ -0.100431432952019, 51.484014587311968 ], [ -0.100719203075787, 51.484021707481631 ], [ -0.101006973317642, 51.484028826945881 ], [ -0.101294743677571, 51.484035945704747 ], [ -0.101582514155564, 51.484043063758229 ], [ -0.101870284751609, 51.48405018110634 ], [ -0.102158055465694, 51.484057297749047 ], [ -0.102445826297808, 51.484064413686355 ], [ -0.102733597247938, 51.484071528918292 ], [ -0.103021368316075, 51.484078643444832 ], [ -0.103309139502205, 51.484085757265987 ], [ -0.103596910806317, 51.484092870381744 ], [ -0.103884682228399, 51.484099982792102 ], [ -0.104172453768441, 51.484107094497077 ], [ -0.104460225426428, 51.484114205496645 ], [ -0.104747997202352, 51.484121315790837 ], [ -0.105035769096201, 51.484128425379623 ], [ -0.105323541107961, 51.484135534263018 ], [ -0.105611313237623, 51.484142642441014 ], [ -0.105899085485173, 51.484149749913612 ], [ -0.1061868578506, 51.484156856680812 ], [ -0.106474630333895, 51.484163962742606 ], [ -0.106762402935042, 51.484171068099023 ], [ -0.107050175654032, 51.484178172750028 ], [ -0.107337948490852, 51.484185276695634 ], [ -0.107625721445493, 51.484192379935827 ], [ -0.107913494517939, 51.484199482470636 ], [ -0.108201267708184, 51.484206584300033 ], [ -0.108489041016212, 51.484213685424024 ], [ -0.108776814442013, 51.484220785842616 ], [ -0.109064587985573, 51.484227885555804 ], [ -0.109352361646884, 51.484234984563578 ], [ -0.109640135425933, 51.484242082865961 ], [ -0.109927909322708, 51.484249180462939 ], [ -0.110215683337197, 51.48425627735449 ], [ -0.11050345746939, 51.484263373540649 ], [ -0.110791231719273, 51.484270469021389 ], [ -0.111079006086837, 51.484277563796724 ], [ -0.111366780572067, 51.48428465786666 ], [ -0.111654555174955, 51.484291751231162 ], [ -0.111942329895487, 51.484298843890272 ], [ -0.112230104733652, 51.48430593584397 ], [ -0.112517879689439, 51.484313027092242 ], [ -0.112805654762835, 51.484320117635107 ], [ -0.11309342995383, 51.48432720747256 ], [ -0.113381205262409, 51.484334296604601 ], [ -0.113668980688565, 51.484341385031229 ], [ -0.113956756232284, 51.484348472752437 ], [ -0.114244531893555, 51.484355559768225 ], [ -0.114532307672366, 51.484362646078594 ], [ -0.114820083568704, 51.48436973168355 ], [ -0.115107859582561, 51.484376816583087 ], [ -0.115395635713921, 51.484383900777203 ], [ -0.115683411962775, 51.484390984265907 ], [ -0.115971188329111, 51.484398067049177 ], [ -0.116258964812917, 51.484405149127035 ], [ -0.116546741414181, 51.484412230499458 ], [ -0.116834518132892, 51.484419311166477 ], [ -0.117122294969039, 51.484426391128061 ], [ -0.11741007192261, 51.484433470384232 ], [ -0.117697848993591, 51.484440548934963 ], [ -0.117985626181972, 51.484447626780273 ], [ -0.118273403487744, 51.484454703920157 ], [ -0.118561180910892, 51.484461780354621 ], [ -0.118848958451405, 51.484468856083659 ], [ -0.119136736109273, 51.484475931107262 ], [ -0.119424513884482, 51.484483005425432 ], [ -0.119712291777023, 51.484490079038189 ], [ -0.120000069786881, 51.484497151945504 ], [ -0.120000081623749, 51.485396581970846 ], [ -0.119712303620671, 51.485389509115599 ], [ -0.119424525734911, 51.485382435554932 ], [ -0.119136747966484, 51.485375361288838 ], [ -0.118848970315399, 51.485368286317311 ], [ -0.118561192781671, 51.485361210640363 ], [ -0.118273415365308, 51.485354134258003 ], [ -0.117985638066324, 51.485347057170216 ], [ -0.117697860884729, 51.485339979377009 ], [ -0.117410083820537, 51.485332900878376 ], [ -0.117122306873755, 51.48532582167433 ], [ -0.116834530044401, 51.485318741764864 ], [ -0.116546753332481, 51.485311661149971 ], [ -0.11625897673801, 51.485304579829673 ], [ -0.115971200260999, 51.485297497803955 ], [ -0.115683423901457, 51.485290415072825 ], [ -0.115395647659401, 51.485283331636268 ], [ -0.115107871534837, 51.485276247494291 ], [ -0.114820095527781, 51.485269162646915 ], [ -0.114532319638243, 51.485262077094134 ], [ -0.114244543866231, 51.485254990835919 ], [ -0.113956768211764, 51.485247903872306 ], [ -0.113668992674846, 51.485240816203287 ], [ -0.113381217255495, 51.485233727828835 ], [ -0.113093441953721, 51.485226638748983 ], [ -0.112805666769531, 51.48521954896372 ], [ -0.112517891702943, 51.48521245847305 ], [ -0.112230116753966, 51.485205367276983 ], [ -0.11194234192261, 51.485198275375495 ], [ -0.11165456720889, 51.485191182768595 ], [ -0.111366792612813, 51.485184089456311 ], [ -0.111079018134396, 51.4851769954386 ], [ -0.110791243773648, 51.485169900715498 ], [ -0.110503469530578, 51.48516280528699 ], [ -0.110215695405201, 51.485155709153076 ], [ -0.109927921397529, 51.485148612313751 ], [ -0.109640147507574, 51.485141514769033 ], [ -0.109352373735345, 51.48513441651891 ], [ -0.109064600080854, 51.485127317563389 ], [ -0.108776826544115, 51.485120217902477 ], [ -0.108489053125137, 51.485113117536152 ], [ -0.108201279823933, 51.485106016464428 ], [ -0.107913506640515, 51.485098914687306 ], [ -0.107625733574894, 51.485091812204793 ], [ -0.107337960627082, 51.485084709016888 ], [ -0.107050187797089, 51.485077605123578 ], [ -0.106762415084928, 51.48507050052487 ], [ -0.106474642490612, 51.485063395220777 ], [ -0.10618687001415, 51.485056289211286 ], [ -0.105899097655556, 51.485049182496404 ], [ -0.10561132541484, 51.485042075076123 ], [ -0.105323553292013, 51.485034966950444 ], [ -0.10503578128709, 51.485027858119395 ], [ -0.104748009400078, 51.485020748582947 ], [ -0.104460237630993, 51.485013638341101 ], [ -0.104172465979845, 51.485006527393871 ], [ -0.103884694446643, 51.484999415741257 ], [ -0.103596923031402, 51.484992303383258 ], [ -0.103309151734133, 51.484985190319861 ], [ -0.103021380554847, 51.484978076551073 ], [ -0.102733609493556, 51.484970962076915 ], [ -0.10244583855027, 51.484963846897358 ], [ -0.102158067725006, 51.484956731012424 ], [ -0.101870297017769, 51.484949614422106 ], [ -0.101582526428573, 51.484942497126397 ], [ -0.101294755957431, 51.484935379125311 ], [ -0.101006985604352, 51.48492826041884 ], [ -0.100719215369352, 51.484921141006993 ], [ -0.100431445252439, 51.484914020889768 ], [ -0.100143675253624, 51.484906900067166 ], [ -0.099855905372922, 51.484899778539173 ], [ -0.099568135610342, 51.48489265630581 ], [ -0.099280365965897, 51.48488553336707 ], [ -0.098992596439599, 51.484878409722938 ], [ -0.098704827031457, 51.484871285373451 ], [ -0.098417057741486, 51.484864160318573 ], [ -0.098129288569694, 51.484857034558324 ], [ -0.097841519516095, 51.484849908092706 ], [ -0.097553750580703, 51.48484278092171 ], [ -0.097265981763525, 51.484835653045337 ], [ -0.096978213064574, 51.484828524463602 ], [ -0.096690444483864, 51.484821395176482 ], [ -0.096402676021402, 51.484814265183999 ], [ -0.096114907677205, 51.484807134486154 ], [ -0.09582713945128, 51.484800003082924 ], [ -0.095539371343642, 51.484792870974331 ], [ -0.095251603354304, 51.484785738160369 ], [ -0.094963835483271, 51.484778604641036 ], [ -0.09467606773056, 51.484771470416348 ], [ -0.094388300096179, 51.48476433548629 ], [ -0.094100532580146, 51.484757199850854 ], [ -0.093812765182467, 51.484750063510063 ], [ -0.093524997903154, 51.484742926463909 ], [ -0.093237230742222, 51.484735788712399 ], [ -0.092949463699678, 51.484728650255505 ], [ -0.092661696775538, 51.484721511093262 ], [ -0.092373929969811, 51.484714371225657 ], [ -0.092086163282508, 51.484707230652688 ], [ -0.091798396713645, 51.484700089374364 ], [ -0.09151063026323, 51.48469294739067 ], [ -0.091222863931273, 51.484685804701627 ], [ -0.09093509771779, 51.484678661307214 ], [ -0.090647331622788, 51.484671517207467 ], [ -0.090359565646284, 51.484664372402342 ], [ -0.090071799788286, 51.484657226891869 ], [ -0.089784034048805, 51.48465008067604 ], [ -0.089496268427855, 51.484642933754863 ], [ -0.089208502925446, 51.484635786128315 ], [ -0.088920737541592, 51.484628637796426 ], [ -0.088632972276303, 51.484621488759188 ], [ -0.088345207129589, 51.484614339016588 ], [ -0.088057442101464, 51.484607188568638 ], [ -0.087769677191938, 51.484600037415348 ], [ -0.087481912401025, 51.484592885556694 ], [ -0.087194147728735, 51.484585732992713 ], [ -0.086906383175078, 51.484578579723355 ], [ -0.08661861874007, 51.484571425748669 ], [ -0.086330854423719, 51.484564271068614 ], [ -0.086043090226037, 51.484557115683231 ], [ -0.085755326147036, 51.484549959592499 ], [ -0.085467562186729, 51.484542802796419 ], [ -0.085179798345127, 51.484535645294997 ], [ -0.08489203462224, 51.484528487088227 ], [ -0.084604271018081, 51.484521328176115 ], [ -0.084316507532662, 51.484514168558661 ], [ -0.084028744165993, 51.484507008235873 ], [ -0.083740980918087, 51.484499847207736 ], [ -0.083453217788957, 51.484492685474265 ], [ -0.083165454778612, 51.484485523035438 ], [ -0.082877691887064, 51.484478359891298 ], [ -0.082589929114325, 51.484471196041788 ], [ -0.082302166460409, 51.484464031486965 ], [ -0.082014403925325, 51.484456866226793 ], [ -0.081726641509084, 51.484449700261287 ], [ -0.081438879211699, 51.484442533590446 ], [ -0.081151117033182, 51.484435366214264 ], [ -0.080863354973544, 51.484428198132768 ], [ -0.080575593032796, 51.484421029345931 ], [ -0.080287831210949, 51.484413859853738 ], [ -0.08000006950802, 51.48440668965624 ], [ -0.080000081581222, 51.485306126847981 ], [ -0.080287843277291, 51.485313296992707 ], [ -0.080575605092275, 51.485320466432107 ], [ -0.080863367026163, 51.485327635166172 ], [ -0.08115112907894, 51.485334803194917 ], [ -0.0814388912506, 51.48534197051832 ], [ -0.081726653541127, 51.485349137136396 ], [ -0.082014415950513, 51.485356303049151 ], [ -0.082302178478743, 51.485363468256566 ], [ -0.082589941125808, 51.485370632758652 ], [ -0.082877703891691, 51.485377796555419 ], [ -0.083165466776387, 51.485384959646829 ], [ -0.083453229779883, 51.48539212203292 ], [ -0.083740992902165, 51.485399283713669 ], [ -0.084028756143224, 51.485406444689083 ], [ -0.084316519503045, 51.485413604959163 ], [ -0.084604282981617, 51.485420764523909 ], [ -0.084892046578931, 51.48542792338332 ], [ -0.085179810294974, 51.485435081537382 ], [ -0.085467574129735, 51.48544223898611 ], [ -0.085755338083201, 51.485449395729503 ], [ -0.086043102155361, 51.485456551767555 ], [ -0.086330866346204, 51.485463707100273 ], [ -0.086618630655716, 51.485470861727634 ], [ -0.086906395083888, 51.485478015649655 ], [ -0.087194159630709, 51.48548516886634 ], [ -0.087481924296165, 51.485492321377684 ], [ -0.087769689080246, 51.485499473183673 ], [ -0.088057453982939, 51.485506624284334 ], [ -0.088345219004231, 51.485513774679632 ], [ -0.088632984144114, 51.485520924369602 ], [ -0.088920749402576, 51.485528073354203 ], [ -0.089208514779602, 51.485535221633477 ], [ -0.089496280275184, 51.485542369207387 ], [ -0.089784045889309, 51.485549516075956 ], [ -0.090071811621963, 51.485556662239183 ], [ -0.090359577473137, 51.485563807697048 ], [ -0.090647343442822, 51.485570952449564 ], [ -0.090935109531, 51.485578096496731 ], [ -0.091222875737664, 51.485585239838542 ], [ -0.091510642062801, 51.485592382475012 ], [ -0.091798408506399, 51.485599524406112 ], [ -0.092086175068447, 51.48560666563187 ], [ -0.092373941748932, 51.485613806152259 ], [ -0.092661708547844, 51.485620945967305 ], [ -0.092949475465172, 51.485628085076996 ], [ -0.093237242500903, 51.485635223481324 ], [ -0.093525009655025, 51.485642361180297 ], [ -0.093812776927525, 51.485649498173906 ], [ -0.094100544318395, 51.48565663446216 ], [ -0.094388311827623, 51.485663770045051 ], [ -0.094676079455195, 51.485670904922586 ], [ -0.094963847201101, 51.485678039094758 ], [ -0.095251615065328, 51.485685172561574 ], [ -0.095539383047863, 51.485692305323028 ], [ -0.095827151148699, 51.485699437379111 ], [ -0.096114919367822, 51.485706568729832 ], [ -0.096402687705221, 51.485713699375196 ], [ -0.096690456160882, 51.485720829315184 ], [ -0.096978224734795, 51.485727958549816 ], [ -0.097265993426949, 51.485735087079071 ], [ -0.09755376223733, 51.485742214902963 ], [ -0.097841531165929, 51.485749342021492 ], [ -0.098129300212735, 51.485756468434644 ], [ -0.098417069377733, 51.485763594142433 ], [ -0.098704838660913, 51.485770719144853 ], [ -0.098992608062265, 51.485777843441895 ], [ -0.099280377581774, 51.485784967033567 ], [ -0.099568147219431, 51.485792089919876 ], [ -0.099855916975224, 51.485799212100808 ], [ -0.100143686849141, 51.485806333576363 ], [ -0.100431456841169, 51.485813454346555 ], [ -0.100719226951301, 51.485820574411349 ], [ -0.101006997179517, 51.485827693770794 ], [ -0.101294767525814, 51.485834812424848 ], [ -0.101582537990176, 51.485841930373539 ], [ -0.101870308572593, 51.485849047616846 ], [ -0.102158079273052, 51.485856164154768 ], [ -0.102445850091541, 51.485863279987313 ], [ -0.102733621028049, 51.485870395114475 ], [ -0.103021392082566, 51.485877509536273 ], [ -0.103309163255078, 51.485884623252673 ], [ -0.103596934545575, 51.485891736263696 ], [ -0.103884705954045, 51.485898848569349 ], [ -0.104172477480476, 51.48590596016961 ], [ -0.104460249124855, 51.485913071064488 ], [ -0.104748020887172, 51.485920181253981 ], [ -0.105035792767417, 51.48592729073809 ], [ -0.105323564765575, 51.485934399516822 ], [ -0.105611336881636, 51.485941507590155 ], [ -0.105899109115588, 51.485948614958119 ], [ -0.106186881467421, 51.485955721620677 ], [ -0.10647465393712, 51.48596282757785 ], [ -0.106762426524677, 51.48596993282964 ], [ -0.107050199230078, 51.485977037376038 ], [ -0.107337972053312, 51.485984141217038 ], [ -0.107625744994368, 51.485991244352668 ], [ -0.107913518053234, 51.485998346782893 ], [ -0.108201291229895, 51.486005448507719 ], [ -0.108489064524346, 51.486012549527167 ], [ -0.108776837936572, 51.486019649841204 ], [ -0.10906461146656, 51.486026749449863 ], [ -0.109352385114301, 51.486033848353124 ], [ -0.10964015887978, 51.486040946550979 ], [ -0.109927932762989, 51.48604804404345 ], [ -0.110215706763912, 51.486055140830523 ], [ -0.110503480882543, 51.48606223691219 ], [ -0.110791255118867, 51.486069332288459 ], [ -0.111079029472872, 51.486076426959336 ], [ -0.111366803944547, 51.486083520924822 ], [ -0.111654578533882, 51.486090614184896 ], [ -0.111942353240861, 51.486097706739564 ], [ -0.112230128065478, 51.486104798588833 ], [ -0.112517903007717, 51.486111889732705 ], [ -0.112805678067569, 51.486118980171177 ], [ -0.113093453245021, 51.486126069904245 ], [ -0.113381228540062, 51.486133158931899 ], [ -0.113669003952679, 51.486140247254163 ], [ -0.113956779482862, 51.486147334871013 ], [ -0.114244555130599, 51.486154421782452 ], [ -0.114532330895879, 51.486161507988477 ], [ -0.114820106778689, 51.486168593489111 ], [ -0.115107882779018, 51.486175678284326 ], [ -0.115395658896854, 51.486182762374142 ], [ -0.115683435132183, 51.486189845758545 ], [ -0.115971211484999, 51.486196928437536 ], [ -0.116258987955287, 51.486204010411114 ], [ -0.116546764543036, 51.486211091679287 ], [ -0.116834541248233, 51.48621817224204 ], [ -0.117122318070869, 51.486225252099381 ], [ -0.117410095010928, 51.486232331251315 ], [ -0.117697872068403, 51.486239409697831 ], [ -0.117985649243281, 51.486246487438926 ], [ -0.11827342653555, 51.486253564474616 ], [ -0.118561203945197, 51.486260640804879 ], [ -0.118848981472212, 51.48626771642973 ], [ -0.119136759116583, 51.48627479134916 ], [ -0.119424536878298, 51.486281865563178 ], [ -0.119712314757346, 51.486288939071777 ], [ -0.120000092753715, 51.486296011874948 ], [ -0.120000103176756, 51.487195441657818 ], [ -0.119712325187027, 51.4871883689067 ], [ -0.119424547314617, 51.487181295450199 ], [ -0.119136769559544, 51.487174221288264 ], [ -0.118848991921816, 51.487167146420923 ], [ -0.118561214401443, 51.487160070848169 ], [ -0.118273436998442, 51.487152994569996 ], [ -0.117985659712819, 51.487145917586417 ], [ -0.117697882544589, 51.487138839897433 ], [ -0.117410105493762, 51.487131761503036 ], [ -0.117122328560351, 51.48712468240322 ], [ -0.116834551744366, 51.487117602597998 ], [ -0.116546775045818, 51.487110522087384 ], [ -0.116258998464723, 51.487103440871358 ], [ -0.115971222001089, 51.48709635894992 ], [ -0.115683445654927, 51.487089276323083 ], [ -0.115395669426252, 51.487082192990812 ], [ -0.115107893315074, 51.487075108953178 ], [ -0.114820117321403, 51.48706802421011 ], [ -0.114532341445252, 51.487060938761658 ], [ -0.114244565686633, 51.487053852607794 ], [ -0.113956790045558, 51.487046765748531 ], [ -0.113669014522036, 51.487039678183855 ], [ -0.113381239116082, 51.487032589913788 ], [ -0.113093463827707, 51.487025500938323 ], [ -0.112805688656919, 51.487018411257459 ], [ -0.112517913603735, 51.487011320871204 ], [ -0.112230138668162, 51.487004229779537 ], [ -0.111942363850216, 51.486997137982485 ], [ -0.111654589149904, 51.486990045480027 ], [ -0.111366814567243, 51.486982952272186 ], [ -0.11107904010224, 51.486975858358932 ], [ -0.110791265754906, 51.486968763740293 ], [ -0.110503491525259, 51.486961668416257 ], [ -0.110215717413304, 51.486954572386843 ], [ -0.109927943419055, 51.486947475652016 ], [ -0.109640169542525, 51.486940378211813 ], [ -0.109352395783725, 51.486933280066218 ], [ -0.109064622142664, 51.48692618121521 ], [ -0.108776848619357, 51.486919081658833 ], [ -0.108489075213814, 51.486911981397064 ], [ -0.108201301926048, 51.486904880429904 ], [ -0.107913528756068, 51.48689777875736 ], [ -0.107625755703889, 51.486890676379417 ], [ -0.10733798276952, 51.486883573296112 ], [ -0.107050209952972, 51.486876469507401 ], [ -0.10676243725426, 51.486869365013312 ], [ -0.106474664673394, 51.48686225981384 ], [ -0.106186892210384, 51.486855153908984 ], [ -0.105899119865244, 51.486848047298743 ], [ -0.105611347637986, 51.486840939983118 ], [ -0.10532357552862, 51.486833831962116 ], [ -0.105035803537155, 51.48682672323573 ], [ -0.104748031663609, 51.486819613803966 ], [ -0.104460259907988, 51.486812503666826 ], [ -0.104172488270306, 51.486805392824294 ], [ -0.103884716750577, 51.486798281276393 ], [ -0.103596945348808, 51.486791169023107 ], [ -0.103309174065013, 51.486784056064458 ], [ -0.103021402899204, 51.486776942400432 ], [ -0.102733631851392, 51.486769828031022 ], [ -0.102445860921589, 51.486762712956228 ], [ -0.102158090109805, 51.486755597176078 ], [ -0.101870319416055, 51.486748480690551 ], [ -0.101582548840348, 51.486741363499654 ], [ -0.101294778382695, 51.486734245603365 ], [ -0.101007008043109, 51.486727127001721 ], [ -0.100719237821603, 51.486720007694714 ], [ -0.100431467718185, 51.486712887682323 ], [ -0.100143697732872, 51.486705766964555 ], [ -0.099855927865672, 51.486698645541431 ], [ -0.099568158116595, 51.486691523412944 ], [ -0.099280388485654, 51.486684400579087 ], [ -0.098992618972864, 51.486677277039853 ], [ -0.098704849578233, 51.486670152795256 ], [ -0.098417080301771, 51.486663027845303 ], [ -0.098129311143497, 51.486655902189973 ], [ -0.097841542103415, 51.486648775829288 ], [ -0.09755377318154, 51.486641648763239 ], [ -0.097266004377883, 51.486634520991821 ], [ -0.096978235692456, 51.486627392515054 ], [ -0.096690467125271, 51.48662026333291 ], [ -0.096402698676337, 51.486613133445417 ], [ -0.09611493034567, 51.486606002852561 ], [ -0.095827162133279, 51.486598871554342 ], [ -0.095539394039174, 51.486591739550768 ], [ -0.09525162606337, 51.486584606841831 ], [ -0.094963858205877, 51.486577473427545 ], [ -0.094676090466707, 51.486570339307896 ], [ -0.094388322845872, 51.486563204482891 ], [ -0.094100555343383, 51.486556068952538 ], [ -0.093812787959252, 51.486548932716822 ], [ -0.093525020693489, 51.48654179577575 ], [ -0.093237253546109, 51.48653465812933 ], [ -0.09294948651712, 51.486527519777567 ], [ -0.092661719606535, 51.486520380720435 ], [ -0.092373952814368, 51.486513240957962 ], [ -0.092086186140628, 51.486506100490139 ], [ -0.091798419585325, 51.486498959316961 ], [ -0.091510653148476, 51.486491817438441 ], [ -0.091222886830088, 51.486484674854573 ], [ -0.090935120630173, 51.486477531565342 ], [ -0.090647354548745, 51.486470387570776 ], [ -0.090359588585815, 51.486463242870862 ], [ -0.090071822741394, 51.486456097465599 ], [ -0.089784057015492, 51.486448951354987 ], [ -0.089496291408123, 51.486441804539048 ], [ -0.089208525919298, 51.486434657017746 ], [ -0.088920760549028, 51.48642750879111 ], [ -0.088632995297327, 51.486420359859132 ], [ -0.088345230164204, 51.486413210221826 ], [ -0.08805746514967, 51.486406059879158 ], [ -0.087769700253739, 51.486398908831148 ], [ -0.087481935476424, 51.486391757077811 ], [ -0.087194170817732, 51.486384604619147 ], [ -0.086906406277676, 51.48637745145512 ], [ -0.086618641856271, 51.486370297585772 ], [ -0.086330877553525, 51.486363143011069 ], [ -0.086043113369451, 51.486355987731038 ], [ -0.085755349304061, 51.48634883174568 ], [ -0.085467585357366, 51.486341675054987 ], [ -0.085179821529376, 51.486334517658946 ], [ -0.084892057820107, 51.486327359557578 ], [ -0.084604294229567, 51.486320200750882 ], [ -0.08431653075777, 51.486313041238844 ], [ -0.084028767404724, 51.48630588102148 ], [ -0.083741004170444, 51.486298720098794 ], [ -0.083453241054941, 51.486291558470775 ], [ -0.083165478058226, 51.486284396137414 ], [ -0.082877715180311, 51.486277233098726 ], [ -0.082589952421208, 51.486270069354717 ], [ -0.082302189780926, 51.486262904905388 ], [ -0.082014427259482, 51.48625573975071 ], [ -0.081726664856883, 51.486248573890727 ], [ -0.081438902573142, 51.486241407325416 ], [ -0.081151140408268, 51.48623424005477 ], [ -0.08086337836228, 51.486227072078805 ], [ -0.080575616435182, 51.486219903397526 ], [ -0.080287854626989, 51.486212734010905 ], [ -0.080000092937713, 51.486205563918979 ], [ -0.080000103577462, 51.487105000869207 ], [ -0.080287865260018, 51.48711217090834 ], [ -0.08057562706149, 51.487119340242167 ], [ -0.080863388981868, 51.487126508870674 ], [ -0.081151151021139, 51.487133676793867 ], [ -0.081438913179295, 51.487140844011719 ], [ -0.081726675456318, 51.487148010524272 ], [ -0.082014437852203, 51.487155176331505 ], [ -0.082302200366935, 51.487162341433404 ], [ -0.082589963000504, 51.487169505829996 ], [ -0.082877725752895, 51.487176669521261 ], [ -0.0831654886241, 51.487183832507192 ], [ -0.083453251614105, 51.487190994787809 ], [ -0.083741014722899, 51.487198156363107 ], [ -0.084028777950472, 51.487205317233077 ], [ -0.084316541296811, 51.487212477397719 ], [ -0.084604304761904, 51.487219636857027 ], [ -0.084892068345741, 51.487226795611022 ], [ -0.085179832048306, 51.487233953659683 ], [ -0.085467595869594, 51.487241111003023 ], [ -0.085755359809589, 51.487248267641014 ], [ -0.08604312386828, 51.487255423573693 ], [ -0.086330888045654, 51.487262578801044 ], [ -0.086618652341704, 51.487269733323053 ], [ -0.086906416756413, 51.487276887139728 ], [ -0.087194181289774, 51.487284040251076 ], [ -0.08748194594177, 51.487291192657089 ], [ -0.087769710712394, 51.487298344357782 ], [ -0.088057475601634, 51.487305495353127 ], [ -0.088345240609477, 51.487312645643136 ], [ -0.08863300573591, 51.487319795227812 ], [ -0.088920770980924, 51.487326944107153 ], [ -0.089208536344507, 51.487334092281159 ], [ -0.089496301826646, 51.487341239749817 ], [ -0.089784067427329, 51.48734838651314 ], [ -0.090071833146546, 51.487355532571129 ], [ -0.090359598984285, 51.487362677923777 ], [ -0.090647364940535, 51.48736982257109 ], [ -0.090935131015281, 51.487376966513061 ], [ -0.091222897208516, 51.487384109749684 ], [ -0.091510663520226, 51.487391252280965 ], [ -0.0917984299504, 51.487398394106904 ], [ -0.092086196499025, 51.487405535227495 ], [ -0.09237396316609, 51.487412675642751 ], [ -0.092661729951585, 51.487419815352645 ], [ -0.092949496855497, 51.487426954357211 ], [ -0.093237263877811, 51.487434092656422 ], [ -0.093525031018523, 51.48744123025029 ], [ -0.093812798277616, 51.487448367138803 ], [ -0.09410056565508, 51.487455503321968 ], [ -0.0943883331509, 51.487462638799791 ], [ -0.09467610076507, 51.487469773572258 ], [ -0.094963868497576, 51.487476907639376 ], [ -0.095251636348405, 51.487484041001146 ], [ -0.095539404317545, 51.487491173657546 ], [ -0.095827172404987, 51.487498305608618 ], [ -0.096114940610719, 51.487505436854327 ], [ -0.096402708934727, 51.487512567394681 ], [ -0.096690477377, 51.487519697229672 ], [ -0.096978245937529, 51.487526826359321 ], [ -0.097266014616301, 51.487533954783615 ], [ -0.097553783413303, 51.487541082502545 ], [ -0.097841552328523, 51.487548209516113 ], [ -0.098129321361952, 51.487555335824325 ], [ -0.098417090513577, 51.487562461427181 ], [ -0.098704859783387, 51.487569586324689 ], [ -0.098992629171368, 51.487576710516819 ], [ -0.099280398677511, 51.487583834003601 ], [ -0.099568168301804, 51.487590956785006 ], [ -0.099855938044235, 51.487598078861062 ], [ -0.100143707904788, 51.487605200231762 ], [ -0.100431477883461, 51.487612320897078 ], [ -0.100719247980236, 51.487619440857031 ], [ -0.1010070181951, 51.487626560111629 ], [ -0.101294788528044, 51.48763367866087 ], [ -0.101582558979057, 51.487640796504728 ], [ -0.101870329548126, 51.487647913643229 ], [ -0.10215810023524, 51.487655030076361 ], [ -0.102445871040386, 51.48766214580413 ], [ -0.102733641963555, 51.487669260826515 ], [ -0.103021413004735, 51.487676375143536 ], [ -0.103309184163911, 51.487683488755188 ], [ -0.103596955441072, 51.48769060166147 ], [ -0.103884726836211, 51.487697713862396 ], [ -0.104172498349312, 51.487704825357923 ], [ -0.104460269980365, 51.487711936148088 ], [ -0.104748041729356, 51.487719046232883 ], [ -0.105035813596277, 51.487726155612293 ], [ -0.105323585581116, 51.487733264286341 ], [ -0.105611357683859, 51.487740372255018 ], [ -0.105899129904494, 51.487747479518305 ], [ -0.106186902243013, 51.487754586076214 ], [ -0.106474674699402, 51.487761691928746 ], [ -0.10676244727365, 51.487768797075901 ], [ -0.107050219965742, 51.487775901517679 ], [ -0.107337992775673, 51.48778300525408 ], [ -0.107625765703425, 51.487790108285097 ], [ -0.107913538748989, 51.487797210610736 ], [ -0.108201311912354, 51.487804312230992 ], [ -0.108489085193508, 51.487811413145863 ], [ -0.108776858592439, 51.48781851335535 ], [ -0.109064632109136, 51.48782561285946 ], [ -0.109352405743586, 51.487832711658179 ], [ -0.109640179495778, 51.487839809751513 ], [ -0.109927953365703, 51.487846907139456 ], [ -0.110215727353344, 51.487854003822022 ], [ -0.110503501458693, 51.487861099799204 ], [ -0.110791275681738, 51.487868195070988 ], [ -0.111079050022467, 51.487875289637387 ], [ -0.111366824480869, 51.487882383498395 ], [ -0.111654599056929, 51.487889476654018 ], [ -0.111942373750641, 51.487896569104258 ], [ -0.11223014856199, 51.487903660849092 ], [ -0.112517923490965, 51.487910751888542 ], [ -0.112805698537552, 51.487917842222593 ], [ -0.113093473701744, 51.487924931851254 ], [ -0.113381248983526, 51.487932020774522 ], [ -0.113669024382888, 51.487939108992393 ], [ -0.113956799899816, 51.487946196504879 ], [ -0.114244575534301, 51.487953283311953 ], [ -0.114532351286331, 51.487960369413642 ], [ -0.114820127155893, 51.487967454809933 ], [ -0.115107903142975, 51.487974539500819 ], [ -0.115395679247568, 51.48798162348632 ], [ -0.115683455469659, 51.487988706766401 ], [ -0.115971231809236, 51.487995789341099 ], [ -0.116259008266286, 51.488002871210384 ], [ -0.1165467848408, 51.488009952374277 ], [ -0.116834561532766, 51.488017032832772 ], [ -0.117122338342171, 51.488024112585848 ], [ -0.117410115269003, 51.488031191633532 ], [ -0.117697892313252, 51.488038269975817 ], [ -0.117985669474907, 51.48804534761269 ], [ -0.118273446753955, 51.488052424544158 ], [ -0.118561224150381, 51.48805950077022 ], [ -0.118849001664181, 51.488066576290876 ], [ -0.119136779295337, 51.488073651106127 ], [ -0.119424557043841, 51.488080725215958 ], [ -0.119712334909677, 51.488087798620391 ], [ -0.120000112892839, 51.488094871319426 ], [ -0.12000012190194, 51.48899430085978 ], [ -0.119712343925278, 51.488987228212842 ], [ -0.11942456606594, 51.488980154860499 ], [ -0.119136788323936, 51.488973080802758 ], [ -0.118849010699281, 51.488966006039611 ], [ -0.118561233191986, 51.488958930571052 ], [ -0.118273455802062, 51.488951854397094 ], [ -0.117985678529519, 51.488944777517737 ], [ -0.117697901374371, 51.488937699932983 ], [ -0.117410124336628, 51.488930621642822 ], [ -0.117122347416304, 51.488923542647278 ], [ -0.116834570613409, 51.488916462946321 ], [ -0.116546793927953, 51.488909382539973 ], [ -0.116259017359951, 51.488902301428226 ], [ -0.115971240909413, 51.488895219611088 ], [ -0.115683464576351, 51.488888137088544 ], [ -0.115395688360775, 51.488881053860617 ], [ -0.115107912262698, 51.488873969927283 ], [ -0.114820136282132, 51.48886688528858 ], [ -0.114532360419088, 51.488859799944457 ], [ -0.114244584673578, 51.48885271389495 ], [ -0.113956809045615, 51.488845627140051 ], [ -0.113669033535206, 51.488838539679769 ], [ -0.113381258142367, 51.488831451514095 ], [ -0.113093482867109, 51.488824362643022 ], [ -0.112805707709444, 51.488817273066566 ], [ -0.112517932669381, 51.488810182784718 ], [ -0.112230157746933, 51.488803091797493 ], [ -0.111942382942112, 51.488796000104877 ], [ -0.111654608254932, 51.488788907706869 ], [ -0.1113668336854, 51.488781814603485 ], [ -0.11107905923353, 51.488774720794716 ], [ -0.110791284899334, 51.488767626280556 ], [ -0.110503510682822, 51.488760531061011 ], [ -0.110215736584007, 51.48875343513609 ], [ -0.109927962602902, 51.488746338505791 ], [ -0.109640188739515, 51.488739241170101 ], [ -0.10935241499386, 51.488732143129035 ], [ -0.109064641365949, 51.488725044382591 ], [ -0.108776867855794, 51.488717944930769 ], [ -0.108489094463405, 51.488710844773557 ], [ -0.108201321188791, 51.488703743910975 ], [ -0.10791354803197, 51.488696642343008 ], [ -0.10762577499295, 51.488689540069679 ], [ -0.107338002071745, 51.488682437090965 ], [ -0.107050229268361, 51.488675333406874 ], [ -0.106762456582814, 51.488668229017421 ], [ -0.106474684015118, 51.488661123922576 ], [ -0.10618691156528, 51.488654018122368 ], [ -0.105899139233313, 51.488646911616783 ], [ -0.105611367019229, 51.488639804405835 ], [ -0.105323594923039, 51.48863269648951 ], [ -0.105035822944757, 51.488625587867809 ], [ -0.104748051084391, 51.488618478540744 ], [ -0.104460279341955, 51.488611368508309 ], [ -0.10417250771746, 51.488604257770504 ], [ -0.103884736210917, 51.488597146327329 ], [ -0.103596964822341, 51.488590034178799 ], [ -0.103309193551739, 51.488582921324891 ], [ -0.103021422399125, 51.488575807765621 ], [ -0.102733651364509, 51.48856869350098 ], [ -0.102445880447906, 51.488561578530984 ], [ -0.102158109649325, 51.488554462855625 ], [ -0.101870338968778, 51.488547346474888 ], [ -0.101582568406278, 51.488540229388803 ], [ -0.101294797961833, 51.488533111597349 ], [ -0.101007027635459, 51.488525993100538 ], [ -0.100719257427165, 51.488518873898364 ], [ -0.100431487336964, 51.488511753990842 ], [ -0.100143717364867, 51.48850463337795 ], [ -0.099855947510885, 51.488497512059695 ], [ -0.09956817777503, 51.488490390036084 ], [ -0.099280408157315, 51.488483267307117 ], [ -0.09899263865775, 51.488476143872802 ], [ -0.098704869276348, 51.488469019733117 ], [ -0.098417100013117, 51.48846189488809 ], [ -0.098129330868074, 51.488454769337707 ], [ -0.097841561841229, 51.488447643081969 ], [ -0.097553792932591, 51.488440516120875 ], [ -0.097266024142173, 51.488433388454425 ], [ -0.096978255469987, 51.488426260082633 ], [ -0.096690486916046, 51.488419131005486 ], [ -0.09640271848036, 51.48841200122299 ], [ -0.096114950162941, 51.488404870735131 ], [ -0.095827181963799, 51.488397739541945 ], [ -0.095539413882948, 51.488390607643403 ], [ -0.0952516459204, 51.488383475039505 ], [ -0.094963878076165, 51.488376341730273 ], [ -0.094676110350254, 51.488369207715685 ], [ -0.09438834274268, 51.488362072995749 ], [ -0.094100575253454, 51.488354937570485 ], [ -0.09381280788259, 51.488347801439865 ], [ -0.093525040630096, 51.488340664603911 ], [ -0.093237273495985, 51.488333527062593 ], [ -0.092949506480269, 51.488326388815949 ], [ -0.09266173958296, 51.488319249863956 ], [ -0.09237397280407, 51.488312110206621 ], [ -0.092086206143609, 51.488304969843952 ], [ -0.09179843960159, 51.488297828775941 ], [ -0.091510673178022, 51.488290687002596 ], [ -0.091222906872921, 51.48828354452391 ], [ -0.090935140686296, 51.488276401339888 ], [ -0.090647374618158, 51.488269257450533 ], [ -0.090359608668521, 51.488262112855836 ], [ -0.090071842837393, 51.48825496755579 ], [ -0.08978407712479, 51.488247821550431 ], [ -0.089496311530721, 51.48824067483973 ], [ -0.089208546055198, 51.488233527423695 ], [ -0.088920780698231, 51.488226379302333 ], [ -0.088633015459835, 51.488219230475636 ], [ -0.088345250340021, 51.488212080943605 ], [ -0.088057485338799, 51.488204930706246 ], [ -0.087769720456182, 51.488197779763553 ], [ -0.087481955692178, 51.488190628115532 ], [ -0.087194191046804, 51.488183475762185 ], [ -0.086906426520069, 51.488176322703502 ], [ -0.086618662111986, 51.488169168939507 ], [ -0.086330897822565, 51.488162014470177 ], [ -0.086043133651815, 51.48815485929552 ], [ -0.085755369599753, 51.488147703415542 ], [ -0.08546760566639, 51.48814054683023 ], [ -0.085179841851735, 51.488133389539605 ], [ -0.0848920781558, 51.488126231543653 ], [ -0.084604314578596, 51.488119072842373 ], [ -0.084316551120138, 51.48811191343578 ], [ -0.084028787780436, 51.488104753323867 ], [ -0.0837410245595, 51.48809759250662 ], [ -0.083453261457344, 51.488090430984066 ], [ -0.083165498473976, 51.488083268756192 ], [ -0.082877735609412, 51.488076105822991 ], [ -0.082589972863661, 51.488068942184483 ], [ -0.082302210236736, 51.488061777840656 ], [ -0.082014447728647, 51.488054612791494 ], [ -0.081726685339408, 51.48804744703704 ], [ -0.08143892306903, 51.488040280577266 ], [ -0.081151160917521, 51.488033113412179 ], [ -0.080863398884898, 51.488025945541764 ], [ -0.080575636971168, 51.488018776966044 ], [ -0.080287875176346, 51.488011607685017 ], [ -0.080000113500443, 51.488004437698677 ], [ -0.080000122706627, 51.488903874407384 ], [ -0.080287884375949, 51.488911044340931 ], [ -0.08057564616419, 51.488918213569164 ], [ -0.080863408071341, 51.488925382092091 ], [ -0.081151170097388, 51.488932549909713 ], [ -0.081438932242318, 51.488939717022028 ], [ -0.081726694506123, 51.488946883429023 ], [ -0.082014456888789, 51.488954049130726 ], [ -0.082302219390303, 51.488961214127102 ], [ -0.082589982010656, 51.488968378418164 ], [ -0.082877744749837, 51.488975542003928 ], [ -0.08316550760783, 51.488982704884378 ], [ -0.083453270584629, 51.488989867059502 ], [ -0.083741033680219, 51.488997028529326 ], [ -0.084028796894587, 51.48900418929383 ], [ -0.084316560227725, 51.489011349353021 ], [ -0.08460432367962, 51.489018508706899 ], [ -0.084892087250258, 51.489025667355456 ], [ -0.085179850939632, 51.489032825298693 ], [ -0.085467614747727, 51.489039982536617 ], [ -0.085755378674531, 51.489047139069214 ], [ -0.086043142720034, 51.489054294896505 ], [ -0.086330906884226, 51.489061450018468 ], [ -0.086618671167089, 51.489068604435111 ], [ -0.086906435568619, 51.489075758146434 ], [ -0.0871942000888, 51.489082911152437 ], [ -0.08748196472762, 51.489090063453105 ], [ -0.087769729485071, 51.489097215048467 ], [ -0.088057494361139, 51.489104365938488 ], [ -0.08834525935581, 51.489111516123202 ], [ -0.088633024469076, 51.489118665602575 ], [ -0.088920789700925, 51.489125814376621 ], [ -0.089208555051343, 51.489132962445353 ], [ -0.089496320520321, 51.489140109808758 ], [ -0.089784086107847, 51.489147256466829 ], [ -0.090071851813907, 51.489154402419565 ], [ -0.090359617638492, 51.489161547666981 ], [ -0.090647383581589, 51.489168692209063 ], [ -0.090935149643187, 51.489175836045803 ], [ -0.091222915823273, 51.48918297917723 ], [ -0.091510682121837, 51.489190121603315 ], [ -0.091798448538868, 51.489197263324073 ], [ -0.092086215074353, 51.489204404339496 ], [ -0.092373981728279, 51.489211544649592 ], [ -0.092661748500637, 51.48921868425434 ], [ -0.092949515391415, 51.489225823153753 ], [ -0.093237282400599, 51.489232961347831 ], [ -0.093525049528179, 51.489240098836575 ], [ -0.093812816774145, 51.489247235619992 ], [ -0.094100584138482, 51.489254371698053 ], [ -0.094388351621181, 51.489261507070786 ], [ -0.094676119222231, 51.489268641738171 ], [ -0.094963886941616, 51.489275775700214 ], [ -0.095251654779329, 51.489282908956923 ], [ -0.095539422735356, 51.489290041508298 ], [ -0.095827190809684, 51.489297173354316 ], [ -0.096114959002306, 51.489304304494993 ], [ -0.096402727313208, 51.489311434930336 ], [ -0.096690495742375, 51.489318564660323 ], [ -0.096978264289801, 51.489325693684975 ], [ -0.097266032955473, 51.489332822004279 ], [ -0.097553801739375, 51.48933994961822 ], [ -0.097841570641499, 51.489347076526833 ], [ -0.098129339661835, 51.489354202730098 ], [ -0.098417108800366, 51.489361328228 ], [ -0.098704878057086, 51.489368453020575 ], [ -0.09899264743198, 51.489375577107793 ], [ -0.099280416925037, 51.489382700489649 ], [ -0.099568186536246, 51.489389823166157 ], [ -0.099855956265596, 51.489396945137315 ], [ -0.100143726113072, 51.489404066403125 ], [ -0.100431496078668, 51.489411186963565 ], [ -0.100719266162367, 51.489418306818678 ], [ -0.101007036364159, 51.48942542596842 ], [ -0.101294806684035, 51.489432544412807 ], [ -0.10158257712198, 51.489439662151845 ], [ -0.101870347677983, 51.489446779185521 ], [ -0.102158118352033, 51.48945389551384 ], [ -0.102445889144121, 51.489461011136797 ], [ -0.102733660054229, 51.489468126054398 ], [ -0.103021431082351, 51.48947524026665 ], [ -0.103309202228473, 51.489482353773532 ], [ -0.103596973492583, 51.489489466575066 ], [ -0.103884744874672, 51.489496578671229 ], [ -0.104172516374725, 51.489503690062023 ], [ -0.104460287992731, 51.48951080074746 ], [ -0.104748059728681, 51.489517910727542 ], [ -0.105035831582562, 51.489525020002247 ], [ -0.105323603554361, 51.489532128571589 ], [ -0.105611375644067, 51.489539236435569 ], [ -0.105899147851669, 51.489546343594185 ], [ -0.106186920177154, 51.489553450047445 ], [ -0.106474692620513, 51.489560555795308 ], [ -0.106762465181732, 51.489567660837828 ], [ -0.1070502378608, 51.489574765174972 ], [ -0.107338010657706, 51.489581868806745 ], [ -0.107625783572438, 51.489588971733149 ], [ -0.107913556604983, 51.489596073954182 ], [ -0.108201329755331, 51.489603175469846 ], [ -0.108489103023471, 51.489610276280146 ], [ -0.108776876409389, 51.489617376385048 ], [ -0.109064649913076, 51.489624475784602 ], [ -0.109352423534519, 51.489631574478771 ], [ -0.109640197273705, 51.489638672467557 ], [ -0.109927971130625, 51.489645769750986 ], [ -0.110215745105264, 51.489652866329024 ], [ -0.110503519197615, 51.489659962201692 ], [ -0.110791293407663, 51.489667057368983 ], [ -0.111079067735396, 51.48967415183089 ], [ -0.111366842180806, 51.489681245587427 ], [ -0.111654616743877, 51.489688338638587 ], [ -0.1119423914246, 51.489695430984348 ], [ -0.112230166222964, 51.489702522624739 ], [ -0.112517941138955, 51.489709613559754 ], [ -0.11280571617256, 51.489716703789384 ], [ -0.113093491323773, 51.489723793313622 ], [ -0.113381266592578, 51.489730882132484 ], [ -0.113669041978964, 51.489737970245969 ], [ -0.113956817482921, 51.489745057654062 ], [ -0.114244593104436, 51.489752144356764 ], [ -0.114532368843496, 51.489759230354082 ], [ -0.114820144700093, 51.489766315646023 ], [ -0.115107920674212, 51.489773400232558 ], [ -0.115395696765842, 51.489780484113723 ], [ -0.115683472974974, 51.48978756728949 ], [ -0.115971249301594, 51.489794649759865 ], [ -0.116259025745689, 51.489801731524857 ], [ -0.116546802307251, 51.48980881258445 ], [ -0.116834578986267, 51.489815892938658 ], [ -0.117122355782722, 51.489822972587476 ], [ -0.117410132696608, 51.489830051530902 ], [ -0.117697909727915, 51.489837129768929 ], [ -0.117985686876626, 51.489844207301566 ], [ -0.118273464142734, 51.489851284128804 ], [ -0.118561241526226, 51.489858360250643 ], [ -0.118849019027088, 51.489865435667099 ], [ -0.119136796645312, 51.489872510378135 ], [ -0.119424574380885, 51.489879584383793 ], [ -0.119712352233793, 51.489886657684046 ], [ -0.120000130204029, 51.489893730278894 ], [ -0.120000137799077, 51.490793159576768 ], [ -0.119712359835201, 51.490786087033996 ], [ -0.11942458198865, 51.490779013785847 ], [ -0.119136804259438, 51.490771939832285 ], [ -0.118849026647575, 51.49076486517334 ], [ -0.118561249153073, 51.490757789809003 ], [ -0.118273471775945, 51.490750713739274 ], [ -0.117985694516202, 51.490743636964162 ], [ -0.117697917373855, 51.490736559483651 ], [ -0.117410140348916, 51.490729481297763 ], [ -0.117122363441397, 51.490722402406462 ], [ -0.11683458665131, 51.490715322809798 ], [ -0.116546809978665, 51.490708242507729 ], [ -0.116259033423474, 51.49070116150029 ], [ -0.115971256985749, 51.49069407978746 ], [ -0.115683480665503, 51.490686997369238 ], [ -0.115395704462745, 51.490679914245639 ], [ -0.11510792837749, 51.490672830416649 ], [ -0.114820152409748, 51.490665745882275 ], [ -0.114532376559528, 51.490658660642531 ], [ -0.114244600826846, 51.490651574697402 ], [ -0.113956825211711, 51.490644488046883 ], [ -0.113669049714135, 51.490637400690993 ], [ -0.113381274334132, 51.490630312629719 ], [ -0.113093499071709, 51.490623223863061 ], [ -0.112805723926881, 51.490616134391026 ], [ -0.112517948899659, 51.490609044213613 ], [ -0.112230173990054, 51.490601953330831 ], [ -0.111942399198079, 51.490594861742686 ], [ -0.111654624523744, 51.490587769449128 ], [ -0.111366849967063, 51.490580676450215 ], [ -0.111079075528044, 51.490573582745931 ], [ -0.110791301206703, 51.49056648833627 ], [ -0.110503527003046, 51.49055939322124 ], [ -0.11021575291709, 51.490552297400832 ], [ -0.109927978948844, 51.490545200875047 ], [ -0.109640205098321, 51.490538103643892 ], [ -0.109352431365532, 51.490531005707389 ], [ -0.109064657750489, 51.490523907065494 ], [ -0.108776884253201, 51.490516807718237 ], [ -0.108489110873683, 51.490509707665609 ], [ -0.108201337611946, 51.490502606907619 ], [ -0.107913564468, 51.490495505444258 ], [ -0.107625791441858, 51.490488403275521 ], [ -0.107338018533531, 51.490481300401441 ], [ -0.107050245743031, 51.490474196821978 ], [ -0.106762473070371, 51.490467092537159 ], [ -0.10647470051556, 51.49045998754697 ], [ -0.106186928078611, 51.490452881851418 ], [ -0.105899155759536, 51.490445775450517 ], [ -0.105611383558345, 51.49043866834424 ], [ -0.105323611475051, 51.490431560532613 ], [ -0.105035839509666, 51.490424452015624 ], [ -0.104748067662202, 51.490417342793258 ], [ -0.104460295932668, 51.490410232865557 ], [ -0.104172524321079, 51.490403122232479 ], [ -0.103884752827444, 51.490396010894059 ], [ -0.103596981451775, 51.490388898850263 ], [ -0.103309210194086, 51.490381786101132 ], [ -0.103021439054385, 51.490374672646645 ], [ -0.102733668032686, 51.490367558486803 ], [ -0.102445897129, 51.49036044362159 ], [ -0.102158126343339, 51.490353328051036 ], [ -0.101870355675715, 51.490346211775126 ], [ -0.101582585126138, 51.49033909479386 ], [ -0.101294814694621, 51.490331977107253 ], [ -0.101007044381176, 51.490324858715283 ], [ -0.100719274185814, 51.490317739617971 ], [ -0.100431504108546, 51.490310619815304 ], [ -0.100143734149385, 51.490303499307295 ], [ -0.09985596430834, 51.490296378093937 ], [ -0.099568194585426, 51.490289256175224 ], [ -0.099280424980653, 51.490282133551169 ], [ -0.098992655494033, 51.490275010221772 ], [ -0.098704886125577, 51.490267886187027 ], [ -0.098417116875296, 51.49026076144694 ], [ -0.098129347743205, 51.490253636001498 ], [ -0.097841578729311, 51.490246509850721 ], [ -0.09755380983363, 51.490239382994609 ], [ -0.097266041056169, 51.490232255433142 ], [ -0.096978272396944, 51.490225127166347 ], [ -0.096690503855966, 51.49021799819419 ], [ -0.096402735433244, 51.490210868516719 ], [ -0.096114967128792, 51.490203738133886 ], [ -0.09582719894262, 51.490196607045732 ], [ -0.09553943087474, 51.490189475252237 ], [ -0.095251662925166, 51.490182342753393 ], [ -0.094963895093906, 51.490175209549228 ], [ -0.094676127380974, 51.490168075639716 ], [ -0.094388359786379, 51.490160941024875 ], [ -0.094100592310136, 51.490153805704693 ], [ -0.093812824952256, 51.490146669679177 ], [ -0.093525057712748, 51.490139532948334 ], [ -0.093237290591627, 51.490132395512163 ], [ -0.092949523588903, 51.49012525737065 ], [ -0.092661756704589, 51.490118118523803 ], [ -0.092373989938693, 51.490110978971636 ], [ -0.092086223291231, 51.490103838714127 ], [ -0.09179845676221, 51.490096697751305 ], [ -0.091510690351645, 51.490089556083149 ], [ -0.091222924059549, 51.490082413709658 ], [ -0.09093515788593, 51.490075270630847 ], [ -0.090647391830801, 51.490068126846722 ], [ -0.090359625894174, 51.490060982357242 ], [ -0.090071860076062, 51.490053837162449 ], [ -0.089784094376473, 51.490046691262343 ], [ -0.089496328795423, 51.490039544656909 ], [ -0.089208563332918, 51.490032397346148 ], [ -0.088920797988976, 51.490025249330053 ], [ -0.088633032763604, 51.490018100608658 ], [ -0.088345267656816, 51.490010951181929 ], [ -0.088057502668624, 51.49000380104988 ], [ -0.087769737799037, 51.489996650212518 ], [ -0.087481973048069, 51.489989498669829 ], [ -0.087194208415731, 51.489982346421826 ], [ -0.086906443902033, 51.48997519346851 ], [ -0.086618679506988, 51.489968039809874 ], [ -0.086330915230609, 51.489960885445925 ], [ -0.086043151072906, 51.489953730376641 ], [ -0.085755387033892, 51.489946574602065 ], [ -0.085467623113577, 51.489939418122169 ], [ -0.085179859311973, 51.489932260936953 ], [ -0.084892095629091, 51.489925103046438 ], [ -0.084604332064945, 51.489917944450596 ], [ -0.084316568619545, 51.489910785149448 ], [ -0.084028805292903, 51.489903625142993 ], [ -0.083741042085028, 51.489896464431219 ], [ -0.083453278995936, 51.489889303014152 ], [ -0.083165516025636, 51.489882140891766 ], [ -0.082877753174141, 51.489874978064073 ], [ -0.082589990441462, 51.489867814531074 ], [ -0.08230222782761, 51.489860650292762 ], [ -0.082014465332598, 51.489853485349144 ], [ -0.081726702956437, 51.48984631970022 ], [ -0.081438940699137, 51.489839153345997 ], [ -0.081151178560711, 51.489831986286475 ], [ -0.080863416541172, 51.489824818521647 ], [ -0.080575654640531, 51.489817650051506 ], [ -0.080287892858798, 51.489810480876073 ], [ -0.080000131195986, 51.489803310995335 ], [ -0.080000138968492, 51.490702747462521 ], [ -0.080287900624864, 51.490709917290459 ], [ -0.080575662400158, 51.490717086413085 ], [ -0.080863424294362, 51.490724254830418 ], [ -0.081151186307463, 51.490731422542467 ], [ -0.081438948439454, 51.490738589549203 ], [ -0.081726710690317, 51.490745755850647 ], [ -0.082014473060045, 51.490752921446791 ], [ -0.082302235548626, 51.49076008633763 ], [ -0.082589998156046, 51.49076725052317 ], [ -0.082877760882296, 51.490774414003418 ], [ -0.083165523727362, 51.49078157677836 ], [ -0.083453286691234, 51.490788738847989 ], [ -0.083741049773898, 51.490795900212319 ], [ -0.084028812975347, 51.49080306087135 ], [ -0.084316576295566, 51.490810220825082 ], [ -0.084604339734541, 51.490817380073487 ], [ -0.084892103292267, 51.490824538616593 ], [ -0.085179866968726, 51.490831696454407 ], [ -0.085467630763911, 51.490838853586901 ], [ -0.085755394677807, 51.490846010014096 ], [ -0.086043158710404, 51.49085316573597 ], [ -0.08633092286169, 51.490860320752539 ], [ -0.086618687131654, 51.490867475063794 ], [ -0.086906451520284, 51.490874628669751 ], [ -0.087194216027567, 51.490881781570387 ], [ -0.087481980653494, 51.490888933765703 ], [ -0.08776974539805, 51.49089608525572 ], [ -0.088057510261228, 51.490903236040417 ], [ -0.088345275243011, 51.490910386119801 ], [ -0.088633040343392, 51.490917535493871 ], [ -0.088920805562358, 51.490924684162614 ], [ -0.089208570899893, 51.490931832126059 ], [ -0.089496336355992, 51.490938979384175 ], [ -0.089784101930639, 51.490946125936979 ], [ -0.090071867623827, 51.490953271784456 ], [ -0.090359633435537, 51.490960416926626 ], [ -0.090647399365764, 51.490967561363476 ], [ -0.090935165414495, 51.490974705094992 ], [ -0.091222931581714, 51.490981848121194 ], [ -0.091510697867416, 51.490988990442062 ], [ -0.091798464271583, 51.490996132057624 ], [ -0.092086230794209, 51.491003272967866 ], [ -0.092373997435278, 51.491010413172781 ], [ -0.092661764194782, 51.491017552672361 ], [ -0.092949531072707, 51.49102469146662 ], [ -0.093237298069041, 51.49103182955556 ], [ -0.093525065183774, 51.491038966939158 ], [ -0.093812832416891, 51.49104610361745 ], [ -0.094100599768385, 51.491053239590407 ], [ -0.094388367238243, 51.49106037485803 ], [ -0.094676134826453, 51.491067509420319 ], [ -0.094963902533002, 51.49107464327728 ], [ -0.095251670357879, 51.491081776428921 ], [ -0.095539438301074, 51.491088908875227 ], [ -0.095827206362573, 51.491096040616192 ], [ -0.096114974542366, 51.491103171651837 ], [ -0.096402742840441, 51.49111030198214 ], [ -0.096690511256786, 51.491117431607115 ], [ -0.096978279791389, 51.491124560526742 ], [ -0.097266048444241, 51.491131688741042 ], [ -0.097553817215327, 51.491138816250007 ], [ -0.097841586104636, 51.491145943053645 ], [ -0.098129355112157, 51.491153069151935 ], [ -0.098417124237879, 51.491160194544882 ], [ -0.09870489348179, 51.491167319232495 ], [ -0.098992662843879, 51.491174443214767 ], [ -0.099280432324132, 51.491181566491719 ], [ -0.099568201922541, 51.491188689063307 ], [ -0.099855971639089, 51.491195810929554 ], [ -0.100143741473771, 51.491202932090459 ], [ -0.100431511426569, 51.491210052546023 ], [ -0.100719281497476, 51.491217172296253 ], [ -0.101007051686478, 51.491224291341133 ], [ -0.101294821993565, 51.491231409680672 ], [ -0.101582592418724, 51.491238527314863 ], [ -0.101870362961944, 51.491245644243691 ], [ -0.102158133623213, 51.491252760467191 ], [ -0.102445904402518, 51.491259875985335 ], [ -0.102733675299852, 51.491266990798145 ], [ -0.103021446315197, 51.491274104905592 ], [ -0.103309217448547, 51.491281218307691 ], [ -0.103596988699888, 51.491288331004441 ], [ -0.103884760069207, 51.491295442995849 ], [ -0.104172531556494, 51.491302554281894 ], [ -0.104460303161736, 51.491309664862598 ], [ -0.104748074884925, 51.491316774737939 ], [ -0.105035846726044, 51.491323883907924 ], [ -0.105323618685087, 51.491330992372561 ], [ -0.105611390762038, 51.491338100131841 ], [ -0.105899162956887, 51.491345207185766 ], [ -0.106186935269622, 51.491352313534342 ], [ -0.106474707700232, 51.491359419177556 ], [ -0.106762480248705, 51.491366524115413 ], [ -0.107050252915029, 51.491373628347894 ], [ -0.107338025699193, 51.491380731875026 ], [ -0.107625798601186, 51.491387834696816 ], [ -0.107913571620993, 51.491394936813222 ], [ -0.108201344758607, 51.49140203822428 ], [ -0.108489118014013, 51.491409138929974 ], [ -0.108776891387202, 51.491416238930313 ], [ -0.109064664878158, 51.491423338225282 ], [ -0.109352438486875, 51.491430436814881 ], [ -0.109640212213338, 51.491437534699124 ], [ -0.109927986057535, 51.491444631878004 ], [ -0.110215760019456, 51.491451728351514 ], [ -0.110503534099089, 51.491458824119647 ], [ -0.110791308296422, 51.491465919182424 ], [ -0.111079082611443, 51.491473013539824 ], [ -0.11136685704414, 51.491480107191869 ], [ -0.111654631594504, 51.491487200138536 ], [ -0.11194240626252, 51.491494292379841 ], [ -0.112230181048179, 51.491501383915768 ], [ -0.112517955951466, 51.49150847474634 ], [ -0.112805730972375, 51.49151556487152 ], [ -0.113093506110888, 51.491522654291337 ], [ -0.113381281366998, 51.491529743005778 ], [ -0.113669056740691, 51.491536831014848 ], [ -0.113956832231957, 51.491543918318534 ], [ -0.114244607840783, 51.491551004916857 ], [ -0.114532383567157, 51.491558090809804 ], [ -0.114820159411069, 51.491565175997366 ], [ -0.115107935372506, 51.49157226047955 ], [ -0.115395711451458, 51.491579344256358 ], [ -0.115683487647909, 51.491586427327782 ], [ -0.115971263961855, 51.491593509693843 ], [ -0.116259040393278, 51.491600591354512 ], [ -0.116546816942166, 51.491607672309812 ], [ -0.116834593608513, 51.491614752559727 ], [ -0.117122370392302, 51.491621832104251 ], [ -0.117410147293524, 51.491628910943398 ], [ -0.117697924312166, 51.49163598907716 ], [ -0.11798570144822, 51.491643066505539 ], [ -0.11827347870167, 51.491650143228533 ], [ -0.118561256072504, 51.491657219246136 ], [ -0.118849033560715, 51.491664294558362 ], [ -0.119136811166286, 51.491671369165203 ], [ -0.11942458888921, 51.491678443066654 ], [ -0.119712366729472, 51.491685516262713 ], [ -0.120000144687063, 51.491692588753388 ], [ -0.120000150867951, 51.492592017808768 ], [ -0.119712372916578, 51.492584945370183 ], [ -0.119424595082533, 51.492577872226228 ], [ -0.119136817365829, 51.492570798376882 ], [ -0.118849039766477, 51.492563723822158 ], [ -0.118561262284488, 51.492556648562051 ], [ -0.118273484919876, 51.492549572596566 ], [ -0.117985707672649, 51.492542495925704 ], [ -0.117697930542821, 51.492535418549444 ], [ -0.117410153530404, 51.492528340467828 ], [ -0.117122376635408, 51.492521261680828 ], [ -0.116834599857847, 51.492514182188437 ], [ -0.11654682319773, 51.492507101990682 ], [ -0.11625904665507, 51.492500021087544 ], [ -0.115971270229877, 51.492492939479042 ], [ -0.115683493922166, 51.492485857165157 ], [ -0.115395717731946, 51.492478774145901 ], [ -0.115107941659229, 51.492471690421262 ], [ -0.114820165704028, 51.492464605991259 ], [ -0.114532389866352, 51.492457520855886 ], [ -0.114244614146216, 51.492450435015144 ], [ -0.113956838543629, 51.492443348469024 ], [ -0.113669063058604, 51.492436261217527 ], [ -0.113381287691152, 51.492429173260675 ], [ -0.113093512441282, 51.492422084598445 ], [ -0.112805737309011, 51.492414995230853 ], [ -0.112517962294348, 51.492407905157897 ], [ -0.112230187397305, 51.492400814379558 ], [ -0.111942412617894, 51.492393722895869 ], [ -0.111654637956123, 51.492386630706818 ], [ -0.11136686341201, 51.492379537812383 ], [ -0.111079088985562, 51.492372444212599 ], [ -0.110791314676792, 51.492365349907452 ], [ -0.110503540485712, 51.492358254896928 ], [ -0.110215766412331, 51.492351159181062 ], [ -0.109927992456665, 51.49234406275982 ], [ -0.109640218618722, 51.492336965633214 ], [ -0.109352444898516, 51.49232986780126 ], [ -0.109064671296058, 51.49232276926395 ], [ -0.108776897811359, 51.49231567002127 ], [ -0.108489124444431, 51.492308570073234 ], [ -0.108201351195286, 51.492301469419843 ], [ -0.107913578063934, 51.492294368061103 ], [ -0.107625805050388, 51.492287265997 ], [ -0.107338032154661, 51.492280163227548 ], [ -0.107050259376763, 51.492273059752726 ], [ -0.106762486716705, 51.492265955572563 ], [ -0.106474714174499, 51.492258850687037 ], [ -0.106186941750158, 51.492251745096169 ], [ -0.105899169443692, 51.492244638799946 ], [ -0.105611397255115, 51.492237531798374 ], [ -0.105323625184436, 51.492230424091453 ], [ -0.105035853231667, 51.492223315679176 ], [ -0.10474808139682, 51.492216206561537 ], [ -0.104460309679908, 51.49220909673857 ], [ -0.104172538080941, 51.492201986210247 ], [ -0.103884766599931, 51.49219487497659 ], [ -0.103596995236891, 51.49218776303757 ], [ -0.103309223991831, 51.492180650393209 ], [ -0.103021452864762, 51.492173537043513 ], [ -0.102733681855698, 51.492166422988454 ], [ -0.102445910964648, 51.492159308228061 ], [ -0.102158140191626, 51.492152192762319 ], [ -0.101870369536643, 51.49214507659125 ], [ -0.101582598999709, 51.492137959714832 ], [ -0.101294828580837, 51.492130842133065 ], [ -0.10100705828004, 51.492123723845964 ], [ -0.100719288097327, 51.492116604853528 ], [ -0.100431518032711, 51.492109485155737 ], [ -0.100143748086204, 51.492102364752625 ], [ -0.099855978257815, 51.492095243644172 ], [ -0.099568208547559, 51.492088121830378 ], [ -0.099280438955447, 51.492080999311241 ], [ -0.098992669481489, 51.492073876086778 ], [ -0.098704900125698, 51.492066752156987 ], [ -0.098417130888087, 51.492059627521847 ], [ -0.098129361768663, 51.49205250218138 ], [ -0.097841592767443, 51.492045376135572 ], [ -0.097553823884435, 51.492038249384443 ], [ -0.097266055119651, 51.492031121927972 ], [ -0.096978286473105, 51.492023993766175 ], [ -0.096690517944808, 51.492016864899057 ], [ -0.096402749534769, 51.492009735326604 ], [ -0.096114981243001, 51.492002605048818 ], [ -0.095827213069516, 51.49199547406571 ], [ -0.095539445014326, 51.491988342377276 ], [ -0.095251677077443, 51.491981209983493 ], [ -0.094963909258877, 51.491974076884404 ], [ -0.094676141558642, 51.491966943079994 ], [ -0.094388373976747, 51.491959808570236 ], [ -0.094100606513204, 51.491952673355179 ], [ -0.093812839168026, 51.491945537434781 ], [ -0.093525071941225, 51.491938400809069 ], [ -0.09323730483281, 51.49193126347803 ], [ -0.092949537842797, 51.491924125441685 ], [ -0.092661770971192, 51.491916986700005 ], [ -0.092374004218012, 51.491909847252998 ], [ -0.092086237583265, 51.491902707100685 ], [ -0.091798471066964, 51.491895566243045 ], [ -0.091510704669119, 51.491888424680106 ], [ -0.091222938389747, 51.491881282411825 ], [ -0.090935172228853, 51.491874139438238 ], [ -0.090647406186452, 51.491866995759338 ], [ -0.090359640262554, 51.491859851375111 ], [ -0.090071874457173, 51.491852706285584 ], [ -0.089784108770319, 51.491845560490738 ], [ -0.089496343202005, 51.491838413990571 ], [ -0.08920857775224, 51.491831266785105 ], [ -0.088920812421038, 51.491824118874305 ], [ -0.088633047208409, 51.491816970258228 ], [ -0.088345282114367, 51.491809820936808 ], [ -0.088057517138921, 51.491802670910097 ], [ -0.087769752282085, 51.491795520178059 ], [ -0.087481987543868, 51.491788368740735 ], [ -0.087194222924284, 51.491781216598092 ], [ -0.086906458423343, 51.491774063750135 ], [ -0.086618694041056, 51.49176691019688 ], [ -0.086330929777437, 51.491759755938318 ], [ -0.086043165632497, 51.491752600974458 ], [ -0.085755401606248, 51.491745445305277 ], [ -0.0854676376987, 51.491738288930804 ], [ -0.085179873909866, 51.491731131851033 ], [ -0.084892110239757, 51.491723974065941 ], [ -0.084604346688383, 51.491716815575565 ], [ -0.08431658325576, 51.491709656379875 ], [ -0.084028819941895, 51.491702496478894 ], [ -0.083741056746803, 51.491695335872606 ], [ -0.083453293670495, 51.491688174561027 ], [ -0.08316553071298, 51.491681012544149 ], [ -0.082877767874272, 51.491673849821971 ], [ -0.082590005154383, 51.491666686394488 ], [ -0.082302242553323, 51.49165952226172 ], [ -0.082014480071105, 51.491652357423661 ], [ -0.08172671770774, 51.491645191880288 ], [ -0.081438955463239, 51.491638025631637 ], [ -0.081151193337616, 51.491630858677681 ], [ -0.08086343133088, 51.491623691018432 ], [ -0.080575669443043, 51.491616522653899 ], [ -0.080287907674118, 51.491609353584082 ], [ -0.080000146024117, 51.491602183808951 ], [ -0.080000152362833, 51.492501620034623 ], [ -0.080287914006536, 51.492508789756933 ], [ -0.080575675769163, 51.492515958773943 ], [ -0.080863437650701, 51.49252312708569 ], [ -0.081151199651143, 51.492530294692116 ], [ -0.081438961770471, 51.49253746159328 ], [ -0.081726724008678, 51.492544627789151 ], [ -0.082014486365751, 51.492551793279723 ], [ -0.082302248841678, 51.492558958065025 ], [ -0.082590011436446, 51.492566122145021 ], [ -0.082877774150048, 51.492573285519725 ], [ -0.083165536982466, 51.492580448189145 ], [ -0.083453299933694, 51.492587610153265 ], [ -0.083741063003716, 51.492594771412087 ], [ -0.084028826192526, 51.492601931965631 ], [ -0.084316589500104, 51.492609091813875 ], [ -0.084604352926445, 51.492616250956821 ], [ -0.084892116471537, 51.492623409394469 ], [ -0.085179880135365, 51.492630567126831 ], [ -0.085467643917921, 51.492637724153887 ], [ -0.085755407819189, 51.492644880475645 ], [ -0.086043171839163, 51.492652036092103 ], [ -0.086330935977827, 51.492659191003263 ], [ -0.08661870023517, 51.49266634520913 ], [ -0.086906464611182, 51.492673498709692 ], [ -0.087194229105852, 51.492680651504941 ], [ -0.087481993719163, 51.492687803594904 ], [ -0.087769758451111, 51.492694954979562 ], [ -0.088057523301677, 51.492702105658914 ], [ -0.088345288270856, 51.49270925563296 ], [ -0.088633053358631, 51.492716404901707 ], [ -0.088920818564992, 51.492723553465147 ], [ -0.089208583889931, 51.492730701323268 ], [ -0.089496349333431, 51.492737848476104 ], [ -0.089784114895484, 51.492744994923612 ], [ -0.090071880576076, 51.492752140665829 ], [ -0.090359646375197, 51.492759285702725 ], [ -0.090647412292835, 51.492766430034315 ], [ -0.090935178328977, 51.492773573660592 ], [ -0.091222944483614, 51.492780716581564 ], [ -0.091510710756733, 51.492787858797222 ], [ -0.091798477148322, 51.492795000307567 ], [ -0.092086243658369, 51.492802141112598 ], [ -0.092374010286862, 51.492809281212324 ], [ -0.092661777033793, 51.492816420606736 ], [ -0.092949543899146, 51.492823559295822 ], [ -0.093237310882912, 51.492830697279594 ], [ -0.093525077985078, 51.492837834558053 ], [ -0.093812845205631, 51.492844971131206 ], [ -0.094100612544565, 51.492852106999017 ], [ -0.09438838000186, 51.492859242161536 ], [ -0.094676147577513, 51.492866376618714 ], [ -0.094963915271506, 51.492873510370579 ], [ -0.095251683083831, 51.492880643417131 ], [ -0.095539451014474, 51.492887775758362 ], [ -0.095827219063424, 51.492894907394266 ], [ -0.09611498723067, 51.49290203832485 ], [ -0.096402755516202, 51.492909168550106 ], [ -0.096690523920004, 51.492916298070043 ], [ -0.096978292442069, 51.492923426884651 ], [ -0.097266061082381, 51.492930554993947 ], [ -0.097553829840931, 51.492937682397901 ], [ -0.097841598717708, 51.492944809096528 ], [ -0.098129367712698, 51.492951935089842 ], [ -0.098417136825892, 51.492959060377821 ], [ -0.098704906057276, 51.49296618496048 ], [ -0.098992675406841, 51.49297330883779 ], [ -0.099280444874571, 51.492980432009794 ], [ -0.099568214460459, 51.492987554476457 ], [ -0.09985598416449, 51.492994676237785 ], [ -0.100143753986656, 51.493001797293779 ], [ -0.100431523926942, 51.493008917644445 ], [ -0.100719293985338, 51.493016037289777 ], [ -0.101007064161831, 51.493023156229775 ], [ -0.101294834456411, 51.493030274464452 ], [ -0.101582604869066, 51.493037391993774 ], [ -0.101870375399783, 51.493044508817775 ], [ -0.102158146048551, 51.493051624936435 ], [ -0.102445916815359, 51.493058740349753 ], [ -0.102733687700197, 51.493065855057729 ], [ -0.103021458703049, 51.493072969060378 ], [ -0.103309229823908, 51.493080082357686 ], [ -0.103597001062758, 51.493087194949645 ], [ -0.103884772419592, 51.493094306836269 ], [ -0.104172543894393, 51.493101418017552 ], [ -0.104460315487155, 51.493108528493501 ], [ -0.104748087197863, 51.493115638264094 ], [ -0.105035859026506, 51.493122747329352 ], [ -0.105323630973071, 51.493129855689268 ], [ -0.10561140303755, 51.493136963343822 ], [ -0.105899175219926, 51.493144070293049 ], [ -0.106186947520194, 51.493151176536934 ], [ -0.106474719938336, 51.493158282075456 ], [ -0.106762492474343, 51.493165386908629 ], [ -0.107050265128206, 51.493172491036468 ], [ -0.107338037899909, 51.493179594458958 ], [ -0.107625810789443, 51.493186697176093 ], [ -0.107913583796796, 51.493193799187871 ], [ -0.108201356921957, 51.493200900494308 ], [ -0.10848913016491, 51.49320800109539 ], [ -0.10877690352565, 51.493215100991129 ], [ -0.109064677004161, 51.493222200181506 ], [ -0.109352450600433, 51.493229298666527 ], [ -0.109640224314452, 51.4932363964462 ], [ -0.10992799814621, 51.493243493520517 ], [ -0.110215772095692, 51.493250589889485 ], [ -0.11050354616289, 51.493257685553083 ], [ -0.110791320347788, 51.493264780511332 ], [ -0.111079094650378, 51.493271874764226 ], [ -0.111366869070646, 51.493278968311756 ], [ -0.111654643608582, 51.493286061153938 ], [ -0.111942418264174, 51.49329315329075 ], [ -0.11223019303741, 51.493300244722192 ], [ -0.112517967928279, 51.493307335448286 ], [ -0.112805742936767, 51.49331442546903 ], [ -0.113093518062867, 51.493321514784398 ], [ -0.113381293306561, 51.493328603394396 ], [ -0.113669068667844, 51.493335691299038 ], [ -0.113956844146698, 51.493342778498324 ], [ -0.114244619743118, 51.49334986499224 ], [ -0.114532395457088, 51.493356950780793 ], [ -0.114820171288597, 51.493364035863969 ], [ -0.115107947237632, 51.493371120241797 ], [ -0.115395723304186, 51.49337820391424 ], [ -0.115683499488243, 51.493385286881328 ], [ -0.115971275789792, 51.493392369143038 ], [ -0.116259052208824, 51.493399450699378 ], [ -0.116546828745324, 51.493406531550349 ], [ -0.116834605399284, 51.493413611695956 ], [ -0.117122382170687, 51.49342069113618 ], [ -0.117410159059527, 51.49342776987104 ], [ -0.117697936065788, 51.493434847900524 ], [ -0.117985713189463, 51.493441925224644 ], [ -0.118273490430535, 51.493449001843366 ], [ -0.118561267788998, 51.493456077756733 ], [ -0.118849045264836, 51.493463152964715 ], [ -0.119136822858038, 51.493470227467327 ], [ -0.119424600568593, 51.493477301264555 ], [ -0.119712378396492, 51.493484374356413 ], [ -0.120000156341718, 51.493491446742894 ], [ -0.120000161108335, 51.494390875555794 ], [ -0.119712383169185, 51.49438380322141 ], [ -0.119424605347364, 51.494376730181656 ], [ -0.119136827642887, 51.49436965643654 ], [ -0.118849050055763, 51.494362581986053 ], [ -0.118561272586005, 51.494355506830189 ], [ -0.118273495233625, 51.494348430968955 ], [ -0.117985717998637, 51.494341354402358 ], [ -0.117697940881046, 51.494334277130392 ], [ -0.117410163880868, 51.494327199153048 ], [ -0.117122386998115, 51.494320120470341 ], [ -0.116834610232797, 51.494313041082258 ], [ -0.116546833584926, 51.494305960988818 ], [ -0.116259057054514, 51.494298880190009 ], [ -0.115971280641573, 51.494291798685836 ], [ -0.115683504346115, 51.494284716476301 ], [ -0.11539572816815, 51.49427763356141 ], [ -0.115107952107691, 51.494270549941142 ], [ -0.114820176164749, 51.494263465615511 ], [ -0.114532400339335, 51.494256380584524 ], [ -0.114244624631462, 51.494249294848188 ], [ -0.113956849041144, 51.494242208406476 ], [ -0.113669073568386, 51.494235121259408 ], [ -0.113381298213205, 51.494228033406976 ], [ -0.11309352297561, 51.494220944849189 ], [ -0.112805747855613, 51.494213855586054 ], [ -0.112517972853228, 51.494206765617555 ], [ -0.112230197968464, 51.494199674943701 ], [ -0.111942423201334, 51.494192583564484 ], [ -0.111654648551848, 51.494185491479918 ], [ -0.111366874020021, 51.494178398689996 ], [ -0.111079099605861, 51.494171305194719 ], [ -0.110791325309381, 51.494164210994093 ], [ -0.110503551130593, 51.494157116088118 ], [ -0.110215777069508, 51.494150020476788 ], [ -0.10992800312614, 51.494142924160101 ], [ -0.109640229300498, 51.494135827138066 ], [ -0.109352455592593, 51.494128729410683 ], [ -0.109064682002438, 51.494121630977951 ], [ -0.108776908530045, 51.494114531839877 ], [ -0.108489135175425, 51.494107431996447 ], [ -0.10820136193859, 51.494100331447676 ], [ -0.107913588819552, 51.494093230193556 ], [ -0.10762581581832, 51.494086128234102 ], [ -0.10733804293491, 51.494079025569285 ], [ -0.107050270169331, 51.494071922199133 ], [ -0.106762497521594, 51.49406481812364 ], [ -0.106474724991712, 51.494057713342798 ], [ -0.106186952579697, 51.494050607856607 ], [ -0.105899180285561, 51.494043501665089 ], [ -0.105611408109314, 51.49403639476823 ], [ -0.105323636050967, 51.494029287166022 ], [ -0.105035864110532, 51.494022178858465 ], [ -0.104748092288024, 51.494015069845588 ], [ -0.10446032058345, 51.494007960127369 ], [ -0.104172548996825, 51.494000849703809 ], [ -0.103884777528159, 51.493993738574922 ], [ -0.103597006177463, 51.493986626740686 ], [ -0.10330923494475, 51.493979514201115 ], [ -0.103021463830033, 51.493972400956224 ], [ -0.102733692833321, 51.493965287005985 ], [ -0.102445921954626, 51.493958172350411 ], [ -0.102158151193961, 51.493951056989509 ], [ -0.101870380551338, 51.49394394092328 ], [ -0.101582610026766, 51.493936824151717 ], [ -0.101294839620258, 51.49392970667482 ], [ -0.101007069331825, 51.493922588492588 ], [ -0.100719299161481, 51.493915469605042 ], [ -0.100431529109235, 51.493908350012155 ], [ -0.100143759175099, 51.493901229713948 ], [ -0.099855989359087, 51.4938941087104 ], [ -0.099568219661208, 51.493886987001538 ], [ -0.099280450081474, 51.493879864587349 ], [ -0.098992680619898, 51.493872741467833 ], [ -0.098704911276491, 51.493865617642996 ], [ -0.098417142051265, 51.493858493112818 ], [ -0.09812937294423, 51.493851367877348 ], [ -0.0978416039554, 51.493844241936522 ], [ -0.097553835084786, 51.49383711529039 ], [ -0.097266066332397, 51.493829987938938 ], [ -0.096978297698247, 51.493822859882172 ], [ -0.096690529182347, 51.493815731120073 ], [ -0.09640276078471, 51.493808601652667 ], [ -0.096114992505346, 51.493801471479934 ], [ -0.095827224344267, 51.493794340601887 ], [ -0.095539456301484, 51.493787209018514 ], [ -0.095251688377011, 51.493780076729827 ], [ -0.094963920570858, 51.493772943735834 ], [ -0.094676152883036, 51.493765810036521 ], [ -0.094388385313559, 51.493758675631881 ], [ -0.094100617862435, 51.493751540521941 ], [ -0.09381285052968, 51.493744404706689 ], [ -0.093525083315302, 51.493737268186131 ], [ -0.093237316219313, 51.493730130960245 ], [ -0.092949549241727, 51.493722993029053 ], [ -0.092661782382553, 51.493715854392555 ], [ -0.092374015641804, 51.493708715050744 ], [ -0.092086249019492, 51.49370157500362 ], [ -0.091798482515628, 51.493694434251189 ], [ -0.091510716130223, 51.493687292793453 ], [ -0.091222949863291, 51.493680150630418 ], [ -0.09093518371484, 51.493673007762069 ], [ -0.090647417684885, 51.493665864188408 ], [ -0.090359651773436, 51.493658719909455 ], [ -0.090071885980505, 51.493651574925195 ], [ -0.089784120306105, 51.49364442923563 ], [ -0.089496354750245, 51.493637282840751 ], [ -0.089208589312937, 51.493630135740581 ], [ -0.088920823994194, 51.493622987935112 ], [ -0.088633058794027, 51.493615839424336 ], [ -0.088345293712448, 51.493608690208248 ], [ -0.088057528749467, 51.493601540286882 ], [ -0.087769763905098, 51.493594389660217 ], [ -0.087481999179352, 51.493587238328232 ], [ -0.087194234572241, 51.493580086290969 ], [ -0.086906470083773, 51.493572933548407 ], [ -0.086618705713965, 51.493565780100539 ], [ -0.086330941462826, 51.493558625947387 ], [ -0.086043177330367, 51.493551471088928 ], [ -0.085755413316602, 51.493544315525185 ], [ -0.085467649421541, 51.493537159256149 ], [ -0.085179885645194, 51.493530002281815 ], [ -0.084892121987575, 51.493522844602182 ], [ -0.084604358448696, 51.493515686217272 ], [ -0.084316595028565, 51.493508527127069 ], [ -0.084028831727198, 51.493501367331568 ], [ -0.083741068544604, 51.493494206830789 ], [ -0.083453305480797, 51.493487045624711 ], [ -0.083165542535787, 51.493479883713348 ], [ -0.082877779709584, 51.493472721096694 ], [ -0.082590017002203, 51.493465557774762 ], [ -0.082302254413654, 51.493458393747538 ], [ -0.082014491943948, 51.493451229015029 ], [ -0.0817267295931, 51.493444063577229 ], [ -0.081438967361116, 51.493436897434158 ], [ -0.081151205248011, 51.493429730585802 ], [ -0.080863443253797, 51.493422563032155 ], [ -0.080575681378484, 51.493415394773237 ], [ -0.080287919622084, 51.493408225809027 ], [ -0.080000157984611, 51.49340105613954 ], [ -0.080000162889423, 51.494300492123699 ], [ -0.080287924520738, 51.494307661740372 ], [ -0.08057568627098, 51.494314830651753 ], [ -0.080863448140136, 51.494321998857878 ], [ -0.081151210128196, 51.494329166358696 ], [ -0.081438972235147, 51.494336333154259 ], [ -0.081726734460976, 51.494343499244543 ], [ -0.082014496805676, 51.494350664629557 ], [ -0.08230225926923, 51.494357829309266 ], [ -0.08259002185163, 51.494364993283703 ], [ -0.082877784552863, 51.49437215655287 ], [ -0.083165547372917, 51.494379319116746 ], [ -0.083453310311782, 51.494386480975351 ], [ -0.083741073369443, 51.494393642128671 ], [ -0.084028836545893, 51.494400802576685 ], [ -0.084316599841118, 51.494407962319436 ], [ -0.084604363255105, 51.494415121356901 ], [ -0.084892126787843, 51.494422279689083 ], [ -0.085179890439324, 51.494429437315979 ], [ -0.085467654209531, 51.49443659423757 ], [ -0.085755418098458, 51.494443750453883 ], [ -0.086043182106086, 51.494450905964918 ], [ -0.086330946232409, 51.494458060770661 ], [ -0.086618710477416, 51.49446521487112 ], [ -0.08690647484109, 51.494472368266273 ], [ -0.087194239323426, 51.494479520956141 ], [ -0.087482003924406, 51.494486672940717 ], [ -0.087769768644022, 51.494493824220001 ], [ -0.088057533482264, 51.494500974793986 ], [ -0.088345298439116, 51.494508124662687 ], [ -0.088633063514568, 51.494515273826089 ], [ -0.088920828708611, 51.494522422284206 ], [ -0.08920859402123, 51.494529570037017 ], [ -0.089496359452415, 51.494536717084529 ], [ -0.089784125002152, 51.494543863426756 ], [ -0.090071890670434, 51.494551009063663 ], [ -0.090359656457246, 51.494558153995293 ], [ -0.090647422362576, 51.494565298221609 ], [ -0.090935188386413, 51.49457244174264 ], [ -0.091222954528748, 51.494579584558359 ], [ -0.091510720789566, 51.494586726668786 ], [ -0.091798487168856, 51.494593868073913 ], [ -0.092086253666608, 51.494601008773728 ], [ -0.092374020282806, 51.494608148768251 ], [ -0.092661787017446, 51.49461528805746 ], [ -0.092949553870509, 51.494622426641357 ], [ -0.093237320841988, 51.494629564519961 ], [ -0.093525087931869, 51.49463670169326 ], [ -0.09381285514014, 51.494643838161245 ], [ -0.094100622466793, 51.494650973923932 ], [ -0.094388389911812, 51.494658108981305 ], [ -0.094676157475186, 51.494665243333372 ], [ -0.094963925156908, 51.494672376980127 ], [ -0.095251692956959, 51.494679509921575 ], [ -0.095539460875333, 51.49468664215771 ], [ -0.095827228912017, 51.494693773688539 ], [ -0.096114997066996, 51.494700904514055 ], [ -0.096402765340266, 51.49470803463425 ], [ -0.096690533731807, 51.49471516404914 ], [ -0.096978302241612, 51.494722292758716 ], [ -0.09726607086967, 51.494729420762972 ], [ -0.097553839615966, 51.494736548061908 ], [ -0.097841608480493, 51.494743674655538 ], [ -0.098129377463233, 51.494750800543855 ], [ -0.098417146564179, 51.494757925726837 ], [ -0.098704915783318, 51.494765050204514 ], [ -0.098992685120639, 51.494772173976877 ], [ -0.099280454576131, 51.494779297043905 ], [ -0.09956822414978, 51.494786419405628 ], [ -0.099855993841574, 51.494793541062016 ], [ -0.100143763651507, 51.494800662013091 ], [ -0.10043153357956, 51.494807782258846 ], [ -0.100719303625727, 51.494814901799273 ], [ -0.101007073789993, 51.494822020634381 ], [ -0.101294844072347, 51.49482913876416 ], [ -0.10158261447278, 51.49483625618862 ], [ -0.101870384991276, 51.494843372907752 ], [ -0.102158155627827, 51.494850488921557 ], [ -0.10244592638242, 51.494857604230035 ], [ -0.102733697255043, 51.494864718833185 ], [ -0.103021468245685, 51.494871832731008 ], [ -0.103309239354333, 51.49487894592351 ], [ -0.103597010580976, 51.494886058410671 ], [ -0.103884781925605, 51.494893170192505 ], [ -0.104172553388204, 51.494900281269011 ], [ -0.104460324968763, 51.494907391640183 ], [ -0.104748096667272, 51.49491450130602 ], [ -0.105035868483718, 51.49492161026653 ], [ -0.105323640418092, 51.494928718521699 ], [ -0.105611412470377, 51.49493582607154 ], [ -0.105899184640565, 51.494942932916032 ], [ -0.106186956928645, 51.494950039055212 ], [ -0.106474729334602, 51.494957144489049 ], [ -0.106762501858427, 51.494964249217539 ], [ -0.10705027450011, 51.4949713532407 ], [ -0.107338047259633, 51.494978456558513 ], [ -0.107625820136992, 51.494985559170999 ], [ -0.10791359313217, 51.494992661078136 ], [ -0.108201366245157, 51.494999762279939 ], [ -0.108489139475943, 51.495006862776407 ], [ -0.108776912824514, 51.495013962567512 ], [ -0.109064686290861, 51.495021061653297 ], [ -0.10935245987497, 51.495028160033719 ], [ -0.109640233576828, 51.495035257708807 ], [ -0.109928007396428, 51.495042354678553 ], [ -0.110215781333754, 51.495049450942957 ], [ -0.110503555388795, 51.495056546502006 ], [ -0.110791329561543, 51.495063641355728 ], [ -0.111079103851982, 51.495070735504079 ], [ -0.111366878260105, 51.495077828947089 ], [ -0.111654652785895, 51.495084921684757 ], [ -0.111942427429343, 51.495092013717063 ], [ -0.112230202190439, 51.495099105044027 ], [ -0.112517977069167, 51.495106195665649 ], [ -0.11280575206552, 51.495113285581908 ], [ -0.113093527179485, 51.495120374792833 ], [ -0.113381302411048, 51.495127463298381 ], [ -0.1136690777602, 51.495134551098587 ], [ -0.113956853226928, 51.495141638193452 ], [ -0.11424462881122, 51.495148724582933 ], [ -0.114532404513068, 51.495155810267086 ], [ -0.114820180332455, 51.495162895245876 ], [ -0.115107956269374, 51.495169979519311 ], [ -0.115395732323809, 51.495177063087382 ], [ -0.115683508495752, 51.495184145950084 ], [ -0.11597128478519, 51.495191228107451 ], [ -0.116259061192111, 51.495198309559449 ], [ -0.116546837716504, 51.495205390306083 ], [ -0.116834614358357, 51.495212470347354 ], [ -0.117122391117658, 51.495219549683277 ], [ -0.117410167994397, 51.495226628313837 ], [ -0.11769794498856, 51.495233706239027 ], [ -0.117985722100136, 51.495240783458854 ], [ -0.118273499329115, 51.495247859973311 ], [ -0.118561276675483, 51.495254935782427 ], [ -0.11884905413923, 51.495262010886158 ], [ -0.119136831720346, 51.495269085284527 ], [ -0.119424609418816, 51.495276158977518 ], [ -0.119712387234629, 51.495283231965161 ], [ -0.120000165167775, 51.495290304247433 ], [ -0.12000016852001, 51.496189732817832 ], [ -0.119712390592798, 51.496182660587671 ], [ -0.11942461278292, 51.496175587652154 ], [ -0.119136835090389, 51.496168514011273 ], [ -0.118849057515214, 51.496161439665023 ], [ -0.118561280057404, 51.496154364613417 ], [ -0.118273502716975, 51.496147288856456 ], [ -0.117985725493939, 51.496140212394131 ], [ -0.117697948388303, 51.496133135226444 ], [ -0.117410171400087, 51.496126057353408 ], [ -0.117122394529292, 51.496118978775016 ], [ -0.116834617775937, 51.496111899491261 ], [ -0.11654684114003, 51.49610481950215 ], [ -0.116259064621586, 51.496097738807684 ], [ -0.115971288220614, 51.496090657407862 ], [ -0.115683511937129, 51.496083575302684 ], [ -0.115395735771137, 51.496076492492165 ], [ -0.115107959722653, 51.496069408976268 ], [ -0.114820183791689, 51.496062324755052 ], [ -0.114532407978256, 51.496055239828465 ], [ -0.114244632282366, 51.496048154196529 ], [ -0.113956856704031, 51.496041067859238 ], [ -0.11366908124326, 51.496033980816613 ], [ -0.113381305900067, 51.496026893068624 ], [ -0.113093530674464, 51.496019804615301 ], [ -0.112805755566463, 51.496012715456615 ], [ -0.112517980576071, 51.496005625592595 ], [ -0.112230205703307, 51.495998535023226 ], [ -0.111942430948176, 51.495991443748508 ], [ -0.111654656310693, 51.495984351768449 ], [ -0.111366881790869, 51.495977259083041 ], [ -0.111079107388717, 51.495970165692299 ], [ -0.110791333104247, 51.495963071596201 ], [ -0.11050355893747, 51.495955976794775 ], [ -0.110215784888399, 51.495948881288001 ], [ -0.109928010957045, 51.495941785075885 ], [ -0.109640237143419, 51.495934688158428 ], [ -0.109352463447534, 51.495927590535644 ], [ -0.109064689869403, 51.495920492207503 ], [ -0.108776916409033, 51.49591339317405 ], [ -0.108489143066441, 51.49590629343524 ], [ -0.108201369841635, 51.495899192991097 ], [ -0.107913596734626, 51.495892091841625 ], [ -0.107625823745429, 51.495884989986813 ], [ -0.107338050874056, 51.495877887426651 ], [ -0.107050278120514, 51.495870784161177 ], [ -0.106762505484817, 51.495863680190361 ], [ -0.106474732966977, 51.49585657551421 ], [ -0.106186960567006, 51.495849470132733 ], [ -0.105899188284915, 51.49584236404592 ], [ -0.105611416120717, 51.495835257253795 ], [ -0.105323644074421, 51.495828149756321 ], [ -0.10503587214604, 51.495821041553519 ], [ -0.104748100335586, 51.495813932645397 ], [ -0.10446032864307, 51.495806823031941 ], [ -0.104172557068504, 51.495799712713151 ], [ -0.103884785611902, 51.49579260168904 ], [ -0.10359701427327, 51.495785489959616 ], [ -0.103309243052624, 51.49577837752485 ], [ -0.103021471949975, 51.495771264384771 ], [ -0.102733700965333, 51.495764150539358 ], [ -0.102445930098714, 51.495757035988625 ], [ -0.102158159350123, 51.495749920732571 ], [ -0.101870388719576, 51.495742804771204 ], [ -0.101582618207083, 51.495735688104503 ], [ -0.101294847812657, 51.495728570732489 ], [ -0.10100707753631, 51.495721452655154 ], [ -0.100719307378052, 51.495714333872499 ], [ -0.100431537337895, 51.495707214384531 ], [ -0.10014376741585, 51.495700094191243 ], [ -0.09985599761193, 51.495692973292634 ], [ -0.099568227926146, 51.495685851688705 ], [ -0.09928045835851, 51.49567872937947 ], [ -0.098992688909036, 51.495671606364915 ], [ -0.09870491957773, 51.495664482645054 ], [ -0.098417150364608, 51.495657358219873 ], [ -0.09812938126968, 51.495650233089371 ], [ -0.097841612292956, 51.495643107253571 ], [ -0.097553843434452, 51.495635980712457 ], [ -0.097266074694178, 51.49562885346603 ], [ -0.096978306072142, 51.49562172551429 ], [ -0.096690537568361, 51.495614596857237 ], [ -0.096402769182844, 51.495607467494871 ], [ -0.0961150009156, 51.49560033742722 ], [ -0.095827232766647, 51.495593206654249 ], [ -0.095539464735992, 51.495586075175964 ], [ -0.095251696823647, 51.495578942992374 ], [ -0.094963929029624, 51.495571810103485 ], [ -0.094676161353935, 51.495564676509289 ], [ -0.094388393796592, 51.495557542209795 ], [ -0.094100626357608, 51.495550407204988 ], [ -0.093812859036991, 51.495543271494881 ], [ -0.093525091834754, 51.495536135079476 ], [ -0.09323732475091, 51.495528997958765 ], [ -0.092949557785469, 51.495521860132762 ], [ -0.092661790938444, 51.495514721601445 ], [ -0.092374024209848, 51.495507582364837 ], [ -0.092086257599688, 51.49550044242293 ], [ -0.09179849110798, 51.495493301775724 ], [ -0.091510724734732, 51.495486160423219 ], [ -0.091222958479958, 51.495479018365415 ], [ -0.09093519234367, 51.495471875602327 ], [ -0.09064742632588, 51.495464732133939 ], [ -0.090359660426596, 51.495457587960253 ], [ -0.090071894645835, 51.495450443081261 ], [ -0.089784128983603, 51.495443297496998 ], [ -0.089496363439916, 51.495436151207436 ], [ -0.089208598014784, 51.495429004212575 ], [ -0.088920832708219, 51.495421856512429 ], [ -0.088633067520233, 51.495414708106992 ], [ -0.088345302450834, 51.495407558996256 ], [ -0.088057537500039, 51.495400409180242 ], [ -0.087769772667855, 51.495393258658929 ], [ -0.087482007954299, 51.495386107432346 ], [ -0.087194243359379, 51.495378955500463 ], [ -0.086906478883105, 51.495371802863289 ], [ -0.086618714525492, 51.495364649520837 ], [ -0.086330950286549, 51.495357495473101 ], [ -0.086043186166291, 51.49535034072008 ], [ -0.085755422164727, 51.495343185261774 ], [ -0.085467658281869, 51.495336029098176 ], [ -0.08517989451773, 51.495328872229308 ], [ -0.084892130872319, 51.495321714655155 ], [ -0.08460436734565, 51.49531455637571 ], [ -0.084316603937733, 51.495307397391002 ], [ -0.084028840648582, 51.495300237701009 ], [ -0.083741077478207, 51.495293077305739 ], [ -0.083453314426619, 51.495285916205184 ], [ -0.08316555149383, 51.495278754399351 ], [ -0.082877788679853, 51.49527159188824 ], [ -0.082590025984697, 51.495264428671867 ], [ -0.082302263408377, 51.495257264750208 ], [ -0.082014500950903, 51.495250100123272 ], [ -0.081726738612286, 51.495242934791072 ], [ -0.081438976392538, 51.495235768753588 ], [ -0.081151214291671, 51.495228602010833 ], [ -0.080863452309697, 51.495221434562808 ], [ -0.080575690446627, 51.495214266409512 ], [ -0.080287928702472, 51.495207097550939 ], [ -0.080000167077244, 51.495199927987102 ], [ -0.080000170548042, 51.496099363729741 ], [ -0.080287932167251, 51.496106533240756 ], [ -0.08057569390539, 51.496113702046493 ], [ -0.080863455762444, 51.496120870146989 ], [ -0.081151217738404, 51.496128037542199 ], [ -0.081438979833258, 51.496135204232132 ], [ -0.081726742046995, 51.496142370216809 ], [ -0.082014504379599, 51.49614953549623 ], [ -0.082302266831065, 51.496156700070365 ], [ -0.082590029401378, 51.496163863939238 ], [ -0.082877792090524, 51.496171027102839 ], [ -0.083165554898495, 51.496178189561171 ], [ -0.083453317825277, 51.496185351314224 ], [ -0.083741080870862, 51.496192512362008 ], [ -0.084028844035233, 51.496199672704527 ], [ -0.084316607318383, 51.496206832341763 ], [ -0.084604370720299, 51.49621399127372 ], [ -0.084892134240969, 51.496221149500414 ], [ -0.085179897880379, 51.496228307021838 ], [ -0.085467661638521, 51.496235463837962 ], [ -0.085755425515384, 51.496242619948816 ], [ -0.086043189510952, 51.4962497753544 ], [ -0.086330953625216, 51.496256930054706 ], [ -0.086618717858166, 51.496264084049734 ], [ -0.086906482209786, 51.496271237339478 ], [ -0.087194246680068, 51.49627838992393 ], [ -0.087482011268999, 51.496285541803125 ], [ -0.087769775976569, 51.496292692977022 ], [ -0.088057540802763, 51.496299843445641 ], [ -0.088345305747572, 51.496306993208975 ], [ -0.088633070810985, 51.496314142267018 ], [ -0.088920835992988, 51.496321290619782 ], [ -0.08920860129357, 51.49632843826727 ], [ -0.089496366712719, 51.496335585209458 ], [ -0.089784132250427, 51.496342731446362 ], [ -0.090071897906678, 51.496349876977995 ], [ -0.090359663681461, 51.496357021804315 ], [ -0.090647429574767, 51.496364165925364 ], [ -0.090935195586581, 51.496371309341122 ], [ -0.091222961716893, 51.496378452051587 ], [ -0.091510727965694, 51.496385594056754 ], [ -0.091798494332967, 51.496392735356636 ], [ -0.092086260818703, 51.496399875951226 ], [ -0.092374027422891, 51.496407015840532 ], [ -0.092661794145521, 51.496414155024524 ], [ -0.092949560986576, 51.496421293503232 ], [ -0.093237327946049, 51.496428431276641 ], [ -0.093525095023927, 51.496435568344765 ], [ -0.093812862220197, 51.496442704707597 ], [ -0.09410062953485, 51.496449840365123 ], [ -0.094388396967873, 51.496456975317344 ], [ -0.094676164519253, 51.496464109564279 ], [ -0.094963932188981, 51.496471243105908 ], [ -0.095251699977043, 51.496478375942239 ], [ -0.09553946788343, 51.496485508073263 ], [ -0.095827235908128, 51.496492639499003 ], [ -0.096115004051126, 51.49649977021943 ], [ -0.096402772312412, 51.49650690023455 ], [ -0.096690540691977, 51.496514029544379 ], [ -0.096978309189805, 51.496521158148902 ], [ -0.097266077805886, 51.496528286048125 ], [ -0.097553846540212, 51.496535413242029 ], [ -0.097841615392767, 51.496542539730633 ], [ -0.09812938436354, 51.496549665513932 ], [ -0.09841715345252, 51.496556790591924 ], [ -0.098704922659697, 51.496563914964604 ], [ -0.098992691985057, 51.496571038631977 ], [ -0.099280461428588, 51.496578161594051 ], [ -0.099568230990282, 51.496585283850806 ], [ -0.099856000670122, 51.496592405402254 ], [ -0.100143770468101, 51.496599526248382 ], [ -0.100431540384206, 51.49660664638921 ], [ -0.100719310418424, 51.496613765824719 ], [ -0.101007080570745, 51.496620884554915 ], [ -0.101294850841156, 51.496628002579804 ], [ -0.101582621229647, 51.496635119899388 ], [ -0.101870391736206, 51.496642236513637 ], [ -0.102158162360819, 51.496649352422573 ], [ -0.102445933103475, 51.496656467626195 ], [ -0.102733703964167, 51.496663582124505 ], [ -0.103021474942879, 51.496670695917487 ], [ -0.103309246039599, 51.496677809005163 ], [ -0.103597017254318, 51.496684921387505 ], [ -0.103884788587022, 51.496692033064534 ], [ -0.1041725600377, 51.496699144036242 ], [ -0.104460331606341, 51.496706254302644 ], [ -0.104748103292934, 51.496713363863698 ], [ -0.105035875097466, 51.496720472719446 ], [ -0.105323647019926, 51.496727580869873 ], [ -0.105611419060302, 51.496734688314966 ], [ -0.105899191218582, 51.496741795054746 ], [ -0.106186963494755, 51.496748901089184 ], [ -0.106474735888809, 51.496756006418302 ], [ -0.106762508400735, 51.4967631110421 ], [ -0.107050281030516, 51.49677021496057 ], [ -0.107338053778143, 51.496777318173706 ], [ -0.107625826643608, 51.496784420681522 ], [ -0.107913599626894, 51.49679152248401 ], [ -0.108201372727991, 51.496798623581157 ], [ -0.108489145946888, 51.496805723972983 ], [ -0.108776919283575, 51.496812823659468 ], [ -0.109064692738036, 51.496819922640626 ], [ -0.109352466310262, 51.496827020916456 ], [ -0.109640240000244, 51.496834118486937 ], [ -0.109928013807965, 51.496841215352106 ], [ -0.110215787733416, 51.496848311511918 ], [ -0.110503561776588, 51.496855406966418 ], [ -0.110791335937464, 51.496862501715562 ], [ -0.111079110216036, 51.496869595759378 ], [ -0.11136688461229, 51.496876689097853 ], [ -0.111654659126218, 51.496883781731 ], [ -0.111942433757806, 51.496890873658806 ], [ -0.11223020850704, 51.496897964881256 ], [ -0.112517983373914, 51.496905055398393 ], [ -0.112805758358412, 51.49691214521016 ], [ -0.113093533460522, 51.496919234316614 ], [ -0.113381308680235, 51.496926322717698 ], [ -0.113669084017541, 51.496933410413455 ], [ -0.113956859472421, 51.496940497403862 ], [ -0.11424463504487, 51.496947583688936 ], [ -0.114532410734877, 51.496954669268654 ], [ -0.114820186542425, 51.496961754143037 ], [ -0.115107962467504, 51.496968838312071 ], [ -0.115395738510106, 51.49697592177575 ], [ -0.115683514670217, 51.496983004534087 ], [ -0.115971290947823, 51.496990086587076 ], [ -0.116259067342916, 51.496997167934708 ], [ -0.116546843855484, 51.497004248576999 ], [ -0.116834620485511, 51.497011328513949 ], [ -0.117122397232992, 51.497018407745536 ], [ -0.117410174097909, 51.497025486271774 ], [ -0.117697951080256, 51.49703256409267 ], [ -0.117985728180018, 51.497039641208197 ], [ -0.118273505397182, 51.497046717618367 ], [ -0.118561282731742, 51.497053793323197 ], [ -0.118849060183681, 51.49706086832267 ], [ -0.119136837752989, 51.497067942616773 ], [ -0.119424615439654, 51.497075016205535 ], [ -0.119712393243667, 51.497082089088934 ], [ -0.120000171165013, 51.497089161266992 ], [ -0.120000173102753, 51.497988589594904 ], [ -0.1197123951872, 51.497981517468972 ], [ -0.119424617388985, 51.497974444637691 ], [ -0.119136839708116, 51.497967371101062 ], [ -0.118849062144605, 51.497960296859077 ], [ -0.118561284698463, 51.49795322191175 ], [ -0.118273507369706, 51.497946146259068 ], [ -0.117985730158341, 51.49793906990103 ], [ -0.11769795306438, 51.497931992837657 ], [ -0.117410176087837, 51.497924915068928 ], [ -0.117122399228724, 51.497917836594844 ], [ -0.116834622487049, 51.497910757415433 ], [ -0.116546845862826, 51.497903677530672 ], [ -0.116259069356067, 51.497896596940556 ], [ -0.115971292966783, 51.497889515645092 ], [ -0.115683516694985, 51.497882433644293 ], [ -0.115395740540686, 51.497875350938159 ], [ -0.115107964503897, 51.497868267526663 ], [ -0.11482018858463, 51.497861183409839 ], [ -0.114532412782895, 51.49785409858768 ], [ -0.114244637098705, 51.497847013060174 ], [ -0.113956861532071, 51.497839926827325 ], [ -0.113669086083008, 51.497832839889135 ], [ -0.113381310751521, 51.497825752245618 ], [ -0.113093535537628, 51.497818663896751 ], [ -0.112805760441337, 51.497811574842558 ], [ -0.112517985462661, 51.497804485083016 ], [ -0.112230210601611, 51.497797394618154 ], [ -0.1119424358582, 51.49779030344795 ], [ -0.111654661232439, 51.497783211572411 ], [ -0.111366886724337, 51.497776118991531 ], [ -0.111079112333909, 51.497769025705331 ], [ -0.110791338061166, 51.497761931713789 ], [ -0.11050356390612, 51.497754837016927 ], [ -0.11021578986878, 51.497747741614717 ], [ -0.109928015949159, 51.497740645507193 ], [ -0.109640242147269, 51.497733548694342 ], [ -0.109352468463125, 51.497726451176142 ], [ -0.109064694896732, 51.497719352952629 ], [ -0.108776921448105, 51.497712254023781 ], [ -0.108489148117257, 51.497705154389614 ], [ -0.108201374904199, 51.497698054050112 ], [ -0.107913601808941, 51.497690953005296 ], [ -0.107625828831494, 51.49768385125514 ], [ -0.107338055971872, 51.497676748799677 ], [ -0.107050283230088, 51.497669645638879 ], [ -0.10676251060615, 51.497662541772762 ], [ -0.106474738100071, 51.497655437201317 ], [ -0.106186965711861, 51.497648331924566 ], [ -0.105899193441536, 51.497641225942481 ], [ -0.105611421289105, 51.497634119255082 ], [ -0.105323649254577, 51.497627011862356 ], [ -0.105035877337967, 51.49761990376431 ], [ -0.104748105539289, 51.497612794960958 ], [ -0.104460333858549, 51.497605685452292 ], [ -0.104172562295761, 51.497598575238293 ], [ -0.103884790850938, 51.49759146431898 ], [ -0.10359701952409, 51.497584352694361 ], [ -0.103309248315229, 51.497577240364414 ], [ -0.103021477224365, 51.497570127329169 ], [ -0.102733706251515, 51.497563013588604 ], [ -0.102445935396684, 51.497555899142725 ], [ -0.102158164659887, 51.49754878399154 ], [ -0.101870394041136, 51.497541668135035 ], [ -0.101582623540443, 51.497534551573224 ], [ -0.101294853157817, 51.497527434306107 ], [ -0.101007082893271, 51.497520316333677 ], [ -0.100719312746818, 51.497513197655934 ], [ -0.100431542718468, 51.497506078272885 ], [ -0.100143772808232, 51.497498958184536 ], [ -0.099856003016124, 51.497491837390861 ], [ -0.099568233342154, 51.4974847158919 ], [ -0.099280463786334, 51.497477593687627 ], [ -0.098992694348676, 51.497470470778062 ], [ -0.09870492502919, 51.497463347163176 ], [ -0.09841715582789, 51.497456222842992 ], [ -0.098129386744787, 51.497449097817508 ], [ -0.097841617779892, 51.497441972086719 ], [ -0.097553848933216, 51.497434845650623 ], [ -0.097266080204772, 51.497427718509236 ], [ -0.096978311594572, 51.49742059066255 ], [ -0.096690543102625, 51.497413462110565 ], [ -0.096402774728945, 51.497406332853281 ], [ -0.096115006473543, 51.497399202890691 ], [ -0.095827238336432, 51.497392072222809 ], [ -0.09553947031762, 51.497384940849628 ], [ -0.095251702417123, 51.497377808771155 ], [ -0.094963934634951, 51.497370675987383 ], [ -0.094676166971113, 51.49736354249832 ], [ -0.094388399425623, 51.497356408303958 ], [ -0.094100631998492, 51.497349273404311 ], [ -0.093812864689735, 51.497342137799379 ], [ -0.093525097499359, 51.497335001489141 ], [ -0.093237330427376, 51.497327864473611 ], [ -0.092949563473799, 51.497320726752804 ], [ -0.092661796638644, 51.497313588326705 ], [ -0.092374029921914, 51.4973064491953 ], [ -0.092086263323626, 51.497299309358617 ], [ -0.091798496843791, 51.497292168816649 ], [ -0.091510730482421, 51.497285027569397 ], [ -0.091222964239525, 51.497277885616853 ], [ -0.090935198115117, 51.497270742959017 ], [ -0.090647432109208, 51.497263599595904 ], [ -0.090359666221811, 51.497256455527513 ], [ -0.090071900452935, 51.49724931075383 ], [ -0.089784134802593, 51.497242165274862 ], [ -0.089496369270796, 51.497235019090617 ], [ -0.089208603857559, 51.497227872201094 ], [ -0.088920838562889, 51.497220724606287 ], [ -0.0886330733868, 51.497213576306194 ], [ -0.088345308329303, 51.497206427300824 ], [ -0.08805754339041, 51.497199277590184 ], [ -0.087769778570132, 51.497192127174259 ], [ -0.087482013868482, 51.497184976053049 ], [ -0.08719424928547, 51.497177824226561 ], [ -0.086906484821107, 51.497170671694818 ], [ -0.086618720475408, 51.497163518457775 ], [ -0.086330956248382, 51.497156364515483 ], [ -0.086043192140042, 51.497149209867892 ], [ -0.085755428150398, 51.497142054515045 ], [ -0.085467664279462, 51.497134898456913 ], [ -0.085179900527247, 51.497127741693525 ], [ -0.084892136893765, 51.497120584224859 ], [ -0.084604373379025, 51.497113426050909 ], [ -0.08431660998304, 51.497106267171695 ], [ -0.084028846705822, 51.497099107587232 ], [ -0.083741083547383, 51.497091947297477 ], [ -0.083453320507732, 51.497084786302459 ], [ -0.083165557586885, 51.497077624602184 ], [ -0.082877794784849, 51.497070462196632 ], [ -0.08259003210164, 51.497063299085823 ], [ -0.082302269537266, 51.497056135269737 ], [ -0.08201450709174, 51.497048970748395 ], [ -0.081726744765075, 51.497041805521782 ], [ -0.081438982557282, 51.497034639589906 ], [ -0.081151220468371, 51.49702747295278 ], [ -0.080863458498354, 51.497020305610377 ], [ -0.080575696647243, 51.497013137562725 ], [ -0.080287934915053, 51.497005968809809 ], [ -0.080000173301789, 51.49699879935163 ], [ -0.080000175338462, 51.497898234852762 ], [ -0.080287936945847, 51.497905404258084 ], [ -0.080575698672163, 51.497912572958192 ], [ -0.080863460517399, 51.497919740953023 ], [ -0.081151222481542, 51.49792690824259 ], [ -0.081438984564581, 51.497934074826908 ], [ -0.081726746766503, 51.497941240705977 ], [ -0.082014509087297, 51.497948405879782 ], [ -0.082302271526954, 51.497955570348317 ], [ -0.082590034085461, 51.497962734111603 ], [ -0.082877796762804, 51.497969897169632 ], [ -0.083165559558972, 51.497977059522398 ], [ -0.083453322473956, 51.497984221169901 ], [ -0.083741085507741, 51.49799138211214 ], [ -0.08402884866032, 51.497998542349123 ], [ -0.084316611931677, 51.498005701880842 ], [ -0.084604375321801, 51.498012860707298 ], [ -0.084892138830681, 51.498020018828477 ], [ -0.085179902458306, 51.498027176244392 ], [ -0.085467666204667, 51.498034332955051 ], [ -0.085755430069746, 51.498041488960432 ], [ -0.086043194053535, 51.498048644260564 ], [ -0.086330958156022, 51.498055798855411 ], [ -0.086618722377195, 51.498062952744995 ], [ -0.086906486717042, 51.498070105929315 ], [ -0.087194251175556, 51.498077258408351 ], [ -0.087482015752719, 51.498084410182123 ], [ -0.087769780448521, 51.498091561250632 ], [ -0.088057545262952, 51.498098711613864 ], [ -0.088345310196, 51.49810586127181 ], [ -0.088633075247652, 51.498113010224493 ], [ -0.088920840417898, 51.498120158471906 ], [ -0.089208605706726, 51.498127306014041 ], [ -0.089496371114122, 51.498134452850906 ], [ -0.089784136640078, 51.498141598982478 ], [ -0.090071902284583, 51.49814874440878 ], [ -0.09035966804762, 51.498155889129805 ], [ -0.090647433929181, 51.498163033145559 ], [ -0.090935199929253, 51.498170176456036 ], [ -0.091222966047826, 51.49817731906122 ], [ -0.091510732284887, 51.498184460961127 ], [ -0.091798498640428, 51.498191602155757 ], [ -0.092086265114432, 51.498198742645101 ], [ -0.09237403170689, 51.498205882429161 ], [ -0.092661798417789, 51.498213021507944 ], [ -0.092949565247118, 51.498220159881448 ], [ -0.093237332194869, 51.498227297549661 ], [ -0.093525099261024, 51.498234434512582 ], [ -0.093812866445576, 51.498241570770233 ], [ -0.094100633748511, 51.49824870632257 ], [ -0.094388401169818, 51.498255841169652 ], [ -0.094676168709488, 51.498262975311434 ], [ -0.094963936367504, 51.498270108747917 ], [ -0.095251704143859, 51.49827724147913 ], [ -0.095539472038538, 51.498284373505044 ], [ -0.095827240051533, 51.498291504825652 ], [ -0.096115008182829, 51.498298635440996 ], [ -0.096402776432417, 51.498305765351034 ], [ -0.096690544800284, 51.498312894555774 ], [ -0.096978313286417, 51.498320023055228 ], [ -0.097266081890806, 51.498327150849384 ], [ -0.09755385061344, 51.498334277938255 ], [ -0.097841619454307, 51.498341404321827 ], [ -0.098129388413396, 51.498348530000094 ], [ -0.098417157490692, 51.498355654973075 ], [ -0.098704926686185, 51.49836277924075 ], [ -0.098992695999865, 51.498369902803141 ], [ -0.099280465431722, 51.498377025660218 ], [ -0.099568234981739, 51.498384147812004 ], [ -0.099856004649907, 51.498391269258491 ], [ -0.100143774436216, 51.498398389999664 ], [ -0.100431544340652, 51.498405510035539 ], [ -0.100719314363203, 51.498412629366129 ], [ -0.101007084503862, 51.498419747991399 ], [ -0.101294854762611, 51.498426865911391 ], [ -0.101582625139442, 51.498433983126048 ], [ -0.101870395634343, 51.498441099635414 ], [ -0.102158166247301, 51.498448215439474 ], [ -0.102445936978308, 51.498455330538221 ], [ -0.102733707827347, 51.498462444931668 ], [ -0.10302147879441, 51.498469558619803 ], [ -0.103309249879484, 51.498476671602639 ], [ -0.103597021082558, 51.498483783880168 ], [ -0.103884792403622, 51.498490895452385 ], [ -0.104172563842661, 51.498498006319281 ], [ -0.104460335399665, 51.498505116480871 ], [ -0.104748107074622, 51.498512225937141 ], [ -0.10503587886752, 51.498519334688126 ], [ -0.105323650778349, 51.49852644273377 ], [ -0.105611422807098, 51.498533550074114 ], [ -0.105899194953752, 51.498540656709146 ], [ -0.106186967218301, 51.498547762638857 ], [ -0.106474739600734, 51.498554867863263 ], [ -0.106762512101037, 51.498561972382333 ], [ -0.107050284719203, 51.498569076196098 ], [ -0.107338057455217, 51.49857617930455 ], [ -0.107625830309066, 51.498583281707674 ], [ -0.107913603280741, 51.498590383405478 ], [ -0.108201376370229, 51.498597484397969 ], [ -0.108489149577523, 51.49860458468514 ], [ -0.108776922902604, 51.49861168426699 ], [ -0.109064696345464, 51.498618783143513 ], [ -0.109352469906091, 51.498625881314716 ], [ -0.109640243584474, 51.498632978780599 ], [ -0.109928017380599, 51.498640075541154 ], [ -0.11021579129446, 51.498647171596389 ], [ -0.110503565326038, 51.498654266946303 ], [ -0.110791339475327, 51.498661361590884 ], [ -0.111079113742312, 51.498668455530137 ], [ -0.111366888126983, 51.498675548764062 ], [ -0.111654662629329, 51.498682641292675 ], [ -0.111942437249336, 51.498689733115945 ], [ -0.112230211986993, 51.498696824233889 ], [ -0.112517986842292, 51.498703914646505 ], [ -0.112805761815216, 51.498711004353787 ], [ -0.113093536905757, 51.498718093355741 ], [ -0.113381312113902, 51.498725181652361 ], [ -0.113669087439637, 51.498732269243646 ], [ -0.113956862882956, 51.498739356129605 ], [ -0.114244638443843, 51.498746442310235 ], [ -0.114532414122287, 51.498753527785517 ], [ -0.11482018991828, 51.498760612555465 ], [ -0.115107965831805, 51.498767696620092 ], [ -0.115395741862852, 51.498774779979371 ], [ -0.11568351801141, 51.498781862633308 ], [ -0.115971294277469, 51.498788944581925 ], [ -0.116259070661015, 51.498796025825186 ], [ -0.116546847162038, 51.498803106363113 ], [ -0.116834623780525, 51.498810186195705 ], [ -0.117122400516463, 51.498817265322955 ], [ -0.117410177369844, 51.498824343744865 ], [ -0.117697954340656, 51.498831421461425 ], [ -0.117985731428883, 51.498838498472658 ], [ -0.118273508634518, 51.498845574778528 ], [ -0.118561285957547, 51.498852650379071 ], [ -0.11884906339796, 51.498859725274258 ], [ -0.119136840955742, 51.498866799464103 ], [ -0.119424618630888, 51.498873872948607 ], [ -0.119712396423379, 51.498880945727755 ], [ -0.120000174333206, 51.498888017801569 ], [ -0.120000174856345, 51.499787445887002 ], [ -0.11971239695217, 51.499780373865306 ], [ -0.119424619165334, 51.499773301138291 ], [ -0.119136841495845, 51.499766227705919 ], [ -0.118849063943717, 51.499759153568206 ], [ -0.118561286508964, 51.499752078725166 ], [ -0.118273509191594, 51.499745003176777 ], [ -0.117985731991616, 51.499737926923054 ], [ -0.117697954909051, 51.499730849963996 ], [ -0.117410177943902, 51.499723772299589 ], [ -0.117122401096185, 51.499716693929848 ], [ -0.11683462436591, 51.49970961485478 ], [ -0.116546847753087, 51.49970253507437 ], [ -0.116259071257733, 51.499695454588633 ], [ -0.115971294879854, 51.499688373397547 ], [ -0.115683518619464, 51.499681291501147 ], [ -0.115395742476576, 51.4996742088994 ], [ -0.115107966451198, 51.499667125592318 ], [ -0.114820190543345, 51.499660041579929 ], [ -0.114532414753029, 51.499652956862185 ], [ -0.114244639080257, 51.499645871439128 ], [ -0.113956863525044, 51.499638785310736 ], [ -0.113669088087404, 51.499631698477003 ], [ -0.113381312767344, 51.49962461093795 ], [ -0.113093537564878, 51.499617522693576 ], [ -0.112805762480017, 51.499610433743868 ], [ -0.112517987512774, 51.499603344088833 ], [ -0.11223021266316, 51.499596253728477 ], [ -0.111942437931184, 51.499589162662801 ], [ -0.11165466331686, 51.499582070891798 ], [ -0.111366888820201, 51.499574978415474 ], [ -0.111079114441217, 51.499567885233809 ], [ -0.110791340179917, 51.499560791346852 ], [ -0.110503566036318, 51.49955369675456 ], [ -0.110215792010429, 51.499546601456935 ], [ -0.10992801810226, 51.499539505454003 ], [ -0.109640244311826, 51.49953240874575 ], [ -0.109352470639136, 51.499525311332192 ], [ -0.109064697084202, 51.499518213213292 ], [ -0.108776923647038, 51.499511114389094 ], [ -0.108489150327653, 51.499504014859561 ], [ -0.108201377126058, 51.499496914624729 ], [ -0.107913604042269, 51.499489813684569 ], [ -0.107625831076293, 51.499482712039111 ], [ -0.107338058228145, 51.499475609688318 ], [ -0.107050285497833, 51.499468506632226 ], [ -0.106762512885371, 51.499461402870821 ], [ -0.106474740390772, 51.499454298404096 ], [ -0.106186968014043, 51.499447193232086 ], [ -0.105899195755199, 51.499440087354735 ], [ -0.105611423614253, 51.499432980772092 ], [ -0.105323651591215, 51.499425873484128 ], [ -0.105035879686094, 51.499418765490866 ], [ -0.104748107898908, 51.499411656792283 ], [ -0.104460336229661, 51.499404547388409 ], [ -0.10417256467837, 51.499397437279221 ], [ -0.103884793245046, 51.49939032646472 ], [ -0.103597021929698, 51.499383214944935 ], [ -0.103309250732339, 51.499376102719829 ], [ -0.103021479652983, 51.499368989789417 ], [ -0.102733708691637, 51.499361876153706 ], [ -0.102445937848319, 51.499354761812697 ], [ -0.102158167123033, 51.499347646766381 ], [ -0.101870396515796, 51.499340531014774 ], [ -0.10158262602662, 51.49933341455786 ], [ -0.10129485565551, 51.499326297395648 ], [ -0.101007085402486, 51.499319179528143 ], [ -0.100719315267557, 51.499312060955319 ], [ -0.10043154525073, 51.499304941677217 ], [ -0.100143775352023, 51.499297821693808 ], [ -0.099856005571445, 51.499290701005108 ], [ -0.099568235909006, 51.499283579611109 ], [ -0.099280466364721, 51.499276457511819 ], [ -0.098992696938599, 51.499269334707236 ], [ -0.098704927630653, 51.499262211197355 ], [ -0.098417158440893, 51.499255086982174 ], [ -0.098129389369333, 51.499247962061716 ], [ -0.097841620415983, 51.499240836435952 ], [ -0.097553851580854, 51.499233710104924 ], [ -0.09726608286396, 51.499226583068584 ], [ -0.096978314265311, 51.499219455326951 ], [ -0.09669054578492, 51.499212326880041 ], [ -0.096402777422796, 51.499205197727832 ], [ -0.096115009178951, 51.499198067870353 ], [ -0.095827241053401, 51.499190937307567 ], [ -0.095539473046153, 51.499183806039504 ], [ -0.095251705157219, 51.499176674066156 ], [ -0.094963937386615, 51.499169541387523 ], [ -0.094676169734347, 51.499162408003606 ], [ -0.094388402200429, 51.499155273914411 ], [ -0.094100634784874, 51.499148139119931 ], [ -0.093812867487691, 51.499141003620153 ], [ -0.093525100308892, 51.499133867415111 ], [ -0.093237333248493, 51.499126730504784 ], [ -0.0929495663065, 51.49911959288918 ], [ -0.092661799482925, 51.499112454568291 ], [ -0.092374032777786, 51.499105315542131 ], [ -0.092086266191087, 51.499098175810687 ], [ -0.091798499722846, 51.499091035373958 ], [ -0.091510733373067, 51.499083894231973 ], [ -0.091222967141768, 51.499076752384703 ], [ -0.090935201028959, 51.499069609832155 ], [ -0.090647435034651, 51.49906246657433 ], [ -0.090359669158855, 51.499055322611234 ], [ -0.090071903401586, 51.499048177942868 ], [ -0.089784137762851, 51.499041032569217 ], [ -0.089496372242665, 51.499033886490317 ], [ -0.089208606841039, 51.499026739706125 ], [ -0.088920841557982, 51.499019592216669 ], [ -0.088633076393509, 51.499012444021957 ], [ -0.088345311347631, 51.499005295121961 ], [ -0.088057546420359, 51.498998145516694 ], [ -0.087769781611704, 51.498990995206164 ], [ -0.08748201692168, 51.498983844190363 ], [ -0.087194252350294, 51.498976692469299 ], [ -0.086906487897563, 51.498969540042971 ], [ -0.086618723563495, 51.498962386911373 ], [ -0.086330959348103, 51.498955233074525 ], [ -0.086043195251399, 51.498948078532401 ], [ -0.085755431273394, 51.498940923285019 ], [ -0.085467667414099, 51.498933767332367 ], [ -0.085179903673528, 51.498926610674452 ], [ -0.08489214005169, 51.498919453311281 ], [ -0.084604376548597, 51.498912295242853 ], [ -0.084316613164262, 51.498905136469162 ], [ -0.084028849898696, 51.498897976990214 ], [ -0.083741086751909, 51.498890816806011 ], [ -0.083453323723918, 51.498883655916543 ], [ -0.083165560814728, 51.49887649432182 ], [ -0.082877798024353, 51.498869332021847 ], [ -0.082590035352808, 51.498862169016618 ], [ -0.082302272800099, 51.498855005306126 ], [ -0.082014510366242, 51.498847840890384 ], [ -0.081726748051246, 51.498840675769387 ], [ -0.081438985855123, 51.498833509943147 ], [ -0.081151223777888, 51.498826343411643 ], [ -0.080863461819546, 51.498819176174891 ], [ -0.080575699980116, 51.498812008232882 ], [ -0.080287938259605, 51.498804839585645 ], [ -0.080000176658025, 51.498797670233138 ], [ -0.080000177260456, 51.499697105492757 ], [ -0.080287938856299, 51.499704274792421 ], [ -0.080575700571075, 51.499711443386829 ], [ -0.080863462404772, 51.499718611276002 ], [ -0.081151224357379, 51.499725778459933 ], [ -0.081438986428885, 51.499732944938607 ], [ -0.081726748619277, 51.499740110712033 ], [ -0.082014510928543, 51.499747275780216 ], [ -0.082302273356673, 51.499754440143157 ], [ -0.082590035903653, 51.499761603800842 ], [ -0.082877798569473, 51.499768766753284 ], [ -0.083165561354123, 51.499775929000471 ], [ -0.083453324257589, 51.499783090542401 ], [ -0.08374108727986, 51.499790251379089 ], [ -0.084028850420924, 51.499797411510514 ], [ -0.084316613680771, 51.499804570936696 ], [ -0.084604377059386, 51.499811729657623 ], [ -0.08489214055676, 51.499818887673293 ], [ -0.08517990417288, 51.499826044983706 ], [ -0.085467667907737, 51.499833201588856 ], [ -0.085755431761316, 51.499840357488765 ], [ -0.086043195733606, 51.499847512683417 ], [ -0.086330959824598, 51.499854667172805 ], [ -0.086618724034278, 51.499861820956937 ], [ -0.086906488362636, 51.499868974035806 ], [ -0.08719425280966, 51.499876126409418 ], [ -0.087482017375337, 51.49988327807776 ], [ -0.087769782059655, 51.499890429040853 ], [ -0.088057546862604, 51.499897579298683 ], [ -0.088345311784172, 51.499904728851241 ], [ -0.088633076824346, 51.499911877698551 ], [ -0.088920841983116, 51.499919025840583 ], [ -0.08920860726047, 51.499926173277352 ], [ -0.089496372656396, 51.499933320008864 ], [ -0.089784138170884, 51.499940466035099 ], [ -0.09007190380392, 51.499947611356077 ], [ -0.090359669555494, 51.499954755971785 ], [ -0.090647435425592, 51.499961899882223 ], [ -0.090935201414205, 51.499969043087397 ], [ -0.091222967521321, 51.4999761855873 ], [ -0.091510733746928, 51.499983327381926 ], [ -0.091798500091013, 51.499990468471289 ], [ -0.092086266553566, 51.499997608855374 ], [ -0.092374033134575, 51.500004748534202 ], [ -0.092661799834027, 51.500011887507746 ], [ -0.092949566651915, 51.50001902577602 ], [ -0.093237333588222, 51.500026163339008 ], [ -0.093525100642938, 51.500033300196726 ], [ -0.093812867816052, 51.500040436349188 ], [ -0.094100635107551, 51.500047571796344 ], [ -0.094388402517426, 51.500054706538236 ], [ -0.094676170045663, 51.500061840574858 ], [ -0.094963937692251, 51.500068973906195 ], [ -0.095251705457179, 51.500076106532255 ], [ -0.095539473340435, 51.500083238453037 ], [ -0.095827241342009, 51.500090369668534 ], [ -0.096115009461885, 51.500097500178754 ], [ -0.096402777700055, 51.500104629983689 ], [ -0.096690546056504, 51.500111759083353 ], [ -0.096978314531225, 51.500118887477718 ], [ -0.097266083124204, 51.500126015166806 ], [ -0.097553851835429, 51.500133142150624 ], [ -0.097841620664889, 51.500140268429135 ], [ -0.098129389612572, 51.500147394002376 ], [ -0.098417158678466, 51.500154518870325 ], [ -0.098704927862563, 51.500161643032975 ], [ -0.098992697164846, 51.500168766490354 ], [ -0.099280466585305, 51.500175889242435 ], [ -0.09956823612393, 51.500183011289231 ], [ -0.099856005780706, 51.500190132630742 ], [ -0.100143775555626, 51.500197253266954 ], [ -0.100431545448675, 51.500204373197882 ], [ -0.100719315459843, 51.500211492423517 ], [ -0.101007085589117, 51.500218610943854 ], [ -0.101294855836487, 51.500225728758906 ], [ -0.101582626201942, 51.500232845868652 ], [ -0.101870396685467, 51.50023996227312 ], [ -0.102158167287052, 51.500247077972283 ], [ -0.102445938006687, 51.500254192966153 ], [ -0.102733708844358, 51.500261307254725 ], [ -0.103021479800054, 51.500268420838005 ], [ -0.103309250873764, 51.500275533715985 ], [ -0.103597022065476, 51.500282645888653 ], [ -0.103884793375179, 51.500289757356043 ], [ -0.10417256480286, 51.500296868118113 ], [ -0.10446033634851, 51.500303978174905 ], [ -0.104748108012114, 51.500311087526384 ], [ -0.105035879793661, 51.50031819617255 ], [ -0.105323651693141, 51.500325304113424 ], [ -0.105611423710541, 51.500332411349007 ], [ -0.105899195845851, 51.500339517879269 ], [ -0.106186968099058, 51.500346623704239 ], [ -0.106474740470151, 51.500353728823896 ], [ -0.106762512959117, 51.500360833238247 ], [ -0.107050285565947, 51.500367936947292 ], [ -0.107338058290628, 51.500375039951031 ], [ -0.107625831133147, 51.500382142249464 ], [ -0.107913604093493, 51.500389243842591 ], [ -0.108201377171655, 51.500396344730397 ], [ -0.108489150367622, 51.500403444912905 ], [ -0.108776923681381, 51.500410544390093 ], [ -0.109064697112921, 51.500417643161967 ], [ -0.10935247066223, 51.500424741228549 ], [ -0.109640244329296, 51.500431838589797 ], [ -0.10992801811411, 51.500438935245747 ], [ -0.110215792016658, 51.500446031196375 ], [ -0.110503566036928, 51.500453126441684 ], [ -0.110791340174911, 51.500460220981687 ], [ -0.111079114430591, 51.500467314816362 ], [ -0.11136688880396, 51.500474407945745 ], [ -0.111654663295004, 51.500481500369787 ], [ -0.111942437903714, 51.500488592088516 ], [ -0.112230212630075, 51.500495683101931 ], [ -0.112517987474079, 51.500502773410034 ], [ -0.112805762435712, 51.500509863012795 ], [ -0.113093537514965, 51.500516951910257 ], [ -0.113381312711823, 51.500524040102391 ], [ -0.113669088026275, 51.500531127589198 ], [ -0.11395686345831, 51.500538214370685 ], [ -0.114244639007917, 51.500545300446852 ], [ -0.114532414675084, 51.500552385817691 ], [ -0.114820190459799, 51.500559470483203 ], [ -0.115107966362049, 51.500566554443395 ], [ -0.115395742381826, 51.50057363769826 ], [ -0.115683518519115, 51.500580720247797 ], [ -0.115971294773908, 51.500587802092006 ], [ -0.116259071146189, 51.500594883230882 ], [ -0.116546847635948, 51.500601963664444 ], [ -0.116834624243174, 51.500609043392664 ], [ -0.117122400967855, 51.500616122415565 ], [ -0.11741017780998, 51.500623200733116 ], [ -0.117697954769536, 51.500630278345355 ], [ -0.117985731846513, 51.500637355252252 ], [ -0.118273509040899, 51.500644431453821 ], [ -0.11856128635268, 51.500651506950049 ], [ -0.11884906378185, 51.50065858174095 ], [ -0.119136841328389, 51.500665655826516 ], [ -0.119424618992292, 51.500672729206741 ], [ -0.119712396773545, 51.500679801881631 ], [ -0.120000174672137, 51.500686873851187 ], [ -0.120000173780561, 51.50158630169414 ], [ -0.11971239588748, 51.501579229776709 ], [ -0.119424618111741, 51.501572157153959 ], [ -0.119136840453353, 51.501565083825867 ], [ -0.118849062912329, 51.501558009792447 ], [ -0.118561285488677, 51.5015509350537 ], [ -0.118273508182414, 51.501543859609626 ], [ -0.117985730993547, 51.501536783460217 ], [ -0.117697953922091, 51.501529706605488 ], [ -0.117410176968055, 51.501522629045432 ], [ -0.117122400131451, 51.501515550780049 ], [ -0.116834623412295, 51.501508471809331 ], [ -0.116546846810593, 51.501501392133299 ], [ -0.11625907032636, 51.501494311751941 ], [ -0.115971293959605, 51.501487230665255 ], [ -0.115683517710342, 51.501480148873256 ], [ -0.11539574157858, 51.501473066375922 ], [ -0.115107965564334, 51.501465983173276 ], [ -0.114820189667614, 51.501458899265302 ], [ -0.114532413888431, 51.501451814652 ], [ -0.114244638226799, 51.501444729333393 ], [ -0.113956862682726, 51.501437643309465 ], [ -0.113669087256226, 51.501430556580225 ], [ -0.11338131194731, 51.501423469145656 ], [ -0.113093536755992, 51.501416381005775 ], [ -0.112805761682278, 51.501409292160574 ], [ -0.112517986726184, 51.501402202610052 ], [ -0.112230211887722, 51.501395112354238 ], [ -0.111942437166901, 51.50138802139309 ], [ -0.111654662563737, 51.501380929726629 ], [ -0.111366888078236, 51.501373837354869 ], [ -0.111079113710413, 51.501366744277789 ], [ -0.110791339460278, 51.501359650495388 ], [ -0.110503565327844, 51.501352556007696 ], [ -0.110215791313123, 51.501345460814683 ], [ -0.109928017416125, 51.501338364916357 ], [ -0.109640243636863, 51.501331268312725 ], [ -0.109352469975348, 51.501324171003787 ], [ -0.109064696431593, 51.501317072989529 ], [ -0.108776923005606, 51.501309974269979 ], [ -0.108489149697404, 51.501302874845123 ], [ -0.108201376506992, 51.501295774714961 ], [ -0.107913603434388, 51.501288673879486 ], [ -0.107625830479601, 51.501281572338719 ], [ -0.10733805764264, 51.501274470092646 ], [ -0.107050284923522, 51.50126736714126 ], [ -0.106762512322255, 51.501260263484575 ], [ -0.106474739838853, 51.501253159122598 ], [ -0.106186967473324, 51.501246054055308 ], [ -0.105899195225683, 51.501238948282726 ], [ -0.105611423095938, 51.501231841804838 ], [ -0.105323651084104, 51.501224734621658 ], [ -0.105035879190195, 51.501217626733187 ], [ -0.104748107414214, 51.501210518139409 ], [ -0.104460335756184, 51.501203408840333 ], [ -0.104172564216107, 51.501196298835957 ], [ -0.103884792793999, 51.501189188126297 ], [ -0.10359702148987, 51.501182076711338 ], [ -0.103309250303732, 51.501174964591087 ], [ -0.103021479235599, 51.501167851765537 ], [ -0.10273370828548, 51.501160738234702 ], [ -0.102445937453388, 51.501153623998576 ], [ -0.102158166739334, 51.501146509057151 ], [ -0.10187039614333, 51.501139393410433 ], [ -0.101582625665386, 51.501132277058446 ], [ -0.101294855305516, 51.501125160001138 ], [ -0.10100708506373, 51.501118042238566 ], [ -0.10071931494004, 51.501110923770689 ], [ -0.10043154493446, 51.501103804597541 ], [ -0.100143775046998, 51.501096684719094 ], [ -0.099856005277667, 51.501089564135377 ], [ -0.099568235626478, 51.501082442846361 ], [ -0.099280466093446, 51.501075320852067 ], [ -0.098992696678578, 51.501068198152474 ], [ -0.098704927381888, 51.501061074747618 ], [ -0.098417158203388, 51.501053950637463 ], [ -0.098129389143088, 51.501046825822037 ], [ -0.097841620201002, 51.501039700301341 ], [ -0.097553851377139, 51.501032574075346 ], [ -0.097266082671513, 51.50102544714408 ], [ -0.096978314084134, 51.501018319507523 ], [ -0.096690545615015, 51.501011191165702 ], [ -0.096402777264165, 51.501004062118596 ], [ -0.096115009031598, 51.500996932366213 ], [ -0.095827240917327, 51.500989801908553 ], [ -0.095539472921359, 51.500982670745614 ], [ -0.095251705043711, 51.500975538877412 ], [ -0.09496393728439, 51.500968406303933 ], [ -0.094676169643411, 51.500961273025176 ], [ -0.094388402120783, 51.500954139041134 ], [ -0.094100634716518, 51.500947004351836 ], [ -0.093812867430632, 51.500939868957261 ], [ -0.093525100263131, 51.500932732857422 ], [ -0.09323733321403, 51.500925596052305 ], [ -0.092949566283337, 51.500918458541932 ], [ -0.092661799471069, 51.500911320326267 ], [ -0.092374032777231, 51.500904181405346 ], [ -0.092086266201843, 51.500897041779162 ], [ -0.09179849974491, 51.500889901447707 ], [ -0.091510733406443, 51.500882760410988 ], [ -0.09122296718646, 51.500875618668992 ], [ -0.090935201084966, 51.500868476221747 ], [ -0.090647435101978, 51.500861333069231 ], [ -0.090359669237504, 51.500854189211452 ], [ -0.090071903491559, 51.500847044648403 ], [ -0.089784137864149, 51.500839899380104 ], [ -0.089496372355292, 51.500832753406542 ], [ -0.089208606964995, 51.500825606727702 ], [ -0.088920841693271, 51.50081845934362 ], [ -0.088633076540133, 51.500811311254267 ], [ -0.08834531150559, 51.500804162459666 ], [ -0.088057546589658, 51.500797012959808 ], [ -0.087769781792344, 51.500789862754694 ], [ -0.087482017113664, 51.500782711844309 ], [ -0.087194252553624, 51.500775560228675 ], [ -0.086906488112239, 51.500768407907792 ], [ -0.086618723789523, 51.500761254881645 ], [ -0.086330959585483, 51.500754101150243 ], [ -0.086043195500134, 51.500746946713598 ], [ -0.085755431533486, 51.500739791571689 ], [ -0.085467667685551, 51.500732635724539 ], [ -0.085179903956339, 51.500725479172132 ], [ -0.084892140345866, 51.500718321914476 ], [ -0.084604376854139, 51.500711163951564 ], [ -0.084316613481171, 51.50070400528341 ], [ -0.084028850226976, 51.500696845910007 ], [ -0.083741087091563, 51.500689685831354 ], [ -0.083453324074944, 51.500682525047452 ], [ -0.083165561177132, 51.500675363558301 ], [ -0.082877798398138, 51.500668201363908 ], [ -0.082590035737972, 51.500661038464273 ], [ -0.082302273196646, 51.500653874859395 ], [ -0.082014510774175, 51.500646710549269 ], [ -0.081726748470567, 51.500639545533907 ], [ -0.081438986285837, 51.500632379813283 ], [ -0.081151224219992, 51.50062521338743 ], [ -0.080863462273048, 51.500618046256335 ], [ -0.080575700445013, 51.500610878420012 ], [ -0.080287938735903, 51.50060370987844 ], [ -0.080000177145723, 51.500596540631626 ], [ -0.080000176313803, 51.501495975649739 ], [ -0.080290023127694, 51.501503196791809 ], [ -0.08057987006225, 51.501510417218384 ], [ -0.080869717117458, 51.501517636929471 ], [ -0.081159564293307, 51.501524855925062 ], [ -0.081449411589787, 51.501532074205159 ], [ -0.081739259006883, 51.50153929176976 ], [ -0.082029106544586, 51.501546508618873 ], [ -0.082318954202881, 51.501553724752497 ], [ -0.082608801981759, 51.501560940170613 ], [ -0.082898649881209, 51.501568154873233 ], [ -0.083188497901213, 51.501575368860351 ], [ -0.083478346041765, 51.501582582131981 ], [ -0.083768194302851, 51.501589794688087 ], [ -0.08405804268446, 51.501597006528726 ], [ -0.084347891186578, 51.501604217653842 ], [ -0.084637739809195, 51.501611428063477 ], [ -0.0849275885523, 51.501618637757588 ], [ -0.08521743741588, 51.501625846736211 ], [ -0.085507286399921, 51.501633054999324 ], [ -0.085797135504414, 51.501640262546928 ], [ -0.086086984729347, 51.501647469379037 ], [ -0.086376834074705, 51.501654675495637 ], [ -0.086666683540482, 51.501661880896719 ], [ -0.086956533126658, 51.501669085582314 ], [ -0.087246382833228, 51.501676289552393 ], [ -0.087536232660177, 51.501683492806961 ], [ -0.087826082607495, 51.501690695346021 ], [ -0.088115932675167, 51.501697897169578 ], [ -0.088405782863185, 51.501705098277618 ], [ -0.088695633171534, 51.501712298670142 ], [ -0.088985483600203, 51.501719498347171 ], [ -0.089275334149181, 51.501726697308669 ], [ -0.089565184818455, 51.501733895554665 ], [ -0.089855035608013, 51.501741093085144 ], [ -0.090144886517844, 51.501748289900107 ], [ -0.090434737547936, 51.50175548599956 ], [ -0.090724588698277, 51.501762681383497 ], [ -0.091014439968855, 51.50176987605191 ], [ -0.091304291359657, 51.501777070004806 ], [ -0.091594142870675, 51.501784263242179 ], [ -0.091883994501893, 51.501791455764049 ], [ -0.092173846253299, 51.501798647570389 ], [ -0.092463698124884, 51.501805838661205 ], [ -0.092753550116634, 51.501813029036512 ], [ -0.093043402228538, 51.501820218696295 ], [ -0.093333254460583, 51.501827407640555 ], [ -0.093623106812758, 51.501834595869305 ], [ -0.093912959285052, 51.501841783382496 ], [ -0.094202811877453, 51.501848970180184 ], [ -0.094492664589948, 51.501856156262349 ], [ -0.094782517422524, 51.50186334162899 ], [ -0.095072370375171, 51.501870526280094 ], [ -0.095362223447877, 51.50187771021568 ], [ -0.09565207664063, 51.501884893435729 ], [ -0.095941929953416, 51.501892075940262 ], [ -0.096231783386228, 51.501899257729264 ], [ -0.096521636939048, 51.501906438802735 ], [ -0.096811490611869, 51.501913619160668 ], [ -0.097101344404675, 51.501920798803077 ], [ -0.097391198317459, 51.501927977729949 ], [ -0.097681052350207, 51.501935155941297 ], [ -0.097970906502903, 51.501942333437114 ], [ -0.098260760775542, 51.501949510217379 ], [ -0.098550615168107, 51.501956686282114 ], [ -0.098840469680589, 51.501963861631324 ], [ -0.099130324312974, 51.50197103626499 ], [ -0.099420179065252, 51.501978210183132 ], [ -0.099710033937409, 51.501985383385723 ], [ -0.099999888929436, 51.501992555872775 ], [ -0.100289744041319, 51.501999727644304 ], [ -0.100579599273047, 51.502006898700273 ], [ -0.100869454624607, 51.502014069040719 ], [ -0.101159310095987, 51.50202123866562 ], [ -0.101449165687177, 51.502028407574976 ], [ -0.101739021398163, 51.502035575768787 ], [ -0.102028877228935, 51.502042743247053 ], [ -0.102318733179479, 51.502049910009788 ], [ -0.102608589249786, 51.502057076056964 ], [ -0.102898445439842, 51.502064241388602 ], [ -0.103188301749635, 51.502071406004696 ], [ -0.103478158179154, 51.502078569905237 ], [ -0.103768014728386, 51.50208573309024 ], [ -0.104057871397321, 51.502092895559699 ], [ -0.104347728185945, 51.502100057313605 ], [ -0.104637585094248, 51.502107218351959 ], [ -0.104927442122216, 51.502114378674747 ], [ -0.10521729926984, 51.502121538281997 ], [ -0.105507156537104, 51.50212869717371 ], [ -0.105797013924, 51.502135855349863 ], [ -0.106086871430516, 51.502143012810457 ], [ -0.106376729056636, 51.502150169555506 ], [ -0.106666586802353, 51.502157325585003 ], [ -0.10695644466765, 51.502164480898934 ], [ -0.107246302652521, 51.502171635497312 ], [ -0.107536160756949, 51.502178789380139 ], [ -0.107826018980927, 51.502185942547406 ], [ -0.108115877324437, 51.502193094999122 ], [ -0.108405735787473, 51.502200246735271 ], [ -0.108695594370021, 51.502207397755861 ], [ -0.108985453072066, 51.502214548060891 ], [ -0.109275311893601, 51.50222169765037 ], [ -0.10956517083461, 51.502228846524289 ], [ -0.109855029895085, 51.502235994682628 ], [ -0.110144889075009, 51.502243142125423 ], [ -0.110434748374377, 51.50225028885265 ], [ -0.110724607793171, 51.502257434864312 ], [ -0.111014467331382, 51.502264580160407 ], [ -0.111304326988997, 51.50227172474095 ], [ -0.111594186766007, 51.50227886860592 ], [ -0.111884046662396, 51.502286011755317 ], [ -0.112173906678154, 51.502293154189147 ], [ -0.112463766813268, 51.502300295907425 ], [ -0.112753627067727, 51.502307436910115 ], [ -0.113043487441521, 51.502314577197239 ], [ -0.113333347934634, 51.502321716768797 ], [ -0.113623208547059, 51.502328855624789 ], [ -0.113913069278779, 51.502335993765215 ], [ -0.114202930129787, 51.502343131190052 ], [ -0.114492791100069, 51.502350267899331 ], [ -0.11478265218961, 51.502357403893036 ], [ -0.115072513398403, 51.502364539171168 ], [ -0.115362374726432, 51.50237167373372 ], [ -0.115652236173689, 51.502378807580691 ], [ -0.115942097740159, 51.502385940712088 ], [ -0.116231959425832, 51.502393073127926 ], [ -0.116521821230695, 51.502400204828163 ], [ -0.116811683154738, 51.502407335812826 ], [ -0.117101545197945, 51.502414466081923 ], [ -0.11739140736031, 51.502421595635433 ], [ -0.117681269641817, 51.502428724473361 ], [ -0.117971132042454, 51.502435852595717 ], [ -0.118260994562211, 51.502442980002485 ], [ -0.118550857201073, 51.502450106693665 ], [ -0.118840719959033, 51.502457232669272 ], [ -0.119130582836074, 51.502464357929291 ], [ -0.119420445832188, 51.502471482473723 ], [ -0.11971030894736, 51.502478606302589 ], [ -0.120000172181582, 51.502485729415845 ], [ -0.120000169875178, 51.503385157016311 ], [ -0.119710306646367, 51.503378033955556 ], [ -0.119420443536607, 51.503370910179235 ], [ -0.119130580545903, 51.503363785687327 ], [ -0.118840717674276, 51.503356660479831 ], [ -0.118550854921732, 51.503349534556769 ], [ -0.118260992288285, 51.503342407918126 ], [ -0.117971129773947, 51.503335280563903 ], [ -0.117681267378726, 51.503328152494106 ], [ -0.117391405102639, 51.503321023708722 ], [ -0.117101542945697, 51.503313894207778 ], [ -0.11681168090791, 51.503306763991269 ], [ -0.116521818989291, 51.503299633059164 ], [ -0.11623195718985, 51.503292501411501 ], [ -0.115942095509602, 51.503285369048264 ], [ -0.115652233948558, 51.503278235969447 ], [ -0.115362372506729, 51.50327110217507 ], [ -0.115072511184129, 51.503263967665106 ], [ -0.114782649980763, 51.50325683243959 ], [ -0.114492788896653, 51.503249696498493 ], [ -0.114202927931805, 51.503242559841837 ], [ -0.11391306708623, 51.503235422469615 ], [ -0.113623206359944, 51.503228284381819 ], [ -0.113333345752955, 51.503221145578465 ], [ -0.113043485265276, 51.503214006059544 ], [ -0.11275362489692, 51.503206865825049 ], [ -0.1124637646479, 51.503199724874996 ], [ -0.112173904518225, 51.503192583209383 ], [ -0.111884044507907, 51.503185440828211 ], [ -0.111594184616959, 51.503178297731466 ], [ -0.111304324845394, 51.503171153919169 ], [ -0.111014465193223, 51.503164009391313 ], [ -0.110724605660458, 51.503156864147883 ], [ -0.110434746247109, 51.503149718188915 ], [ -0.110144886953189, 51.503142571514367 ], [ -0.109855027778712, 51.503135424124274 ], [ -0.109565168723687, 51.503128276018629 ], [ -0.109275309788129, 51.503121127197417 ], [ -0.108985450972047, 51.503113977660654 ], [ -0.108695592275453, 51.503106827408331 ], [ -0.10840573369836, 51.503099676440463 ], [ -0.108115875240782, 51.503092524757037 ], [ -0.107826016902726, 51.503085372358058 ], [ -0.107536158684208, 51.503078219243527 ], [ -0.107246300585235, 51.503071065413444 ], [ -0.106956442605826, 51.503063910867802 ], [ -0.106666584745989, 51.503056755606629 ], [ -0.106376727005734, 51.503049599629904 ], [ -0.106086869385077, 51.503042442937605 ], [ -0.105797011884027, 51.503035285529776 ], [ -0.105507154502596, 51.503028127406402 ], [ -0.105217297240797, 51.503020968567476 ], [ -0.104927440098642, 51.503013809013005 ], [ -0.104637583076142, 51.503006648743003 ], [ -0.104347726173309, 51.502999487757442 ], [ -0.104057869390155, 51.502992326056329 ], [ -0.103768012726694, 51.502985163639693 ], [ -0.103478156182935, 51.502978000507497 ], [ -0.103188299758891, 51.502970836659763 ], [ -0.102898443454571, 51.502963672096506 ], [ -0.102608587269993, 51.502956506817682 ], [ -0.102318731205165, 51.502949340823328 ], [ -0.102028875260099, 51.502942174113436 ], [ -0.101739019434808, 51.502935006688013 ], [ -0.101449163729302, 51.502927838547038 ], [ -0.101159308143594, 51.502920669690539 ], [ -0.100869452677697, 51.502913500118488 ], [ -0.100579597331621, 51.502906329830928 ], [ -0.10028974210538, 51.502899158827809 ], [ -0.099999886998983, 51.502891987109166 ], [ -0.099710032012445, 51.502884814674992 ], [ -0.099420177145777, 51.502877641525274 ], [ -0.099130322398989, 51.502870467660038 ], [ -0.098840467772095, 51.502863293079258 ], [ -0.098550613265106, 51.502856117782962 ], [ -0.098260758878033, 51.502848941771127 ], [ -0.09797090461089, 51.502841765043755 ], [ -0.097681050463688, 51.502834587600859 ], [ -0.097391196436439, 51.502827409442439 ], [ -0.097101342529154, 51.502820230568496 ], [ -0.096811488741845, 51.502813050979015 ], [ -0.096521635074524, 51.50280587067401 ], [ -0.096231781527205, 51.502798689653488 ], [ -0.095941928099898, 51.502791507917443 ], [ -0.095652074792614, 51.502784325465861 ], [ -0.095362221605364, 51.502777142298768 ], [ -0.095072368538166, 51.502769958416138 ], [ -0.094782515591026, 51.502762773817999 ], [ -0.094492662763958, 51.502755588504336 ], [ -0.094202810056973, 51.502748402475149 ], [ -0.093912957470083, 51.502741215730445 ], [ -0.0936231050033, 51.502734028270226 ], [ -0.093333252656638, 51.502726840094482 ], [ -0.093043400430107, 51.502719651203222 ], [ -0.092753548323717, 51.502712461596445 ], [ -0.092463696337482, 51.502705271274159 ], [ -0.092173844471415, 51.502698080236343 ], [ -0.091883992725528, 51.502690888483023 ], [ -0.091594141099829, 51.502683696014188 ], [ -0.091304289594334, 51.50267650282985 ], [ -0.091014438209052, 51.502669308929974 ], [ -0.090724586943996, 51.502662114314603 ], [ -0.09043473579918, 51.502654918983723 ], [ -0.090144884774614, 51.502647722937319 ], [ -0.089855033870309, 51.502640526175412 ], [ -0.089565183086276, 51.502633328697989 ], [ -0.08927533242253, 51.502626130505071 ], [ -0.088985481879082, 51.502618931596643 ], [ -0.088695631455944, 51.502611731972699 ], [ -0.088405781153127, 51.50260453163326 ], [ -0.088115930970643, 51.502597330578304 ], [ -0.087826080908504, 51.502590128807846 ], [ -0.087536230966723, 51.502582926321885 ], [ -0.087246381145309, 51.502575723120422 ], [ -0.086956531444277, 51.502568519203457 ], [ -0.086666681863639, 51.502561314570983 ], [ -0.086376832403403, 51.502554109223006 ], [ -0.086086983063584, 51.502546903159534 ], [ -0.085797133844194, 51.502539696380559 ], [ -0.085507284745245, 51.502532488886089 ], [ -0.085217435766748, 51.502525280676117 ], [ -0.084927586908713, 51.502518071750643 ], [ -0.084637738171155, 51.502510862109681 ], [ -0.084347889554087, 51.502503651753216 ], [ -0.084058041057517, 51.502496440681249 ], [ -0.083768192681458, 51.502489228893793 ], [ -0.083478344425922, 51.502482016390843 ], [ -0.083188496290923, 51.502474803172404 ], [ -0.082898648276471, 51.502467589238456 ], [ -0.082608800382577, 51.502460374589027 ], [ -0.082318952609257, 51.50245315922411 ], [ -0.082029104956516, 51.502445943143691 ], [ -0.081739257424371, 51.502438726347791 ], [ -0.081449410012834, 51.502431508836395 ], [ -0.081159562721916, 51.502424290609511 ], [ -0.080869715551628, 51.502417071667132 ], [ -0.08057986850198, 51.502409852009279 ], [ -0.080290021572989, 51.502402631635924 ], [ -0.080000174764663, 51.502395410547095 ], [ -0.080000172498276, 51.503294845323694 ], [ -0.080290019301108, 51.503302066359289 ], [ -0.080579866224608, 51.503309286679404 ], [ -0.080869713268763, 51.503316506284037 ], [ -0.081159560433559, 51.503323725173182 ], [ -0.081449407718989, 51.503330943346853 ], [ -0.081739255125039, 51.503338160805029 ], [ -0.082029102651697, 51.503345377547731 ], [ -0.082318950298951, 51.503352593574945 ], [ -0.082608798066788, 51.503359808886664 ], [ -0.082898645955196, 51.503367023482902 ], [ -0.083188493964167, 51.503374237363658 ], [ -0.083478342093686, 51.50338145052892 ], [ -0.08376819034374, 51.503388662978693 ], [ -0.08405803871432, 51.503395874712979 ], [ -0.084347887205413, 51.503403085731769 ], [ -0.084637735817006, 51.503410296035071 ], [ -0.084927584549086, 51.503417505622885 ], [ -0.085217433401646, 51.50342471449521 ], [ -0.085507282374671, 51.503431922652041 ], [ -0.085797131468148, 51.503439130093362 ], [ -0.086086980682067, 51.503446336819202 ], [ -0.086376830016416, 51.503453542829554 ], [ -0.08666667947118, 51.503460748124397 ], [ -0.086956529046352, 51.503467952703751 ], [ -0.087246378741918, 51.50347515656761 ], [ -0.087536228557866, 51.50348235971596 ], [ -0.087826078494184, 51.503489562148808 ], [ -0.08811592855086, 51.503496763866181 ], [ -0.088405778727882, 51.503503964868038 ], [ -0.088695629025237, 51.503511165154407 ], [ -0.088985479442916, 51.503518364725252 ], [ -0.089275329980906, 51.503525563580602 ], [ -0.089565180639194, 51.503532761720457 ], [ -0.089855031417769, 51.503539959144817 ], [ -0.090144882316619, 51.50354715585366 ], [ -0.090434733335732, 51.503554351847001 ], [ -0.090724584475094, 51.503561547124839 ], [ -0.091014435734698, 51.503568741687168 ], [ -0.091304287114529, 51.503575935533981 ], [ -0.091594138614576, 51.503583128665312 ], [ -0.091883990234825, 51.503590321081106 ], [ -0.092173841975267, 51.503597512781404 ], [ -0.092463693835886, 51.5036047037662 ], [ -0.092753545816676, 51.503611894035465 ], [ -0.093043397917621, 51.503619083589236 ], [ -0.09333325013871, 51.503626272427496 ], [ -0.093623102479931, 51.50363346055024 ], [ -0.093912954941273, 51.503640647957475 ], [ -0.094202807522724, 51.503647834649186 ], [ -0.094492660224268, 51.503655020625388 ], [ -0.094782513045901, 51.503662205886066 ], [ -0.095072365987604, 51.503669390431241 ], [ -0.09536221904937, 51.503676574260901 ], [ -0.095652072231184, 51.503683757375036 ], [ -0.095941925533035, 51.503690939773648 ], [ -0.09623177895491, 51.50369812145675 ], [ -0.096521632496799, 51.503705302424336 ], [ -0.096811486158691, 51.503712482676391 ], [ -0.097101339940571, 51.503719662212944 ], [ -0.097391193842429, 51.503726841033959 ], [ -0.097681047864254, 51.503734019139451 ], [ -0.09797090200603, 51.503741196529433 ], [ -0.098260756267749, 51.503748373203884 ], [ -0.098550610649399, 51.503755549162804 ], [ -0.098840465150967, 51.503762724406215 ], [ -0.099130319772441, 51.503769898934088 ], [ -0.09942017451381, 51.503777072746438 ], [ -0.09971002937506, 51.503784245843271 ], [ -0.099999884356182, 51.503791418224566 ], [ -0.100289739457162, 51.503798589890323 ], [ -0.100579594677989, 51.503805760840564 ], [ -0.100869450018651, 51.503812931075281 ], [ -0.101159305479136, 51.50382010059446 ], [ -0.101449161059432, 51.503827269398094 ], [ -0.101739016759528, 51.503834437486219 ], [ -0.102028872579408, 51.503841604858799 ], [ -0.102318728519068, 51.503848771515855 ], [ -0.102608584578488, 51.503855937457374 ], [ -0.102898440757663, 51.503863102683354 ], [ -0.103188297056576, 51.503870267193797 ], [ -0.103478153475217, 51.503877430988709 ], [ -0.103768010013575, 51.503884594068083 ], [ -0.104057866671635, 51.503891756431933 ], [ -0.104347723449388, 51.503898918080225 ], [ -0.104637580346821, 51.503906079012992 ], [ -0.104927437363924, 51.503913239230201 ], [ -0.105217294500683, 51.5039203987319 ], [ -0.105507151757087, 51.503927557518026 ], [ -0.105797009133121, 51.503934715588635 ], [ -0.106086866628778, 51.503941872943692 ], [ -0.106376724244043, 51.503949029583211 ], [ -0.106666581978907, 51.503956185507178 ], [ -0.106956439833355, 51.5039633407156 ], [ -0.107246297807377, 51.503970495208485 ], [ -0.10753615590096, 51.503977648985817 ], [ -0.10782601411409, 51.503984802047619 ], [ -0.108115872446761, 51.503991954393861 ], [ -0.108405730898956, 51.503999106024558 ], [ -0.108695589470667, 51.504006256939704 ], [ -0.108985448161877, 51.504013407139297 ], [ -0.109275306972579, 51.50402055662336 ], [ -0.109565165902756, 51.504027705391863 ], [ -0.109855024952403, 51.5040348534448 ], [ -0.110144884121503, 51.504042000782206 ], [ -0.110434743410046, 51.504049147404054 ], [ -0.11072460281802, 51.504056293310335 ], [ -0.111014462345411, 51.504063438501085 ], [ -0.111304321992209, 51.504070582976262 ], [ -0.111594181758402, 51.504077726735893 ], [ -0.111884041643978, 51.504084869779959 ], [ -0.112173901648927, 51.504092012108472 ], [ -0.112463761773232, 51.504099153721441 ], [ -0.112753622016887, 51.504106294618843 ], [ -0.113043482379877, 51.504113434800679 ], [ -0.113333342862188, 51.504120574266963 ], [ -0.113623203463813, 51.504127713017688 ], [ -0.113913064184736, 51.504134851052846 ], [ -0.11420292502495, 51.504141988372453 ], [ -0.114492785984438, 51.504149124976493 ], [ -0.114782647063191, 51.504156260864974 ], [ -0.115072508261193, 51.504163396037882 ], [ -0.115362369578438, 51.50417053049523 ], [ -0.11565223101491, 51.504177664237019 ], [ -0.115942092570599, 51.504184797263235 ], [ -0.116231954245494, 51.504191929573885 ], [ -0.116521816039581, 51.504199061168968 ], [ -0.116811677952849, 51.504206192048478 ], [ -0.117101539985286, 51.504213322212429 ], [ -0.117391402136877, 51.504220451660821 ], [ -0.117681264407615, 51.504227580393632 ], [ -0.117971126797487, 51.504234708410877 ], [ -0.118260989306481, 51.504241835712541 ], [ -0.118550851934583, 51.504248962298647 ], [ -0.118840714681783, 51.504256088169164 ], [ -0.119130577548067, 51.504263213324123 ], [ -0.119420440533427, 51.504270337763508 ], [ -0.119710303637849, 51.504277461487305 ], [ -0.120000166861319, 51.504284584495537 ], [ -0.120000163139979, 51.505184011853522 ], [ -0.119710299921777, 51.505176888897822 ], [ -0.119420436822624, 51.50516976522654 ], [ -0.119130573842536, 51.5051626408397 ], [ -0.118840710981522, 51.505155515737286 ], [ -0.118550848239595, 51.505148389919299 ], [ -0.118260985616766, 51.505141263385752 ], [ -0.117971123113051, 51.505134136136626 ], [ -0.117681260728455, 51.505127008171939 ], [ -0.117391398462995, 51.505119879491708 ], [ -0.117101536316679, 51.50511275009589 ], [ -0.116811674289523, 51.505105619984512 ], [ -0.116521812381535, 51.505098489157582 ], [ -0.116231950592731, 51.505091357615079 ], [ -0.11594208892312, 51.50508422535701 ], [ -0.115652227372716, 51.505077092383395 ], [ -0.115362365941527, 51.505069958694207 ], [ -0.11507250462957, 51.505062824289467 ], [ -0.114782643436853, 51.505055689169168 ], [ -0.114492782363391, 51.505048553333303 ], [ -0.114202921409192, 51.505041416781886 ], [ -0.113913060574271, 51.505034279514916 ], [ -0.113623199858638, 51.505027141532388 ], [ -0.113333339262307, 51.505020002834307 ], [ -0.113043478785288, 51.50501286342066 ], [ -0.112753618427595, 51.505005723291468 ], [ -0.112463758189237, 51.504998582446717 ], [ -0.112173898070229, 51.504991440886421 ], [ -0.111884038070578, 51.50498429861058 ], [ -0.111594178190304, 51.504977155619173 ], [ -0.11130431842941, 51.504970011912221 ], [ -0.111014458787916, 51.504962867489716 ], [ -0.110724599265827, 51.50495572235166 ], [ -0.110434739863159, 51.504948576498059 ], [ -0.11014488057992, 51.504941429928913 ], [ -0.109855021416128, 51.504934282644221 ], [ -0.10956516237179, 51.504927134643971 ], [ -0.109275303446919, 51.50491998592819 ], [ -0.108985444641529, 51.504912836496857 ], [ -0.108695585955628, 51.504905686349971 ], [ -0.108405727389232, 51.504898535487548 ], [ -0.108115868942349, 51.504891383909587 ], [ -0.107826010614994, 51.504884231616089 ], [ -0.107536152407176, 51.504877078607045 ], [ -0.107246294318912, 51.504869924882449 ], [ -0.106956436350207, 51.504862770442315 ], [ -0.106666578501079, 51.504855615286651 ], [ -0.106376720771535, 51.504848459415442 ], [ -0.106086863161592, 51.504841302828702 ], [ -0.105797005671257, 51.504834145526424 ], [ -0.105507148300545, 51.504826987508601 ], [ -0.105217291049465, 51.50481982877524 ], [ -0.104927433918033, 51.504812669326348 ], [ -0.104637576906258, 51.504805509161919 ], [ -0.104347720014152, 51.504798348281973 ], [ -0.104057863241727, 51.504791186686468 ], [ -0.103768006588998, 51.504784024375439 ], [ -0.103478150055971, 51.504776861348887 ], [ -0.103188293642664, 51.504769697606804 ], [ -0.102898437349083, 51.504762533149183 ], [ -0.102608581175245, 51.504755367976038 ], [ -0.102318725121158, 51.504748202087356 ], [ -0.102028869186839, 51.504741035483143 ], [ -0.101739013372293, 51.504733868163406 ], [ -0.101449157677537, 51.504726700128145 ], [ -0.10115930210258, 51.504719531377368 ], [ -0.100869446647438, 51.504712361911047 ], [ -0.100579591312118, 51.504705191729208 ], [ -0.100289736096636, 51.504698020831839 ], [ -0.099999881000999, 51.504690849218953 ], [ -0.099710026025225, 51.504683676890544 ], [ -0.099420171169322, 51.504676503846611 ], [ -0.099130316433301, 51.504669330087154 ], [ -0.098840461817178, 51.504662155612174 ], [ -0.098550607320959, 51.504654980421684 ], [ -0.098260752944662, 51.50464780451567 ], [ -0.097970898688294, 51.504640627894126 ], [ -0.097681044551872, 51.504633450557087 ], [ -0.097391190535402, 51.50462627250451 ], [ -0.097101336638902, 51.50461909373643 ], [ -0.096811482862378, 51.504611914252827 ], [ -0.096521629205845, 51.504604734053707 ], [ -0.096231775669315, 51.504597553139071 ], [ -0.0959419222528, 51.504590371508932 ], [ -0.09565206895631, 51.504583189163277 ], [ -0.09536221577986, 51.504576006102099 ], [ -0.095072362723458, 51.50456882232541 ], [ -0.09478250978712, 51.504561637833213 ], [ -0.094492656970854, 51.50455445262552 ], [ -0.094202804274676, 51.504547266702296 ], [ -0.093912951698594, 51.50454008006357 ], [ -0.093623099242623, 51.504532892709335 ], [ -0.093333246906772, 51.50452570463959 ], [ -0.093043394691055, 51.504518515854343 ], [ -0.092753542595483, 51.504511326353594 ], [ -0.092463690620069, 51.504504136137328 ], [ -0.092173838764822, 51.50449694520556 ], [ -0.091883987029758, 51.504489753558289 ], [ -0.091594135414885, 51.504482561195516 ], [ -0.091304283920219, 51.504475368117248 ], [ -0.091014432545767, 51.504468174323456 ], [ -0.090724581291546, 51.504460979814183 ], [ -0.090434730157563, 51.504453784589394 ], [ -0.090144879143834, 51.504446588649124 ], [ -0.089855028250369, 51.504439391993337 ], [ -0.089565177477178, 51.504432194622062 ], [ -0.089275326824278, 51.504424996535285 ], [ -0.088985476291676, 51.504417797733012 ], [ -0.088695625879387, 51.504410598215244 ], [ -0.088405775587419, 51.50440339798196 ], [ -0.088115925415789, 51.504396197033195 ], [ -0.087826075364505, 51.504388995368942 ], [ -0.087536225433582, 51.504381792989207 ], [ -0.087246375623028, 51.504374589893949 ], [ -0.086956525932858, 51.50436738608321 ], [ -0.086666676363083, 51.504360181556983 ], [ -0.086376826913716, 51.504352976315268 ], [ -0.086086977584765, 51.50434577035805 ], [ -0.085797128376248, 51.504338563685351 ], [ -0.085507279288171, 51.504331356297151 ], [ -0.08521743032055, 51.504324148193476 ], [ -0.084927581473394, 51.50431693937432 ], [ -0.084637732746717, 51.504309729839662 ], [ -0.084347884140529, 51.504302519589523 ], [ -0.084058035654844, 51.504295308623895 ], [ -0.083768187289673, 51.504288096942787 ], [ -0.083478339045027, 51.504280884546198 ], [ -0.083188490920918, 51.50427367143412 ], [ -0.08289864291736, 51.504266457606555 ], [ -0.082608795034363, 51.504259243063515 ], [ -0.082318947271941, 51.504252027804981 ], [ -0.082029099630101, 51.504244811830986 ], [ -0.08173925210886, 51.504237595141497 ], [ -0.081449404708227, 51.50423037773654 ], [ -0.081159557428215, 51.504223159616096 ], [ -0.080869710268836, 51.504215940780171 ], [ -0.080579863230103, 51.504208721228771 ], [ -0.080290016312025, 51.504201500961905 ], [ -0.080000169514616, 51.504194279979551 ], [ -0.080000165813652, 51.505093714514651 ], [ -0.080290012605709, 51.505100935443764 ], [ -0.080579859518436, 51.505108155657389 ], [ -0.080869706551821, 51.505115375155555 ], [ -0.081159553705852, 51.505122593938239 ], [ -0.081449400980516, 51.505129812005464 ], [ -0.081739248375802, 51.505137029357208 ], [ -0.082029095891698, 51.505144245993471 ], [ -0.082318943528192, 51.505151461914267 ], [ -0.082608791285272, 51.505158677119589 ], [ -0.082898639162928, 51.505165891609437 ], [ -0.083188487161146, 51.505173105383797 ], [ -0.083478335279915, 51.50518031844269 ], [ -0.083768183519222, 51.505187530786095 ], [ -0.084058031879057, 51.505194742414027 ], [ -0.084347880359406, 51.505201953326477 ], [ -0.084637728960259, 51.505209163523453 ], [ -0.084927577681601, 51.505216373004934 ], [ -0.085217426523424, 51.505223581770942 ], [ -0.085507275485714, 51.505230789821482 ], [ -0.085797124568462, 51.505237997156513 ], [ -0.086086973771651, 51.505245203776077 ], [ -0.086376823095272, 51.505252409680146 ], [ -0.086666672539312, 51.505259614868748 ], [ -0.086956522103762, 51.505266819341834 ], [ -0.087246371788607, 51.50527402309946 ], [ -0.087536221593836, 51.505281226141584 ], [ -0.08782607151944, 51.505288428468219 ], [ -0.088115921565401, 51.505295630079381 ], [ -0.088405771731711, 51.505302830975047 ], [ -0.088695622018359, 51.505310031155219 ], [ -0.088985472425331, 51.505317230619902 ], [ -0.089275322952615, 51.505324429369097 ], [ -0.089565173600201, 51.505331627402789 ], [ -0.089855024368076, 51.505338824721008 ], [ -0.090144875256229, 51.50534602132371 ], [ -0.090434726264647, 51.505353217210931 ], [ -0.090724577393317, 51.505360412382664 ], [ -0.091014428642228, 51.505367606838881 ], [ -0.09130428001137, 51.505374800579609 ], [ -0.09159413150073, 51.50538199360485 ], [ -0.091883983110295, 51.505389185914588 ], [ -0.092173834840054, 51.505396377508816 ], [ -0.092463686689998, 51.505403568387564 ], [ -0.092753538660108, 51.505410758550802 ], [ -0.093043390750379, 51.505417947998545 ], [ -0.093333242960795, 51.505425136730786 ], [ -0.093623095291344, 51.505432324747517 ], [ -0.093912947742017, 51.505439512048746 ], [ -0.0942028003128, 51.505446698634479 ], [ -0.094492653003685, 51.505453884504711 ], [ -0.094782505814654, 51.505461069659425 ], [ -0.095072358745698, 51.505468254098652 ], [ -0.095362211796806, 51.505475437822362 ], [ -0.095652064967965, 51.505482620830563 ], [ -0.095941918259163, 51.505489803123261 ], [ -0.096231771670389, 51.505496984700443 ], [ -0.09652162520163, 51.505504165562122 ], [ -0.096811478852876, 51.5055113457083 ], [ -0.097101332624113, 51.50551852513896 ], [ -0.097391186515329, 51.505525703854119 ], [ -0.097681040526514, 51.505532881853746 ], [ -0.097970894657654, 51.505540059137871 ], [ -0.098260748908739, 51.505547235706487 ], [ -0.098550603279757, 51.505554411559594 ], [ -0.098840457770694, 51.505561586697176 ], [ -0.099130312381541, 51.50556876111925 ], [ -0.099420167112285, 51.505575934825799 ], [ -0.099710021962911, 51.505583107816832 ], [ -0.099999876933411, 51.505590280092356 ], [ -0.100289732023773, 51.505597451652363 ], [ -0.100579587233983, 51.505604622496847 ], [ -0.100869442564031, 51.505611792625814 ], [ -0.101159298013905, 51.505618962039257 ], [ -0.101449153583591, 51.505626130737177 ], [ -0.101739009273078, 51.505633298719594 ], [ -0.102028865082355, 51.505640465986474 ], [ -0.102318721011411, 51.50564763253783 ], [ -0.102608577060231, 51.505654798373669 ], [ -0.102898433228805, 51.505661963493978 ], [ -0.103188289517122, 51.50566912789877 ], [ -0.103478145925171, 51.505676291588031 ], [ -0.103768002452936, 51.505683454561769 ], [ -0.104057859100408, 51.505690616819976 ], [ -0.104347715867572, 51.505697778362659 ], [ -0.104637572754422, 51.505704939189826 ], [ -0.10492742976094, 51.505712099301448 ], [ -0.105217286887119, 51.505719258697539 ], [ -0.105507144132944, 51.505726417378114 ], [ -0.105797001498405, 51.505733575343143 ], [ -0.106086858983487, 51.505740732592642 ], [ -0.106376716588182, 51.505747889126617 ], [ -0.106666574312474, 51.505755044945062 ], [ -0.106956432156356, 51.505762200047968 ], [ -0.107246290119812, 51.505769354435337 ], [ -0.107536148202832, 51.505776508107168 ], [ -0.107826006405406, 51.505783661063468 ], [ -0.108115864727517, 51.505790813304237 ], [ -0.108405723169156, 51.505797964829469 ], [ -0.108695581730312, 51.505805115639156 ], [ -0.10898544041097, 51.505812265733304 ], [ -0.109275299211123, 51.505819415111915 ], [ -0.109565158130756, 51.505826563774988 ], [ -0.109855017169856, 51.505833711722524 ], [ -0.110144876328416, 51.505840858954507 ], [ -0.110434735606418, 51.505848005470959 ], [ -0.110724595003853, 51.505855151271859 ], [ -0.111014454520709, 51.505862296357229 ], [ -0.111304314156973, 51.505869440727039 ], [ -0.111594173912635, 51.505876584381319 ], [ -0.111884033787682, 51.505883727320054 ], [ -0.112173893782103, 51.505890869543244 ], [ -0.112463753895887, 51.505898011050867 ], [ -0.112753614129018, 51.50590515184296 ], [ -0.113043474481488, 51.5059122919195 ], [ -0.113333334953282, 51.505919431280496 ], [ -0.113623195544391, 51.505926569925933 ], [ -0.113913056254803, 51.505933707855824 ], [ -0.114202917084503, 51.505940845070171 ], [ -0.114492778033484, 51.505947981568958 ], [ -0.114782639101729, 51.505955117352201 ], [ -0.115072500289229, 51.505962252419884 ], [ -0.115362361595971, 51.505969386772016 ], [ -0.115652223021944, 51.505976520408595 ], [ -0.115942084567135, 51.505983653329615 ], [ -0.116231946231535, 51.505990785535076 ], [ -0.116521808015127, 51.505997917024999 ], [ -0.116811669917906, 51.506005047799349 ], [ -0.117101531939853, 51.506012177858139 ], [ -0.11739139408096, 51.506019307201392 ], [ -0.117681256341214, 51.506026435829071 ], [ -0.117971118720604, 51.506033563741184 ], [ -0.118260981219116, 51.506040690937738 ], [ -0.118550843836741, 51.506047817418747 ], [ -0.118840706573466, 51.506054943184175 ], [ -0.11913056942928, 51.506062068234051 ], [ -0.119420432404169, 51.506069192568354 ], [ -0.119710295498121, 51.506076316187105 ], [ -0.120000158711126, 51.50608343909029 ], [ -0.120000153574738, 51.506982866205803 ], [ -0.119710290366859, 51.506975743355149 ], [ -0.119420427278033, 51.506968619788928 ], [ -0.119130564308275, 51.50696149550717 ], [ -0.118840701457592, 51.506954370509831 ], [ -0.118550838725998, 51.506947244796955 ], [ -0.118260976113504, 51.506940118368512 ], [ -0.117971113620126, 51.50693299122451 ], [ -0.11768125124587, 51.506925863364955 ], [ -0.117391388990751, 51.506918734789849 ], [ -0.117101526854781, 51.506911605499184 ], [ -0.116811664837969, 51.506904475492981 ], [ -0.116521802940334, 51.506897344771218 ], [ -0.11623194116188, 51.506890213333897 ], [ -0.115942079502622, 51.50688308118103 ], [ -0.115652217962573, 51.506875948312597 ], [ -0.115362356541742, 51.506868814728634 ], [ -0.115072495240145, 51.506861680429118 ], [ -0.114782634057791, 51.506854545414043 ], [ -0.114492772994692, 51.506847409683438 ], [ -0.11420291205086, 51.506840273237273 ], [ -0.113913051226309, 51.506833136075571 ], [ -0.113623190521047, 51.506825998198323 ], [ -0.11333332993509, 51.506818859605524 ], [ -0.113043469468447, 51.506811720297172 ], [ -0.112753609121129, 51.506804580273297 ], [ -0.112463748893154, 51.506797439533862 ], [ -0.112173888784528, 51.506790298078897 ], [ -0.111884028795263, 51.506783155908387 ], [ -0.111594168925372, 51.506776013022332 ], [ -0.111304309174871, 51.506768869420739 ], [ -0.111014449543767, 51.506761725103608 ], [ -0.110724590032071, 51.506754580070933 ], [ -0.110434730639798, 51.506747434322726 ], [ -0.110144871366959, 51.506740287858975 ], [ -0.109855012213567, 51.5067331406797 ], [ -0.109565153179631, 51.506725992784887 ], [ -0.109275294265166, 51.506718844174536 ], [ -0.108985435470181, 51.50671169484864 ], [ -0.108695576794689, 51.506704544807228 ], [ -0.108405718238706, 51.506697394050263 ], [ -0.108115859802236, 51.506690242577783 ], [ -0.107826001485298, 51.506683090389757 ], [ -0.107536143287899, 51.506675937486207 ], [ -0.107246285210054, 51.506668783867127 ], [ -0.106956427251774, 51.506661629532523 ], [ -0.10666656941307, 51.506654474482382 ], [ -0.106376711693954, 51.506647318716709 ], [ -0.106086854094439, 51.50664016223552 ], [ -0.105796996614537, 51.506633005038793 ], [ -0.105507139254259, 51.506625847126543 ], [ -0.105217282013616, 51.506618688498776 ], [ -0.104927424892621, 51.506611529155471 ], [ -0.104637567891288, 51.506604369096657 ], [ -0.104347711009626, 51.506597208322304 ], [ -0.104057854247646, 51.506590046832429 ], [ -0.103767997605363, 51.506582884627051 ], [ -0.103478141082786, 51.506575721706135 ], [ -0.103188284679931, 51.506568558069695 ], [ -0.102898428396805, 51.506561393717753 ], [ -0.102608572233423, 51.506554228650273 ], [ -0.102318716189795, 51.506547062867284 ], [ -0.102028860265936, 51.506539896368764 ], [ -0.101739004461855, 51.506532729154749 ], [ -0.101449148777565, 51.506525561225196 ], [ -0.101159293213077, 51.506518392580141 ], [ -0.100869437768403, 51.506511223219569 ], [ -0.100579582443557, 51.50650405314348 ], [ -0.100289727238548, 51.506496882351883 ], [ -0.099999872153389, 51.506489710844768 ], [ -0.099710017188093, 51.506482538622137 ], [ -0.09942016234267, 51.50647536568399 ], [ -0.099130307617134, 51.50646819203034 ], [ -0.098840453011496, 51.506461017661188 ], [ -0.098550598525766, 51.506453842576498 ], [ -0.098260744159958, 51.506446666776327 ], [ -0.097970889914085, 51.50643949026064 ], [ -0.097681035788156, 51.506432313029435 ], [ -0.097391181782184, 51.506425135082736 ], [ -0.097101327896182, 51.50641795642052 ], [ -0.096811474130159, 51.506410777042817 ], [ -0.096521620484132, 51.506403596949589 ], [ -0.096231766958108, 51.506396416140866 ], [ -0.0959419135521, 51.506389234616648 ], [ -0.095652060266121, 51.506382052376914 ], [ -0.095362207100183, 51.506374869421677 ], [ -0.095072354054299, 51.506367685750945 ], [ -0.094782501128477, 51.506360501364711 ], [ -0.094492648322731, 51.506353316262974 ], [ -0.094202795637073, 51.506346130445742 ], [ -0.093912943071518, 51.506338943913008 ], [ -0.093623090626072, 51.506331756664785 ], [ -0.09333323830075, 51.506324568701046 ], [ -0.093043386095563, 51.506317380021827 ], [ -0.092753534010524, 51.506310190627111 ], [ -0.092463682045647, 51.506303000516887 ], [ -0.092173830200938, 51.506295809691174 ], [ -0.091883978476413, 51.506288618149974 ], [ -0.091594126872082, 51.506281425893278 ], [ -0.09130427538796, 51.506274232921086 ], [ -0.091014424024057, 51.5062670392334 ], [ -0.090724572780383, 51.50625984483024 ], [ -0.090434721656952, 51.50625264971157 ], [ -0.090144870653776, 51.506245453877412 ], [ -0.089855019770867, 51.506238257327766 ], [ -0.089565169008236, 51.506231060062653 ], [ -0.089275318365894, 51.506223862082038 ], [ -0.088985467843854, 51.506216663385921 ], [ -0.088695617442129, 51.506209463974344 ], [ -0.088405767160731, 51.506202263847264 ], [ -0.088115916999668, 51.506195063004704 ], [ -0.087826066958957, 51.506187861446662 ], [ -0.087536217038606, 51.506180659173133 ], [ -0.08724636723863, 51.506173456184122 ], [ -0.086956517559039, 51.506166252479623 ], [ -0.086666667999845, 51.506159048059658 ], [ -0.086376818561059, 51.506151842924197 ], [ -0.086086969242694, 51.50614463707327 ], [ -0.085797120044764, 51.506137430506854 ], [ -0.085507270967277, 51.506130223224957 ], [ -0.085217422010247, 51.506123015227594 ], [ -0.084927573173685, 51.506115806514742 ], [ -0.084637724457607, 51.506108597086417 ], [ -0.084347875862017, 51.506101386942618 ], [ -0.084058027386932, 51.506094176083344 ], [ -0.083768179032364, 51.506086964508597 ], [ -0.083478330798324, 51.506079752218362 ], [ -0.083188482684824, 51.506072539212681 ], [ -0.082898634691876, 51.506065325491512 ], [ -0.08260878681949, 51.506058111054877 ], [ -0.082318939067682, 51.50605089590276 ], [ -0.08202909143646, 51.506043680035184 ], [ -0.081739243925838, 51.506036463452126 ], [ -0.081449396535828, 51.506029246153609 ], [ -0.081159549266439, 51.506022028139625 ], [ -0.080869702117685, 51.506014809410168 ], [ -0.080579855089581, 51.506007589965243 ], [ -0.080290008182134, 51.506000369804866 ], [ -0.080000161395357, 51.505993148929015 ], [ -0.080000156259705, 51.506892583222594 ], [ -0.080290003041269, 51.506899804045204 ], [ -0.08057984994351, 51.506907024152341 ], [ -0.080869696966407, 51.506914243544017 ], [ -0.081159544109954, 51.506921462220234 ], [ -0.081449391374136, 51.506928680180984 ], [ -0.081739238758944, 51.506935897426267 ], [ -0.082029086264363, 51.506943113956105 ], [ -0.082318933890381, 51.506950329770476 ], [ -0.08260878163699, 51.506957544869373 ], [ -0.082898629504175, 51.506964759252796 ], [ -0.083188477491926, 51.506971972920766 ], [ -0.083478325600226, 51.50697918587327 ], [ -0.083768173829071, 51.5069863981103 ], [ -0.084058022178444, 51.506993609631863 ], [ -0.084347870648333, 51.507000820437959 ], [ -0.08463771923873, 51.507008030528588 ], [ -0.084927567949618, 51.507015239903737 ], [ -0.08521741678099, 51.507022448563418 ], [ -0.085507265732829, 51.507029656507626 ], [ -0.085797114805127, 51.507036863736367 ], [ -0.086086963997872, 51.507044070249627 ], [ -0.086376813311049, 51.50705127604742 ], [ -0.08666666274465, 51.507058481129746 ], [ -0.086956512298661, 51.507065685496578 ], [ -0.087246361973069, 51.507072889147942 ], [ -0.087536211767864, 51.507080092083825 ], [ -0.087826061683034, 51.507087294304227 ], [ -0.088115911718566, 51.50709449580917 ], [ -0.08840576187445, 51.507101696598632 ], [ -0.088695612150673, 51.507108896672598 ], [ -0.088985462547221, 51.507116096031098 ], [ -0.089275313064085, 51.507123294674102 ], [ -0.089565163701253, 51.50713049260164 ], [ -0.08985501445871, 51.507137689813682 ], [ -0.09014486533645, 51.50714488631025 ], [ -0.090434716334455, 51.507152082091331 ], [ -0.090724567452718, 51.50715927715693 ], [ -0.091014418691222, 51.507166471507055 ], [ -0.091304270049958, 51.507173665141678 ], [ -0.091594121528917, 51.507180858060813 ], [ -0.091883973128081, 51.507188050264467 ], [ -0.092173824847442, 51.507195241752633 ], [ -0.092463676686988, 51.507202432525311 ], [ -0.092753528646705, 51.507209622582501 ], [ -0.093043380726585, 51.507216811924195 ], [ -0.093333232926611, 51.507224000550409 ], [ -0.093623085246776, 51.50723118846112 ], [ -0.093912937687064, 51.507238375656343 ], [ -0.094202790247467, 51.50724556213607 ], [ -0.094492642927969, 51.507252747900303 ], [ -0.09478249572856, 51.507259932949047 ], [ -0.09507234864923, 51.507267117282304 ], [ -0.095362201689964, 51.507274300900058 ], [ -0.095652054850753, 51.507281483802316 ], [ -0.095941908131582, 51.50728866598908 ], [ -0.096231761532442, 51.507295847460341 ], [ -0.096521615053319, 51.5073030282161 ], [ -0.0968114686942, 51.507310208256371 ], [ -0.097101322455079, 51.507317387581139 ], [ -0.097391176335937, 51.507324566190398 ], [ -0.097681030336767, 51.507331744084176 ], [ -0.097970884457555, 51.507338921262431 ], [ -0.098260738698288, 51.50734609772519 ], [ -0.098550593058958, 51.507353273472447 ], [ -0.09884044753955, 51.507360448504201 ], [ -0.099130302140052, 51.507367622820453 ], [ -0.099420156860453, 51.507374796421196 ], [ -0.099710011700743, 51.507381969306437 ], [ -0.099999866660905, 51.507389141476168 ], [ -0.100289721740931, 51.507396312930389 ], [ -0.100579576940809, 51.507403483669108 ], [ -0.100869432260525, 51.507410653692318 ], [ -0.101159287700071, 51.507417823000026 ], [ -0.101449143259431, 51.50742499159221 ], [ -0.101738998938596, 51.507432159468891 ], [ -0.102028854737551, 51.507439326630049 ], [ -0.102318710656286, 51.507446493075705 ], [ -0.102608566694792, 51.507453658805858 ], [ -0.102898422853051, 51.507460823820473 ], [ -0.103188279131056, 51.507467988119593 ], [ -0.103478135528793, 51.507475151703197 ], [ -0.103767992046248, 51.507482314571284 ], [ -0.104057848683417, 51.507489476723855 ], [ -0.104347705440278, 51.507496638160902 ], [ -0.104637562316827, 51.507503798882439 ], [ -0.104927419313047, 51.507510958888453 ], [ -0.105217276428928, 51.507518118178943 ], [ -0.10550713366446, 51.507525276753924 ], [ -0.105796991019626, 51.507532434613388 ], [ -0.10608684849442, 51.507539591757322 ], [ -0.106376706088826, 51.507546748185732 ], [ -0.106666563802835, 51.507553903898632 ], [ -0.106956421636432, 51.507561058895995 ], [ -0.107246279589608, 51.507568213177841 ], [ -0.107536137662349, 51.507575366744163 ], [ -0.107825995854644, 51.507582519594955 ], [ -0.108115854166484, 51.507589671730223 ], [ -0.10840571259785, 51.507596823149974 ], [ -0.108695571148736, 51.507603973854188 ], [ -0.108985429819129, 51.507611123842878 ], [ -0.109275288609015, 51.507618273116037 ], [ -0.109565147518386, 51.507625421673659 ], [ -0.109855006547225, 51.507632569515764 ], [ -0.110144865695524, 51.507639716642338 ], [ -0.110434724963271, 51.507646863053381 ], [ -0.110724584350453, 51.507654008748887 ], [ -0.111014443857056, 51.507661153728854 ], [ -0.111304303483071, 51.507668297993291 ], [ -0.111594163228487, 51.507675441542197 ], [ -0.111884023093288, 51.507682584375573 ], [ -0.112173883077468, 51.50768972649341 ], [ -0.112463743181009, 51.507696867895703 ], [ -0.112753603403902, 51.507704008582472 ], [ -0.113043463746136, 51.507711148553696 ], [ -0.113333324207697, 51.507718287809375 ], [ -0.113623184788576, 51.507725426349538 ], [ -0.113913045488756, 51.507732564174148 ], [ -0.114202906308231, 51.507739701283214 ], [ -0.114492767246985, 51.507746837676741 ], [ -0.114782628305008, 51.507753973354731 ], [ -0.115072489482288, 51.507761108317169 ], [ -0.115362350778812, 51.507768242564069 ], [ -0.115652212194569, 51.507775376095431 ], [ -0.115942073729548, 51.507782508911241 ], [ -0.116231935383736, 51.507789641011506 ], [ -0.11652179715712, 51.507796772396233 ], [ -0.116811659049688, 51.507803903065408 ], [ -0.117101521061432, 51.507811033019031 ], [ -0.117391383192336, 51.507818162257109 ], [ -0.117681245442392, 51.50782529077965 ], [ -0.117971107811583, 51.507832418586638 ], [ -0.118260970299899, 51.507839545678067 ], [ -0.118550832907333, 51.507846672053944 ], [ -0.118840695633865, 51.507853797714276 ], [ -0.11913055847949, 51.507860922659056 ], [ -0.119420421444191, 51.507868046888277 ], [ -0.11971028452796, 51.507875170401952 ], [ -0.120000147730782, 51.507882293200076 ], [ -0.120000141179233, 51.508781720073102 ], [ -0.119710277981395, 51.50877459732753 ], [ -0.119420414902613, 51.508767473866392 ], [ -0.119130551942898, 51.508760349689716 ], [ -0.118840689102262, 51.508753224797488 ], [ -0.118550826380718, 51.508746099189722 ], [ -0.118260963778277, 51.508738972866396 ], [ -0.117971101294951, 51.50873184582754 ], [ -0.11768123893075, 51.508724718073125 ], [ -0.11739137668569, 51.508717589603172 ], [ -0.11710151455978, 51.508710460417674 ], [ -0.116811652553032, 51.508703330516632 ], [ -0.116521790665459, 51.508696199900058 ], [ -0.116231928897074, 51.508689068567932 ], [ -0.115942067247886, 51.508681936520269 ], [ -0.115652205717908, 51.508674803757067 ], [ -0.115362344307153, 51.508667670278328 ], [ -0.115072483015631, 51.508660536084044 ], [ -0.114782621843355, 51.508653401174236 ], [ -0.114492760790337, 51.508646265548869 ], [ -0.114202899856588, 51.508639129207978 ], [ -0.113913039042122, 51.508631992151557 ], [ -0.113623178346948, 51.508624854379597 ], [ -0.113333317771078, 51.5086177158921 ], [ -0.113043457314527, 51.508610576689073 ], [ -0.112753596977306, 51.508603436770514 ], [ -0.112463736759426, 51.50859629613641 ], [ -0.112173876660898, 51.508589154786776 ], [ -0.111884016681734, 51.508582012721625 ], [ -0.111594156821947, 51.508574869940936 ], [ -0.11130429708155, 51.508567726444717 ], [ -0.111014437460553, 51.508560582232974 ], [ -0.110724577958968, 51.5085534373057 ], [ -0.110434718576807, 51.508546291662888 ], [ -0.110144859314083, 51.508539145304567 ], [ -0.109855000170807, 51.508531998230715 ], [ -0.10956514114699, 51.50852485044134 ], [ -0.109275282242646, 51.508517701936434 ], [ -0.108985423457785, 51.508510552716004 ], [ -0.108695564792418, 51.508503402780057 ], [ -0.108405706246561, 51.50849625212858 ], [ -0.108115847820223, 51.508489100761579 ], [ -0.107825989513416, 51.508481948679055 ], [ -0.107536131326152, 51.508474795881028 ], [ -0.107246273258444, 51.508467642367471 ], [ -0.106956415310304, 51.50846048813839 ], [ -0.10666655748174, 51.508453333193792 ], [ -0.106376699772768, 51.508446177533678 ], [ -0.106086842183399, 51.508439021158054 ], [ -0.105796984713644, 51.508431864066893 ], [ -0.105507127363517, 51.50842470626025 ], [ -0.105217270133027, 51.50841754773807 ], [ -0.104927413022187, 51.508410388500373 ], [ -0.104637556031011, 51.508403228547166 ], [ -0.104347699159505, 51.508396067878451 ], [ -0.104057842407688, 51.508388906494218 ], [ -0.103767985775568, 51.508381744394477 ], [ -0.103478129263159, 51.508374581579233 ], [ -0.10318827287047, 51.508367418048465 ], [ -0.102898416597516, 51.508360253802181 ], [ -0.102608560444306, 51.508353088840401 ], [ -0.102318704410855, 51.508345923163112 ], [ -0.102028848497172, 51.508338756770321 ], [ -0.101738992703271, 51.508331589662006 ], [ -0.101449137029163, 51.508324421838196 ], [ -0.101159281474858, 51.508317253298891 ], [ -0.100869426040371, 51.508310084044069 ], [ -0.100579570725713, 51.508302914073738 ], [ -0.100289715530895, 51.508295743387912 ], [ -0.09999986045593, 51.508288571986576 ], [ -0.099710005500827, 51.508281399869745 ], [ -0.099420150665602, 51.508274227037411 ], [ -0.099130295950266, 51.508267053489575 ], [ -0.098840441354829, 51.508259879226244 ], [ -0.098550586879304, 51.508252704247411 ], [ -0.098260732523703, 51.508245528553083 ], [ -0.097970878288038, 51.508238352143252 ], [ -0.09768102417232, 51.508231175017926 ], [ -0.097391170176562, 51.508223997177105 ], [ -0.097101316300775, 51.508216818620781 ], [ -0.096811462544971, 51.508209639348969 ], [ -0.096521608909163, 51.508202459361655 ], [ -0.096231755393362, 51.50819527865886 ], [ -0.095941901997579, 51.50818809724057 ], [ -0.095652048721828, 51.508180915106784 ], [ -0.095362195566117, 51.508173732257504 ], [ -0.095072342530463, 51.508166548692728 ], [ -0.094782489614875, 51.508159364412471 ], [ -0.094492636819364, 51.508152179416719 ], [ -0.094202784143946, 51.508144993705486 ], [ -0.093912931588629, 51.508137807278757 ], [ -0.093623079153427, 51.508130620136534 ], [ -0.093333226838351, 51.508123432278836 ], [ -0.093043374643411, 51.508116243705651 ], [ -0.092753522568621, 51.508109054416984 ], [ -0.092463670613995, 51.508101864412836 ], [ -0.092173818779541, 51.508094673693179 ], [ -0.091883967065271, 51.50808748225807 ], [ -0.091594115471199, 51.508080290107465 ], [ -0.091304263997338, 51.508073097241372 ], [ -0.091014412643695, 51.508065903659798 ], [ -0.090724561410288, 51.50805870936275 ], [ -0.090434710297124, 51.508051514350228 ], [ -0.090144859304218, 51.508044318622211 ], [ -0.089855008431581, 51.50803712217872 ], [ -0.089565157679224, 51.508029925019756 ], [ -0.089275307047159, 51.508022727145317 ], [ -0.088985456535398, 51.508015528555397 ], [ -0.088695606143954, 51.508008329250003 ], [ -0.088405755872839, 51.508001129229136 ], [ -0.088115905722063, 51.507993928492802 ], [ -0.087826055691638, 51.507986727040979 ], [ -0.087536205781579, 51.50797952487369 ], [ -0.087246355991894, 51.507972321990934 ], [ -0.086956506322598, 51.50796511839269 ], [ -0.086666656773699, 51.507957914078986 ], [ -0.086376807345212, 51.507950709049815 ], [ -0.08608695803715, 51.507943503305164 ], [ -0.085797108849522, 51.507936296845067 ], [ -0.085507259782342, 51.507929089669489 ], [ -0.08521741083562, 51.507921881778429 ], [ -0.084927562009369, 51.507914673171918 ], [ -0.084637713303601, 51.507907463849939 ], [ -0.084347864718328, 51.50790025381248 ], [ -0.084058016253562, 51.507893043059582 ], [ -0.083768167909312, 51.50788583159121 ], [ -0.083478319685595, 51.507878619407379 ], [ -0.083188471582418, 51.507871406508073 ], [ -0.082898623599795, 51.507864192893315 ], [ -0.082608775737739, 51.50785697856309 ], [ -0.082318927996261, 51.507849763517413 ], [ -0.082029080375371, 51.507842547756262 ], [ -0.081739232875085, 51.507835331279651 ], [ -0.081449385495411, 51.507828114087602 ], [ -0.081159538236363, 51.507820896180085 ], [ -0.080869691097953, 51.50781367755711 ], [ -0.080579844080191, 51.507806458218681 ], [ -0.080289997183092, 51.507799238164786 ], [ -0.080000150406665, 51.507792017395452 ], [ -0.080000143836207, 51.508691451447554 ], [ -0.080289990607567, 51.508698672163618 ], [ -0.0805798374996, 51.508705892164251 ], [ -0.080869684512296, 51.508713111449438 ], [ -0.081159531645643, 51.508720330019159 ], [ -0.081449378899627, 51.508727547873441 ], [ -0.081739226274238, 51.508734765012271 ], [ -0.082029073769464, 51.508741981435641 ], [ -0.082318921385293, 51.508749197143558 ], [ -0.082608769121711, 51.50875641213603 ], [ -0.08289861697871, 51.508763626413035 ], [ -0.083188464956275, 51.508770839974588 ], [ -0.083478313054397, 51.508778052820681 ], [ -0.08376816127306, 51.508785264951328 ], [ -0.084058009612255, 51.508792476366509 ], [ -0.084347858071971, 51.508799687066215 ], [ -0.084637706652192, 51.508806897050484 ], [ -0.084927555352911, 51.508814106319292 ], [ -0.085217404174113, 51.508821314872634 ], [ -0.085507253115788, 51.508828522710509 ], [ -0.085797102177921, 51.508835729832924 ], [ -0.086086951360504, 51.50884293623988 ], [ -0.086376800663523, 51.508850141931383 ], [ -0.086666650086967, 51.508857346907405 ], [ -0.086956499630821, 51.508864551167974 ], [ -0.087246349295077, 51.50887175471307 ], [ -0.087536199079723, 51.508878957542706 ], [ -0.087826048984743, 51.508886159656875 ], [ -0.08811589901013, 51.508893361055563 ], [ -0.08840574915587, 51.508900561738791 ], [ -0.088695599421952, 51.508907761706553 ], [ -0.08898544980836, 51.50891496095884 ], [ -0.089275300315089, 51.508922159495661 ], [ -0.089565150942121, 51.508929357317015 ], [ -0.089855001689447, 51.508936554422895 ], [ -0.090144852557056, 51.508943750813295 ], [ -0.090434703544934, 51.508950946488234 ], [ -0.090724554653072, 51.508958141447678 ], [ -0.091014405881452, 51.50896533569167 ], [ -0.091304257230068, 51.508972529220173 ], [ -0.091594108698908, 51.508979722033203 ], [ -0.091883960287955, 51.508986914130766 ], [ -0.092173811997202, 51.508994105512848 ], [ -0.092463663826637, 51.509001296179441 ], [ -0.092753515776245, 51.509008486130568 ], [ -0.093043367846015, 51.5090156753662 ], [ -0.093333220035938, 51.509022863886372 ], [ -0.093623072345999, 51.509030051691049 ], [ -0.093912924776187, 51.509037238780252 ], [ -0.09420277732649, 51.509044425153974 ], [ -0.094492629996897, 51.509051610812207 ], [ -0.094782482787395, 51.509058795754953 ], [ -0.095072335697972, 51.509065979982218 ], [ -0.095362188728617, 51.509073163494001 ], [ -0.095652041879319, 51.509080346290297 ], [ -0.095941895150062, 51.509087528371111 ], [ -0.09623174854084, 51.509094709736431 ], [ -0.096521602051637, 51.509101890386269 ], [ -0.096811455682443, 51.509109070320619 ], [ -0.097101309433243, 51.509116249539467 ], [ -0.097391163304029, 51.509123428042834 ], [ -0.097681017294787, 51.509130605830727 ], [ -0.097970871405504, 51.50913778290311 ], [ -0.098260725636173, 51.509144959259991 ], [ -0.098550579986778, 51.509152134901399 ], [ -0.098840434457308, 51.509159309827304 ], [ -0.099130289047749, 51.509166484037728 ], [ -0.099420143758093, 51.509173657532642 ], [ -0.099709998588326, 51.509180830312069 ], [ -0.099999853538434, 51.509188002376 ], [ -0.10028970860841, 51.509195173724429 ], [ -0.10057956379824, 51.509202344357362 ], [ -0.100869419107911, 51.509209514274801 ], [ -0.10115927453741, 51.509216683476737 ], [ -0.101449130086729, 51.509223851963178 ], [ -0.101738985755853, 51.509231019734123 ], [ -0.102028841544772, 51.509238186789553 ], [ -0.102318697453472, 51.509245353129501 ], [ -0.102608553481944, 51.509252518753925 ], [ -0.102898409630174, 51.509259683662854 ], [ -0.103188265898149, 51.509266847856281 ], [ -0.103478122285859, 51.509274011334213 ], [ -0.103767978793293, 51.509281174096635 ], [ -0.104057835420438, 51.509288336143541 ], [ -0.10434769216728, 51.509295497474945 ], [ -0.104637549033811, 51.509302658090846 ], [ -0.104927406020016, 51.509309817991237 ], [ -0.105217263125884, 51.50931697717612 ], [ -0.105507120351404, 51.5093241356455 ], [ -0.105796977696565, 51.509331293399363 ], [ -0.106086835161352, 51.509338450437717 ], [ -0.106376692745754, 51.509345606760562 ], [ -0.106666550449761, 51.50935276236789 ], [ -0.10695640827336, 51.509359917259708 ], [ -0.107246266216537, 51.509367071436017 ], [ -0.107536124279284, 51.50937422489681 ], [ -0.107825982461588, 51.509381377642079 ], [ -0.108115840763436, 51.509388529671838 ], [ -0.108405699184814, 51.509395680986081 ], [ -0.108695557725715, 51.509402831584822 ], [ -0.108985416386124, 51.509409981468032 ], [ -0.109275275166029, 51.509417130635718 ], [ -0.10956513406542, 51.509424279087902 ], [ -0.109854993084284, 51.509431426824555 ], [ -0.110144852222609, 51.509438573845685 ], [ -0.110434711480382, 51.509445720151305 ], [ -0.110724570857592, 51.509452865741395 ], [ -0.11101443035423, 51.509460010615967 ], [ -0.111304289970279, 51.50946715477501 ], [ -0.111594149705732, 51.509474298218528 ], [ -0.111884009560573, 51.50948144094653 ], [ -0.112173869534792, 51.509488582959023 ], [ -0.112463729628375, 51.509495724255963 ], [ -0.112753589841316, 51.509502864837387 ], [ -0.113043450173598, 51.509510004703287 ], [ -0.11333331062521, 51.50951714385365 ], [ -0.113623171196139, 51.509524282288496 ], [ -0.113913031886376, 51.509531420007796 ], [ -0.114202892695906, 51.509538557011588 ], [ -0.11449275362472, 51.509545693299835 ], [ -0.114782614672804, 51.509552828872557 ], [ -0.115072475840148, 51.509559963729743 ], [ -0.115362337126738, 51.509567097871404 ], [ -0.115652198532563, 51.509574231297513 ], [ -0.115942060057611, 51.509581364008099 ], [ -0.116231921701872, 51.509588496003168 ], [ -0.11652178346533, 51.509595627282678 ], [ -0.116811645347977, 51.509602757846672 ], [ -0.1171015073498, 51.509609887695113 ], [ -0.117391369470785, 51.509617016828031 ], [ -0.117681231710922, 51.509624145245404 ], [ -0.117971094070201, 51.509631272947217 ], [ -0.118260956548608, 51.509638399933522 ], [ -0.118550819146129, 51.509645526204274 ], [ -0.118840681862756, 51.509652651759481 ], [ -0.119130544698474, 51.509659776599158 ], [ -0.119420407653273, 51.509666900723282 ], [ -0.11971027072714, 51.509674024131868 ], [ -0.120000133920065, 51.509681146824903 ], [ -0.120000125953245, 51.510580573455485 ], [ -0.119710262765164, 51.510573450814981 ], [ -0.11942039969614, 51.510566327458939 ], [ -0.119130536746187, 51.510559203387359 ], [ -0.118840673915314, 51.510552078600256 ], [ -0.118550811203534, 51.510544953097614 ], [ -0.118260948610861, 51.510537826879421 ], [ -0.117971086137305, 51.510530699945704 ], [ -0.117681223782877, 51.510523572296457 ], [ -0.117391361547591, 51.510516443931671 ], [ -0.117101499431457, 51.510509314851355 ], [ -0.11681163743449, 51.5105021850555 ], [ -0.116521775556699, 51.510495054544123 ], [ -0.116231913798094, 51.510487923317207 ], [ -0.115942052158692, 51.510480791374768 ], [ -0.115652190638502, 51.510473658716791 ], [ -0.115362329237536, 51.510466525343297 ], [ -0.115072467955807, 51.510459391254265 ], [ -0.114782606793326, 51.51045225644971 ], [ -0.114492745750104, 51.510445120929631 ], [ -0.114202884826155, 51.510437984694022 ], [ -0.113913024021489, 51.510430847742889 ], [ -0.113623163336117, 51.510423710076239 ], [ -0.113333302770055, 51.510416571694051 ], [ -0.113043442323312, 51.510409432596347 ], [ -0.112753581995901, 51.51040229278312 ], [ -0.112463721787833, 51.510395152254382 ], [ -0.112173861699118, 51.510388011010107 ], [ -0.111884001729773, 51.510380869050316 ], [ -0.111594141879806, 51.510373726375008 ], [ -0.111304282149228, 51.510366582984176 ], [ -0.111014422538056, 51.510359438877835 ], [ -0.110724563046298, 51.51035229405597 ], [ -0.110434703673964, 51.510345148518589 ], [ -0.11014484442107, 51.510338002265691 ], [ -0.109854985287628, 51.510330855297276 ], [ -0.109565126273645, 51.510323707613352 ], [ -0.109275267379137, 51.510316559213912 ], [ -0.108985408604117, 51.510309410098955 ], [ -0.108695549948592, 51.510302260268489 ], [ -0.108405691412579, 51.510295109722506 ], [ -0.108115832996086, 51.510287958461014 ], [ -0.107825974699128, 51.510280806484019 ], [ -0.107536116521716, 51.510273653791501 ], [ -0.107246258463859, 51.510266500383487 ], [ -0.106956400525572, 51.51025934625995 ], [ -0.106666542706867, 51.510252191420911 ], [ -0.106376685007755, 51.510245035866369 ], [ -0.106086827428247, 51.510237879596311 ], [ -0.105796969968357, 51.510230722610757 ], [ -0.105507112628094, 51.510223564909694 ], [ -0.105217255407474, 51.510216406493129 ], [ -0.104927398306505, 51.510209247361061 ], [ -0.1046375413252, 51.510202087513484 ], [ -0.104347684463573, 51.510194926950405 ], [ -0.104057827721632, 51.51018776567183 ], [ -0.103767971099393, 51.510180603677739 ], [ -0.103478114596866, 51.510173440968167 ], [ -0.103188258214061, 51.510166277543085 ], [ -0.102898401950993, 51.510159113402509 ], [ -0.102608545807672, 51.510151948546437 ], [ -0.102318689784111, 51.510144782974855 ], [ -0.102028833880322, 51.510137616687778 ], [ -0.101738978096318, 51.510130449685207 ], [ -0.101449122432105, 51.510123281967154 ], [ -0.101159266887702, 51.510116113533599 ], [ -0.100869411463117, 51.510108944384541 ], [ -0.100579556158362, 51.510101774519988 ], [ -0.100289700973452, 51.510094603939955 ], [ -0.099999845908395, 51.510087432644426 ], [ -0.099709990963205, 51.510080260633401 ], [ -0.099420136137894, 51.510073087906889 ], [ -0.099130281432473, 51.510065914464896 ], [ -0.098840426846955, 51.510058740307393 ], [ -0.09855057238135, 51.510051565434409 ], [ -0.098260718035671, 51.510044389845945 ], [ -0.09797086380993, 51.510037213541985 ], [ -0.097681009704141, 51.510030036522544 ], [ -0.09739115571831, 51.510022858787622 ], [ -0.097101301852456, 51.510015680337212 ], [ -0.096811448106586, 51.510008501171306 ], [ -0.096521594480713, 51.510001321289927 ], [ -0.09623174097485, 51.509994140693053 ], [ -0.095941887589009, 51.509986959380704 ], [ -0.0956520343232, 51.509979777352875 ], [ -0.095362181177435, 51.509972594609572 ], [ -0.095072328151729, 51.50996541115078 ], [ -0.09478247524609, 51.509958226976508 ], [ -0.094492622460534, 51.509951042086762 ], [ -0.094202769795068, 51.50994385648152 ], [ -0.093912917249707, 51.509936670160819 ], [ -0.093623064824463, 51.509929483124644 ], [ -0.093333212519347, 51.509922295372988 ], [ -0.093043360334372, 51.509915106905844 ], [ -0.092753508269548, 51.50990791772324 ], [ -0.092463656324887, 51.509900727825155 ], [ -0.092173804500404, 51.509893537211596 ], [ -0.091883952796108, 51.50988634588257 ], [ -0.091594101212009, 51.509879153838064 ], [ -0.091304249748125, 51.509871961078098 ], [ -0.091014398404463, 51.50986476760265 ], [ -0.090724547181036, 51.509857573411743 ], [ -0.090434696077857, 51.509850378505355 ], [ -0.090144845094935, 51.509843182883507 ], [ -0.089854994232285, 51.509835986546193 ], [ -0.08956514348992, 51.509828789493397 ], [ -0.089275292867846, 51.509821591725142 ], [ -0.088985442366082, 51.509814393241427 ], [ -0.088695591984635, 51.509807194042246 ], [ -0.088405741723517, 51.509799994127604 ], [ -0.088115891582744, 51.509792793497482 ], [ -0.087826041562324, 51.509785592151914 ], [ -0.087536191662269, 51.509778390090872 ], [ -0.087246341882593, 51.509771187314378 ], [ -0.086956492223308, 51.509763983822417 ], [ -0.086666642684421, 51.509756779614996 ], [ -0.086376793265952, 51.509749574692108 ], [ -0.086086943967906, 51.509742369053782 ], [ -0.085797094790298, 51.509735162699975 ], [ -0.08550724573314, 51.509727955630723 ], [ -0.085217396796441, 51.509720747846004 ], [ -0.084927547980217, 51.509713539345846 ], [ -0.084637699284478, 51.509706330130228 ], [ -0.084347850709236, 51.509699120199151 ], [ -0.084058002254502, 51.509691909552622 ], [ -0.08376815392029, 51.509684698190632 ], [ -0.083478305706608, 51.509677486113198 ], [ -0.083188457613473, 51.509670273320303 ], [ -0.082898609640893, 51.50966305981197 ], [ -0.082608761788881, 51.509655845588178 ], [ -0.08231891405745, 51.50964863064894 ], [ -0.08202906644661, 51.509641414994242 ], [ -0.081739218956375, 51.509634198624106 ], [ -0.081449371586756, 51.509626981538517 ], [ -0.081159524337762, 51.50961976373749 ], [ -0.08086967720941, 51.509612545221003 ], [ -0.080579830201709, 51.509605325989078 ], [ -0.080289983314672, 51.509598106041707 ], [ -0.080000136548309, 51.509590885378891 ], [ -0.080000128542939, 51.5104903191895 ], [ -0.080289975304374, 51.51049753979904 ], [ -0.080579822186488, 51.510504759693156 ], [ -0.080869669189264, 51.510511978871818 ], [ -0.081159516312695, 51.510519197335043 ], [ -0.081449363556765, 51.510526415082829 ], [ -0.081739210921463, 51.510533632115177 ], [ -0.08202905840678, 51.510540848432079 ], [ -0.082318906012702, 51.510548064033536 ], [ -0.082608753739216, 51.510555278919554 ], [ -0.082898601586312, 51.510562493090127 ], [ -0.083188449553977, 51.51056970654524 ], [ -0.083478297642199, 51.510576919284922 ], [ -0.083768145850968, 51.510584131309152 ], [ -0.084057994180269, 51.510591342617943 ], [ -0.084347842630092, 51.510598553211281 ], [ -0.084637691200425, 51.510605763089174 ], [ -0.084927539891257, 51.510612972251607 ], [ -0.085217388702575, 51.510620180698595 ], [ -0.085507237634367, 51.510627388430123 ], [ -0.085797086686621, 51.510634595446213 ], [ -0.086086935859325, 51.51064180174685 ], [ -0.086376785152468, 51.510649007332034 ], [ -0.086666634566037, 51.510656212201759 ], [ -0.086956484100023, 51.510663416356032 ], [ -0.087246333754409, 51.510670619794851 ], [ -0.087536183529188, 51.510677822518211 ], [ -0.087826033424345, 51.510685024526126 ], [ -0.08811588343987, 51.510692225818566 ], [ -0.08840573357575, 51.510699426395554 ], [ -0.088695583831974, 51.51070662625709 ], [ -0.088985434208529, 51.510713825403165 ], [ -0.089275284705403, 51.510721023833774 ], [ -0.089565135322585, 51.510728221548931 ], [ -0.089854986060063, 51.51073541854862 ], [ -0.090144836917826, 51.510742614832843 ], [ -0.09043468789586, 51.51074981040162 ], [ -0.090724538994154, 51.510757005254924 ], [ -0.091014390212697, 51.51076419939276 ], [ -0.091304241551476, 51.510771392815137 ], [ -0.09159409301048, 51.51077858552204 ], [ -0.091883944589696, 51.51078577751349 ], [ -0.092173796289112, 51.510792968789467 ], [ -0.092463648108718, 51.510800159349969 ], [ -0.092753500048501, 51.510807349195019 ], [ -0.093043352108449, 51.510814538324588 ], [ -0.093333204288549, 51.510821726738691 ], [ -0.093623056588791, 51.510828914437319 ], [ -0.093912909009162, 51.510836101420487 ], [ -0.09420276154965, 51.510843287688168 ], [ -0.094492614210245, 51.510850473240382 ], [ -0.094782466990933, 51.510857658077136 ], [ -0.095072319891703, 51.510864842198409 ], [ -0.095362172912542, 51.510872025604201 ], [ -0.095652026053442, 51.510879208294526 ], [ -0.095941879314385, 51.510886390269363 ], [ -0.096231732695363, 51.51089357152874 ], [ -0.096521586196363, 51.510900752072629 ], [ -0.096811439817374, 51.510907931901038 ], [ -0.097101293558384, 51.510915111013972 ], [ -0.09739114741938, 51.510922289411447 ], [ -0.09768100140035, 51.510929467093419 ], [ -0.097970855501283, 51.51093664405991 ], [ -0.098260709722169, 51.510943820310921 ], [ -0.098550564062992, 51.51095099584645 ], [ -0.098840418523742, 51.510958170666505 ], [ -0.099130273104409, 51.510965344771073 ], [ -0.099420127804978, 51.510972518160152 ], [ -0.099709982625439, 51.51097969083375 ], [ -0.099999837565779, 51.51098686279186 ], [ -0.100289692625988, 51.510994034034489 ], [ -0.100579547806051, 51.51100120456163 ], [ -0.100869403105961, 51.511008374373276 ], [ -0.101159258525701, 51.511015543469433 ], [ -0.101449114065261, 51.51102271185011 ], [ -0.101738969724629, 51.511029879515306 ], [ -0.102028825503794, 51.511037046464985 ], [ -0.102318681402743, 51.511044212699204 ], [ -0.102608537421465, 51.511051378217914 ], [ -0.102898393559948, 51.511058543021129 ], [ -0.103188249818178, 51.511065707108855 ], [ -0.103478106196147, 51.511072870481094 ], [ -0.10376796269384, 51.51108003313783 ], [ -0.104057819311247, 51.511087195079064 ], [ -0.104347676048354, 51.511094356304817 ], [ -0.104637532905151, 51.511101516815067 ], [ -0.104927389881625, 51.511108676609823 ], [ -0.105217246977765, 51.511115835689075 ], [ -0.105507104193558, 51.511122994052826 ], [ -0.105796961528993, 51.511130151701096 ], [ -0.106086818984059, 51.511137308633842 ], [ -0.106376676558741, 51.511144464851107 ], [ -0.10666653425303, 51.511151620352862 ], [ -0.106956392066914, 51.511158775139116 ], [ -0.10724625000038, 51.511165929209866 ], [ -0.107536108053416, 51.511173082565115 ], [ -0.107825966226008, 51.511180235204861 ], [ -0.10811582451815, 51.511187387129098 ], [ -0.108405682929826, 51.511194538337826 ], [ -0.108695541461024, 51.511201688831058 ], [ -0.108985400111733, 51.511208838608781 ], [ -0.109275258881942, 51.511215987670987 ], [ -0.109565117771636, 51.511223136017698 ], [ -0.109854976780808, 51.511230283648892 ], [ -0.110144835909441, 51.511237430564584 ], [ -0.110434695157527, 51.51124457676476 ], [ -0.110724554525051, 51.511251722249419 ], [ -0.111014414012005, 51.511258867018569 ], [ -0.111304273618373, 51.511266011072216 ], [ -0.111594133344145, 51.511273154410347 ], [ -0.111883993189309, 51.511280297032968 ], [ -0.112173853153853, 51.511287438940066 ], [ -0.112463713237765, 51.511294580131654 ], [ -0.112753573441035, 51.511301720607712 ], [ -0.113043433763648, 51.511308860368274 ], [ -0.113333294205593, 51.511315999413306 ], [ -0.113623154766859, 51.511323137742821 ], [ -0.113913015447434, 51.511330275356812 ], [ -0.114202876247306, 51.511337412255301 ], [ -0.114492737166462, 51.511344548438259 ], [ -0.114782598204892, 51.511351683905701 ], [ -0.115072459362582, 51.511358818657619 ], [ -0.115362320639522, 51.511365952694007 ], [ -0.115652182035699, 51.511373086014885 ], [ -0.115942043551102, 51.511380218620239 ], [ -0.116231905185718, 51.51138735051007 ], [ -0.116521766939537, 51.51139448168437 ], [ -0.116811628812544, 51.511401612143146 ], [ -0.11710149080473, 51.511408741886392 ], [ -0.11739135291608, 51.511415870914128 ], [ -0.117681215146587, 51.511422999226326 ], [ -0.117971077496234, 51.51143012682298 ], [ -0.118260939965012, 51.511437253704123 ], [ -0.118550802552908, 51.511444379869729 ], [ -0.118840665259911, 51.511451505319805 ], [ -0.119130528086008, 51.511458630054356 ], [ -0.119420391031188, 51.511465754073377 ], [ -0.119710254095439, 51.511472877376868 ], [ -0.120000117278749, 51.51147999996482 ], [ -0.120000107896551, 51.512379426352908 ], [ -0.119710244717942, 51.512372303817507 ], [ -0.119420381658393, 51.512365180566576 ], [ -0.119130518717915, 51.512358056600121 ], [ -0.118840655896522, 51.512350931918135 ], [ -0.118550793194224, 51.512343806520633 ], [ -0.118260930611034, 51.5123366804076 ], [ -0.117971068146963, 51.51232955357905 ], [ -0.117681205802025, 51.512322426034963 ], [ -0.117391343576228, 51.512315297775366 ], [ -0.117101481469588, 51.512308168800239 ], [ -0.116811619482115, 51.512301039109587 ], [ -0.11652175761382, 51.51229390870342 ], [ -0.116231895864717, 51.512286777581721 ], [ -0.115942034234815, 51.512279645744528 ], [ -0.115652172724129, 51.512272513191796 ], [ -0.11536231133267, 51.512265379923548 ], [ -0.115072450060449, 51.512258245939783 ], [ -0.114782588907477, 51.512251111240502 ], [ -0.114492727873769, 51.512243975825719 ], [ -0.114202866959335, 51.512236839695404 ], [ -0.113913006164186, 51.512229702849581 ], [ -0.113623145488335, 51.512222565288241 ], [ -0.113333284931795, 51.512215427011391 ], [ -0.113043424494575, 51.512208288019032 ], [ -0.11275356417669, 51.512201148311156 ], [ -0.112463703978151, 51.512194007887757 ], [ -0.112173843898967, 51.51218686674887 ], [ -0.111883983939155, 51.512179724894459 ], [ -0.111594124098722, 51.512172582324538 ], [ -0.111304264377683, 51.512165439039116 ], [ -0.11101440477605, 51.512158295038184 ], [ -0.110724545293833, 51.512151150321742 ], [ -0.110434685931043, 51.512144004889798 ], [ -0.110144826687697, 51.512136858742345 ], [ -0.109854967563801, 51.512129711879396 ], [ -0.109565108559372, 51.512122564300924 ], [ -0.109275249674417, 51.512115416006964 ], [ -0.10898539090895, 51.512108266997501 ], [ -0.108695532262986, 51.512101117272529 ], [ -0.108405673736531, 51.512093966832055 ], [ -0.1081158153296, 51.512086815676085 ], [ -0.107825957042208, 51.512079663804613 ], [ -0.10753609887436, 51.512072511217639 ], [ -0.107246240826073, 51.512065357915162 ], [ -0.106956382897359, 51.512058203897197 ], [ -0.106666525088226, 51.51205104916373 ], [ -0.106376667398688, 51.512043893714761 ], [ -0.10608680982876, 51.512036737550304 ], [ -0.10579695237845, 51.512029580670351 ], [ -0.105507095047769, 51.512022423074903 ], [ -0.105217237836734, 51.512015264763967 ], [ -0.104927380745352, 51.512008105737529 ], [ -0.104637523773636, 51.512000945995595 ], [ -0.1043476669216, 51.511993785538181 ], [ -0.104057810189254, 51.511986624365264 ], [ -0.103767953576609, 51.511979462476859 ], [ -0.103478097083681, 51.511972299872966 ], [ -0.103188240710476, 51.511965136553584 ], [ -0.102898384457012, 51.511957972518715 ], [ -0.102608528323297, 51.511950807768358 ], [ -0.102318672309342, 51.511943642302512 ], [ -0.102028816415163, 51.511936476121178 ], [ -0.101738960640767, 51.511929309224364 ], [ -0.101449104986169, 51.511922141612061 ], [ -0.101159249451382, 51.511914973284277 ], [ -0.100869394036416, 51.511907804241005 ], [ -0.100579538741282, 51.511900634482252 ], [ -0.100289683565996, 51.511893464008011 ], [ -0.099999828510563, 51.511886292818303 ], [ -0.099709973575, 51.511879120913107 ], [ -0.099420118759319, 51.511871948292416 ], [ -0.09913026406353, 51.511864774956265 ], [ -0.098840409487645, 51.511857600904634 ], [ -0.098550555031678, 51.511850426137521 ], [ -0.098260700695638, 51.51184325065492 ], [ -0.097970846479537, 51.511836074456859 ], [ -0.09768099238339, 51.511828897543303 ], [ -0.097391138407207, 51.511821719914288 ], [ -0.097101284550999, 51.511814541569791 ], [ -0.09681143081478, 51.511807362509821 ], [ -0.09652157719856, 51.51180018273439 ], [ -0.096231723702352, 51.511793002243465 ], [ -0.095941870326166, 51.51178582103708 ], [ -0.095652017070015, 51.511778639115221 ], [ -0.095362163933914, 51.511771456477895 ], [ -0.09507231091787, 51.511764273125095 ], [ -0.094782458021897, 51.511757089056822 ], [ -0.094492605246008, 51.511749904273088 ], [ -0.094202752590213, 51.511742718773888 ], [ -0.093912900054525, 51.511735532559221 ], [ -0.093623047638956, 51.511728345629088 ], [ -0.093333195343516, 51.511721157983473 ], [ -0.093043343168219, 51.511713969622413 ], [ -0.092753491113078, 51.511706780545879 ], [ -0.092463639178101, 51.511699590753885 ], [ -0.092173787363302, 51.511692400246424 ], [ -0.091883935668696, 51.511685209023504 ], [ -0.091594084094288, 51.511678017085124 ], [ -0.091304232640096, 51.511670824431285 ], [ -0.09101438130613, 51.511663631061971 ], [ -0.090724530092399, 51.511656436977212 ], [ -0.090434678998919, 51.511649242176993 ], [ -0.090144828025702, 51.511642046661308 ], [ -0.089854977172755, 51.511634850430177 ], [ -0.089565126440097, 51.511627653483586 ], [ -0.089275275827732, 51.511620455821536 ], [ -0.088985425335677, 51.511613257444033 ], [ -0.088695574963945, 51.51160605835107 ], [ -0.088405724712543, 51.511598858542655 ], [ -0.088115874581485, 51.511591658018787 ], [ -0.087826024570786, 51.511584456779467 ], [ -0.087536174680455, 51.511577254824694 ], [ -0.087246324910502, 51.511570052154475 ], [ -0.086956475260944, 51.511562848768804 ], [ -0.086666625731788, 51.511555644667681 ], [ -0.086376776323047, 51.511548439851119 ], [ -0.086086927034737, 51.511541234319097 ], [ -0.085797077866864, 51.51153402807163 ], [ -0.085507228819442, 51.51152682110871 ], [ -0.085217379892486, 51.511519613430352 ], [ -0.084927531086005, 51.511512405036548 ], [ -0.084637682400009, 51.511505195927292 ], [ -0.084347833834515, 51.511497986102604 ], [ -0.08405798538953, 51.511490775562464 ], [ -0.083768137065067, 51.511483564306886 ], [ -0.083478288861142, 51.511476352335855 ], [ -0.083188440777762, 51.511469139649392 ], [ -0.082898592814941, 51.511461926247492 ], [ -0.08260874497269, 51.511454712130138 ], [ -0.082318897251022, 51.511447497297347 ], [ -0.082029049649949, 51.511440281749131 ], [ -0.08173920216948, 51.51143306548547 ], [ -0.081449354809629, 51.511425848506363 ], [ -0.08115950757041, 51.511418630811839 ], [ -0.080869660451831, 51.511411412401877 ], [ -0.080579813453907, 51.511404193276455 ], [ -0.080289966576649, 51.511396973435609 ], [ -0.080000119820067, 51.511389752879346 ], [ -0.08000011037967, 51.512289186448442 ], [ -0.080289957131466, 51.512296406951442 ], [ -0.080579804003944, 51.512303626739012 ], [ -0.080869650997086, 51.512310845811157 ], [ -0.081159498110883, 51.512318064167864 ], [ -0.081449345345323, 51.512325281809147 ], [ -0.081739192700396, 51.512332498734992 ], [ -0.082029040176085, 51.512339714945412 ], [ -0.082318887772383, 51.512346930440401 ], [ -0.082608735489277, 51.512354145219945 ], [ -0.082898583326753, 51.512361359284071 ], [ -0.083188431284802, 51.512368572632752 ], [ -0.08347827936341, 51.512375785265988 ], [ -0.083768127562566, 51.512382997183806 ], [ -0.084057975882259, 51.512390208386179 ], [ -0.084347824322474, 51.512397418873128 ], [ -0.084637672883204, 51.51240462864461 ], [ -0.084927521564431, 51.512411837700682 ], [ -0.085217370366147, 51.512419046041295 ], [ -0.085507219288343, 51.512426253666476 ], [ -0.085797068330999, 51.512433460576226 ], [ -0.08608691749411, 51.512440666770516 ], [ -0.086376766777661, 51.512447872249368 ], [ -0.086666616181643, 51.512455077012774 ], [ -0.08695646570604, 51.512462281060749 ], [ -0.087246315350842, 51.512469484393272 ], [ -0.087536165116038, 51.512476687010349 ], [ -0.087826015001615, 51.51248388891198 ], [ -0.088115865007561, 51.512491090098166 ], [ -0.088405715133866, 51.5124982905689 ], [ -0.088695565380516, 51.512505490324195 ], [ -0.0889854157475, 51.512512689364037 ], [ -0.089275266234805, 51.512519887688434 ], [ -0.089565116842421, 51.512527085297371 ], [ -0.089854967570334, 51.512534282190863 ], [ -0.090144818418533, 51.51254147836891 ], [ -0.090434669387007, 51.512548673831496 ], [ -0.090724520475745, 51.51255586857863 ], [ -0.091014371684733, 51.512563062610319 ], [ -0.091304223013958, 51.512570255926541 ], [ -0.091594074463412, 51.512577448527303 ], [ -0.091883926033078, 51.512584640412634 ], [ -0.092173777722949, 51.512591831582483 ], [ -0.092463629533009, 51.512599022036895 ], [ -0.09275348146325, 51.512606211775832 ], [ -0.093043333513659, 51.512613400799331 ], [ -0.093333185684221, 51.512620589107364 ], [ -0.093623037974929, 51.512627776699922 ], [ -0.093912890385767, 51.512634963577042 ], [ -0.094202742916725, 51.512642149738689 ], [ -0.094492595567791, 51.512649335184875 ], [ -0.094782448338953, 51.512656519915595 ], [ -0.095072301230199, 51.512663703930848 ], [ -0.095362154241517, 51.512670887230648 ], [ -0.095652007372897, 51.512678069814982 ], [ -0.095941860624323, 51.512685251683855 ], [ -0.096231713995786, 51.512692432837248 ], [ -0.096521567487275, 51.512699613275181 ], [ -0.096811421098776, 51.512706792997648 ], [ -0.097101274830276, 51.512713972004647 ], [ -0.097391128681765, 51.51272115029618 ], [ -0.097680982653234, 51.512728327872246 ], [ -0.097970836744666, 51.512735504732831 ], [ -0.098260690956052, 51.512742680877949 ], [ -0.098550545287378, 51.5127498563076 ], [ -0.098840399738635, 51.512757031021778 ], [ -0.099130254309808, 51.512764205020481 ], [ -0.099420109000888, 51.512771378303711 ], [ -0.099709963811862, 51.51277855087146 ], [ -0.099999818742717, 51.512785722723748 ], [ -0.100289673793441, 51.512792893860549 ], [ -0.100579528964026, 51.512800064281876 ], [ -0.100869384254454, 51.512807233987729 ], [ -0.101159239664717, 51.512814402978101 ], [ -0.101449095194804, 51.512821571252985 ], [ -0.101738950844701, 51.512828738812424 ], [ -0.102028806614396, 51.512835905656353 ], [ -0.102318662503877, 51.512843071784808 ], [ -0.102608518513135, 51.512850237197775 ], [ -0.102898374642154, 51.512857401895275 ], [ -0.103188230890924, 51.512864565877287 ], [ -0.103478087259433, 51.512871729143811 ], [ -0.103767943747671, 51.512878891694861 ], [ -0.104057800355623, 51.512886053530416 ], [ -0.104347657083279, 51.512893214650497 ], [ -0.104637513930628, 51.512900375055075 ], [ -0.104927370897653, 51.512907534744187 ], [ -0.105217227984348, 51.512914693717804 ], [ -0.105507085190701, 51.512921851975918 ], [ -0.105796942516695, 51.512929009518558 ], [ -0.10608679996232, 51.512936166345703 ], [ -0.106376657527567, 51.512943322457367 ], [ -0.106666515212424, 51.512950477853529 ], [ -0.106956373016875, 51.51295763253421 ], [ -0.10724623094091, 51.512964786499388 ], [ -0.107536088984521, 51.512971939749086 ], [ -0.10782594714769, 51.512979092283274 ], [ -0.108115805430408, 51.512986244101974 ], [ -0.108405663832663, 51.512993395205186 ], [ -0.108695522354445, 51.513000545592895 ], [ -0.108985380995738, 51.513007695265109 ], [ -0.109275239756531, 51.513014844221836 ], [ -0.109565098636817, 51.513021992463052 ], [ -0.109854957636578, 51.513029139988781 ], [ -0.110144816755805, 51.513036286799 ], [ -0.110434675994485, 51.513043432893724 ], [ -0.11072453535261, 51.51305057827296 ], [ -0.111014394830161, 51.513057722936672 ], [ -0.111304254427131, 51.513064866884889 ], [ -0.111594114143509, 51.513072010117611 ], [ -0.11188397397928, 51.513079152634823 ], [ -0.112173833934432, 51.513086294436548 ], [ -0.112463694008955, 51.513093435522741 ], [ -0.112753554202839, 51.513100575893439 ], [ -0.113043414516067, 51.513107715548642 ], [ -0.113333274948631, 51.513114854488336 ], [ -0.113623135500517, 51.513121992712506 ], [ -0.113912996171714, 51.513129130221181 ], [ -0.114202856962211, 51.513136267014346 ], [ -0.114492717871993, 51.513143403092009 ], [ -0.114782578901053, 51.513150538454141 ], [ -0.115072440049375, 51.513157673100785 ], [ -0.115362301316948, 51.513164807031906 ], [ -0.115652162703762, 51.513171940247517 ], [ -0.115942024209801, 51.513179072747612 ], [ -0.116231885835058, 51.513186204532204 ], [ -0.11652174757952, 51.513193335601279 ], [ -0.116811609443172, 51.513200465954831 ], [ -0.117101471426004, 51.51320759559286 ], [ -0.117391333528005, 51.513214724515393 ], [ -0.117681195749163, 51.513221852722403 ], [ -0.117971058089464, 51.513228980213896 ], [ -0.118260920548897, 51.513236106989865 ], [ -0.118550783127454, 51.513243233050311 ], [ -0.118840645825116, 51.513250358395247 ], [ -0.119130508641876, 51.513257483024653 ], [ -0.119420371577721, 51.513264606938556 ], [ -0.119710234632639, 51.513271730136921 ], [ -0.120000097806619, 51.513278852619763 ], [ -0.120000087008929, 51.514178278765385 ], [ -0.119710223839507, 51.514171156335088 ], [ -0.11942036078915, 51.514164033189296 ], [ -0.119130497857864, 51.514156909327966 ], [ -0.118840635045667, 51.514149784751126 ], [ -0.118550772352566, 51.514142659458777 ], [ -0.118260909778576, 51.514135533450897 ], [ -0.117971047323707, 51.514128406727522 ], [ -0.117681184987972, 51.514121279288631 ], [ -0.117391322771384, 51.514114151134223 ], [ -0.117101460673953, 51.514107022264298 ], [ -0.116811598695689, 51.514099892678871 ], [ -0.116521736836609, 51.514092762377935 ], [ -0.11623187509672, 51.514085631361489 ], [ -0.115942013476037, 51.51407849962952 ], [ -0.11565215197457, 51.514071367182055 ], [ -0.115362290592332, 51.514064234019081 ], [ -0.115072429329335, 51.514057100140604 ], [ -0.114782568185591, 51.514049965546612 ], [ -0.114492707161111, 51.514042830237123 ], [ -0.114202846255908, 51.514035694212126 ], [ -0.113912985469993, 51.514028557471619 ], [ -0.113623124803377, 51.514021420015617 ], [ -0.113333264256074, 51.514014281844105 ], [ -0.113043403828095, 51.514007142957105 ], [ -0.112753543519452, 51.514000003354589 ], [ -0.112463683330158, 51.513992863036577 ], [ -0.112173823260222, 51.513985722003063 ], [ -0.111883963309659, 51.513978580254047 ], [ -0.111594103478478, 51.513971437789543 ], [ -0.111304243766693, 51.513964294609529 ], [ -0.111014384174314, 51.513957150714027 ], [ -0.110724524701355, 51.513950006103023 ], [ -0.110434665347826, 51.513942860776517 ], [ -0.110144806113741, 51.513935714734536 ], [ -0.109854946999111, 51.51392856797704 ], [ -0.109565088003947, 51.513921420504069 ], [ -0.109275229128262, 51.513914272315581 ], [ -0.108985370372067, 51.513907123411634 ], [ -0.108695511735375, 51.513899973792164 ], [ -0.108405653218198, 51.513892823457219 ], [ -0.108115794820545, 51.513885672406779 ], [ -0.107825936542431, 51.513878520640844 ], [ -0.107536078383868, 51.513871368159421 ], [ -0.107246220344867, 51.513864214962517 ], [ -0.106956362425438, 51.513857061050132 ], [ -0.106666504625596, 51.513849906422244 ], [ -0.106376646945351, 51.513842751078883 ], [ -0.106086789384716, 51.513835595020034 ], [ -0.105796931943701, 51.513828438245689 ], [ -0.105507074622321, 51.513821280755863 ], [ -0.105217217420585, 51.513814122550563 ], [ -0.104927360338506, 51.513806963629776 ], [ -0.104637503376095, 51.513799803993507 ], [ -0.104347646533367, 51.513792643641757 ], [ -0.104057789810329, 51.513785482574526 ], [ -0.103767933206998, 51.513778320791815 ], [ -0.103478076723382, 51.513771158293629 ], [ -0.103188220359495, 51.513763995079948 ], [ -0.102898364115348, 51.513756831150801 ], [ -0.102608507990954, 51.513749666506179 ], [ -0.102318651986324, 51.513742501146083 ], [ -0.10202879610147, 51.5137353350705 ], [ -0.101738940336403, 51.513728168279449 ], [ -0.101449084691136, 51.513721000772918 ], [ -0.10115922916568, 51.51371383255092 ], [ -0.100869373760048, 51.513706663613448 ], [ -0.100579518474251, 51.513699493960502 ], [ -0.100289663308303, 51.513692323592075 ], [ -0.099999808262212, 51.513685152508188 ], [ -0.099709953335993, 51.513677980708827 ], [ -0.099420098529656, 51.513670808194 ], [ -0.099130243843216, 51.513663634963713 ], [ -0.098840389276681, 51.513656461017931 ], [ -0.098550534830066, 51.513649286356717 ], [ -0.098260680503381, 51.513642110980008 ], [ -0.097970826296638, 51.51363493488784 ], [ -0.09768097220985, 51.513627758080204 ], [ -0.09739111824303, 51.513620580557102 ], [ -0.097101264396185, 51.513613402318533 ], [ -0.096811410669332, 51.513606223364512 ], [ -0.096521557062479, 51.513599043695031 ], [ -0.096231703575642, 51.513591863310069 ], [ -0.095941850208829, 51.513584682209668 ], [ -0.095651996962054, 51.513577500393801 ], [ -0.095362143835329, 51.513570317862467 ], [ -0.095072290828664, 51.513563134615673 ], [ -0.094782437942073, 51.513555950653426 ], [ -0.094492585175568, 51.51354876597572 ], [ -0.09420273252916, 51.513541580582547 ], [ -0.093912880002861, 51.513534394473922 ], [ -0.093623027596682, 51.513527207649844 ], [ -0.093333175310636, 51.513520020110327 ], [ -0.093043323144734, 51.51351283185533 ], [ -0.09275347109899, 51.513505642884894 ], [ -0.092463619173415, 51.513498453198999 ], [ -0.092173767368019, 51.513491262797658 ], [ -0.091883915682815, 51.513484071680857 ], [ -0.091594064117816, 51.513476879848604 ], [ -0.091304212673032, 51.513469687300898 ], [ -0.091014361348476, 51.513462494037746 ], [ -0.090724510144159, 51.51345530005915 ], [ -0.090434659060096, 51.513448105365114 ], [ -0.090144808096294, 51.513440909955619 ], [ -0.08985495725277, 51.513433713830665 ], [ -0.089565106529531, 51.513426516990286 ], [ -0.089275255926593, 51.513419319434462 ], [ -0.088985405443965, 51.513412121163178 ], [ -0.088695555081661, 51.513404922176456 ], [ -0.088405704839691, 51.513397722474302 ], [ -0.088115854718068, 51.513390522056696 ], [ -0.087826004716803, 51.513383320923637 ], [ -0.08753615483591, 51.513376119075147 ], [ -0.087246305075401, 51.513368916511226 ], [ -0.086956455435284, 51.513361713231852 ], [ -0.086666605915573, 51.51335450923704 ], [ -0.086376756516281, 51.513347304526796 ], [ -0.086086907237418, 51.513340099101107 ], [ -0.085797058078998, 51.51333289295998 ], [ -0.085507209041032, 51.513325686103414 ], [ -0.085217360123531, 51.513318478531431 ], [ -0.084927511326508, 51.513311270243996 ], [ -0.084637662649975, 51.513304061241129 ], [ -0.084347814093942, 51.513296851522838 ], [ -0.084057965658423, 51.513289641089102 ], [ -0.08376811734343, 51.513282429939942 ], [ -0.083478269148973, 51.513275218075336 ], [ -0.083188421075065, 51.51326800549532 ], [ -0.082898573121719, 51.513260792199858 ], [ -0.082608725288944, 51.513253578188973 ], [ -0.082318877576757, 51.513246363462649 ], [ -0.082029029985164, 51.513239148020915 ], [ -0.08173918251418, 51.51323193186375 ], [ -0.081449335163815, 51.513224714991146 ], [ -0.081159487934084, 51.513217497403119 ], [ -0.080869640824995, 51.513210279099681 ], [ -0.080579793836564, 51.513203060080798 ], [ -0.0802899469688, 51.513195840346505 ], [ -0.080000100221716, 51.513188619896788 ], [ -0.080000089346177, 51.514088053224391 ], [ -0.080289936088619, 51.514095273620825 ], [ -0.080579782951742, 51.514102493301849 ], [ -0.080869629935533, 51.514109712267448 ], [ -0.081159477039982, 51.514116930517631 ], [ -0.081449324265076, 51.514124148052389 ], [ -0.081739171610805, 51.51413136487173 ], [ -0.082029019077153, 51.514138580975654 ], [ -0.082318866664113, 51.51414579636414 ], [ -0.082608714371667, 51.51415301103723 ], [ -0.08289856219981, 51.514160224994875 ], [ -0.083188410148525, 51.514167438237095 ], [ -0.083478258217804, 51.514174650763898 ], [ -0.083768106407632, 51.514181862575278 ], [ -0.084057954717997, 51.514189073671226 ], [ -0.08434780314889, 51.514196284051749 ], [ -0.084637651700297, 51.514203493716849 ], [ -0.084927500372207, 51.51421070266651 ], [ -0.085217349164608, 51.514217910900747 ], [ -0.085507198077486, 51.51422511841956 ], [ -0.085797047110832, 51.514232325222927 ], [ -0.086086896264632, 51.514239531310885 ], [ -0.086376745538877, 51.51424673668339 ], [ -0.086666594933551, 51.514253941340471 ], [ -0.086956444448646, 51.514261145282134 ], [ -0.087246294084148, 51.514268348508338 ], [ -0.087536143840044, 51.514275551019118 ], [ -0.087825993716325, 51.514282752814466 ], [ -0.088115843712977, 51.514289953894369 ], [ -0.08840569382999, 51.514297154258841 ], [ -0.08869554406735, 51.514304353907889 ], [ -0.088985394425046, 51.514311552841484 ], [ -0.089275244903067, 51.514318751059633 ], [ -0.089565095501399, 51.514325948562345 ], [ -0.089854946220033, 51.514333145349632 ], [ -0.090144797058956, 51.514340341421473 ], [ -0.090434648018153, 51.514347536777862 ], [ -0.090724499097617, 51.514354731418813 ], [ -0.091014350297332, 51.514361925344318 ], [ -0.091304201617288, 51.514369118554391 ], [ -0.091594053057473, 51.514376311049006 ], [ -0.091883904617877, 51.514383502828188 ], [ -0.092173756298485, 51.514390693891912 ], [ -0.092463608099285, 51.514397884240203 ], [ -0.092753460020269, 51.514405073873043 ], [ -0.093043312061421, 51.51441226279043 ], [ -0.093333164222731, 51.514419450992378 ], [ -0.093623016504187, 51.514426638478866 ], [ -0.093912868905776, 51.51443382524991 ], [ -0.094202721427488, 51.5144410113055 ], [ -0.094492574069309, 51.514448196645638 ], [ -0.09478242683123, 51.514455381270331 ], [ -0.095072279713237, 51.514462565179564 ], [ -0.095362132715315, 51.514469748373351 ], [ -0.09565198583746, 51.514476930851671 ], [ -0.095941839079653, 51.514484112614561 ], [ -0.096231692441887, 51.514491293661969 ], [ -0.096521545924144, 51.514498473993925 ], [ -0.096811399526419, 51.514505653610442 ], [ -0.097101253248697, 51.514512832511485 ], [ -0.097391107090964, 51.514520010697069 ], [ -0.097680961053213, 51.514527188167207 ], [ -0.097970815135428, 51.514534364921879 ], [ -0.098260669337599, 51.514541540961083 ], [ -0.098550523659712, 51.514548716284843 ], [ -0.098840378101758, 51.514555890893128 ], [ -0.099130232663724, 51.514563064785953 ], [ -0.099420087345597, 51.514570237963319 ], [ -0.099709942147367, 51.514577410425218 ], [ -0.099999797069022, 51.514584582171643 ], [ -0.100289652110545, 51.514591753202616 ], [ -0.100579507271933, 51.514598923518122 ], [ -0.100869362553167, 51.514606093118161 ], [ -0.101159217954238, 51.514613262002747 ], [ -0.101449073475133, 51.514620430171831 ], [ -0.101738929115842, 51.514627597625477 ], [ -0.102028784876353, 51.514634764363628 ], [ -0.10231864075665, 51.51464193038634 ], [ -0.102608496756726, 51.514649095693549 ], [ -0.102898352876567, 51.514656260285307 ], [ -0.103188209116161, 51.51466342416159 ], [ -0.103478065475496, 51.514670587322399 ], [ -0.10376792195456, 51.514677749767735 ], [ -0.104057778553343, 51.514684911497604 ], [ -0.104347635271831, 51.514692072511984 ], [ -0.104637492110013, 51.514699232810898 ], [ -0.104927349067875, 51.514706392394331 ], [ -0.10521720614541, 51.514713551262282 ], [ -0.105507063342603, 51.514720709414767 ], [ -0.10579692065944, 51.514727866851764 ], [ -0.106086778095913, 51.514735023573294 ], [ -0.106376635652007, 51.514742179579329 ], [ -0.106666493327714, 51.514749334869897 ], [ -0.106956351123019, 51.514756489444977 ], [ -0.107246209037908, 51.51476364330459 ], [ -0.107536067072374, 51.514770796448708 ], [ -0.107825925226404, 51.514777948877338 ], [ -0.108115783499984, 51.514785100590494 ], [ -0.108405641893104, 51.514792251588169 ], [ -0.108695500405749, 51.514799401870334 ], [ -0.108985359037911, 51.51480655143704 ], [ -0.109275217789576, 51.514813700288244 ], [ -0.109565076660733, 51.514820848423966 ], [ -0.109854935651369, 51.514827995844207 ], [ -0.110144794761474, 51.514835142548954 ], [ -0.110434653991036, 51.514842288538219 ], [ -0.110724513340038, 51.514849433811982 ], [ -0.111014372808475, 51.514856578370264 ], [ -0.111304232396332, 51.514863722213043 ], [ -0.111594092103598, 51.514870865340342 ], [ -0.11188395193026, 51.514878007752138 ], [ -0.112173811876305, 51.514885149448446 ], [ -0.112463671941724, 51.514892290429266 ], [ -0.112753532126503, 51.514899430694577 ], [ -0.113043392430632, 51.514906570244399 ], [ -0.113333252854096, 51.514913709078733 ], [ -0.113623113396887, 51.514920847197558 ], [ -0.113912974058992, 51.514927984600888 ], [ -0.114202834840396, 51.514935121288737 ], [ -0.114492695741091, 51.514942257261069 ], [ -0.114782556761062, 51.514949392517906 ], [ -0.1150724179003, 51.514956527059248 ], [ -0.115362279158792, 51.51496366088508 ], [ -0.115652140536524, 51.514970793995424 ], [ -0.115942002033487, 51.514977926390237 ], [ -0.116231863649668, 51.514985058069577 ], [ -0.116521725385055, 51.5149921890334 ], [ -0.116811587239637, 51.514999319281721 ], [ -0.1171014492134, 51.515006448814539 ], [ -0.117391311306334, 51.515013577631841 ], [ -0.117681173518426, 51.515020705733654 ], [ -0.117971035849667, 51.515027833119952 ], [ -0.118260898300039, 51.515034959790739 ], [ -0.118550760869536, 51.515042085746018 ], [ -0.118840623558145, 51.515049210985794 ], [ -0.119130486365851, 51.51505633551006 ], [ -0.119420349292646, 51.51506345931881 ], [ -0.119710212338514, 51.515070582412051 ], [ -0.120000075503448, 51.515077704789768 ], [ -0.120000063290152, 51.515977130692939 ], [ -0.119710200129636, 51.515970008367773 ], [ -0.119420337088186, 51.515962885327099 ], [ -0.11913047416581, 51.515955761570922 ], [ -0.118840611362522, 51.51594863709925 ], [ -0.118550748678336, 51.515941511912061 ], [ -0.118260886113262, 51.51593438600937 ], [ -0.11797102366731, 51.515927259391177 ], [ -0.117681161340496, 51.515920132057474 ], [ -0.11739129913283, 51.515913004008283 ], [ -0.117101437044323, 51.515905875243575 ], [ -0.116811575074985, 51.51589874576338 ], [ -0.116521713224834, 51.515891615567682 ], [ -0.116231851493877, 51.515884484656482 ], [ -0.115941989882128, 51.515877353029794 ], [ -0.115652128389599, 51.515870220687596 ], [ -0.115362267016298, 51.515863087629903 ], [ -0.115072405762242, 51.515855953856715 ], [ -0.11478254462744, 51.515848819368038 ], [ -0.114492683611905, 51.515841684163853 ], [ -0.114202822715649, 51.515834548244186 ], [ -0.113912961938683, 51.515827411609024 ], [ -0.11362310128102, 51.51582027425836 ], [ -0.113333240742671, 51.515813136192207 ], [ -0.113043380323647, 51.515805997410567 ], [ -0.112753520023963, 51.515798857913431 ], [ -0.112463659843628, 51.515791717700807 ], [ -0.112173799782655, 51.515784576772703 ], [ -0.111883939841058, 51.515777435129095 ], [ -0.111594080018843, 51.515770292770007 ], [ -0.111304220316028, 51.515763149695431 ], [ -0.111014360732622, 51.515756005905359 ], [ -0.110724501268636, 51.515748861399814 ], [ -0.110434641924083, 51.515741716178788 ], [ -0.110144782698977, 51.515734570242266 ], [ -0.109854923593328, 51.515727423590263 ], [ -0.109565064607148, 51.51572027622278 ], [ -0.109275205740447, 51.515713128139801 ], [ -0.10898534699324, 51.515705979341355 ], [ -0.108695488365538, 51.515698829827421 ], [ -0.108405629857353, 51.515691679598014 ], [ -0.108115771468693, 51.515684528653118 ], [ -0.107825913199578, 51.515677376992741 ], [ -0.107536055050013, 51.515670224616898 ], [ -0.107246197020012, 51.515663071525566 ], [ -0.106956339109588, 51.515655917718767 ], [ -0.10666648131875, 51.515648763196481 ], [ -0.106376623647513, 51.515641607958727 ], [ -0.106086766095887, 51.515634452005493 ], [ -0.105796908663886, 51.515627295336785 ], [ -0.105507051351518, 51.51562013795261 ], [ -0.1052171941588, 51.515612979852953 ], [ -0.10492733708574, 51.51560582103783 ], [ -0.104637480132352, 51.515598661507241 ], [ -0.104347623298645, 51.51559150126117 ], [ -0.104057766584635, 51.515584340299625 ], [ -0.103767909990331, 51.515577178622621 ], [ -0.103478053515747, 51.515570016230136 ], [ -0.103188197160892, 51.515562853122212 ], [ -0.102898340925779, 51.515555689298786 ], [ -0.102608484810422, 51.515548524759915 ], [ -0.102318628814831, 51.515541359505562 ], [ -0.102028772939018, 51.515534193535764 ], [ -0.101738917182994, 51.515527026850485 ], [ -0.101449061546773, 51.515519859449746 ], [ -0.101159206030366, 51.515512691333534 ], [ -0.100869350633786, 51.51550552250189 ], [ -0.10057949535704, 51.515498352954758 ], [ -0.100289640200146, 51.51549118269218 ], [ -0.099999785163114, 51.515484011714122 ], [ -0.099709930245955, 51.515476840020618 ], [ -0.099420075448682, 51.51546966761164 ], [ -0.099130220771303, 51.515462494487224 ], [ -0.098840366213835, 51.515455320647341 ], [ -0.098550511776289, 51.515448146092005 ], [ -0.098260657458676, 51.515440970821203 ], [ -0.097970803261005, 51.515433794834962 ], [ -0.097680949183293, 51.515426618133247 ], [ -0.097391095225548, 51.51541944071608 ], [ -0.097101241387785, 51.515412262583467 ], [ -0.096811387670012, 51.515405083735402 ], [ -0.096521534072244, 51.515397904171891 ], [ -0.096231680594494, 51.515390723892914 ], [ -0.09594182723677, 51.515383542898498 ], [ -0.095651973999088, 51.515376361188615 ], [ -0.095362120881453, 51.515369178763294 ], [ -0.095072267883886, 51.515361995622534 ], [ -0.094782415006393, 51.515354811766308 ], [ -0.094492562248989, 51.515347627194636 ], [ -0.094202709611682, 51.515340441907526 ], [ -0.093912857094487, 51.515333255904977 ], [ -0.093623004697415, 51.515326069186976 ], [ -0.093333152420479, 51.515318881753522 ], [ -0.093043300263689, 51.515311693604623 ], [ -0.092753448227058, 51.515304504740293 ], [ -0.092463596310598, 51.515297315160517 ], [ -0.09217374451432, 51.515290124865288 ], [ -0.091883892838238, 51.515282933854628 ], [ -0.09159404128236, 51.515275742128523 ], [ -0.091304189846701, 51.515268549686986 ], [ -0.091014338531274, 51.515261356530011 ], [ -0.090724487336086, 51.515254162657598 ], [ -0.090434636261153, 51.515246968069732 ], [ -0.090144785306487, 51.515239772766442 ], [ -0.089854934472098, 51.515232576747714 ], [ -0.089565083757999, 51.515225380013547 ], [ -0.0892752331642, 51.515218182563949 ], [ -0.088985382690716, 51.515210984398919 ], [ -0.088695532337558, 51.515203785518452 ], [ -0.088405682104736, 51.515196585922546 ], [ -0.088115831992262, 51.515189385611208 ], [ -0.087825982000151, 51.51518218458444 ], [ -0.087536132128411, 51.515174982842254 ], [ -0.087246282377058, 51.515167780384616 ], [ -0.0869564327461, 51.515160577211574 ], [ -0.08666658323555, 51.515153373323088 ], [ -0.086376733845421, 51.51514616871917 ], [ -0.086086884575726, 51.515138963399835 ], [ -0.085797035426473, 51.515131757365069 ], [ -0.085507186397677, 51.515124550614878 ], [ -0.085217337489349, 51.515117343149264 ], [ -0.0849274887015, 51.515110134968225 ], [ -0.084637640034144, 51.515102926071755 ], [ -0.08434779148729, 51.515095716459868 ], [ -0.084057943060953, 51.515088506132564 ], [ -0.083768094755144, 51.515081295089828 ], [ -0.083478246569874, 51.515074083331669 ], [ -0.083188398505154, 51.515066870858099 ], [ -0.082898550560998, 51.515059657669106 ], [ -0.082608702737417, 51.515052443764688 ], [ -0.082318855034424, 51.51504522914486 ], [ -0.082029007452028, 51.515038013809608 ], [ -0.081739159990242, 51.515030797758953 ], [ -0.08144931264908, 51.515023580992874 ], [ -0.081159465428553, 51.515016363511371 ], [ -0.080869618328674, 51.515009145314458 ], [ -0.080579771349448, 51.515001926402142 ], [ -0.080289924490897, 51.514994706774395 ], [ -0.080000077753026, 51.514987486431245 ], [ -0.080000065442235, 51.515886919517364 ], [ -0.080289912175606, 51.515894139807223 ], [ -0.08057975902966, 51.515901359381672 ], [ -0.080869606004386, 51.515908578240726 ], [ -0.08115945309977, 51.515915796384363 ], [ -0.081449300315801, 51.515923013812582 ], [ -0.081739147652469, 51.515930230525406 ], [ -0.08202899510976, 51.51593744652282 ], [ -0.082318842687663, 51.515944661804816 ], [ -0.082608690386166, 51.515951876371389 ], [ -0.082898538205258, 51.515959090222559 ], [ -0.083188386144925, 51.515966303358312 ], [ -0.083478234205157, 51.515973515778661 ], [ -0.083768082385939, 51.515980727483587 ], [ -0.084057930687264, 51.515987938473096 ], [ -0.084347779109117, 51.515995148747201 ], [ -0.084637627651486, 51.516002358305869 ], [ -0.084927476314361, 51.516009567149126 ], [ -0.085217325097729, 51.516016775276974 ], [ -0.085507174001577, 51.51602398268939 ], [ -0.085797023025894, 51.516031189386396 ], [ -0.086086872170668, 51.516038395367971 ], [ -0.086376721435888, 51.516045600634129 ], [ -0.086666570821542, 51.51605280518487 ], [ -0.086956420327618, 51.516060009020187 ], [ -0.087246269954103, 51.516067212140079 ], [ -0.087536119700985, 51.516074414544548 ], [ -0.087825969568254, 51.516081616233592 ], [ -0.088115819555897, 51.516088817207205 ], [ -0.0884056696639, 51.516096017465394 ], [ -0.088695519892255, 51.516103217008158 ], [ -0.088985370240948, 51.516110415835499 ], [ -0.089275220709967, 51.516117613947401 ], [ -0.089565071299302, 51.516124811343879 ], [ -0.089854922008938, 51.516132008024933 ], [ -0.090144772838865, 51.516139203990555 ], [ -0.090434623789072, 51.516146399240739 ], [ -0.090724474859544, 51.516153593775492 ], [ -0.091014326050272, 51.516160787594828 ], [ -0.091304177361244, 51.516167980698718 ], [ -0.091594028792446, 51.51617517308717 ], [ -0.091883880343869, 51.516182364760191 ], [ -0.092173732015497, 51.516189555717787 ], [ -0.092463583807323, 51.516196745959924 ], [ -0.092753435719333, 51.516203935486644 ], [ -0.093043287751511, 51.516211124297925 ], [ -0.093333139903852, 51.516218312393761 ], [ -0.09362299217634, 51.516225499774166 ], [ -0.093912844568967, 51.516232686439132 ], [ -0.094202697081715, 51.516239872388638 ], [ -0.094492549714577, 51.516247057622735 ], [ -0.094782402467539, 51.516254242141365 ], [ -0.095072255340589, 51.516261425944563 ], [ -0.095362108333714, 51.516268609032323 ], [ -0.095651961446907, 51.516275791404631 ], [ -0.095941814680151, 51.516282973061493 ], [ -0.096231668033436, 51.516290154002924 ], [ -0.096521521506752, 51.516297334228895 ], [ -0.096811375100084, 51.516304513739428 ], [ -0.097101228813421, 51.516311692534515 ], [ -0.097391082646752, 51.516318870614143 ], [ -0.097680936600063, 51.516326047978339 ], [ -0.097970790673345, 51.516333224627061 ], [ -0.098260644866584, 51.516340400560352 ], [ -0.098550499179769, 51.516347575778205 ], [ -0.098840353612889, 51.516354750280584 ], [ -0.09913020816593, 51.516361924067525 ], [ -0.099420062838882, 51.516369097139005 ], [ -0.099709917631733, 51.516376269495034 ], [ -0.099999772544468, 51.516383441135609 ], [ -0.100289627577077, 51.516390612060732 ], [ -0.100579482729552, 51.516397782270388 ], [ -0.100869338001875, 51.516404951764606 ], [ -0.101159193394038, 51.516412120543357 ], [ -0.101449048906028, 51.516419288606663 ], [ -0.101738904537832, 51.516426455954488 ], [ -0.10202876028944, 51.516433622586874 ], [ -0.102318616160839, 51.516440788503793 ], [ -0.102608472152015, 51.516447953705246 ], [ -0.102898328262961, 51.516455118191246 ], [ -0.103188184493663, 51.516462281961786 ], [ -0.103478040844109, 51.516469445016867 ], [ -0.103767897314284, 51.516476607356473 ], [ -0.10405775390418, 51.516483768980635 ], [ -0.104347610613786, 51.516490929889315 ], [ -0.104637467443085, 51.516498090082528 ], [ -0.104927324392069, 51.516505249560289 ], [ -0.105217181460726, 51.516512408322576 ], [ -0.105507038649043, 51.516519566369396 ], [ -0.105796895957009, 51.51652672370075 ], [ -0.106086753384612, 51.516533880316629 ], [ -0.10637661093184, 51.516541036217049 ], [ -0.106666468598679, 51.516548191402002 ], [ -0.10695632638512, 51.516555345871474 ], [ -0.107246184291148, 51.516562499625479 ], [ -0.107536042316755, 51.516569652664018 ], [ -0.107825900461927, 51.516576804987075 ], [ -0.108115758726653, 51.516583956594658 ], [ -0.10840561711092, 51.516591107486775 ], [ -0.108695475614717, 51.516598257663404 ], [ -0.108985334238031, 51.51660540712458 ], [ -0.109275192980851, 51.51661255587026 ], [ -0.109565051843162, 51.516619703900474 ], [ -0.109854910824959, 51.516626851215207 ], [ -0.110144769926225, 51.516633997814459 ], [ -0.110434629146948, 51.516641143698244 ], [ -0.110724488487119, 51.516648288866534 ], [ -0.111014347946724, 51.516655433319357 ], [ -0.11130420752575, 51.516662577056692 ], [ -0.111594067224189, 51.516669720078553 ], [ -0.111883927042024, 51.516676862384919 ], [ -0.112173786979247, 51.516684003975818 ], [ -0.112463647035844, 51.516691144851222 ], [ -0.112753507211806, 51.516698285011152 ], [ -0.113043367507119, 51.516705424455587 ], [ -0.11333322792177, 51.516712563184541 ], [ -0.113623088455748, 51.516719701198006 ], [ -0.113912949109042, 51.516726838495991 ], [ -0.114202809881638, 51.516733975078481 ], [ -0.114492670773528, 51.516741110945482 ], [ -0.114782531784697, 51.516748246096995 ], [ -0.115072392915135, 51.516755380533013 ], [ -0.115362254164827, 51.516762514253557 ], [ -0.115652115533764, 51.516769647258606 ], [ -0.115941977021933, 51.516776779548159 ], [ -0.116231838629323, 51.516783911122211 ], [ -0.116521700355919, 51.516791041980781 ], [ -0.116811562201714, 51.516798172123849 ], [ -0.117101424166692, 51.516805301551429 ], [ -0.117391286250844, 51.516812430263514 ], [ -0.117681148454157, 51.516819558260103 ], [ -0.117971010776617, 51.51682668554119 ], [ -0.118260873218216, 51.516833812106789 ], [ -0.11855073577894, 51.516840937956879 ], [ -0.118840598458774, 51.51684806309148 ], [ -0.119130461257712, 51.516855187510579 ], [ -0.11942032417574, 51.516862311214169 ], [ -0.119710187212844, 51.51686943420227 ], [ -0.120000050369014, 51.51687655647487 ], [ -0.120000036740004, 51.517775982135554 ], [ -0.119710173588109, 51.517768859915527 ], [ -0.11942031055528, 51.51776173698002 ], [ -0.11913044764153, 51.517754613328997 ], [ -0.11884058484687, 51.517747488962485 ], [ -0.118550722171313, 51.517740363880478 ], [ -0.118260859614871, 51.517733238082982 ], [ -0.117970997177554, 51.517726111569992 ], [ -0.117681134859375, 51.517718984341506 ], [ -0.117391272660347, 51.51771185639754 ], [ -0.117101410580481, 51.517704727738071 ], [ -0.116811548619787, 51.517697598363121 ], [ -0.116521686778282, 51.517690468272683 ], [ -0.116231825055971, 51.517683337466742 ], [ -0.115941963452872, 51.517676205945335 ], [ -0.115652101968993, 51.517669073708419 ], [ -0.115362240604349, 51.517661940756028 ], [ -0.115072379358948, 51.517654807088149 ], [ -0.114782518232806, 51.517647672704783 ], [ -0.114492657225931, 51.517640537605935 ], [ -0.114202796338339, 51.517633401791606 ], [ -0.113912935570038, 51.517626265261782 ], [ -0.113623074921042, 51.517619128016491 ], [ -0.113333214391362, 51.517611990055713 ], [ -0.113043353981011, 51.517604851379453 ], [ -0.112753493690001, 51.517597711987705 ], [ -0.112463633518343, 51.517590571880497 ], [ -0.112173773466049, 51.517583431057787 ], [ -0.11188391353313, 51.51757628951961 ], [ -0.1115940537196, 51.517569147265959 ], [ -0.111304194025471, 51.517562004296821 ], [ -0.111014334450753, 51.517554860612229 ], [ -0.110724474995456, 51.517547716212142 ], [ -0.110434615659598, 51.517540571096575 ], [ -0.110144756443185, 51.517533425265555 ], [ -0.109854897346233, 51.517526278719046 ], [ -0.109565038368751, 51.517519131457057 ], [ -0.109275179510754, 51.517511983479615 ], [ -0.10898532077225, 51.517504834786685 ], [ -0.108695462153254, 51.517497685378302 ], [ -0.108405603653776, 51.517490535254439 ], [ -0.108115745273828, 51.517483384415108 ], [ -0.107825887013424, 51.517476232860311 ], [ -0.107536028872574, 51.517469080590033 ], [ -0.10724617085129, 51.517461927604302 ], [ -0.106956312949585, 51.517454773903097 ], [ -0.106666455167468, 51.517447619486433 ], [ -0.106376597504954, 51.517440464354308 ], [ -0.106086739962056, 51.51743330850671 ], [ -0.105796882538782, 51.517426151943639 ], [ -0.105507025235146, 51.517418994665114 ], [ -0.105217168051159, 51.517411836671137 ], [ -0.104927310986835, 51.517404677961686 ], [ -0.104637454042183, 51.517397518536775 ], [ -0.104347597217218, 51.517390358396405 ], [ -0.104057740511948, 51.517383197540575 ], [ -0.10376788392639, 51.517376035969285 ], [ -0.103478027460549, 51.517368873682543 ], [ -0.103188171114445, 51.517361710680341 ], [ -0.102898314888082, 51.517354546962686 ], [ -0.102608458781479, 51.517347382529564 ], [ -0.102318602794643, 51.51734021738099 ], [ -0.102028746927587, 51.517333051516964 ], [ -0.101738891180324, 51.517325884937478 ], [ -0.101449035552865, 51.517318717642546 ], [ -0.101159180045222, 51.517311549632154 ], [ -0.100869324657407, 51.517304380906324 ], [ -0.100579469389432, 51.517297211465028 ], [ -0.100289614241311, 51.5172900413083 ], [ -0.099999759213049, 51.517282870436098 ], [ -0.099709904304665, 51.517275698848458 ], [ -0.099420049516169, 51.517268526545372 ], [ -0.099130194847572, 51.517261353526834 ], [ -0.098840340298886, 51.517254179792843 ], [ -0.098550485870124, 51.517247005343414 ], [ -0.098260631561298, 51.517239830178539 ], [ -0.097970777372416, 51.517232654298226 ], [ -0.097680923303495, 51.517225477702453 ], [ -0.097391069354544, 51.517218300391249 ], [ -0.097101215525577, 51.517211122364586 ], [ -0.096811361816603, 51.517203943622491 ], [ -0.096521508227635, 51.517196764164957 ], [ -0.096231654758686, 51.517189583991978 ], [ -0.095941801409768, 51.517182403103561 ], [ -0.095651948180891, 51.517175221499706 ], [ -0.095362095072069, 51.517168039180405 ], [ -0.095072242083313, 51.517160856145665 ], [ -0.094782389214634, 51.517153672395487 ], [ -0.094492536466045, 51.517146487929885 ], [ -0.094202683837558, 51.517139302748838 ], [ -0.093912831329183, 51.517132116852345 ], [ -0.093622978940935, 51.517124930240442 ], [ -0.093333126672822, 51.517117742913094 ], [ -0.09304327452486, 51.517110554870307 ], [ -0.092753422497059, 51.517103366112096 ], [ -0.092463570589431, 51.517096176638439 ], [ -0.092173718801988, 51.517088986449352 ], [ -0.091883867134741, 51.517081795544847 ], [ -0.091594015587703, 51.517074603924918 ], [ -0.091304164160885, 51.51706741158953 ], [ -0.0910143128543, 51.517060218538752 ], [ -0.090724461667958, 51.517053024772522 ], [ -0.090434610601874, 51.517045830290868 ], [ -0.090144759656058, 51.51703863509379 ], [ -0.089854908830521, 51.517031439181281 ], [ -0.089565058125276, 51.517024242553354 ], [ -0.089275207540335, 51.517017045210004 ], [ -0.088985357075709, 51.517009847151222 ], [ -0.088695506731413, 51.517002648377009 ], [ -0.088405656507453, 51.516995448887393 ], [ -0.088115806403848, 51.516988248682345 ], [ -0.087825956420602, 51.516981047761888 ], [ -0.087536106557735, 51.516973846125993 ], [ -0.087246256815252, 51.516966643774687 ], [ -0.08695640719317, 51.516959440707964 ], [ -0.086666557691498, 51.516952236925825 ], [ -0.086376708310248, 51.516945032428261 ], [ -0.086086859049434, 51.516937827215287 ], [ -0.085797009909065, 51.516930621286889 ], [ -0.085507160889156, 51.516923414643081 ], [ -0.085217311989715, 51.516916207283856 ], [ -0.084927463210759, 51.516908999209221 ], [ -0.084637614552295, 51.516901790419169 ], [ -0.084347766014338, 51.516894580913707 ], [ -0.084057917596897, 51.516887370692835 ], [ -0.083768069299989, 51.516880159756553 ], [ -0.08347822112362, 51.516872948104862 ], [ -0.083188373067806, 51.516865735737753 ], [ -0.082898525132556, 51.516858522655227 ], [ -0.082608677317885, 51.516851308857298 ], [ -0.082318829623802, 51.516844094343966 ], [ -0.08202898205032, 51.516836879115232 ], [ -0.081739134597451, 51.51682966317108 ], [ -0.081449287265207, 51.516822446511547 ], [ -0.081159440053599, 51.516815229136583 ], [ -0.080869592962641, 51.516808011046223 ], [ -0.080579745992342, 51.51680079224046 ], [ -0.080289899142718, 51.516793572719294 ], [ -0.080000052413775, 51.516786352482718 ], [ -0.080000038667619, 51.517685785327345 ], [ -0.080289885392202, 51.517693005510608 ], [ -0.08057973223747, 51.517700224978483 ], [ -0.080869579203414, 51.517707443730956 ], [ -0.081159426290017, 51.517714661768039 ], [ -0.08144927349727, 51.51772187908972 ], [ -0.081739120825161, 51.517729095696005 ], [ -0.082028968273678, 51.517736311586873 ], [ -0.08231881584281, 51.517743526762359 ], [ -0.082608663532543, 51.517750741222443 ], [ -0.082898511342868, 51.517757954967124 ], [ -0.083188359273772, 51.517765167996387 ], [ -0.08347820732524, 51.517772380310248 ], [ -0.083768055497263, 51.517779591908727 ], [ -0.08405790378983, 51.517786802791775 ], [ -0.084347752202928, 51.517794012959428 ], [ -0.084637600736544, 51.51780122241167 ], [ -0.084927449390667, 51.517808431148502 ], [ -0.085217298165287, 51.517815639169946 ], [ -0.085507147060387, 51.517822846475966 ], [ -0.08579699607596, 51.517830053066575 ], [ -0.086086845211993, 51.517837258941775 ], [ -0.086376694468473, 51.517844464101572 ], [ -0.08666654384539, 51.517851668545944 ], [ -0.086956393342729, 51.517858872274921 ], [ -0.087246242960481, 51.517866075288467 ], [ -0.087536092698632, 51.51787327758661 ], [ -0.087825942557173, 51.517880479169342 ], [ -0.088115792536088, 51.517887680036651 ], [ -0.08840564263537, 51.517894880188543 ], [ -0.088695492855002, 51.517902079625024 ], [ -0.088985343194976, 51.517909278346089 ], [ -0.089275193655277, 51.517916476351729 ], [ -0.089565044235897, 51.517923673641953 ], [ -0.089854894936822, 51.517930870216759 ], [ -0.09014474575804, 51.517938066076155 ], [ -0.090434596699537, 51.517945261220127 ], [ -0.090724447761303, 51.517952455648668 ], [ -0.091014298943328, 51.517959649361792 ], [ -0.091304150245597, 51.517966842359492 ], [ -0.091594001668102, 51.517974034641774 ], [ -0.091883853210828, 51.517981226208619 ], [ -0.092173704873763, 51.517988417060053 ], [ -0.092463556656895, 51.517995607196056 ], [ -0.092753408560212, 51.518002796616635 ], [ -0.093043260583706, 51.51800998532179 ], [ -0.093333112727362, 51.518017173311506 ], [ -0.093622964991168, 51.518024360585805 ], [ -0.09391281737511, 51.518031547144673 ], [ -0.094202669879181, 51.51803873298811 ], [ -0.094492522503364, 51.518045918116123 ], [ -0.094782375247653, 51.518053102528697 ], [ -0.095072228112031, 51.51806028622584 ], [ -0.09536208109649, 51.518067469207551 ], [ -0.095651934201014, 51.518074651473832 ], [ -0.095941787425593, 51.518081833024674 ], [ -0.096231640770214, 51.518089013860092 ], [ -0.096521494234868, 51.518096193980064 ], [ -0.096811347819543, 51.518103373384605 ], [ -0.097101201524223, 51.518110552073715 ], [ -0.097391055348901, 51.518117730047379 ], [ -0.09768090929356, 51.518124907305605 ], [ -0.097970763358193, 51.5181320838484 ], [ -0.098260617542787, 51.518139259675749 ], [ -0.098550471847326, 51.51814643478766 ], [ -0.098840326271803, 51.518153609184132 ], [ -0.099130180816204, 51.518160782865166 ], [ -0.099420035480517, 51.518167955830741 ], [ -0.09970989026473, 51.518175128080898 ], [ -0.099999745168832, 51.518182299615596 ], [ -0.100289600192813, 51.518189470434855 ], [ -0.100579455336657, 51.518196640538669 ], [ -0.100869310600353, 51.518203809927044 ], [ -0.101159165983892, 51.51821097859996 ], [ -0.101449021487258, 51.51821814655743 ], [ -0.101738877110444, 51.518225313799462 ], [ -0.102028732853433, 51.518232480326049 ], [ -0.102318588716216, 51.518239646137175 ], [ -0.102608444698782, 51.518246811232849 ], [ -0.102898300801115, 51.518253975613078 ], [ -0.103188157023208, 51.518261139277868 ], [ -0.103478013365047, 51.518268302227192 ], [ -0.103767869826619, 51.518275464461063 ], [ -0.104057726407913, 51.518282625979488 ], [ -0.104347583108918, 51.518289786782461 ], [ -0.10463743992962, 51.518296946869974 ], [ -0.10492729687001, 51.518304106242034 ], [ -0.105217153930075, 51.518311264898635 ], [ -0.1055070111098, 51.518318422839791 ], [ -0.105796868409177, 51.518325580065479 ], [ -0.106086725828193, 51.518332736575708 ], [ -0.106376583366836, 51.518339892370491 ], [ -0.106666441025093, 51.518347047449794 ], [ -0.106956298802955, 51.518354201813651 ], [ -0.107246156700408, 51.518361355462048 ], [ -0.107536014717439, 51.518368508394978 ], [ -0.107825872854038, 51.518375660612456 ], [ -0.108115731110193, 51.518382812114467 ], [ -0.108405589485891, 51.518389962901011 ], [ -0.108695447981123, 51.518397112972096 ], [ -0.108985306595872, 51.518404262327714 ], [ -0.109275165330131, 51.518411410967865 ], [ -0.109565024183885, 51.518418558892542 ], [ -0.109854883157122, 51.518425706101766 ], [ -0.110144742249834, 51.518432852595517 ], [ -0.110434601462004, 51.518439998373793 ], [ -0.110724460793625, 51.51844714343661 ], [ -0.111014320244681, 51.51845428778396 ], [ -0.111304179815163, 51.51846143141583 ], [ -0.111594039505056, 51.518468574332232 ], [ -0.111883899314351, 51.518475716533175 ], [ -0.112173759243036, 51.518482858018629 ], [ -0.112463619291097, 51.518489998788617 ], [ -0.112753479458523, 51.518497138843124 ], [ -0.113043339745303, 51.518504278182164 ], [ -0.113333200151423, 51.51851141680573 ], [ -0.113623060676874, 51.518518554713815 ], [ -0.113912921321642, 51.518525691906433 ], [ -0.114202782085718, 51.518532828383563 ], [ -0.114492642969086, 51.518539964145219 ], [ -0.114782503971735, 51.518547099191409 ], [ -0.115072365093656, 51.518554233522103 ], [ -0.115362226334834, 51.518561367137316 ], [ -0.11565208769526, 51.518568500037063 ], [ -0.115941949174917, 51.518575632221314 ], [ -0.116231810773799, 51.518582763690098 ], [ -0.116521672491892, 51.518589894443387 ], [ -0.116811534329182, 51.518597024481203 ], [ -0.11710139628566, 51.518604153803523 ], [ -0.117391258361312, 51.518611282410362 ], [ -0.117681120556128, 51.518618410301713 ], [ -0.117970982870095, 51.51862553747759 ], [ -0.118260845303202, 51.518632663937971 ], [ -0.118550707855434, 51.518639789682872 ], [ -0.118840570526783, 51.518646914712278 ], [ -0.119130433317236, 51.518654039026202 ], [ -0.11942029622678, 51.518661162624632 ], [ -0.119710159255403, 51.518668285507566 ], [ -0.120000022403095, 51.518675407675019 ], [ -0.120000007358261, 51.519574833093245 ], [ -0.119710144214702, 51.519567710978372 ], [ -0.119420281190211, 51.519560588148018 ], [ -0.119130418284803, 51.519553464602183 ], [ -0.118840555498488, 51.519546340340845 ], [ -0.118550692831276, 51.519539215364041 ], [ -0.11826083028318, 51.519532089671756 ], [ -0.117970967854213, 51.519524963263983 ], [ -0.117681105544388, 51.519517836140722 ], [ -0.117391243353715, 51.519510708301986 ], [ -0.117101381282203, 51.519503579747777 ], [ -0.11681151932987, 51.51949645047808 ], [ -0.116521657496723, 51.519489320492909 ], [ -0.116231795782777, 51.519482189792249 ], [ -0.115941934188045, 51.519475058376123 ], [ -0.115652072712534, 51.519467926244516 ], [ -0.115362211356258, 51.519460793397435 ], [ -0.11507235011923, 51.51945365983488 ], [ -0.114782489001461, 51.519446525556852 ], [ -0.114492628002966, 51.519439390563342 ], [ -0.114202767123752, 51.519432254854365 ], [ -0.113912906363832, 51.519425118429915 ], [ -0.11362304572322, 51.519417981289997 ], [ -0.113333185201926, 51.519410843434606 ], [ -0.113043324799965, 51.519403704863734 ], [ -0.112753464517345, 51.519396565577395 ], [ -0.112463604354078, 51.519389425575604 ], [ -0.112173744310179, 51.519382284858331 ], [ -0.111883884385658, 51.519375143425584 ], [ -0.111594024580527, 51.519368001277392 ], [ -0.1113041648948, 51.519360858413712 ], [ -0.111014305328484, 51.519353714834573 ], [ -0.110724445881595, 51.519346570539973 ], [ -0.110434586554143, 51.5193394255299 ], [ -0.110144727346142, 51.519332279804374 ], [ -0.109854868257604, 51.519325133363381 ], [ -0.109565009288537, 51.519317986206914 ], [ -0.109275150438955, 51.519310838335009 ], [ -0.108985291708872, 51.51930368974763 ], [ -0.108695433098296, 51.519296540444792 ], [ -0.108405574607243, 51.519289390426493 ], [ -0.108115716235723, 51.519282239692728 ], [ -0.107825857983746, 51.519275088243518 ], [ -0.107535999851327, 51.519267936078847 ], [ -0.107246141838476, 51.519260783198725 ], [ -0.106956283945205, 51.519253629603142 ], [ -0.106666426171529, 51.519246475292093 ], [ -0.106376568517454, 51.519239320265598 ], [ -0.106086710982997, 51.51923216452365 ], [ -0.105796853568167, 51.51922500806625 ], [ -0.105506996272977, 51.519217850893405 ], [ -0.105217139097441, 51.519210693005093 ], [ -0.104927282041566, 51.519203534401335 ], [ -0.104637425105368, 51.519196375082132 ], [ -0.104347568288857, 51.519189215047476 ], [ -0.104057711592046, 51.519182054297367 ], [ -0.103767855014948, 51.519174892831813 ], [ -0.103477998557571, 51.5191677306508 ], [ -0.103188142219928, 51.519160567754355 ], [ -0.102898286002034, 51.519153404142457 ], [ -0.102608429903898, 51.519146239815115 ], [ -0.102318573925534, 51.519139074772333 ], [ -0.102028718066952, 51.519131909014106 ], [ -0.101738862328165, 51.519124742540427 ], [ -0.101449006709184, 51.519117575351316 ], [ -0.101159151210021, 51.51911040744676 ], [ -0.100869295830688, 51.519103238826752 ], [ -0.100579440571199, 51.519096069491312 ], [ -0.100289585431562, 51.519088899440426 ], [ -0.099999730411793, 51.519081728674102 ], [ -0.0997098755119, 51.519074557192354 ], [ -0.099420020731898, 51.519067384995147 ], [ -0.099130166071798, 51.519060212082515 ], [ -0.09884031153161, 51.519053038454445 ], [ -0.098550457111349, 51.519045864110929 ], [ -0.098260602811024, 51.519038689051989 ], [ -0.097970748630648, 51.519031513277611 ], [ -0.097680894570235, 51.519024336787801 ], [ -0.097391040629794, 51.519017159582553 ], [ -0.097101186809337, 51.519009981661874 ], [ -0.096811333108877, 51.519002803025771 ], [ -0.096521479528426, 51.518995623674236 ], [ -0.096231626067995, 51.518988443607263 ], [ -0.095941772727599, 51.518981262824852 ], [ -0.095651919507245, 51.51897408132703 ], [ -0.095362066406948, 51.518966899113764 ], [ -0.095072213426719, 51.518959716185073 ], [ -0.09478236056657, 51.518952532540965 ], [ -0.094492507826514, 51.518945348181433 ], [ -0.09420265520656, 51.518938163106462 ], [ -0.093912802706723, 51.518930977316082 ], [ -0.093622950327012, 51.518923790810256 ], [ -0.093333098067443, 51.51891660358902 ], [ -0.093043245928025, 51.518909415652359 ], [ -0.092753393908769, 51.518902227000275 ], [ -0.092463542009689, 51.518895037632774 ], [ -0.092173690230795, 51.518887847549848 ], [ -0.091883838572101, 51.518880656751506 ], [ -0.091593987033616, 51.518873465237739 ], [ -0.091304135615357, 51.518866273008555 ], [ -0.091014284317331, 51.518859080063955 ], [ -0.090724433139552, 51.518851886403937 ], [ -0.090434582082031, 51.518844692028509 ], [ -0.090144731144781, 51.518837496937643 ], [ -0.089854880327814, 51.518830301131381 ], [ -0.089565029631139, 51.518823104609702 ], [ -0.08927517905477, 51.518815907372598 ], [ -0.088985328598719, 51.518808709420099 ], [ -0.088695478262999, 51.518801510752176 ], [ -0.088405628047621, 51.518794311368843 ], [ -0.088115777952596, 51.5187871112701 ], [ -0.087825927977936, 51.518779910455947 ], [ -0.087536078123653, 51.518772708926399 ], [ -0.087246228389761, 51.518765506681419 ], [ -0.086956378776268, 51.518758303721029 ], [ -0.086666529283191, 51.518751100045243 ], [ -0.086376679910537, 51.518743895654048 ], [ -0.08608683065832, 51.518736690547449 ], [ -0.085796981526551, 51.518729484725448 ], [ -0.085507132515243, 51.518722278188037 ], [ -0.08521728362441, 51.518715070935215 ], [ -0.08492743485406, 51.518707862966991 ], [ -0.084637586204204, 51.518700654283379 ], [ -0.084347737674859, 51.518693444884342 ], [ -0.084057889266032, 51.518686234769923 ], [ -0.083768040977739, 51.518679023940095 ], [ -0.083478192809989, 51.518671812394871 ], [ -0.083188344762794, 51.518664600134244 ], [ -0.082898496836167, 51.518657387158221 ], [ -0.082608649030119, 51.518650173466803 ], [ -0.082318801344663, 51.518642959059981 ], [ -0.082028953779813, 51.518635743937764 ], [ -0.081739106335575, 51.518628528100145 ], [ -0.081449259011965, 51.518621311547143 ], [ -0.081159411808993, 51.518614094278746 ], [ -0.080869564726673, 51.518606876294946 ], [ -0.080579717765017, 51.518599657595765 ], [ -0.080289870924035, 51.51859243818118 ], [ -0.080000024203737, 51.518585218051214 ], [ -0.080000009022103, 51.519484650654334 ], [ -0.080289314368895, 51.519491857246166 ], [ -0.080578619835924, 51.519499063125295 ], [ -0.080867925423178, 51.5195062682917 ], [ -0.081157231130646, 51.519513472745388 ], [ -0.081446536958316, 51.519520676486351 ], [ -0.081735842906177, 51.519527879514605 ], [ -0.082025148974215, 51.519535081830128 ], [ -0.082314455162419, 51.519542283432941 ], [ -0.082603761470779, 51.519549484323022 ], [ -0.082893067899281, 51.519556684500394 ], [ -0.083182374447914, 51.519563883965034 ], [ -0.083471681116664, 51.519571082716958 ], [ -0.083760987905524, 51.519578280756143 ], [ -0.084050294814478, 51.519585478082625 ], [ -0.084339601843516, 51.519592674696362 ], [ -0.084628908992625, 51.519599870597375 ], [ -0.084918216261797, 51.519607065785671 ], [ -0.085207523651015, 51.519614260261228 ], [ -0.085496831160268, 51.519621454024062 ], [ -0.085786138789548, 51.519628647074171 ], [ -0.086075446538839, 51.519635839411542 ], [ -0.086364754408131, 51.519643031036196 ], [ -0.086654062397412, 51.519650221948112 ], [ -0.08694337050667, 51.519657412147296 ], [ -0.087232678735894, 51.519664601633743 ], [ -0.08752198708507, 51.519671790407465 ], [ -0.087811295554189, 51.519678978468448 ], [ -0.088100604143239, 51.519686165816694 ], [ -0.088389912852204, 51.519693352452215 ], [ -0.088679221681076, 51.519700538374998 ], [ -0.088968530629846, 51.519707723585036 ], [ -0.089257839698494, 51.519714908082342 ], [ -0.089547148887015, 51.51972209186691 ], [ -0.089836458195395, 51.51972927493874 ], [ -0.090125767623622, 51.519736457297824 ], [ -0.090415077171682, 51.519743638944178 ], [ -0.090704386839567, 51.519750819877785 ], [ -0.090993696627265, 51.519758000098662 ], [ -0.091283006534761, 51.519765179606779 ], [ -0.091572316562046, 51.519772358402165 ], [ -0.091861626709105, 51.519779536484805 ], [ -0.092150936975931, 51.5197867138547 ], [ -0.092440247362508, 51.519793890511842 ], [ -0.092729557868826, 51.519801066456253 ], [ -0.093018868494874, 51.519808241687912 ], [ -0.093308179240637, 51.519815416206818 ], [ -0.093597490106104, 51.519822590012986 ], [ -0.093886801091267, 51.519829763106401 ], [ -0.094176112196112, 51.519836935487071 ], [ -0.094465423420624, 51.519844107154988 ], [ -0.094754734764795, 51.519851278110146 ], [ -0.095044046228611, 51.519858448352565 ], [ -0.095333357812065, 51.519865617882232 ], [ -0.095622669515137, 51.519872786699146 ], [ -0.09591198133782, 51.519879954803308 ], [ -0.096201293280105, 51.51988712219471 ], [ -0.096490605341975, 51.519894288873367 ], [ -0.096779917523419, 51.519901454839257 ], [ -0.097069229824426, 51.519908620092394 ], [ -0.097358542244987, 51.519915784632786 ], [ -0.097647854785085, 51.519922948460405 ], [ -0.097937167444711, 51.51993011157527 ], [ -0.098226480223854, 51.519937273977391 ], [ -0.098515793122501, 51.519944435666744 ], [ -0.098805106140639, 51.519951596643338 ], [ -0.099094419278258, 51.519958756907165 ], [ -0.099383732535347, 51.519965916458226 ], [ -0.099673045911893, 51.519973075296541 ], [ -0.099962359407881, 51.519980233422082 ], [ -0.100251673023304, 51.519987390834871 ], [ -0.100540986758148, 51.519994547534885 ], [ -0.100830300612401, 51.520001703522134 ] ] } }
]
}
