<?xml version="1.0" encoding="UTF-8"?>
<kml xmlns="http://www.opengis.net/kml/2.2" xmlns:gx="http://www.google.com/kml/ext/2.2">
    <Document id="1">
        <Style id="4">
            <LineStyle id="5">
                <colorMode>normal</colorMode>
                <width>3</width>
            </LineStyle>
        </Style>
        <Placemark id="3">
            <name>route</name>
            <styleUrl>#4</styleUrl>
            <LineString id="2">
                <altitudeMode>clampToGround</altitudeMode>
                <coordinates>-0.08365670299194986,51.4800005671456,0.0 -0.08394513455229922,51.48000774527498,0.0 -0.08423356623195837,51.48001492269574,0.0 -0.08452199803092089,51.480022099407826,0.0 -0.08481042994917332,51.48002927541127,0.0 -0.08509886198670091,51.480036450706066,0.0 -0.08538729414349691,51.480043625292204,0.0 -0.08567572641954624,51.48005079916971,0.0 -0.08596415881483653,51.48005797233856,0.0 -0.08625259132935986,51.48006514479874,0.0 -0.08654102396310191,51.48007231655029,0.0 -0.08682945671605036,51.48007948759319,0.0 -0.08711788958819645,51.48008665792741,0.0 -0.08740632257952508,51.480093827553,0.0 -0.08769475569002472,51.480100996469915,0.0 -0.08798318891968702,51.48010816467819,0.0 -0.08827162226849768,51.480115332177796,0.0 -0.08856005573644356,51.480122498968754,0.0 -0.08884848932351712,51.48012966505106,0.0 -0.08913692302970365,51.4801368304247,0.0 -0.0894253568549916,51.48014399508967,0.0 -0.08971379079937027,51.480151159045995,0.0 -0.09000222486282651,51.480158322293654,0.0 -0.0902906590453508,51.48016548483265,0.0 -0.0905790933469316,51.48017264666299,0.0 -0.09086752776755219,51.48017980778465,0.0 -0.09115596230720745,51.480186968197664,0.0 -0.09144439696588144,51.48019412790201,0.0 -0.09173283174356264,51.48020128689769,0.0 -0.09202126664024232,51.4802084451847,0.0 -0.09230970165590614,51.48021560276305,0.0 -0.0925981367905414,51.48022275963274,0.0 -0.09288657204414093,51.48022991579376,0.0 -0.09317500741668804,51.480237071246094,0.0 -0.09346344290817357,51.48024422598978,0.0 -0.09375187851858562,51.48025138002478,0.0 -0.09404031424791383,51.48025853335111,0.0 -0.09432875009614151,51.48026568596879,0.0 -0.0946171860632623,51.480272837877784,0.0 -0.0949056221492627,51.48027998907811,0.0 -0.09519405835412915,51.480287139569754,0.0 -0.09548249467785294,51.48029428935274,0.0 -0.09577093112042054,51.48030143842704,0.0 -0.09605936768182002,51.48030858679267,0.0 -0.09634780436204106,51.480315734449626,0.0 -0.09663624116107211,51.48032288139789,0.0 -0.09692467807889846,51.48033002763749,0.0 -0.09721311511551298,51.48033717316841,0.0 -0.09750155227089934,51.48034431799065,0.0 -0.09778998954504681,51.48035146210421,0.0 -0.09807842693794705,51.480358605509096,0.0 -0.09836686444958694,51.4803657482053,0.0 -0.09865530207995057,51.480372890192825,0.0 -0.098943739829032,51.480380031471675,0.0 -0.09923217769681648,51.48038717204183,0.0 -0.09952061568329332,51.4803943119033,0.0 -0.09980905378844936,51.480401451056096,0.0 -0.10009749201227468,51.4804085895002,0.0 -0.10038593035475576,51.480415727235616,0.0 -0.10067436881588346,51.48042286426235,0.0 -0.10096280739564426,51.4804300005804,0.0 -0.10125124609402464,51.48043713618977,0.0 -0.10153968491101745,51.48044427109043,0.0 -0.10182812384660637,51.480451405282416,0.0 -0.10211656290078229,51.48045853876572,0.0 -0.10240500207353485,51.48046567154032,0.0 -0.10269344136484776,51.48047280360624,0.0 -0.10298188077471425,51.480479934963455,0.0 -0.10327032030311961,51.48048706561199,0.0 -0.10355875995005231,51.480494195551834,0.0 -0.10384719971550203,51.48050132478297,0.0 -0.10413563959945643,51.480508453305426,0.0 -0.10442407960190121,51.48051558111919,0.0 -0.10471251972282959,51.48052270822424,0.0 -0.10500095996222729,51.48052983462062,0.0 -0.10528940032007957,51.48053696030829,0.0 -0.10557784079638008,51.48054408528725,0.0 -0.10586628139111609,51.480551209557525,0.0 -0.10615472210427171,51.480558333119106,0.0 -0.10644316293584058,51.48056545597198,0.0 -0.10673160388580798,51.48057257811615,0.0 -0.10702004495416079,51.48057969955162,0.0 -0.10730848614089106,51.48058682027839,0.0 -0.10759692744598488,51.480593940296465,0.0 -0.10788536886942993,51.48060105960584,0.0 -0.10817381041121506,51.4806081782065,0.0 -0.10846225207133114,51.480615296098456,0.0 -0.10875069384976108,51.480622413281715,0.0 -0.10903913574649929,51.480629529756264,0.0 -0.10932757776153029,51.480636645522104,0.0 -0.10961601989484214,51.48064376057924,0.0 -0.1099044621464253,51.48065087492767,0.0 -0.11019290451626665,51.48065798856739,0.0 -0.11048134700435347,51.4806651014984,0.0 -0.11076978961067623,51.4806722137207,0.0 -0.11105823233522179,51.4806793252343,0.0 -0.11134667517797901,51.48068643603917,0.0 -0.1116351181389364,51.48069354613534,0.0 -0.11192356121808279,51.480700655522796,0.0 -0.1122120044154035,51.48070776420154,0.0 -0.11250044773089014,51.48071487217158,0.0 -0.11278889116453043,51.48072197943288,0.0 -0.11307733471631043,51.48072908598549,0.0 -0.1133657783862214,51.480736191829365,0.0 -0.11365422217425022,51.48074329696454,0.0 -0.11394266608038257,51.480750401390985,0.0 -0.11423111010461211,51.48075750510873,0.0 -0.11451955424692171,51.48076460811774,0.0 -0.11480799850730465,51.48077171041803,0.0 -0.1150964428857458,51.4807788120096,0.0 -0.11538488738223403,51.48078591289246,0.0 -0.1156733319967594,51.48079301306659,0.0 -0.11596177672930762,51.48080011253201,0.0 -0.11625022157986871,51.48080721128869,0.0 -0.11653866654843116,51.48081430933666,0.0 -0.11682711163498186,51.48082140667591,0.0 -0.11711555683950847,51.48082850330642,0.0 -0.11740400216200186,51.48083559922821,0.0 -0.1176924476024501,51.48084269444128,0.0 -0.11798089316083807,51.48084978894562,0.0 -0.11826933883715864,51.48085688274123,0.0 -0.11855778463139666,51.480863975828115,0.0 -0.11884623054354024,51.48087106820627,0.0 -0.11913467657358141,51.480878159875694,0.0 -0.11942312272150507,51.480885250836394,0.0 -0.1197115689873001,51.48089234108836,0.0 -0.12000001537095534,51.480899430631595,0.0 -0.12000003003514959,51.481798861141954,0.0 -0.11971225200452885,51.48179178807844,0.0 -0.11942447409122407,51.4817847143095,0.0 -0.11913669629524479,51.481777639835116,0.0 -0.11884891861660651,51.48177056465527,0.0 -0.11856114105531677,51.48176348877,0.0 -0.11827336361139071,51.48175641217928,0.0 -0.11798558628483705,51.48174933488311,0.0 -0.1176978090756689,51.48174225688151,0.0 -0.1174100319838994,51.48173517817446,0.0 -0.11712225500953612,51.48172809876197,0.0 -0.11683447815259573,51.481721018644045,0.0 -0.11654670141308499,51.481713937820686,0.0 -0.11625892479101982,51.48170685629187,0.0 -0.11597114828640775,51.48169977405764,0.0 -0.11568337189926271,51.48169269111796,0.0 -0.11539559562959863,51.48168560747284,0.0 -0.11510781947742184,51.4816785231223,0.0 -0.11482004344274867,51.481671438066314,0.0 -0.11453226752558704,51.4816643523049,0.0 -0.11424449172595168,51.48165726583804,0.0 -0.11395671604385253,51.48165017866576,0.0 -0.1136689404793023,51.48164309078803,0.0 -0.11338116503231213,51.481636002204894,0.0 -0.11309338970289237,51.481628912916314,0.0 -0.1128056144910573,51.4816218229223,0.0 -0.1125178393968157,51.481614732222866,0.0 -0.11223006442018027,51.481607640818,0.0 -0.11194228956116495,51.481600548707696,0.0 -0.11165451481977726,51.481593455891975,0.0 -0.11136674019603232,51.48158636237083,0.0 -0.11107896568993889,51.48157926814425,0.0 -0.11079119130151246,51.48157217321225,0.0 -0.1105034170307606,51.48156507757483,0.0 -0.11021564287769482,51.481557981231965,0.0 -0.10992786884233142,51.4815508841837,0.0 -0.10964009492467798,51.481543786429995,0.0 -0.10935232112474959,51.48153668797087,0.0 -0.10906454744255221,51.48152958880634,0.0 -0.10877677387810414,51.481522488936385,0.0 -0.10848900043141212,51.481515388361004,0.0 -0.10820122710248889,51.48150828708019,0.0 -0.10791345389134835,51.481501185093975,0.0 -0.10762568079799886,51.48149408240234,0.0 -0.10733790782245553,51.48148697900528,0.0 -0.1070501349647263,51.48147987490282,0.0 -0.1067623622248263,51.481472770094925,0.0 -0.10647458960276346,51.48146566458162,0.0 -0.10618681709855089,51.48145855836291,0.0 -0.10589904471220453,51.48145145143877,0.0 -0.10561127244372871,51.48144434380923,0.0 -0.10532350029314096,51.48143723547428,0.0 -0.10503572826044802,51.48143012643391,0.0 -0.10474795634566539,51.48142301668813,0.0 -0.10446018454880343,51.48141590623694,0.0 -0.10417241286987404,51.481408795080334,0.0 -0.10388464130888955,51.48140168321832,0.0 -0.10359686986585873,51.48139457065091,0.0 -0.10330909854079666,51.48138745737808,0.0 -0.10302132733371211,51.48138034339984,0.0 -0.10273355624461739,51.481373228716215,0.0 -0.10244578527352641,51.48136611332716,0.0 -0.10215801442044832,51.481358997232704,0.0 -0.10187024368539545,51.48135188043285,0.0 -0.10158247306837971,51.4813447629276,0.0 -0.10129470256941306,51.481337644716916,0.0 -0.1010069321885062,51.481330525800864,0.0 -0.10071916192566989,51.48132340617939,0.0 -0.10043139178092,51.48131628585252,0.0 -0.10014362175426295,51.48130916482026,0.0 -0.09985585184571417,51.481302043082586,0.0 -0.09956808205528207,51.48129492063952,0.0 -0.09928031238298252,51.48128779749106,0.0 -0.09899254282882229,51.48128067363719,0.0 -0.09870477339281529,51.481273549077926,0.0 -0.09841700407497465,51.48126642381328,0.0 -0.0981292348753111,51.481259297843216,0.0 -0.09784146579383496,51.48125217116777,0.0 -0.09755369683055778,51.48124504378693,0.0 -0.09726592798549387,51.48123791570069,0.0 -0.09697815925865118,51.481230786909066,0.0 -0.09669039065004402,51.481223657412045,0.0 -0.0964026221596847,51.481216527209625,0.0 -0.096114853787582,51.481209396301814,0.0 -0.09582708553374941,51.481202264688626,0.0 -0.09553931739819767,51.48119513237005,0.0 -0.09525154938093951,51.48118799934606,0.0 -0.09496378148198446,51.4811808656167,0.0 -0.09467601370134644,51.48117373118195,0.0 -0.09438824603903699,51.48116659604182,0.0 -0.09410047849506605,51.481159460196295,0.0 -0.09381271106944711,51.48115232364539,0.0 -0.09352494376219013,51.48114518638909,0.0 -0.09323717657330703,51.48113804842741,0.0 -0.09294940950281214,51.48113090976035,0.0 -0.0926616425507126,51.48112377038792,0.0 -0.0923738757170239,51.48111663031009,0.0 -0.09208610900175483,51.48110948952687,0.0 -0.09179834240491967,51.481102348038284,0.0 -0.09151057592652796,51.48109520584432,0.0 -0.09122280956659005,51.48108806294497,0.0 -0.09093504332512384,51.48108091934024,0.0 -0.09064727720213327,51.48107377503013,0.0 -0.09035951119763587,51.48106663001465,0.0 -0.09007174531163838,51.4810594842938,0.0 -0.08978397954415789,51.48105233786756,0.0 -0.08949621389520038,51.48104519073594,0.0 -0.08920844836478055,51.48103804289896,0.0 -0.08892068295290993,51.4810308943566,0.0 -0.08863291765960045,51.481023745108864,0.0 -0.08834515248486166,51.481016595155765,0.0 -0.08805738742870825,51.48100944449729,0.0 -0.08776962249115058,51.48100229313343,0.0 -0.08748185767219778,51.48099514106421,0.0 -0.08719409297186495,51.48098798828962,0.0 -0.08690632839016324,51.480980834809664,0.0 -0.08661856392710097,51.48097368062434,0.0 -0.08633079958269568,51.480966525733635,0.0 -0.08604303535695329,51.480959370137576,0.0 -0.08575527124988894,51.48095221383615,0.0 -0.08546750726151214,51.48094505682935,0.0 -0.08517974339183484,51.48093789911719,0.0 -0.08489197964087096,51.48093074069967,0.0 -0.08460421600862883,51.48092358157678,0.0 -0.08431645249512436,51.480916421748525,0.0 -0.0840286891003635,51.48090926121491,0.0 -0.08374092582436099,51.48090209997593,0.0 -0.08345316266713032,51.48089493803159,0.0 -0.08316539962867986,51.48088777538189,0.0 -0.0828776367090243,51.48088061202683,0.0 -0.0825898739081724,51.48087344796642,0.0 -0.08230211122613729,51.48086628320064,0.0 -0.08201434866293007,51.4808591177295,0.0 -0.0817265862185615,51.48085195155301,0.0 -0.08143882389304549,51.48084478467118,0.0 -0.08115106168639197,51.480837617083964,0.0 -0.08086329959861407,51.48083044879141,0.0 -0.08057553762972054,51.48082327979349,0.0 -0.08028777577972886,51.48081611009022,0.0 -0.08000001404864221,51.4808089396816,0.0 -0.08000002898841443,51.48170837735641,0.0 -0.08028779071235556,51.481715547712255,0.0 -0.08057555255520729,51.48172271736276,0.0 -0.0808633145169573,51.48172988630791,0.0 -0.08115107659759525,51.48173705454771,0.0 -0.08143883879710882,51.481744222082156,0.0 -0.08172660111548688,51.48175138891126,0.0 -0.08201436355271709,51.481758555035015,0.0 -0.08230212610878793,51.4817657204534,0.0 -0.08258988878368828,51.48177288516645,0.0 -0.08287765157740698,51.481780049174134,0.0 -0.08316541448993015,51.48178721247648,0.0 -0.08345317752124781,51.48179437507347,0.0 -0.08374094067134807,51.481801536965094,0.0 -0.08402870394022098,51.481808698151376,0.0 -0.08431646732785103,51.48181585863228,0.0 -0.08460423083422987,51.48182301840784,0.0 -0.08489199445934517,51.48183017747804,0.0 -0.0851797582031866,51.481837335842876,0.0 -0.08546752206573867,51.481844493502365,0.0 -0.085755286046993,51.481851650456484,0.0 -0.0860430501469349,51.48185880670525,0.0 -0.08633081436555683,51.48186596224865,0.0 -0.08661857870284444,51.481873117086685,0.0 -0.08690634315878702,51.48188027121935,0.0 -0.08719410773337184,51.481887424646665,0.0 -0.08748187242658857,51.48189457736861,0.0 -0.08776963723842608,51.4819017293852,0.0 -0.08805740216887085,51.481908880696416,0.0 -0.08834516721791094,51.48191603130227,0.0 -0.08863293238553643,51.481923181202745,0.0 -0.08892069767173617,51.48193033039786,0.0 -0.08920846307649706,51.481937478887616,0.0 -0.08949622859980874,51.481944626671996,0.0 -0.08978399424165731,51.48195177375101,0.0 -0.09007176000203364,51.481958920124654,0.0 -0.09035952588092537,51.48196606579291,0.0 -0.0906472918783202,51.481973210755804,0.0 -0.09093505799420659,51.481980355013334,0.0 -0.09122282422857342,51.48198749856548,0.0 -0.09151059058140835,51.48199464141226,0.0 -0.09179835705270066,51.48200178355367,0.0 -0.09208612364243803,51.482008924989685,0.0 -0.0923738903506101,51.482016065720344,0.0 -0.09266165717720257,51.48202320574562,0.0 -0.0929494241222055,51.482030345065525,0.0 -0.09323719118560736,51.48203748368005,0.0 -0.09352495836739702,51.48204462158919,0.0 -0.09381272566756295,51.482051758792956,0.0 -0.09410049308609084,51.48205889529134,0.0 -0.09438826062297194,51.482066031084344,0.0 -0.09467602827819352,51.48207316617196,0.0 -0.09496379605174327,51.48208030055421,0.0 -0.09525156394361363,51.48208743423107,0.0 -0.09553933195378711,51.48209456720253,0.0 -0.09582710008225416,51.48210169946863,0.0 -0.09611486832900484,51.48210883102934,0.0 -0.09640263669402604,51.482115961884666,0.0 -0.09669040517730465,51.482123092034605,0.0 -0.0969781737788327,51.48213022147916,0.0 -0.09726594249859548,51.4821373502183,0.0 -0.09755371133658344,51.48214447825208,0.0 -0.0978414802927831,51.482151605580476,0.0 -0.09812924936718488,51.482158732203466,0.0 -0.09841701855977489,51.48216585812108,0.0 -0.09870478787054317,51.4821729833333,0.0 -0.0989925572994774,51.48218010784012,0.0 -0.09928032684656607,51.48218723164155,0.0 -0.09956809651179763,51.482194354737594,0.0 -0.09985586629516055,51.482201477128235,0.0 -0.10014363619664213,51.4822085988135,0.0 -0.1004314062162316,51.48221571979335,0.0 -0.10071917635391867,51.48222284006781,0.0 -0.10100694660968937,51.48222995963689,0.0 -0.1012947169835338,51.48223707850055,0.0 -0.10158248747543844,51.48224419665883,0.0 -0.10187025808539295,51.48225131411171,0.0 -0.10215802881338618,51.48225843085919,0.0 -0.10244579965940581,51.48226554690126,0.0 -0.10273357062344034,51.48227266223794,0.0 -0.10302134170547741,51.48227977686921,0.0 -0.1033091129055063,51.48228689079509,0.0 -0.1035968842235155,51.48229400401557,0.0 -0.10388465565949224,51.482301116530635,0.0 -0.10417242721342623,51.4823082283403,0.0 -0.10446019888530592,51.482315339444554,0.0 -0.10474797067511779,51.48232244984342,0.0 -0.10503574258285389,51.48232955953688,0.0 -0.10532351460849675,51.48233666852492,0.0 -0.10561128675203957,51.48234377680757,0.0 -0.10589905901347005,51.4823508843848,0.0 -0.10618683139277349,51.48235799125663,0.0 -0.10647460388994191,51.48236509742304,0.0 -0.10676237650496141,51.48237220288405,0.0 -0.10705014923782127,51.48237930763965,0.0 -0.10733792208851113,51.48238641168983,0.0 -0.10762569505701669,51.48239351503461,0.0 -0.10791346814332761,51.48240061767396,0.0 -0.10820124134743275,51.48240771960791,0.0 -0.1084890146693206,51.48241482083645,0.0 -0.10877678810897802,51.482421921359574,0.0 -0.10906456166639429,51.48242902117728,0.0 -0.10935233534155867,51.48243612028956,0.0 -0.10964010913445764,51.48244321869644,0.0 -0.10992788304507967,51.4824503163979,0.0 -0.11021565707341482,51.482457413393945,0.0 -0.11050343121945237,51.482464509684554,0.0 -0.1107912054831764,51.48247160526977,0.0 -0.11107897986457978,51.48247870014955,0.0 -0.11136675436364736,51.48248579432392,0.0 -0.11165452898036964,51.48249288779285,0.0 -0.11194230371473544,51.482499980556376,0.0 -0.1122300785667313,51.482507072614474,0.0 -0.11251785353634565,51.48251416396715,0.0 -0.11280562862356777,51.4825212546144,0.0 -0.11309340382838654,51.48252834455623,0.0 -0.1133811791507896,51.48253543379263,0.0 -0.11366895459076544,51.4825425223236,0.0 -0.11395673014830096,51.48254961014916,0.0 -0.11424450582338619,51.48255669726928,0.0 -0.11453228161601002,51.48256378368398,0.0 -0.11482005752615891,51.482570869393236,0.0 -0.11510783355382494,51.48257795439708,0.0 -0.11539560969899178,51.48258503869549,0.0 -0.11568338596164991,51.48259212228847,0.0 -0.11597116234178778,51.482599205176015,0.0 -0.11625893883939348,51.48260628735813,0.0 -0.11654671545445468,51.48261336883482,0.0 -0.11683449218696183,51.48262044960607,0.0 -0.11712226903690182,51.48262752967188,0.0 -0.11741004600426272,51.48263460903227,0.0 -0.11769782308903301,51.48264168768721,0.0 -0.11798560029120193,51.48264876563672,0.0 -0.11827337761075718,51.482655842880796,0.0 -0.11856115504768723,51.48266291941944,0.0 -0.11884893260198014,51.48266999525264,0.0 -0.11913671027362478,51.482677070380404,0.0 -0.11942448806261043,51.482684144802725,0.0 -0.11971226596892355,51.482691218519605,0.0 -0.12000004399255262,51.48269829153105,0.0 -0.120000057243139,51.4835977217989,0.0 -0.11971227922643002,51.48359064883952,0.0 -0.11942450132703898,51.4835835751747,0.0 -0.11913672354497701,51.483576500804446,0.0 -0.11884894588025524,51.483569425728774,0.0 -0.11856116833288759,51.483562349947654,0.0 -0.1182733909028832,51.48355527346109,0.0 -0.117985613590256,51.48354819626912,0.0 -0.1176978363950151,51.4835411183717,0.0 -0.11741005931717406,51.483534039768855,0.0 -0.1171222823567432,51.48352696046058,0.0 -0.11683450551373642,51.483519880446885,0.0 -0.11654672878816208,51.48351279972774,0.0 -0.11625895218003408,51.483505718303185,0.0 -0.11597117568936319,51.483498636173195,0.0 -0.1156833993161621,51.48349155333778,0.0 -0.11539562306044038,51.48348446979695,0.0 -0.1151078469222135,51.48347738555067,0.0 -0.11482007090148745,51.48347030059899,0.0 -0.11453229499827931,51.48346321494188,0.0 -0.11424451921259586,51.48345612857934,0.0 -0.11395674354445377,51.483449041511385,0.0 -0.11366896799385982,51.483441953738,0.0 -0.1133811925608311,51.4834348652592,0.0 -0.11309341724537317,51.48342777607498,0.0 -0.11280564204750353,51.48342068618535,0.0 -0.11251786696722814,51.48341359559028,0.0 -0.1122300920045633,51.48340650428979,0.0 -0.11194231715951974,51.483399412283894,0.0 -0.11165454243210424,51.483392319572594,0.0 -0.11136676782233665,51.48338522615586,0.0 -0.11107899333022056,51.48337813203371,0.0 -0.11079121895577346,51.48337103720615,0.0 -0.11050344469900371,51.483363941673176,0.0 -0.11021567055992601,51.48335684543478,0.0 -0.10992789653854793,51.48334974849098,0.0 -0.10964012263488494,51.483342650841756,0.0 -0.10935234884894462,51.483335552487134,0.0 -0.10906457518074407,51.4833284534271,0.0 -0.10877680163028845,51.48332135366165,0.0 -0.10848902819759565,51.4833142531908,0.0 -0.10820125488267282,51.48330715201453,0.0 -0.10791348168553468,51.48330005013285,0.0 -0.10762570860618957,51.48329294754576,0.0 -0.10733793564465181,51.483285844253274,0.0 -0.10705016280093134,51.48327874025538,0.0 -0.10676239007504168,51.48327163555207,0.0 -0.10647461746699394,51.48326453014337,0.0 -0.10618684497679809,51.48325742402927,0.0 -0.10589907260446683,51.483250317209745,0.0 -0.1056113003500125,51.48324320968482,0.0 -0.10532352821344462,51.48323610145451,0.0 -0.10503575619477794,51.48322899251879,0.0 -0.10474798429402195,51.48322188287766,0.0 -0.10446021251118941,51.483214772531134,0.0 -0.10417244084629024,51.48320766147923,0.0 -0.10388466929933877,51.4832005497219,0.0 -0.10359689787034493,51.48319343725918,0.0 -0.10330912655931825,51.48318632409106,0.0 -0.10302135536627584,51.48317921021754,0.0 -0.10273358429122247,51.483172095638636,0.0 -0.10244581333417642,51.483164980354324,0.0 -0.10215804249514446,51.48315786436463,0.0 -0.1018702717741401,51.48315074766954,0.0 -0.10158250117117486,51.48314363026905,0.0 -0.10129473068626228,51.48313651216317,0.0 -0.1010069603194103,51.48312939335189,0.0 -0.10071919007063283,51.48312227383523,0.0 -0.1004314199399402,51.48311515361317,0.0 -0.10014364992734716,51.48310803268573,0.0 -0.09985588003286121,51.483100911052894,0.0 -0.0995681102564979,51.48309378871467,0.0 -0.09928034059826395,51.48308666567105,0.0 -0.09899257105817688,51.48307954192205,0.0 -0.09870480163624265,51.483072417467675,0.0 -0.09841703233247795,51.4830652923079,0.0 -0.09812926314688993,51.48305816644274,0.0 -0.09784149407949491,51.483051039872194,0.0 -0.09755372513030004,51.48304391259627,0.0 -0.09726595629931963,51.48303678461496,0.0 -0.09697818758656321,51.48302965592827,0.0 -0.0966904189920455,51.483022526536196,0.0 -0.09640265051577446,51.48301539643874,0.0 -0.09611488215776677,51.48300826563591,0.0 -0.09582711391803041,51.48300113412768,0.0 -0.09553934579657448,51.482994001914086,0.0 -0.09525157779341692,51.48298686899511,0.0 -0.09496380990856405,51.482979735370755,0.0 -0.094676042142031,51.482972601041034,0.0 -0.09438827449382771,51.48296546600593,0.0 -0.09410050696396609,51.48295833026544,0.0 -0.0938127395524557,51.482951193819595,0.0 -0.09352497225931324,51.48294405666836,0.0 -0.09323720508454623,51.482936918811745,0.0 -0.09294943802816744,51.48292978024976,0.0 -0.09266167109018836,51.48292264098242,0.0 -0.09237390427062134,51.4829155010097,0.0 -0.09208613756947591,51.4829083603316,0.0 -0.09179837098676757,51.482901218948136,0.0 -0.0915106045225031,51.4828940768593,0.0 -0.09122283817669838,51.48288693406511,0.0 -0.09093507194936376,51.482879790565526,0.0 -0.09064730584051037,51.48287264636058,0.0 -0.09035953985014815,51.48286550145028,0.0 -0.0900717739782914,51.48285835583461,0.0 -0.08978400822495047,51.48285120951356,0.0 -0.08949624259013887,51.48284406248717,0.0 -0.08920847707386456,51.48283691475539,0.0 -0.08892071167614424,51.48282976631827,0.0 -0.08863294639698424,51.482822617175756,0.0 -0.0883451812364005,51.4828154673279,0.0 -0.08805741619440058,51.48280831677468,0.0 -0.08776965127099955,51.48280116551611,0.0 -0.08748188646620896,51.482794013552166,0.0 -0.08719412178003715,51.48278686088286,0.0 -0.08690635721249884,51.48277970750821,0.0 -0.08661859276360437,51.482772553428184,0.0 -0.08633082843336645,51.482765398642805,0.0 -0.08604306422179464,51.48275824315208,0.0 -0.08575530012890363,51.482751086955986,0.0 -0.08546753615470257,51.482743930054546,0.0 -0.08517977229920379,51.48273677244775,0.0 -0.08489200856241841,51.482729614135586,0.0 -0.08460424494435877,51.482722455118086,0.0 -0.08431648144503678,51.482715295395224,0.0 -0.0840287180644644,51.48270813496701,0.0 -0.08374095480265073,51.482700973833445,0.0 -0.0834531916596109,51.48269381199453,0.0 -0.08316542863535406,51.482686649450265,0.0 -0.08287766572989252,51.48267948620065,0.0 -0.08258990294323704,51.48267232224568,0.0 -0.08230214027540349,51.48266515758539,0.0 -0.08201437772639784,51.48265799221972,0.0 -0.08172661529623522,51.48265082614872,0.0 -0.08143885298492397,51.482643659372364,0.0 -0.08115109079247998,51.48263649189068,0.0 -0.0808633287189116,51.48262932370363,0.0 -0.08057556676423396,51.482622154811246,0.0 -0.08028780492845379,51.482614985213516,0.0 -0.080000043211587,51.482607814910445,0.0 -0.08000005671813211,51.48350725234371,0.0 -0.0802878184279965,51.483514422594006,0.0 -0.08057558025677468,51.48352159213896,0.0 -0.08086334220445192,51.48352876097859,0.0 -0.08115110427101989,51.48353592911286,0.0 -0.08143886645646507,51.48354309654181,0.0 -0.08172662876077831,51.4835502632654,0.0 -0.08201439118394452,51.483557429283664,0.0 -0.08230215372595213,51.48356459459657,0.0 -0.08258991638679403,51.48357175920414,0.0 -0.08287767916645548,51.48357892310637,0.0 -0.08316544206492457,51.483586086303255,0.0 -0.08345320508219055,51.4835932487948,0.0 -0.08374096821824151,51.48360041058099,0.0 -0.08402873147306471,51.48360757166185,0.0 -0.08431649484665021,51.48361473203735,0.0 -0.08460425833898531,51.483621891707514,0.0 -0.08489202195006006,51.48362905067232,0.0 -0.08517978567986094,51.48363620893179,0.0 -0.08546754952837682,51.48364336648589,0.0 -0.08575531349559616,51.48365052333466,0.0 -0.08604307758150705,51.48365767947807,0.0 -0.08633084178609755,51.48366483491613,0.0 -0.08661860610935693,51.48367198964885,0.0 -0.08690637055127247,51.483679143676206,0.0 -0.08719413511183542,51.48368629699821,0.0 -0.08748189979103028,51.483693449614854,0.0 -0.0877696645888483,51.483700601526145,0.0 -0.08805742950527597,51.4837077527321,0.0 -0.08834519454030372,51.48371490323267,0.0 -0.08863295969391648,51.483722053027904,0.0 -0.08892072496610628,51.48372920211779,0.0 -0.08920849035686,51.4837363505023,0.0 -0.08949625586616572,51.48374349818145,0.0 -0.0897840214940111,51.48375064515525,0.0 -0.09007178724038582,51.48375779142367,0.0 -0.09035955310527954,51.48376493698675,0.0 -0.09064731908867635,51.48377208184447,0.0 -0.0909350851905687,51.48377922599682,0.0 -0.09122285141094268,51.48378636944381,0.0 -0.09151061774978755,51.483793512185436,0.0 -0.09179838420709217,51.483800654221696,0.0 -0.09208615078284305,51.4838077955526,0.0 -0.09237391747703141,51.483814936178135,0.0 -0.09266168428964415,51.4838220760983,0.0 -0.09294945122066775,51.4838292153131,0.0 -0.09323721827009465,51.48383635382253,0.0 -0.09352498543790976,51.48384349162659,0.0 -0.0938127527241023,51.48385062872529,0.0 -0.0941005201286608,51.483857765118614,0.0 -0.0943882876515741,51.48386490080657,0.0 -0.09467605529282987,51.483872035789155,0.0 -0.09496382305241659,51.48387917006637,0.0 -0.09525159093032351,51.483886303638215,0.0 -0.09553935892653834,51.48389343650469,0.0 -0.09582712704104832,51.48390056866578,0.0 -0.09611489527384352,51.4839077001215,0.0 -0.09640266362491204,51.48391483087185,0.0 -0.09669043209424191,51.48392196091682,0.0 -0.09697820068182164,51.483929090256424,0.0 -0.09726596938763887,51.48393621889064,0.0 -0.09755373821168409,51.48394334681947,0.0 -0.09784150715394377,51.48395047404294,0.0 -0.09812927621440598,51.48395760056102,0.0 -0.09841704539305839,51.48396472637373,0.0 -0.09870481468989187,51.48397185148105,0.0 -0.09899258410489407,51.483978975883,0.0 -0.09928035363805271,51.48398609957955,0.0 -0.09956812328935623,51.483993222570746,0.0 -0.09985589305879349,51.48400034485653,0.0 -0.10014366294635099,51.48400746643695,0.0 -0.10043143295201919,51.48401458731197,0.0 -0.10071920307578654,51.48402170748163,0.0 -0.10100697331764154,51.48402882694588,0.0 -0.10129474367757065,51.48403594570475,0.0 -0.10158251415556353,51.48404306375823,0.0 -0.10187028475160867,51.48405018110634,0.0 -0.10215805546569373,51.48405729774905,0.0 -0.10244582629780839,51.484064413686355,0.0 -0.10273359724793792,51.48407152891829,0.0 -0.10302136831607518,51.48407864344483,0.0 -0.10330913950220465,51.48408575726599,0.0 -0.1035969108063172,51.484092870381744,0.0 -0.1038846822283989,51.4840999827921,0.0 -0.10417245376844102,51.48410709449708,0.0 -0.10446022542642844,51.484114205496645,0.0 -0.10474799720235242,51.48412131579084,0.0 -0.10503576909620103,51.48412842537962,0.0 -0.10532354110796116,51.48413553426302,0.0 -0.10561131323762285,51.484142642441014,0.0 -0.10589908548517339,51.48414974991361,0.0 -0.10618685785060046,51.48415685668081,0.0 -0.10647463033389491,51.484163962742606,0.0 -0.10676240293504202,51.48417106809902,0.0 -0.10705017565403188,51.48417817275003,0.0 -0.10733794849085214,51.484185276695634,0.0 -0.10762572144549286,51.48419237993583,0.0 -0.10791349451793934,51.484199482470636,0.0 -0.10820126770818403,51.48420658430003,0.0 -0.1084890410162122,51.484213685424024,0.0 -0.10877681444201276,51.484220785842616,0.0 -0.10906458798557254,51.4842278855558,0.0 -0.10935236164688401,51.48423498456358,0.0 -0.10964013542593326,51.48424208286596,0.0 -0.10992790932270756,51.48424918046294,0.0 -0.11021568333719736,51.48425627735449,0.0 -0.11050345746938996,51.48426337354065,0.0 -0.110791231719273,51.48427046902139,0.0 -0.11107900608683738,51.484277563796724,0.0 -0.11136678057206717,51.48428465786666,0.0 -0.11165455517495522,51.48429175123116,0.0 -0.11194232989548722,51.48429884389027,0.0 -0.11223010473365243,51.48430593584397,0.0 -0.11251787968943852,51.48431302709224,0.0 -0.11280565476283516,51.48432011763511,0.0 -0.11309342995382964,51.48432720747256,0.0 -0.11338120526240883,51.4843342966046,0.0 -0.11366898068856517,51.48434138503123,0.0 -0.11395675623228395,51.48434847275244,0.0 -0.11424453189355524,51.484355559768225,0.0 -0.11453230767236591,51.484362646078594,0.0 -0.11482008356870445,51.48436973168355,0.0 -0.1151078595825605,51.48437681658309,0.0 -0.11539563571392135,51.4843839007772,0.0 -0.11568341196277507,51.48439098426591,0.0 -0.11597118832911094,51.48439806704918,0.0 -0.11625896481291739,51.484405149127035,0.0 -0.11654674141418134,51.48441223049946,0.0 -0.11683451813289204,51.48441931116648,0.0 -0.11712229496903877,51.48442639112806,0.0 -0.11741007192260958,51.48443347038423,0.0 -0.11769784899359097,51.48444054893496,0.0 -0.1179856261819722,51.48444762678027,0.0 -0.11827340348774372,51.48445470392016,0.0 -0.11856118091089202,51.48446178035462,0.0 -0.11884895845140517,51.48446885608366,0.0 -0.11913673610927324,51.48447593110726,0.0 -0.11942451388448191,51.48448300542543,0.0 -0.11971229177702283,51.48449007903819,0.0 -0.1200000697868805,51.484497151945504,0.0 -0.1200000816237485,51.485396581970846,0.0 -0.11971230362067058,51.4853895091156,0.0 -0.1194245257349114,51.48538243555493,0.0 -0.11913674796648367,51.48537536128884,0.0 -0.11884897031539893,51.48536828631731,0.0 -0.11856119278167108,51.48536121064036,0.0 -0.1182734153653081,51.485354134258,0.0 -0.11798563806632388,51.485347057170216,0.0 -0.11769786088472917,51.48533997937701,0.0 -0.11741008382053666,51.485332900878376,0.0 -0.11712230687375515,51.48532582167433,0.0 -0.1168345300444005,51.485318741764864,0.0 -0.11654675333248068,51.48531166114997,0.0 -0.1162589767380104,51.48530457982967,0.0 -0.11597120026099879,51.485297497803955,0.0 -0.115683423901457,51.485290415072825,0.0 -0.11539564765940091,51.48528333163627,0.0 -0.11510787153483691,51.48527624749429,0.0 -0.11482009552778127,51.485269162646915,0.0 -0.11453231963824277,51.485262077094134,0.0 -0.11424454386623133,51.48525499083592,0.0 -0.11395676821176404,51.485247903872306,0.0 -0.11366899267484608,51.48524081620329,0.0 -0.11338121725549492,51.485233727828835,0.0 -0.11309344195372094,51.48522663874898,0.0 -0.11280566676953126,51.48521954896372,0.0 -0.11251789170294299,51.48521245847305,0.0 -0.11223011675396646,51.48520536727698,0.0 -0.11194234192260963,51.485198275375495,0.0 -0.11165456720888958,51.485191182768595,0.0 -0.1113667926128131,51.48518408945631,0.0 -0.11107901813439605,51.4851769954386,0.0 -0.1107912437736476,51.4851699007155,0.0 -0.11050346953057809,51.48516280528699,0.0 -0.11021569540520143,51.48515570915308,0.0 -0.10992792139752915,51.48514861231375,0.0 -0.10964014750757396,51.48514151476903,0.0 -0.10935237373534462,51.48513441651891,0.0 -0.10906460008085385,51.48512731756339,0.0 -0.10877682654411476,51.48512021790248,0.0 -0.1084890531251369,51.48511311753615,0.0 -0.1082012798239334,51.48510601646443,0.0 -0.10791350664051537,51.485098914687306,0.0 -0.10762573357489397,51.48509181220479,0.0 -0.1073379606270819,51.48508470901689,0.0 -0.1070501877970891,51.48507760512358,0.0 -0.10676241508492829,51.48507050052487,0.0 -0.10647464249061181,51.48506339522078,0.0 -0.10618687001414959,51.485056289211286,0.0 -0.10589909765555594,51.485049182496404,0.0 -0.10561132541484042,51.48504207507612,0.0 -0.10532355329201293,51.485034966950444,0.0 -0.10503578128708982,51.485027858119395,0.0 -0.1047480094000782,51.48502074858295,0.0 -0.10446023763099281,51.4850136383411,0.0 -0.10417246597984478,51.48500652739387,0.0 -0.10388469444664283,51.48499941574126,0.0 -0.10359692303140211,51.48499230338326,0.0 -0.10330915173413252,51.48498519031986,0.0 -0.1030213805548472,51.48497807655107,0.0 -0.10273360949355609,51.484970962076915,0.0 -0.10244583855027033,51.48496384689736,0.0 -0.10215806772500578,51.484956731012424,0.0 -0.10187029701776885,51.484949614422106,0.0 -0.10158252642857304,51.4849424971264,0.0 -0.10129475595743107,51.48493537912531,0.0 -0.10100698560435208,51.48492826041884,0.0 -0.10071921536935198,51.48492114100699,0.0 -0.10043144525243872,51.48491402088977,0.0 -0.10014367525362422,51.484906900067166,0.0 -0.09985590537292201,51.48489977853917,0.0 -0.0995681356103424,51.48489265630581,0.0 -0.09928036596589697,51.48488553336707,0.0 -0.09899259643959919,51.48487840972294,0.0 -0.09870482703145664,51.48487128537345,0.0 -0.098417057741486,51.48486416031857,0.0 -0.09812928856969405,51.484857034558324,0.0 -0.09784151951609547,51.484849908092706,0.0 -0.09755375058070302,51.48484278092171,0.0 -0.09726598176352462,51.48483565304534,0.0 -0.0969782130645738,51.4848285244636,0.0 -0.09669044448386367,51.48482139517648,0.0 -0.0964026760214022,51.484814265184,0.0 -0.09611490767720489,51.484807134486154,0.0 -0.09582713945127967,51.484800003082924,0.0 -0.09553937134364247,51.48479287097433,0.0 -0.09525160335430362,51.48478573816037,0.0 -0.09496383548327106,51.484778604641036,0.0 -0.0946760677305599,51.48477147041635,0.0 -0.0943883000961793,51.48476433548629,0.0 -0.09410053258014635,51.484757199850854,0.0 -0.09381276518246738,51.48475006351006,0.0 -0.09352499790315356,51.48474292646391,0.0 -0.0932372307422216,51.4847357887124,0.0 -0.09294946369967781,51.484728650255505,0.0 -0.09266169677553812,51.48472151109326,0.0 -0.09237392996981128,51.48471437122566,0.0 -0.09208616328250842,51.48470723065269,0.0 -0.09179839671364505,51.484700089374364,0.0 -0.0915106302632295,51.48469294739067,0.0 -0.09122286393127331,51.48468580470163,0.0 -0.09093509771779001,51.484678661307214,0.0 -0.09064733162278833,51.48467151720747,0.0 -0.09035956564628418,51.48466437240234,0.0 -0.0900717997882863,51.48465722689187,0.0 -0.08978403404880464,51.48465008067604,0.0 -0.08949626842785549,51.48464293375486,0.0 -0.089208502925446,51.484635786128315,0.0 -0.0889207375415921,51.484628637796426,0.0 -0.08863297227630332,51.48462148875919,0.0 -0.08834520712958918,51.48461433901659,0.0 -0.08805744210146402,51.48460718856864,0.0 -0.08776967719193816,51.48460003741535,0.0 -0.08748191240102512,51.484592885556694,0.0 -0.08719414772873485,51.48458573299271,0.0 -0.08690638317507847,51.484578579723355,0.0 -0.0866186187400699,51.48457142574867,0.0 -0.08633085442371868,51.48456427106861,0.0 -0.08604309022603675,51.48455711568323,0.0 -0.08575532614703602,51.4845499595925,0.0 -0.08546756218672881,51.48454280279642,0.0 -0.08517979834512707,51.484535645295,0.0 -0.08489203462223992,51.48452848708823,0.0 -0.08460427101808089,51.484521328176115,0.0 -0.08431650753266151,51.48451416855866,0.0 -0.08402874416599251,51.48450700823587,0.0 -0.08374098091808702,51.484499847207736,0.0 -0.08345321778895734,51.484492685474265,0.0 -0.08316545477861224,51.48448552303544,0.0 -0.08287769188706405,51.4844783598913,0.0 -0.08258992911432468,51.48447119604179,0.0 -0.08230216646040923,51.484464031486965,0.0 -0.08201440392532489,51.48445686622679,0.0 -0.08172664150908356,51.48444970026129,0.0 -0.08143887921169915,51.484442533590446,0.0 -0.08115111703318241,51.484435366214264,0.0 -0.08086335497354367,51.48442819813277,0.0 -0.08057559303279606,51.48442102934593,0.0 -0.0802878312109495,51.48441385985374,0.0 -0.08000006950801952,51.48440668965624,0.0 -0.08000008158122221,51.48530612684798,0.0 -0.08028784327729134,51.48531329699271,0.0 -0.08057560509227545,51.48532046643211,0.0 -0.08086336702616301,51.48532763516617,0.0 -0.08115112907893969,51.48533480319492,0.0 -0.08143889125059996,51.48534197051832,0.0 -0.08172665354112749,51.485349137136396,0.0 -0.08201441595051313,51.48535630304915,0.0 -0.08230217847874259,51.485363468256566,0.0 -0.08258994112580752,51.48537063275865,0.0 -0.0828777038916912,51.48537779655542,0.0 -0.0831654667763873,51.48538495964683,0.0 -0.08345322977988345,51.48539212203292,0.0 -0.0837409929021654,51.48539928371367,0.0 -0.08402875614322394,51.48540644468908,0.0 -0.08431651950304482,51.48541360495916,0.0 -0.08460428298161686,51.48542076452391,0.0 -0.08489204657893093,51.48542792338332,0.0 -0.08517981029497432,51.48543508153738,0.0 -0.08546757412973509,51.48544223898611,0.0 -0.08575533808320092,51.4854493957295,0.0 -0.08604310215536148,51.485456551767555,0.0 -0.08633086634620403,51.48546370710027,0.0 -0.08661863065571586,51.485470861727634,0.0 -0.08690639508388823,51.485478015649655,0.0 -0.0871941596307092,51.48548516886634,0.0 -0.08748192429616486,51.485492321377684,0.0 -0.08776968908024646,51.48549947318367,0.0 -0.0880574539829385,51.485506624284334,0.0 -0.08834521900423063,51.48551377467963,0.0 -0.08863298414411414,51.4855209243696,0.0 -0.08892074940257585,51.4855280733542,0.0 -0.0892085147796023,51.48553522163348,0.0 -0.08949628027518433,51.48554236920739,0.0 -0.0897840458893092,51.485549516075956,0.0 -0.09007181162196261,51.48555666223918,0.0 -0.0903595774731374,51.48556380769705,0.0 -0.09064734344282165,51.485570952449564,0.0 -0.09093510953099984,51.48557809649673,0.0 -0.09122287573766444,51.48558523983854,0.0 -0.09151064206280071,51.48559238247501,0.0 -0.09179840850639914,51.48559952440611,0.0 -0.09208617506844659,51.48560666563187,0.0 -0.09237394174893233,51.48561380615226,0.0 -0.09266170854784443,51.485620945967305,0.0 -0.09294947546517217,51.485628085076996,0.0 -0.0932372425009028,51.485635223481324,0.0 -0.09352500965502482,51.4856423611803,0.0 -0.0938127769275251,51.485649498173906,0.0 -0.09410054431839528,51.48565663446216,0.0 -0.09438831182762344,51.48566377004505,0.0 -0.09467607945519527,51.485670904922586,0.0 -0.09496384720110083,51.48567803909476,0.0 -0.0952516150653278,51.485685172561574,0.0 -0.09553938304786305,51.48569230532303,0.0 -0.09582715114869864,51.48569943737911,0.0 -0.09611491936782184,51.48570656872983,0.0 -0.09640268770522072,51.4857136993752,0.0 -0.09669045616088176,51.485720829315184,0.0 -0.09697822473479503,51.485727958549816,0.0 -0.09726599342694861,51.48573508707907,0.0 -0.09755376223733017,51.48574221490296,0.0 -0.09784153116592896,51.48574934202149,0.0 -0.09812930021273467,51.485756468434644,0.0 -0.09841706937773256,51.48576359414243,0.0 -0.0987048386609131,51.48577071914485,0.0 -0.09899260806226479,51.485777843441895,0.0 -0.09928037758177446,51.48578496703357,0.0 -0.09956814721943101,51.485792089919876,0.0 -0.09985591697522408,51.48579921210081,0.0 -0.10014368684914099,51.48580633357636,0.0 -0.10043145684116937,51.485813454346555,0.0 -0.1007192269513005,51.48582057441135,0.0 -0.10100699717951728,51.485827693770794,0.0 -0.10129476752581412,51.48583481242485,0.0 -0.10158253799017634,51.48584193037354,0.0 -0.10187030857259281,51.485849047616846,0.0 -0.10215807927305158,51.48585616415477,0.0 -0.10244585009154114,51.48586327998731,0.0 -0.10273362102804916,51.485870395114475,0.0 -0.10302139208256568,51.48587750953627,0.0 -0.10330916325507841,51.48588462325267,0.0 -0.103596934545575,51.485891736263696,0.0 -0.10388470595404473,51.48589884856935,0.0 -0.10417247748047606,51.48590596016961,0.0 -0.10446024912485548,51.48591307106449,0.0 -0.10474802088717185,51.48592018125398,0.0 -0.10503579276741683,51.48592729073809,0.0 -0.10532356476557492,51.48593439951682,0.0 -0.10561133688163615,51.485941507590155,0.0 -0.10589910911558785,51.48594861495812,0.0 -0.10618688146742122,51.48595572162068,0.0 -0.10647465393711959,51.48596282757785,0.0 -0.1067624265246766,51.48596993282964,0.0 -0.10705019923007753,51.48597703737604,0.0 -0.10733797205331244,51.48598414121704,0.0 -0.10762574499436783,51.48599124435267,0.0 -0.10791351805323414,51.48599834678289,0.0 -0.10820129122989547,51.48600544850772,0.0 -0.10848906452434587,51.48601254952717,0.0 -0.1087768379365718,51.486019649841204,0.0 -0.10906461146656016,51.48602674944986,0.0 -0.1093523851143006,51.486033848353124,0.0 -0.1096401588797804,51.48604094655098,0.0 -0.10992793276298884,51.48604804404345,0.0 -0.11021570676391239,51.48605514083052,0.0 -0.1105034808825431,51.48606223691219,0.0 -0.11079125511886705,51.48606933228846,0.0 -0.11107902947287232,51.486076426959336,0.0 -0.11136680394454739,51.48608352092482,0.0 -0.11165457853388189,51.486090614184896,0.0 -0.11194235324086076,51.486097706739564,0.0 -0.1122301280654776,51.48610479858883,0.0 -0.1125179030077173,51.486111889732705,0.0 -0.11280567806756876,51.48611898017118,0.0 -0.11309345324502083,51.486126069904245,0.0 -0.11338122854006238,51.4861331589319,0.0 -0.1136690039526787,51.48614024725416,0.0 -0.11395677948286224,51.48614733487101,0.0 -0.11424455513059947,51.48615442178245,0.0 -0.11453233089587889,51.48616150798848,0.0 -0.11482010677868854,51.48616859348911,0.0 -0.11510788277901768,51.486175678284326,0.0 -0.11539565889685402,51.48618276237414,0.0 -0.11568343513218322,51.486189845758545,0.0 -0.11597121148499934,51.486196928437536,0.0 -0.11625898795528726,51.486204010411114,0.0 -0.11654676454303624,51.48621109167929,0.0 -0.11683454124823316,51.48621817224204,0.0 -0.11712231807086888,51.48622525209938,0.0 -0.1174100950109283,51.486232331251315,0.0 -0.11769787206840346,51.48623940969783,0.0 -0.11798564924328124,51.486246487438926,0.0 -0.11827342653554973,51.486253564474616,0.0 -0.11856120394519697,51.48626064080488,0.0 -0.11884898147221185,51.48626771642973,0.0 -0.11913675911658284,51.48627479134916,0.0 -0.119424536878298,51.48628186556318,0.0 -0.11971231475734623,51.48628893907178,0.0 -0.12000009275371476,51.48629601187495,0.0 -0.12000010317675583,51.48719544165782,0.0 -0.1197123251870271,51.4871883689067,0.0 -0.11942454731461749,51.4871812954502,0.0 -0.11913676955954412,51.487174221288264,0.0 -0.11884899192181572,51.48716714642092,0.0 -0.11856121440144303,51.48716007084817,0.0 -0.11827343699844155,51.487152994569996,0.0 -0.11798565971281884,51.48714591758642,0.0 -0.11769788254458882,51.48713883989743,0.0 -0.11741010549376181,51.487131761503036,0.0 -0.11712232856035056,51.48712468240322,0.0 -0.11683455174436576,51.487117602598,0.0 -0.11654677504581779,51.487110522087384,0.0 -0.11625899846472253,51.48710344087136,0.0 -0.11597122200108913,51.48709635894992,0.0 -0.11568344565492673,51.48708927632308,0.0 -0.11539566942625244,51.48708219299081,0.0 -0.1151078933150738,51.48707510895318,0.0 -0.11482011732140314,51.48706802421011,0.0 -0.11453234144525198,51.48706093876166,0.0 -0.11424456568663306,51.487053852607794,0.0 -0.1139567900455583,51.48704676574853,0.0 -0.11366901452203564,51.487039678183855,0.0 -0.11338123911608178,51.48703258991379,0.0 -0.11309346382770667,51.48702550093832,0.0 -0.11280568865691905,51.48701841125746,0.0 -0.11251791360373482,51.487011320871204,0.0 -0.11223013866816195,51.48700422977954,0.0 -0.11194236385021633,51.486997137982485,0.0 -0.11165458914990391,51.48699004548003,0.0 -0.11136681456724261,51.486982952272186,0.0 -0.11107904010223955,51.48697585835893,0.0 -0.11079126575490629,51.48696876374029,0.0 -0.11050349152525911,51.48696166841626,0.0 -0.11021571741330359,51.48695457238684,0.0 -0.10992794341905524,51.486947475652016,0.0 -0.10964016954252477,51.48694037821181,0.0 -0.10935239578372453,51.48693328006622,0.0 -0.10906462214266445,51.48692618121521,0.0 -0.10877684861935684,51.48691908165883,0.0 -0.10848907521381444,51.486911981397064,0.0 -0.10820130192604799,51.486904880429904,0.0 -0.10791352875606781,51.48689777875736,0.0 -0.10762575570388862,51.48689067637942,0.0 -0.10733798276951995,51.48688357329611,0.0 -0.10705020995297175,51.4868764695074,0.0 -0.10676243725425992,51.48686936501331,0.0 -0.1064746646733944,51.48686225981384,0.0 -0.10618689221038434,51.486855153908984,0.0 -0.10589911986524445,51.48684804729874,0.0 -0.10561134763798624,51.48684093998312,0.0 -0.10532357552861966,51.486833831962116,0.0 -0.10503580353715507,51.48682672323573,0.0 -0.10474803166360912,51.486819613803966,0.0 -0.10446025990798821,51.486812503666826,0.0 -0.10417248827030624,51.486805392824294,0.0 -0.10388471675057674,51.48679828127639,0.0 -0.10359694534880805,51.48679116902311,0.0 -0.10330917406501328,51.48678405606446,0.0 -0.10302140289920397,51.48677694240043,0.0 -0.10273363185139245,51.48676982803102,0.0 -0.10244586092158944,51.48676271295623,0.0 -0.1021580901098053,51.48675559717608,0.0 -0.10187031941605511,51.48674848069055,0.0 -0.10158254884034802,51.486741363499654,0.0 -0.10129477838269478,51.486734245603365,0.0 -0.10100700804310929,51.48672712700172,0.0 -0.1007192378216031,51.486720007694714,0.0 -0.10043146771818533,51.48671288768232,0.0 -0.10014369773287188,51.486705766964555,0.0 -0.09985592786567152,51.48669864554143,0.0 -0.09956815811659497,51.486691523412944,0.0 -0.09928038848565417,51.48668440057909,0.0 -0.09899261897286381,51.48667727703985,0.0 -0.09870484957823306,51.486670152795256,0.0 -0.09841708030177142,51.4866630278453,0.0 -0.09812931114349682,51.48665590218997,0.0 -0.09784154210341481,51.48664877582929,0.0 -0.09755377318153971,51.48664164876324,0.0 -0.09726600437788305,51.48663452099182,0.0 -0.09697823569245594,51.486627392515054,0.0 -0.09669046712527113,51.48662026333291,0.0 -0.09640269867633736,51.48661313344542,0.0 -0.09611493034566972,51.48660600285256,0.0 -0.09582716213327856,51.48659887155434,0.0 -0.09553939403917422,51.48659173955077,0.0 -0.09525162606337022,51.48658460684183,0.0 -0.09496385820587729,51.486577473427545,0.0 -0.09467609046670694,51.486570339307896,0.0 -0.09438832284587231,51.48656320448289,0.0 -0.09410055534338335,51.48655606895254,0.0 -0.09381278795925237,51.48654893271682,0.0 -0.0935250206934889,51.48654179577575,0.0 -0.09323725354610927,51.48653465812933,0.0 -0.09294948651712022,51.48652751977757,0.0 -0.09266171960653526,51.486520380720435,0.0 -0.09237395281436753,51.48651324095796,0.0 -0.09208618614062813,51.48650610049014,0.0 -0.09179841958532545,51.48649895931696,0.0 -0.09151065314847577,51.48649181743844,0.0 -0.09122288683008783,51.48648467485457,0.0 -0.09093512063017317,51.48647753156534,0.0 -0.0906473545487453,51.486470387570776,0.0 -0.09035958858581457,51.48646324287086,0.0 -0.09007182274139368,51.4864560974656,0.0 -0.08978405701549219,51.48644895135499,0.0 -0.08949629140812282,51.48644180453905,0.0 -0.08920852591929829,51.486434657017746,0.0 -0.08892076054902773,51.48642750879111,0.0 -0.08863299529732667,51.48642035985913,0.0 -0.08834523016420384,51.486413210221826,0.0 -0.08805746514966958,51.48640605987916,0.0 -0.08776970025373901,51.48639890883115,0.0 -0.08748193547642363,51.48639175707781,0.0 -0.08719417081773183,51.48638460461915,0.0 -0.0869064062776759,51.48637745145512,0.0 -0.08661864185627095,51.48637029758577,0.0 -0.08633087755352536,51.48636314301107,0.0 -0.08604311336945103,51.48635598773104,0.0 -0.08575534930406067,51.48634883174568,0.0 -0.08546758535736586,51.48634167505499,0.0 -0.08517982152937648,51.486334517658946,0.0 -0.08489205782010728,51.48632735955758,0.0 -0.08460429422956739,51.48632020075088,0.0 -0.08431653075776953,51.486313041238844,0.0 -0.08402876740472404,51.48630588102148,0.0 -0.08374100417044404,51.486298720098794,0.0 -0.08345324105494145,51.486291558470775,0.0 -0.08316547805822583,51.486284396137414,0.0 -0.08287771518031108,51.486277233098726,0.0 -0.08258995242120755,51.48627006935472,0.0 -0.08230218978092595,51.48626290490539,0.0 -0.0820144272594818,51.48625573975071,0.0 -0.08172666485688267,51.48624857389073,0.0 -0.08143890257314204,51.486241407325416,0.0 -0.08115114040826829,51.48623424005477,0.0 -0.0808633783622797,51.486227072078805,0.0 -0.08057561643518184,51.486219903397526,0.0 -0.0802878546269886,51.486212734010905,0.0 -0.08000009293771274,51.48620556391898,0.0 -0.0800001035774625,51.48710500086921,0.0 -0.08028786526001784,51.48711217090834,0.0 -0.08057562706148977,51.48711934024217,0.0 -0.08086338898186753,51.48712650887067,0.0 -0.08115115102113918,51.48713367679387,0.0 -0.0814389131792952,51.48714084401172,0.0 -0.08172667545631809,51.48714801052427,0.0 -0.08201443785220308,51.487155176331505,0.0 -0.08230220036693546,51.487162341433404,0.0 -0.0825899630005037,51.487169505829996,0.0 -0.08287772575289468,51.48717666952126,0.0 -0.08316548862409964,51.48718383250719,0.0 -0.0834532516141047,51.48719099478781,0.0 -0.08374101472289949,51.48719815636311,0.0 -0.0840287779504717,51.48720531723308,0.0 -0.0843165412968106,51.48721247739772,0.0 -0.08460430476190384,51.48721963685703,0.0 -0.08489206834574112,51.48722679561102,0.0 -0.0851798320483061,51.48723395365968,0.0 -0.08546759586959404,51.48724111100302,0.0 -0.08575535980958944,51.487248267641014,0.0 -0.08604312386828034,51.48725542357369,0.0 -0.08633088804565404,51.487262578801044,0.0 -0.08661865234170378,51.48726973332305,0.0 -0.08690641675641325,51.48727688713973,0.0 -0.08719418128977371,51.487284040251076,0.0 -0.08748194594177046,51.48729119265709,0.0 -0.08776971071239434,51.48729834435778,0.0 -0.08805747560163422,51.48730549535313,0.0 -0.08834524060947738,51.48731264564314,0.0 -0.08863300573590951,51.48731979522781,0.0 -0.08892077098092387,51.48732694410715,0.0 -0.0892085363445073,51.48733409228116,0.0 -0.08949630182664552,51.48734123974982,0.0 -0.08978406742732856,51.48734838651314,0.0 -0.09007183314654572,51.48735553257113,0.0 -0.09035959898428544,51.48736267792378,0.0 -0.09064736494053503,51.48736982257109,0.0 -0.09093513101528135,51.48737696651306,0.0 -0.09122289720851566,51.487384109749684,0.0 -0.09151066352022602,51.487391252280965,0.0 -0.09179842995040012,51.487398394106904,0.0 -0.09208619649902483,51.487405535227495,0.0 -0.09237396316609021,51.48741267564275,0.0 -0.09266172995158516,51.487419815352645,0.0 -0.09294949685549651,51.48742695435721,0.0 -0.09323726387781117,51.48743409265642,0.0 -0.09352503101852318,51.48744123025029,0.0 -0.09381279827761582,51.4874483671388,0.0 -0.09410056565507996,51.48745550332197,0.0 -0.0943883331509001,51.48746263879979,0.0 -0.09467610076507027,51.48746977357226,0.0 -0.09496386849757575,51.487476907639376,0.0 -0.09525163634840503,51.487484041001146,0.0 -0.09553940431754498,51.487491173657546,0.0 -0.09582717240498685,51.48749830560862,0.0 -0.09611494061071872,51.48750543685433,0.0 -0.09640270893472706,51.48751256739468,0.0 -0.09669047737700037,51.48751969722967,0.0 -0.09697824593752948,51.48752682635932,0.0 -0.09726601461630087,51.487533954783615,0.0 -0.09755378341330302,51.487541082502545,0.0 -0.0978415523285232,51.48754820951611,0.0 -0.09812932136195229,51.487555335824325,0.0 -0.09841709051357675,51.48756246142718,0.0 -0.09870485978338744,51.48756958632469,0.0 -0.09899262917136806,51.48757671051682,0.0 -0.09928039867751066,51.4875838340036,0.0 -0.09956816830180411,51.487590956785006,0.0 -0.09985593804423488,51.48759807886106,0.0 -0.10014370790478828,51.48760520023176,0.0 -0.10043147788346113,51.48761232089708,0.0 -0.10071924798023552,51.48761944085703,0.0 -0.10100701819509991,51.48762656011163,0.0 -0.10129478852804441,51.48763367866087,0.0 -0.10158255897905745,51.48764079650473,0.0 -0.1018703295481263,51.48764791364323,0.0 -0.10215810023524027,51.48765503007636,0.0 -0.1024458710403862,51.48766214580413,0.0 -0.10273364196355497,51.487669260826515,0.0 -0.10302141300473465,51.487676375143536,0.0 -0.10330918416391051,51.48768348875519,0.0 -0.10359695544107182,51.48769060166147,0.0 -0.10388472683621065,51.487697713862396,0.0 -0.10417249834931229,51.48770482535792,0.0 -0.10446026998036478,51.48771193614809,0.0 -0.10474804172935623,51.48771904623288,0.0 -0.10503581359627706,51.48772615561229,0.0 -0.10532358558111578,51.48773326428634,0.0 -0.10561135768385925,51.48774037225502,0.0 -0.10589912990449395,51.487747479518305,0.0 -0.10618690224301272,51.487754586076214,0.0 -0.10647467469940247,51.487761691928746,0.0 -0.10676244727365004,51.4877687970759,0.0 -0.10705021996574234,51.48777590151768,0.0 -0.1073379927756726,51.48778300525408,0.0 -0.10762576570342491,51.4877901082851,0.0 -0.10791353874898935,51.487797210610736,0.0 -0.10820131191235398,51.48780431223099,0.0 -0.10848908519350846,51.48781141314586,0.0 -0.10877685859243928,51.48781851335535,0.0 -0.10906463210913649,51.48782561285946,0.0 -0.10935240574358579,51.48783271165818,0.0 -0.10964017949577803,51.48783980975151,0.0 -0.1099279533657029,51.487846907139456,0.0 -0.11021572735334405,51.48785400382202,0.0 -0.11050350145869275,51.487861099799204,0.0 -0.11079127568173829,51.48786819507099,0.0 -0.11107905002246712,51.48787528963739,0.0 -0.11136682448086854,51.487882383498395,0.0 -0.11165459905692941,51.48788947665402,0.0 -0.11194237375064138,51.48789656910426,0.0 -0.11223014856199014,51.48790366084909,0.0 -0.11251792349096494,51.48791075188854,0.0 -0.1128056985375519,51.48791784222259,0.0 -0.11309347370174384,51.48792493185125,0.0 -0.11338124898352606,51.48793202077452,0.0 -0.11366902438288821,51.48793910899239,0.0 -0.1139567998998156,51.48794619650488,0.0 -0.11424457553430145,51.48795328331195,0.0 -0.11453235128633106,51.48796036941364,0.0 -0.1148201271558929,51.48796745480993,0.0 -0.11510790314297505,51.48797453950082,0.0 -0.11539567924756795,51.48798162348632,0.0 -0.11568345546965929,51.4879887067664,0.0 -0.11597123180923595,51.4879957893411,0.0 -0.11625900826628599,51.488002871210384,0.0 -0.11654678484079989,51.48800995237428,0.0 -0.11683456153276611,51.48801703283277,0.0 -0.11712233834217073,51.48802411258585,0.0 -0.11741011526900261,51.48803119163353,0.0 -0.11769789231325223,51.48803826997582,0.0 -0.11798566947490725,51.48804534761269,0.0 -0.11827344675395457,51.48805242454416,0.0 -0.11856122415038144,51.48805950077022,0.0 -0.11884900166418072,51.488066576290876,0.0 -0.1191367792953373,51.48807365110613,0.0 -0.11942455704384083,51.48808072521596,0.0 -0.11971233490967742,51.48808779862039,0.0 -0.12000011289283871,51.488094871319426,0.0 -0.12000012190193995,51.48899430085978,0.0 -0.11971234392527773,51.48898722821284,0.0 -0.1194245660659398,51.4889801548605,0.0 -0.11913678832393573,51.48897308080276,0.0 -0.1188490106992814,51.48896600603961,0.0 -0.11856123319198635,51.48895893057105,0.0 -0.11827345580206212,51.488951854397094,0.0 -0.11798567852951944,51.48894477751774,0.0 -0.11769790137437064,51.48893769993298,0.0 -0.11741012433662844,51.48893062164282,0.0 -0.11712234741630437,51.48892354264728,0.0 -0.11683457061340914,51.48891646294632,0.0 -0.11654679392795313,51.48890938253997,0.0 -0.11625901735995142,51.488902301428226,0.0 -0.11597124090941316,51.48889521961109,0.0 -0.11568346457635068,51.488888137088544,0.0 -0.1153956883607751,51.48888105386062,0.0 -0.11510791226269795,51.48887396992728,0.0 -0.11482013628213238,51.48886688528858,0.0 -0.11453236041908828,51.48885979994446,0.0 -0.11424458467357841,51.48885271389495,0.0 -0.11395680904561468,51.48884562714005,0.0 -0.11366903353520585,51.48883853967977,0.0 -0.11338125814236741,51.488831451514095,0.0 -0.11309348286710931,51.48882436264302,0.0 -0.11280570770944387,51.488817273066566,0.0 -0.11251793266938143,51.48881018278472,0.0 -0.11223015774693311,51.48880309179749,0.0 -0.11194238294211244,51.48879600010488,0.0 -0.11165460825493173,51.48878890770687,0.0 -0.11136683368539975,51.488781814603485,0.0 -0.11107905923353041,51.488774720794716,0.0 -0.11079128489933363,51.488767626280556,0.0 -0.11050351068282174,51.48876053106101,0.0 -0.11021573658400749,51.48875343513609,0.0 -0.10992796260290197,51.48874633850579,0.0 -0.10964018873951475,51.4887392411701,0.0 -0.10935241499385974,51.488732143129035,0.0 -0.10906464136594887,51.48872504438259,0.0 -0.10877686785579366,51.48871794493077,0.0 -0.10848909446340484,51.48871084477356,0.0 -0.10820132118879117,51.488703743910975,0.0 -0.10791354803197013,51.48869664234301,0.0 -0.10762577499295009,51.48868954006968,0.0 -0.10733800207174454,51.488682437090965,0.0 -0.10705022926836145,51.488675333406874,0.0 -0.10676245658281396,51.48866822901742,0.0 -0.10647468401511752,51.488661123922576,0.0 -0.10618691156528012,51.48865401812237,0.0 -0.10589913923331329,51.48864691161678,0.0 -0.10561136701922894,51.488639804405835,0.0 -0.1053235949230386,51.48863269648951,0.0 -0.10503582294475661,51.48862558786781,0.0 -0.10474805108439128,51.488618478540744,0.0 -0.10446027934195536,51.48861136850831,0.0 -0.10417250771746037,51.488604257770504,0.0 -0.10388473621091744,51.48859714632733,0.0 -0.1035969648223405,51.4885900341788,0.0 -0.10330919355173908,51.48858292132489,0.0 -0.10302142239912469,51.48857580776562,0.0 -0.10273365136450929,51.48856869350098,0.0 -0.10244588044790638,51.488561578530984,0.0 -0.1021581096493251,51.488554462855625,0.0 -0.1018703389687782,51.48854734647489,0.0 -0.10158256840627758,51.4885402293888,0.0 -0.10129479796183317,51.48853311159735,0.0 -0.10100702763545892,51.48852599310054,0.0 -0.10071925742716514,51.488518873898364,0.0 -0.10043148733696376,51.48851175399084,0.0 -0.10014371736486713,51.48850463337795,0.0 -0.09985594751088475,51.488497512059695,0.0 -0.09956817777503017,51.488490390036084,0.0 -0.0992804081573149,51.48848326730712,0.0 -0.09899263865775008,51.4884761438728,0.0 -0.09870486927634765,51.48846901973312,0.0 -0.09841710001311713,51.48846189488809,0.0 -0.09812933086807443,51.48845476933771,0.0 -0.0978415618412291,51.48844764308197,0.0 -0.09755379293259146,51.488440516120875,0.0 -0.09726602414217346,51.488433388454425,0.0 -0.09697825546998701,51.48842626008263,0.0 -0.09669048691604602,51.488419131005486,0.0 -0.09640271848036004,51.48841200122299,0.0 -0.09611495016294061,51.48840487073513,0.0 -0.09582718196379886,51.488397739541945,0.0 -0.09553941388294829,51.4883906076434,0.0 -0.09525164592039964,51.488383475039505,0.0 -0.09496387807616484,51.48837634173027,0.0 -0.09467611035025383,51.488369207715685,0.0 -0.09438834274267975,51.48836207299575,0.0 -0.09410057525345449,51.488354937570485,0.0 -0.0938128078825896,51.488347801439865,0.0 -0.09352504063009581,51.48834066460391,0.0 -0.09323727349598544,51.48833352706259,0.0 -0.09294950648026924,51.48832638881595,0.0 -0.09266173958296033,51.488319249863956,0.0 -0.09237397280406981,51.48831211020662,0.0 -0.09208620614360884,51.48830496984395,0.0 -0.09179843960158975,51.48829782877594,0.0 -0.09151067317802246,51.488290687002596,0.0 -0.09122290687292128,51.48828354452391,0.0 -0.09093514068629577,51.48827640133989,0.0 -0.09064737461815825,51.48826925745053,0.0 -0.09035960866852144,51.488262112855836,0.0 -0.09007184283739328,51.48825496755579,0.0 -0.0897840771247897,51.48824782155043,0.0 -0.0894963115307206,51.48824067483973,0.0 -0.08920854605519754,51.488233527423695,0.0 -0.08892078069823126,51.48822637930233,0.0 -0.08863301545983485,51.488219230475636,0.0 -0.08834525034002065,51.488212080943605,0.0 -0.08805748533879901,51.488204930706246,0.0 -0.08776972045618184,51.48819777976355,0.0 -0.08748195569217788,51.48819062811553,0.0 -0.08719419104680386,51.488183475762185,0.0 -0.08690642652006927,51.4881763227035,0.0 -0.0866186621119857,51.48816916893951,0.0 -0.08633089782256463,51.48816201447018,0.0 -0.08604313365181483,51.48815485929552,0.0 -0.0857553695997534,51.48814770341554,0.0 -0.08546760566638986,51.48814054683023,0.0 -0.08517984185173497,51.488133389539605,0.0 -0.08489207815579984,51.48812623154365,0.0 -0.08460431457859642,51.48811907284237,0.0 -0.0843165511201382,51.48811191343578,0.0 -0.08402878778043553,51.48810475332387,0.0 -0.08374102455949994,51.48809759250662,0.0 -0.08345326145734377,51.488090430984066,0.0 -0.08316549847397574,51.48808326875619,0.0 -0.08287773560941217,51.48807610582299,0.0 -0.08258997286366099,51.48806894218448,0.0 -0.08230221023673613,51.488061777840656,0.0 -0.08201444772864715,51.488054612791494,0.0 -0.08172668533940831,51.48804744703704,0.0 -0.08143892306902961,51.488040280577266,0.0 -0.08115116091752134,51.48803311341218,0.0 -0.08086339888489784,51.488025945541764,0.0 -0.08057563697116785,51.488018776966044,0.0 -0.08028787517634606,51.48801160768502,0.0 -0.08000011350044284,51.48800443769868,0.0 -0.08000012270662714,51.488903874407384,0.0 -0.0802878843759494,51.48891104434093,0.0 -0.08057564616419022,51.488918213569164,0.0 -0.08086340807134083,51.48892538209209,0.0 -0.08115117009738815,51.48893254990971,0.0 -0.08143893224231823,51.48893971702203,0.0 -0.08172669450612273,51.48894688342902,0.0 -0.08201445688878894,51.488954049130726,0.0 -0.08230221939030254,51.4889612141271,0.0 -0.08258998201065597,51.488968378418164,0.0 -0.08287774474983652,51.48897554200393,0.0 -0.08316550760783026,51.48898270488438,0.0 -0.08345327058462886,51.4889898670595,0.0 -0.08374103368021918,51.488997028529326,0.0 -0.08402879689458652,51.48900418929383,0.0 -0.08431656022772491,51.48901134935302,0.0 -0.08460432367961966,51.4890185087069,0.0 -0.08489208725025763,51.489025667355456,0.0 -0.08517985093963167,51.48903282529869,0.0 -0.08546761474772706,51.48903998253662,0.0 -0.0857553786745307,51.489047139069214,0.0 -0.08604314272003423,51.489054294896505,0.0 -0.08633090688422572,51.48906145001847,0.0 -0.08661867116708888,51.48906860443511,0.0 -0.08690643556861853,51.489075758146434,0.0 -0.08719420008879997,51.48908291115244,0.0 -0.08748196472762007,51.489090063453105,0.0 -0.0877697294850713,51.48909721504847,0.0 -0.08805749436113891,51.48910436593849,0.0 -0.0883452593558102,51.4891115161232,0.0 -0.08863302446907642,51.489118665602575,0.0 -0.08892078970092486,51.48912581437662,0.0 -0.08920855505134279,51.48913296244535,0.0 -0.08949632052032105,51.48914010980876,0.0 -0.08978408610784695,51.48914725646683,0.0 -0.09007185181390735,51.489154402419565,0.0 -0.0903596176384923,51.48916154766698,0.0 -0.0906473835815887,51.48916869220906,0.0 -0.09093514964318701,51.4891758360458,0.0 -0.0912229158232733,51.48918297917723,0.0 -0.09151068212183684,51.489190121603315,0.0 -0.0917984485388681,51.48919726332407,0.0 -0.09208621507435313,51.489204404339496,0.0 -0.09237398172827925,51.48921154464959,0.0 -0.09266174850063731,51.48921868425434,0.0 -0.09294951539141535,51.48922582315375,0.0 -0.0932372824005987,51.48923296134783,0.0 -0.09352504952817939,51.489240098836575,0.0 -0.09381281677414509,51.48924723561999,0.0 -0.0941005841384819,51.48925437169805,0.0 -0.09438835162118143,51.489261507070786,0.0 -0.09467611922223063,51.48926864173817,0.0 -0.09496388694161594,51.489275775700214,0.0 -0.095251654779329,51.48928290895692,0.0 -0.09553942273535551,51.4892900415083,0.0 -0.09582719080968397,51.489297173354316,0.0 -0.09611495900230638,51.48930430449499,0.0 -0.09640272731320806,51.489311434930336,0.0 -0.0966904957423751,51.48931856466032,0.0 -0.09697826428980111,51.489325693684975,0.0 -0.09726603295547259,51.48933282200428,0.0 -0.09755380173937483,51.48933994961822,0.0 -0.09784157064149948,51.48934707652683,0.0 -0.09812933966183501,51.4893542027301,0.0 -0.09841710880036553,51.489361328228,0.0 -0.09870487805708585,51.489368453020575,0.0 -0.09899264743198048,51.48937557710779,0.0 -0.09928041692503708,51.48938270048965,0.0 -0.09956818653624612,51.48938982316616,0.0 -0.09985595626559608,51.489396945137315,0.0 -0.10014372611307183,51.489404066403125,0.0 -0.10043149607866782,51.489411186963565,0.0 -0.10071926616236734,51.48941830681868,0.0 -0.10100703636415928,51.48942542596842,0.0 -0.10129480668403526,51.48943254441281,0.0 -0.1015825771219802,51.489439662151845,0.0 -0.10187034767798334,51.48944677918552,0.0 -0.10215811835203317,51.48945389551384,0.0 -0.10244588914412055,51.4894610111368,0.0 -0.10273366005422917,51.4894681260544,0.0 -0.10302143108235066,51.48947524026665,0.0 -0.10330920222847313,51.48948235377353,0.0 -0.10359697349258305,51.489489466575066,0.0 -0.10388474487467167,51.48949657867123,0.0 -0.10417251637472506,51.48950369006202,0.0 -0.10446028799273094,51.48951080074746,0.0 -0.10474805972868051,51.48951791072754,0.0 -0.10503583158256187,51.48952502000225,0.0 -0.10532360355436071,51.48953212857159,0.0 -0.10561137564406708,51.48953923643557,0.0 -0.10589914785166946,51.489546343594185,0.0 -0.10618692017715353,51.489553450047445,0.0 -0.10647469262051254,51.48956055579531,0.0 -0.10676246518173217,51.48956766083783,0.0 -0.10705023786080049,51.48957476517497,0.0 -0.10733801065770598,51.489581868806745,0.0 -0.1076257835724383,51.48958897173315,0.0 -0.10791355660498274,51.48959607395418,0.0 -0.10820132975533134,51.489603175469846,0.0 -0.10848910302347099,51.489610276280146,0.0 -0.10877687640938936,51.48961737638505,0.0 -0.10906464991307573,51.4896244757846,0.0 -0.10935242353451935,51.48963157447877,0.0 -0.1096401972737047,51.48963867246756,0.0 -0.10992797113062466,51.489645769750986,0.0 -0.1102157451052641,51.489652866329024,0.0 -0.1105035191976147,51.48965996220169,0.0 -0.11079129340766329,51.48966705736898,0.0 -0.11107906773539639,51.48967415183089,0.0 -0.11136684218080642,51.48968124558743,0.0 -0.1116546167438775,51.48968833863859,0.0 -0.11194239142460048,51.48969543098435,0.0 -0.11223016622296383,51.48970252262474,0.0 -0.11251794113895522,51.489709613559754,0.0 -0.11280571617256036,51.489716703789384,0.0 -0.11309349132377285,51.48972379331362,0.0 -0.113381266592578,51.489730882132484,0.0 -0.1136690419789639,51.48973797024597,0.0 -0.11395681748292137,51.48974505765406,0.0 -0.11424459310443612,51.489752144356764,0.0 -0.11453236884349623,51.48975923035408,0.0 -0.11482014470009254,51.48976631564602,0.0 -0.11510792067421233,51.48977340023256,0.0 -0.11539569676584248,51.48978048411372,0.0 -0.11568347297497426,51.48978756728949,0.0 -0.11597124930159373,51.489794649759865,0.0 -0.11625902574568858,51.48980173152486,0.0 -0.11654680230725126,51.48980881258445,0.0 -0.11683457898626666,51.48981589293866,0.0 -0.11712235578272165,51.489822972587476,0.0 -0.11741013269660788,51.4898300515309,0.0 -0.11769790972791463,51.48983712976893,0.0 -0.1179856868766256,51.489844207301566,0.0 -0.11827346414273361,51.489851284128804,0.0 -0.11856124152622637,51.48985836025064,0.0 -0.11884901902708794,51.4898654356671,0.0 -0.11913679664531238,51.489872510378135,0.0 -0.11942457438088458,51.48987958438379,0.0 -0.11971235223379262,51.489886657684046,0.0 -0.12000013020402893,51.489893730278894,0.0 -0.12000013779907741,51.49079315957677,0.0 -0.11971235983520062,51.490786087033996,0.0 -0.11942458198865012,51.49077901378585,0.0 -0.11913680425943785,51.490771939832285,0.0 -0.1188490266475753,51.49076486517334,0.0 -0.11856124915307324,51.490757789809,0.0 -0.11827347177594517,51.490750713739274,0.0 -0.11798569451620185,51.49074363696416,0.0 -0.11769791737385518,51.49073655948365,0.0 -0.1174101403489163,51.49072948129776,0.0 -0.11712236344139713,51.49072240240646,0.0 -0.11683458665130961,51.4907153228098,0.0 -0.11654680997866487,51.49070824250773,0.0 -0.11625903342347403,51.49070116150029,0.0 -0.11597125698574864,51.49069407978746,0.0 -0.115683480665503,51.49068699736924,0.0 -0.11539570446274545,51.49067991424564,0.0 -0.11510792837749032,51.49067283041665,0.0 -0.11482015240974754,51.490665745882275,0.0 -0.11453237655952825,51.49065866064253,0.0 -0.11424460082684555,51.4906515746974,0.0 -0.11395682521171098,51.49064448804688,0.0 -0.11366904971413529,51.49063740069099,0.0 -0.11338127433413159,51.49063031262972,0.0 -0.11309349907170861,51.49062322386306,0.0 -0.11280572392688068,51.490616134391026,0.0 -0.11251794889965892,51.49060904421361,0.0 -0.11223017399005449,51.49060195333083,0.0 -0.11194239919807888,51.490594861742686,0.0 -0.11165462452374404,51.49058776944913,0.0 -0.1113668499670627,51.490580676450215,0.0 -0.11107907552804439,51.49057358274593,0.0 -0.11079130120670301,51.49056648833627,0.0 -0.11050352700304614,51.49055939322124,0.0 -0.11021575291708967,51.49055229740083,0.0 -0.10992797894884433,51.49054520087505,0.0 -0.10964020509832126,51.49053810364389,0.0 -0.1093524313655324,51.49053100570739,0.0 -0.10906465775048885,51.490523907065494,0.0 -0.10877688425320135,51.49051680771824,0.0 -0.10848911087368346,51.49050970766561,0.0 -0.10820133761194625,51.49050260690762,0.0 -0.10791356446799971,51.49049550544426,0.0 -0.10762579144185773,51.49048840327552,0.0 -0.10733801853353145,51.49048130040144,0.0 -0.1070502457430312,51.49047419682198,0.0 -0.1067624730703709,51.49046709253716,0.0 -0.10647470051556009,51.49045998754697,0.0 -0.10618692807861109,51.49045288185142,0.0 -0.10589915575953623,51.49044577545052,0.0 -0.10561138355834546,51.49043866834424,0.0 -0.10532361147505108,51.49043156053261,0.0 -0.10503583950966623,51.490424452015624,0.0 -0.10474806766220203,51.49041734279326,0.0 -0.10446029593266763,51.49041023286556,0.0 -0.10417252432107854,51.49040312223248,0.0 -0.1038847528274439,51.49039601089406,0.0 -0.10359698145177523,51.49038889885026,0.0 -0.10330921019408566,51.49038178610113,0.0 -0.10302143905438514,51.490374672646645,0.0 -0.10273366803268637,51.4903675584868,0.0 -0.10244589712899968,51.49036044362159,0.0 -0.10215812634333862,51.490353328051036,0.0 -0.1018703556757147,51.490346211775126,0.0 -0.10158258512613787,51.49033909479386,0.0 -0.10129481469462123,51.49033197710725,0.0 -0.10100704438117593,51.49032485871528,0.0 -0.10071927418581389,51.49031773961797,0.0 -0.10043150410854625,51.490310619815304,0.0 -0.1001437341493849,51.490303499307295,0.0 -0.09985596430834023,51.49029637809394,0.0 -0.09956819458542614,51.490289256175224,0.0 -0.09928042498065295,51.49028213355117,0.0 -0.098992655494033,51.49027501022177,0.0 -0.098704886125577,51.49026788618703,0.0 -0.09841711687529611,51.49026076144694,0.0 -0.09812934774320542,51.4902536360015,0.0 -0.0978415787293113,51.49024650985072,0.0 -0.09755380983363006,51.49023938299461,0.0 -0.09726604105616923,51.49023225543314,0.0 -0.09697827239694394,51.49022512716635,0.0 -0.09669050385596571,51.49021799819419,0.0 -0.09640273543324407,51.49021086851672,0.0 -0.09611496712879176,51.490203738133886,0.0 -0.0958271989426203,51.49019660704573,0.0 -0.09553943087474044,51.49018947525224,0.0 -0.09525166292516607,51.49018234275339,0.0 -0.09496389509390556,51.49017520954923,0.0 -0.09467612738097399,51.490168075639716,0.0 -0.09438835978637855,51.490160941024875,0.0 -0.09410059231013553,51.49015380570469,0.0 -0.09381282495225564,51.49014666967918,0.0 -0.09352505771274806,51.490139532948334,0.0 -0.09323729059162708,51.49013239551216,0.0 -0.09294952358890345,51.49012525737065,0.0 -0.09266175670458868,51.4901181185238,0.0 -0.09237398993869311,51.490110978971636,0.0 -0.09208622329123067,51.49010383871413,0.0 -0.09179845676220971,51.490096697751305,0.0 -0.09151069035164493,51.49008955608315,0.0 -0.09122292405954864,51.49008241370966,0.0 -0.09093515788592961,51.49007527063085,0.0 -0.09064739183080096,51.49006812684672,0.0 -0.0903596258941742,51.49006098235724,0.0 -0.09007186007606247,51.49005383716245,0.0 -0.08978409437647332,51.49004669126234,0.0 -0.08949632879542263,51.49003954465691,0.0 -0.08920856333291759,51.49003239734615,0.0 -0.08892079798897566,51.49002524933005,0.0 -0.08863303276360403,51.49001810060866,0.0 -0.08834526765681619,51.49001095118193,0.0 -0.0880575026686237,51.49000380104988,0.0 -0.08776973779903725,51.48999665021252,0.0 -0.08748197304806919,51.48998949866983,0.0 -0.08719420841573146,51.489982346421826,0.0 -0.08690644390203318,51.48997519346851,0.0 -0.08661867950698829,51.489968039809874,0.0 -0.08633091523060869,51.489960885445925,0.0 -0.08604315107290633,51.48995373037664,0.0 -0.08575538703389232,51.489946574602065,0.0 -0.08546762311357661,51.48993941812217,0.0 -0.08517985931197312,51.48993226093695,0.0 -0.084892095629091,51.48992510304644,0.0 -0.08460433206494533,51.489917944450596,0.0 -0.08431656861954488,51.48991078514945,0.0 -0.08402880529290277,51.48990362514299,0.0 -0.08374104208502774,51.48989646443122,0.0 -0.08345327899593569,51.48988930301415,0.0 -0.08316551602563615,51.489882140891766,0.0 -0.08287775317414109,51.48987497806407,0.0 -0.082589990441462,51.489867814531074,0.0 -0.08230222782760961,51.48986065029276,0.0 -0.08201446533259826,51.489853485349144,0.0 -0.08172670295643669,51.48984631970022,0.0 -0.08143894069913721,51.489839153346,0.0 -0.08115117856071137,51.489831986286475,0.0 -0.08086341654117227,51.48982481852165,0.0 -0.08057565464053144,51.489817650051506,0.0 -0.08028789285879805,51.48981048087607,0.0 -0.08000013119598638,51.489803310995335,0.0 -0.08000013896849194,51.49070274746252,0.0 -0.08028790062486417,51.49070991729046,0.0 -0.08057566240015773,51.490717086413085,0.0 -0.08086342429436151,51.49072425483042,0.0 -0.08115118630746317,51.49073142254247,0.0 -0.08143894843945357,51.4907385895492,0.0 -0.08172671069031678,51.49074575585065,0.0 -0.08201447306004529,51.49075292144679,0.0 -0.08230223554862635,51.49076008633763,0.0 -0.08258999815604606,51.49076725052317,0.0 -0.08287776088229566,51.49077441400342,0.0 -0.08316552372736165,51.49078157677836,0.0 -0.08345328669123407,51.49078873884799,0.0 -0.08374104977389822,51.49079590021232,0.0 -0.08402881297534734,51.49080306087135,0.0 -0.08431657629556553,51.49081022082508,0.0 -0.08460433973454126,51.49081738007349,0.0 -0.08489210329226657,51.49082453861659,0.0 -0.08517986696872637,51.49083169645441,0.0 -0.0854676307639107,51.4908388535869,0.0 -0.08575539467780685,51.490846010014096,0.0 -0.08604315871040409,51.49085316573597,0.0 -0.08633092286169049,51.49086032075254,0.0 -0.0866186871316537,51.490867475063794,0.0 -0.08690645152028423,51.49087462866975,0.0 -0.08719421602756652,51.49088178157039,0.0 -0.08748198065349384,51.4908889337657,0.0 -0.0877697453980503,51.49089608525572,0.0 -0.08805751026122832,51.49090323604042,0.0 -0.08834527524301082,51.4909103861198,0.0 -0.08863304034339183,51.49091753549387,0.0 -0.08892080556235782,51.490924684162614,0.0 -0.08920857089989331,51.49093183212606,0.0 -0.08949633635599193,51.490938979384175,0.0 -0.08978410193063935,51.49094612593698,0.0 -0.09007186762382685,51.490953271784456,0.0 -0.09035963343553732,51.490960416926626,0.0 -0.0906473993657644,51.490967561363476,0.0 -0.09093516541449537,51.49097470509499,0.0 -0.09122293158171393,51.490981848121194,0.0 -0.0915106978674161,51.49098899044206,0.0 -0.0917984642715832,51.490996132057624,0.0 -0.09208623079420926,51.491003272967866,0.0 -0.092373997435278,51.49101041317278,0.0 -0.09266176419478184,51.49101755267236,0.0 -0.09294953107270726,51.49102469146662,0.0 -0.09323729806904077,51.49103182955556,0.0 -0.09352506518377439,51.49103896693916,0.0 -0.09381283241689105,51.49104610361745,0.0 -0.09410059976838517,51.49105323959041,0.0 -0.09438836723824284,51.49106037485803,0.0 -0.09467613482645292,51.49106750942032,0.0 -0.0949639025330023,51.49107464327728,0.0 -0.09525167035787865,51.49108177642892,0.0 -0.09553943830107402,51.49108890887523,0.0 -0.0958272063625729,51.49109604061619,0.0 -0.09611497454236616,51.49110317165184,0.0 -0.09640274284044066,51.49111030198214,0.0 -0.09669051125678567,51.491117431607115,0.0 -0.09697827979138929,51.49112456052674,0.0 -0.09726604844424075,51.49113168874104,0.0 -0.09755381721532734,51.49113881625001,0.0 -0.09784158610463556,51.491145943053645,0.0 -0.09812935511215742,51.491153069151935,0.0 -0.09841712423787866,51.49116019454488,0.0 -0.09870489348179048,51.491167319232495,0.0 -0.0989926628438794,51.49117444321477,0.0 -0.09928043232413189,51.49118156649172,0.0 -0.09956820192254079,51.49118868906331,0.0 -0.09985597163908941,51.491195810929554,0.0 -0.10014374147377098,51.49120293209046,0.0 -0.10043151142656881,51.49121005254602,0.0 -0.10071928149747615,51.49121717229625,0.0 -0.10100705168647828,51.49122429134113,0.0 -0.10129482199356485,51.49123140968067,0.0 -0.10158259241872435,51.49123852731486,0.0 -0.10187036296194406,51.49124564424369,0.0 -0.10215813362321283,51.49125276046719,0.0 -0.10244590440251834,51.491259875985335,0.0 -0.10273367529985226,51.491266990798145,0.0 -0.10302144631519669,51.49127410490559,0.0 -0.10330921744854724,51.49128121830769,0.0 -0.10359698869988762,51.49128833100444,0.0 -0.10388476006920672,51.49129544299585,0.0 -0.10417253155649417,51.491302554281894,0.0 -0.10446030316173646,51.4913096648626,0.0 -0.10474807488492525,51.49131677473794,0.0 -0.10503584672604384,51.491323883907924,0.0 -0.10532361868508668,51.49133099237256,0.0 -0.10561139076203822,51.49133810013184,0.0 -0.10589916295688737,51.491345207185766,0.0 -0.1061869352696218,51.49135231353434,0.0 -0.10647470770023235,51.491359419177556,0.0 -0.1067624802487055,51.49136652411541,0.0 -0.10705025291502894,51.491373628347894,0.0 -0.10733802569919314,51.491380731875026,0.0 -0.10762579860118614,51.491387834696816,0.0 -0.10791357162099324,51.49139493681322,0.0 -0.1082013447586069,51.49140203822428,0.0 -0.1084891180140132,51.491409138929974,0.0 -0.10877689138720181,51.49141623893031,0.0 -0.1090646648781584,51.49142333822528,0.0 -0.10935243848687502,51.49143043681488,0.0 -0.10964021221333818,51.49143753469912,0.0 -0.10992798605753472,51.491444631878004,0.0 -0.11021576001945592,51.491451728351514,0.0 -0.11050353409908906,51.49145882411965,0.0 -0.11079130829642218,51.491465919182424,0.0 -0.1110790826114426,51.491473013539824,0.0 -0.11136685704414037,51.49148010719187,0.0 -0.11165463159450434,51.491487200138536,0.0 -0.11194240626252021,51.49149429237984,0.0 -0.11223018104817922,51.49150138391577,0.0 -0.1125179559514659,51.49150847474634,0.0 -0.11280573097237465,51.49151556487152,0.0 -0.11309350611088757,51.49152265429134,0.0 -0.11338128136699835,51.49152974300578,0.0 -0.11366905674069104,51.49153683101485,0.0 -0.1139568322319569,51.491543918318534,0.0 -0.11424460784078325,51.49155100491686,0.0 -0.1145323835671565,51.491558090809804,0.0 -0.11482015941106917,51.491565175997366,0.0 -0.1151079353725057,51.49157226047955,0.0 -0.11539571145145816,51.49157934425636,0.0 -0.11568348764790946,51.49158642732778,0.0 -0.11597126396185482,51.49159350969384,0.0 -0.11625904039327756,51.49160059135451,0.0 -0.11654681694216612,51.49160767230981,0.0 -0.11683459360851257,51.49161475255973,0.0 -0.11712237039230179,51.49162183210425,0.0 -0.11741014729352425,51.4916289109434,0.0 -0.11769792431216643,51.49163598907716,0.0 -0.11798570144821997,51.49164306650554,0.0 -0.11827347870167018,51.49165014322853,0.0 -0.11856125607250433,51.491657219246136,0.0 -0.11884903356071486,51.49166429455836,0.0 -0.11913681116628626,51.4916713691652,0.0 -0.11942458888921019,51.491678443066654,0.0 -0.11971236672947233,51.49168551626271,0.0 -0.12000014468706316,51.49169258875339,0.0 -0.12000015086795075,51.49259201780877,0.0 -0.11971237291657792,51.49258494537018,0.0 -0.11942459508253296,51.49257787222623,0.0 -0.1191368173658294,51.49257079837688,0.0 -0.11884903976647677,51.49256372382216,0.0 -0.11856126228448821,51.49255664856205,0.0 -0.11827348491987563,51.492549572596566,0.0 -0.11798570767264899,51.492542495925704,0.0 -0.11769793054282138,51.492535418549444,0.0 -0.11741015353040393,51.49252834046783,0.0 -0.11712237663540781,51.49252126168083,0.0 -0.1168345998578469,51.49251418218844,0.0 -0.11654682319772958,51.49250710199068,0.0 -0.11625904665506973,51.492500021087544,0.0 -0.11597127022987731,51.49249293947904,0.0 -0.11568349392216583,51.49248585716516,0.0 -0.11539571773194604,51.4924787741459,0.0 -0.11510794165922944,51.49247169042126,0.0 -0.11482016570402759,51.49246460599126,0.0 -0.1145323898663524,51.492457520855886,0.0 -0.1142446141462158,51.492450435015144,0.0 -0.11395683854362892,51.492443348469024,0.0 -0.11366906305860369,51.49243626121753,0.0 -0.11338128769115205,51.492429173260675,0.0 -0.11309351244128153,51.492422084598445,0.0 -0.11280573730901083,51.49241499523085,0.0 -0.11251796229434789,51.4924079051579,0.0 -0.11223018739730506,51.49240081437956,0.0 -0.11194241261789384,51.49239372289587,0.0 -0.11165463795612339,51.49238663070682,0.0 -0.1113668634120096,51.49237953781238,0.0 -0.11107908898556162,51.4923724442126,0.0 -0.1107913146767922,51.49236534990745,0.0 -0.11050354048571163,51.49235825489693,0.0 -0.11021576641233147,51.49235115918106,0.0 -0.10992799245666524,51.49234406275982,0.0 -0.10964021861872245,51.492336965633214,0.0 -0.10935244489851585,51.49232986780126,0.0 -0.10906467129605815,51.49232276926395,0.0 -0.10877689781135931,51.49231567002127,0.0 -0.10848912444443123,51.492308570073234,0.0 -0.10820135119528586,51.49230146941984,0.0 -0.1079135780639343,51.4922943680611,0.0 -0.10762580505038771,51.492287265997,0.0 -0.1073380321546612,51.49228016322755,0.0 -0.10705025937676271,51.492273059752726,0.0 -0.10676248671670535,51.49226595557256,0.0 -0.10647471417449948,51.49225885068704,0.0 -0.1061869417501578,51.49225174509617,0.0 -0.10589916944369186,51.492244638799946,0.0 -0.10561139725511516,51.492237531798374,0.0 -0.10532362518443567,51.49223042409145,0.0 -0.10503585323166688,51.492223315679176,0.0 -0.10474808139682033,51.49221620656154,0.0 -0.10446030967990798,51.49220909673857,0.0 -0.10417253808094051,51.49220198621025,0.0 -0.10388476659993108,51.49219487497659,0.0 -0.10359699523689081,51.49218776303757,0.0 -0.10330922399183082,51.49218065039321,0.0 -0.10302145286476226,51.49217353704351,0.0 -0.10273368185569785,51.492166422988454,0.0 -0.1024459109646483,51.49215930822806,0.0 -0.10215814019162638,51.49215219276232,0.0 -0.10187036953664318,51.49214507659125,0.0 -0.10158259899970903,51.49213795971483,0.0 -0.10129482858083709,51.492130842133065,0.0 -0.10100705828003967,51.492123723845964,0.0 -0.1007192880973271,51.49211660485353,0.0 -0.10043151803271129,51.49210948515574,0.0 -0.1001437480862038,51.492102364752625,0.0 -0.09985597825781456,51.49209524364417,0.0 -0.09956820854755906,51.49208812183038,0.0 -0.09928043895544686,51.49208099931124,0.0 -0.09899266948148949,51.49207387608678,0.0 -0.09870490012569846,51.49206675215699,0.0 -0.09841713088808653,51.49205962752185,0.0 -0.09812936176866319,51.49205250218138,0.0 -0.0978415927674428,51.49204537613557,0.0 -0.09755382388443526,51.49203824938444,0.0 -0.09726605511965133,51.49203112192797,0.0 -0.09697828647310532,51.492023993766175,0.0 -0.09669051794480756,51.49201686489906,0.0 -0.09640274953476878,51.492009735326604,0.0 -0.09611498124300052,51.49200260504882,0.0 -0.09582721306951629,51.49199547406571,0.0 -0.09553944501432644,51.491988342377276,0.0 -0.09525167707744288,51.49198120998349,0.0 -0.09496390925887675,51.491974076884404,0.0 -0.09467614155864157,51.491966943079994,0.0 -0.09438837397674688,51.491959808570236,0.0 -0.0941006065132038,51.49195267335518,0.0 -0.09381283916802627,51.49194553743478,0.0 -0.0935250719412246,51.49193840080907,0.0 -0.09323730483281034,51.49193126347803,0.0 -0.092949537842797,51.491924125441685,0.0 -0.09266177097119212,51.491916986700005,0.0 -0.09237400421801162,51.491909847253,0.0 -0.09208623758326465,51.491902707100685,0.0 -0.09179847106696351,51.491895566243045,0.0 -0.09151070466911936,51.491888424680106,0.0 -0.09122293838974688,51.491881282411825,0.0 -0.09093517222885325,51.49187413943824,0.0 -0.09064740618645159,51.49186699575934,0.0 -0.0903596402625542,51.49185985137511,0.0 -0.09007187445717264,51.491852706285584,0.0 -0.08978410877031923,51.49184556049074,0.0 -0.08949634320200507,51.49183841399057,0.0 -0.08920857775224013,51.491831266785105,0.0 -0.08892081242103833,51.491824118874305,0.0 -0.08863304720840919,51.49181697025823,0.0 -0.08834528211436662,51.49180982093681,0.0 -0.08805751713892099,51.4918026709101,0.0 -0.08776975228208539,51.49179552017806,0.0 -0.08748198754386818,51.491788368740735,0.0 -0.08719422292428408,51.49178121659809,0.0 -0.086906458423343,51.491774063750135,0.0 -0.08661869404105571,51.49176691019688,0.0 -0.0863309297774373,51.49175975593832,0.0 -0.0860431656324973,51.49175260097446,0.0 -0.08575540160624806,51.49174544530528,0.0 -0.0854676376986995,51.491738288930804,0.0 -0.08517987390986594,51.49173113185103,0.0 -0.08489211023975651,51.49172397406594,0.0 -0.08460434668838317,51.491716815575565,0.0 -0.08431658325576019,51.491709656379875,0.0 -0.08402881994189516,51.491702496478894,0.0 -0.08374105674680278,51.491695335872606,0.0 -0.08345329367049457,51.49168817456103,0.0 -0.08316553071297968,51.49168101254415,0.0 -0.08287776787427242,51.49167384982197,0.0 -0.08259000515438314,51.49166668639449,0.0 -0.08230224255332334,51.49165952226172,0.0 -0.08201448007110537,51.49165235742366,0.0 -0.08172671770773997,51.49164519188029,0.0 -0.08143895546323944,51.49163802563164,0.0 -0.08115119333761572,51.49163085867768,0.0 -0.08086343133087956,51.49162369101843,0.0 -0.08057566944304324,51.4916165226539,0.0 -0.08028790767411834,51.49160935358408,0.0 -0.08000014602411676,51.49160218380895,0.0 -0.08000015236283263,51.49250162003462,0.0 -0.08028791400653593,51.49250878975693,0.0 -0.08057567576916293,51.49251595877394,0.0 -0.08086343765070134,51.49252312708569,0.0 -0.0811511996511428,51.492530294692116,0.0 -0.08143896177047101,51.49253746159328,0.0 -0.0817267240086784,51.49254462778915,0.0 -0.08201448636575069,51.49255179327972,0.0 -0.08230224884167751,51.492558958065025,0.0 -0.08259001143644618,51.49256612214502,0.0 -0.0828777741500479,51.492573285519725,0.0 -0.08316553698246641,51.492580448189145,0.0 -0.08345329993369413,51.492587610153265,0.0 -0.08374106300371638,51.49259477141209,0.0 -0.08402882619252558,51.49260193196563,0.0 -0.08431658950010423,51.492609091813875,0.0 -0.08460435292644522,51.49261625095682,0.0 -0.08489211647153737,51.49262340939447,0.0 -0.08517988013536479,51.49263056712683,0.0 -0.08546764391792074,51.49263772415389,0.0 -0.08575540781918929,51.492644880475645,0.0 -0.0860431718391633,51.4926520360921,0.0 -0.08633093597782687,51.49265919100326,0.0 -0.08661870023517045,51.49266634520913,0.0 -0.08690646461118172,51.49267349870969,0.0 -0.08719422910585233,51.49268065150494,0.0 -0.08748199371916318,51.492687803594904,0.0 -0.08776975845111072,51.49269495497956,0.0 -0.08805752330167745,51.492702105658914,0.0 -0.08834528827085619,51.49270925563296,0.0 -0.08863305335863107,51.49271640490171,0.0 -0.08892081856499214,51.49272355346515,0.0 -0.08920858388993064,51.49273070132327,0.0 -0.08949634933343108,51.492737848476104,0.0 -0.08978411489548431,51.49274499492361,0.0 -0.09007188057607601,51.49275214066583,0.0 -0.09035964637519704,51.492759285702725,0.0 -0.0906474122928347,51.492766430034315,0.0 -0.09093517832897743,51.49277357366059,0.0 -0.09122294448361412,51.492780716581564,0.0 -0.09151071075673321,51.49278785879722,0.0 -0.09179847714832162,51.49279500030757,0.0 -0.09208624365836938,51.4928021411126,0.0 -0.09237401028686221,51.492809281212324,0.0 -0.0926617770337933,51.49281642060674,0.0 -0.092949543899146,51.49282355929582,0.0 -0.09323731088291234,51.492830697279594,0.0 -0.09352507798507761,51.49283783455805,0.0 -0.09381284520563148,51.492844971131206,0.0 -0.0941006125445648,51.49285210699902,0.0 -0.09438838000186046,51.492859242161536,0.0 -0.09467614757751291,51.492866376618714,0.0 -0.09496391527150586,51.49287351037058,0.0 -0.09525168308383054,51.49288064341713,0.0 -0.09553945101447386,51.49288777575836,0.0 -0.09582721906342426,51.492894907394266,0.0 -0.09611498723067022,51.49290203832485,0.0 -0.09640275551620181,51.492909168550106,0.0 -0.09669052392000392,51.49291629807004,0.0 -0.09697829244206858,51.49292342688465,0.0 -0.09726606108238071,51.49293055499395,0.0 -0.09755382984093115,51.4929376823979,0.0 -0.09784159871770758,51.49294480909653,0.0 -0.09812936771269808,51.49295193508984,0.0 -0.09841713682589188,51.49295906037782,0.0 -0.09870490605727551,51.49296618496048,0.0 -0.09899267540684059,51.49297330883779,0.0 -0.09928044487457124,51.492980432009794,0.0 -0.09956821446045949,51.49298755447646,0.0 -0.09985598416449024,51.492994676237785,0.0 -0.10014375398665594,51.49300179729378,0.0 -0.10043152392694187,51.493008917644445,0.0 -0.10071929398533769,51.49301603728978,0.0 -0.1010070641618307,51.493023156229775,0.0 -0.10129483445641133,51.49303027446445,0.0 -0.10158260486906569,51.493037391993774,0.0 -0.10187037539978343,51.493044508817775,0.0 -0.10215814604855143,51.493051624936435,0.0 -0.10244591681535896,51.49305874034975,0.0 -0.10273368770019727,51.49306585505773,0.0 -0.10302145870304887,51.49307296906038,0.0 -0.1033092298239082,51.493080082357686,0.0 -0.10359700106275774,51.493087194949645,0.0 -0.10388477241959236,51.49309430683627,0.0 -0.10417254389439295,51.49310141801755,0.0 -0.10446031548715515,51.4931085284935,0.0 -0.10474808719786265,51.49311563826409,0.0 -0.10503585902650552,51.49312274732935,0.0 -0.10532363097307063,51.49312985568927,0.0 -0.10561140303754964,51.49313696334382,0.0 -0.10589917521992624,51.49314407029305,0.0 -0.10618694752019368,51.493151176536934,0.0 -0.10647471993833565,51.493158282075456,0.0 -0.10676249247434304,51.49316538690863,0.0 -0.10705026512820626,51.49317249103647,0.0 -0.10733803789990863,51.49317959445896,0.0 -0.1076258107894434,51.49318669717609,0.0 -0.10791358379679586,51.49319379918787,0.0 -0.10820135692195686,51.49320090049431,0.0 -0.10848913016491009,51.49320800109539,0.0 -0.10877690352565039,51.49321510099113,0.0 -0.10906467700416068,51.493222200181506,0.0 -0.1093524506004326,51.49322929866653,0.0 -0.10964022431445182,51.4932363964462,0.0 -0.10992799814621002,51.49324349352052,0.0 -0.11021577209569167,51.493250589889485,0.0 -0.11050354616288963,51.49325768555308,0.0 -0.11079132034778798,51.49326478051133,0.0 -0.1110790946503784,51.493271874764226,0.0 -0.11136686907064615,51.493278968311756,0.0 -0.11165464360858171,51.49328606115394,0.0 -0.11194241826417393,51.49329315329075,0.0 -0.11223019303741011,51.49330024472219,0.0 -0.11251796792827869,51.493307335448286,0.0 -0.11280574293676658,51.49331442546903,0.0 -0.1130935180628666,51.4933215147844,0.0 -0.11338129330656088,51.493328603394396,0.0 -0.11366906866784425,51.49333569129904,0.0 -0.1139568441466984,51.493342778498324,0.0 -0.11424461974311818,51.49334986499224,0.0 -0.11453239545708768,51.49335695078079,0.0 -0.11482017128859737,51.49336403586397,0.0 -0.11510794723763212,51.4933711202418,0.0 -0.11539572330418639,51.49337820391424,0.0 -0.11568349948824308,51.49338528688133,0.0 -0.11597127578979223,51.49339236914304,0.0 -0.11625905220882352,51.49339945069938,0.0 -0.11654682874532421,51.49340653155035,0.0 -0.1168346053992836,51.493413611695956,0.0 -0.11712238217068655,51.49342069113618,0.0 -0.1174101590595267,51.49342776987104,0.0 -0.11769793606578818,51.493434847900524,0.0 -0.117985713189463,51.493441925224644,0.0 -0.1182734904305353,51.493449001843366,0.0 -0.11856126778899787,51.49345607775673,0.0 -0.11884904526483564,51.493463152964715,0.0 -0.11913682285803825,51.49347022746733,0.0 -0.11942460056859341,51.493477301264555,0.0 -0.11971237839649156,51.49348437435641,0.0 -0.12000015634171836,51.493491446742894,0.0 -0.12000016110833496,51.494390875555794,0.0 -0.11971238316918459,51.49438380322141,0.0 -0.1194246053473641,51.494376730181656,0.0 -0.119136827642887,51.49436965643654,0.0 -0.1188490500557632,51.49436258198605,0.0 -0.11856127258600506,51.49435550683019,0.0 -0.11827349523362489,51.494348430968955,0.0 -0.11798571799863701,51.49434135440236,0.0 -0.11769794088104579,51.49433427713039,0.0 -0.11741016388086793,51.49432719915305,0.0 -0.11712238699811495,51.49432012047034,0.0 -0.1168346102327968,51.49431304108226,0.0 -0.11654683358492579,51.49430596098882,0.0 -0.11625905705451427,51.49429888019001,0.0 -0.11597128064157294,51.494291798685836,0.0 -0.11568350434611455,51.4942847164763,0.0 -0.11539572816814983,51.49427763356141,0.0 -0.11510795210769109,51.49427054994114,0.0 -0.11482017616474909,51.49426346561551,0.0 -0.11453240033933533,51.494256380584524,0.0 -0.11424462463146176,51.49424929484819,0.0 -0.11395684904114388,51.494242208406476,0.0 -0.11366907356838644,51.49423512125941,0.0 -0.11338129821320458,51.494228033406976,0.0 -0.11309352297560982,51.49422094484919,0.0 -0.11280574785561327,51.494213855586054,0.0 -0.11251797285322807,51.494206765617555,0.0 -0.11223019796846416,51.4941996749437,0.0 -0.11194242320133385,51.494192583564484,0.0 -0.1116546485518479,51.49418549147992,0.0 -0.1113668740200206,51.494178398689996,0.0 -0.1110790996058607,51.49417130519472,0.0 -0.11079132530938093,51.49416421099409,0.0 -0.11050355113059321,51.49415711608812,0.0 -0.11021577706950828,51.49415002047679,0.0 -0.10992800312614044,51.4941429241601,0.0 -0.10964022930049766,51.49413582713807,0.0 -0.10935245559259266,51.49412872941068,0.0 -0.10906468200243814,51.49412163097795,0.0 -0.10877690853004486,51.49411453183988,0.0 -0.10848913517542513,51.49410743199645,0.0 -0.10820136193859009,51.494100331447676,0.0 -0.10791358881955206,51.494093230193556,0.0 -0.10762581581832019,51.4940861282341,0.0 -0.10733804293490996,51.494079025569285,0.0 -0.10705027016933095,51.49407192219913,0.0 -0.10676249752159388,51.49406481812364,0.0 -0.10647472499171226,51.4940577133428,0.0 -0.10618695257969682,51.49405060785661,0.0 -0.1058991802855611,51.49404350166509,0.0 -0.10561140810931381,51.49403639476823,0.0 -0.10532363605096731,51.49402928716602,0.0 -0.10503586411053233,51.494022178858465,0.0 -0.10474809228802395,51.49401506984559,0.0 -0.10446032058345014,51.49400796012737,0.0 -0.10417254899682483,51.49400084970381,0.0 -0.10388477752815874,51.49399373857492,0.0 -0.10359700617746259,51.493986626740686,0.0 -0.10330923494474992,51.493979514201115,0.0 -0.10302146383003265,51.493972400956224,0.0 -0.1027336928333207,51.493965287005985,0.0 -0.10244592195462643,51.49395817235041,0.0 -0.10215815119396095,51.49395105698951,0.0 -0.10187038055133778,51.49394394092328,0.0 -0.10158261002676566,51.49393682415172,0.0 -0.10129483962025773,51.49392970667482,0.0 -0.10100706933182471,51.49392258849259,0.0 -0.10071929916148052,51.49391546960504,0.0 -0.1004315291092347,51.493908350012155,0.0 -0.10014375917509916,51.49390122971395,0.0 -0.09985598935908664,51.4938941087104,0.0 -0.09956821966120788,51.49388698700154,0.0 -0.0992804500814744,51.49387986458735,0.0 -0.09899268061989774,51.49387274146783,0.0 -0.098704911276491,51.493865617642996,0.0 -0.09841714205126532,51.49385849311282,0.0 -0.09812937294423026,51.49385136787735,0.0 -0.0978416039554001,51.49384424193652,0.0 -0.097553835084786,51.49383711529039,0.0 -0.09726606633239669,51.49382998793894,0.0 -0.0969782976982469,51.49382285988217,0.0 -0.09669052918234693,51.49381573112007,0.0 -0.09640276078470954,51.49380860165267,0.0 -0.09611499250534623,51.493801471479934,0.0 -0.09582722434426737,51.49379434060189,0.0 -0.09553945630148446,51.493787209018514,0.0 -0.09525168837701142,51.49378007672983,0.0 -0.09496392057085822,51.493772943735834,0.0 -0.09467615288303634,51.49376581003652,0.0 -0.09438838531355892,51.49375867563188,0.0 -0.09410061786243512,51.49375154052194,0.0 -0.09381285052967964,51.49374440470669,0.0 -0.09352508331530161,51.49373726818613,0.0 -0.09323731621931339,51.493730130960245,0.0 -0.09294954924172687,51.49372299302905,0.0 -0.0926617823825528,51.493715854392555,0.0 -0.09237401564180428,51.493708715050744,0.0 -0.09208624901949208,51.49370157500362,0.0 -0.09179848251562811,51.49369443425119,0.0 -0.0915107161302231,51.49368729279345,0.0 -0.09122294986329058,51.49368015063042,0.0 -0.09093518371484006,51.49367300776207,0.0 -0.09064741768488471,51.49366586418841,0.0 -0.09035965177343602,51.493658719909455,0.0 -0.09007188598050474,51.493651574925195,0.0 -0.08978412030610478,51.49364442923563,0.0 -0.08949635475024488,51.49363728284075,0.0 -0.08920858931293699,51.49363013574058,0.0 -0.0889208239941938,51.49362298793511,0.0 -0.08863305879402687,51.493615839424336,0.0 -0.08834529371244772,51.49360869020825,0.0 -0.08805752874946747,51.49360154028688,0.0 -0.08776976390509846,51.49359438966022,0.0 -0.0874819991793522,51.49358723832823,0.0 -0.08719423457224064,51.49358008629097,0.0 -0.08690647008377331,51.49357293354841,0.0 -0.08661870571396452,51.49356578010054,0.0 -0.08633094146282581,51.49355862594739,0.0 -0.0860431773303667,51.49355147108893,0.0 -0.08575541331660233,51.493544315525185,0.0 -0.08546764942154063,51.49353715925615,0.0 -0.08517988564519433,51.493530002281815,0.0 -0.08489212198757534,51.49352284460218,0.0 -0.084604358448696,51.49351568621727,0.0 -0.08431659502856506,51.49350852712707,0.0 -0.08402883172719802,51.49350136733157,0.0 -0.08374106854460442,51.49349420683079,0.0 -0.08345330548079698,51.49348704562471,0.0 -0.08316554253578684,51.49347988371335,0.0 -0.08287777970958433,51.493472721096694,0.0 -0.08259001700220336,51.49346555777476,0.0 -0.0823022544136539,51.49345839374754,0.0 -0.08201449194394783,51.49345122901503,0.0 -0.08172672959310029,51.49344406357723,0.0 -0.08143896736111644,51.49343689743416,0.0 -0.08115120524801099,51.4934297305858,0.0 -0.08086344325379706,51.493422563032155,0.0 -0.08057568137848418,51.49341539477324,0.0 -0.0802879196220843,51.49340822580903,0.0 -0.08000015798461053,51.49340105613954,0.0 -0.08000016288942302,51.4943004921237,0.0 -0.08028792452073805,51.49430766174037,0.0 -0.08057568627098037,51.49431483065175,0.0 -0.0808634481401357,51.49432199885788,0.0 -0.08115121012819644,51.494329166358696,0.0 -0.08143897223514712,51.49433633315426,0.0 -0.08172673446097621,51.49434349924454,0.0 -0.08201449680567574,51.49435066462956,0.0 -0.08230225926923021,51.494357829309266,0.0 -0.08259002185162968,51.4943649932837,0.0 -0.08287778455286343,51.49437215655287,0.0 -0.08316554737291713,51.494379319116746,0.0 -0.08345331031178203,51.49438648097535,0.0 -0.08374107336944345,51.49439364212867,0.0 -0.08402883654589262,51.494400802576685,0.0 -0.08431659984111761,51.494407962319436,0.0 -0.08460436325510491,51.4944151213569,0.0 -0.0848921267878434,51.49442227968908,0.0 -0.0851798904393235,51.49442943731598,0.0 -0.08546765420953095,51.49443659423757,0.0 -0.08575541809845776,51.49444375045388,0.0 -0.08604318210608605,51.49445090596492,0.0 -0.08633094623240946,51.49445806077066,0.0 -0.08661871047741566,51.49446521487112,0.0 -0.08690647484108996,51.49447236826627,0.0 -0.08719423932342558,51.49447952095614,0.0 -0.08748200392440623,51.49448667294072,0.0 -0.08776976864402236,51.49449382422,0.0 -0.08805753348226404,51.494500974793986,0.0 -0.08834529843911615,51.49450812466269,0.0 -0.08863306351456757,51.49451527382609,0.0 -0.08892082870861075,51.494522422284206,0.0 -0.08920859402122977,51.49452957003702,0.0 -0.08949635945241509,51.49453671708453,0.0 -0.08978412500215202,51.494543863426756,0.0 -0.0900718906704338,51.49455100906366,0.0 -0.09035965645724608,51.49455815399529,0.0 -0.09064742236257578,51.49456529822161,0.0 -0.09093518838641335,51.49457244174264,0.0 -0.09122295452874843,51.49457958455836,0.0 -0.09151072078956556,51.494586726668786,0.0 -0.09179848716885594,51.49459386807391,0.0 -0.09208625366660768,51.49460100877373,0.0 -0.09237402028280646,51.49460814876825,0.0 -0.09266178701744592,51.49461528805746,0.0 -0.09294955387050856,51.49462242664136,0.0 -0.09323732084198841,51.49462956451996,0.0 -0.09352508793186878,51.49463670169326,0.0 -0.09381285514013975,51.494643838161245,0.0 -0.09410062246679293,51.49465097392393,0.0 -0.09438838991181167,51.494658108981305,0.0 -0.09467615747518639,51.49466524333337,0.0 -0.09496392515690756,51.49467237698013,0.0 -0.09525169295695927,51.494679509921575,0.0 -0.0955394608753332,51.49468664215771,0.0 -0.0958272289120166,51.49469377368854,0.0 -0.09611499706699636,51.494700904514055,0.0 -0.09640276534026611,51.49470803463425,0.0 -0.09669053373180678,51.49471516404914,0.0 -0.0969783022416124,51.494722292758716,0.0 -0.09726607086967025,51.49472942076297,0.0 -0.0975538396159664,51.49473654806191,0.0 -0.09784160848049332,51.49474367465554,0.0 -0.09812937746323312,51.494750800543855,0.0 -0.09841714656417862,51.49475792572684,0.0 -0.0987049157833183,51.494765050204514,0.0 -0.09899268512063904,51.49477217397688,0.0 -0.09928045457613131,51.494779297043905,0.0 -0.09956822414977959,51.49478641940563,0.0 -0.09985599384157436,51.494793541062016,0.0 -0.10014376365150683,51.49480066201309,0.0 -0.10043153357955996,51.494807782258846,0.0 -0.10071930362572655,51.49481490179927,0.0 -0.1010070737899931,51.49482202063438,0.0 -0.10129484407234729,51.49482913876416,0.0 -0.10158261447278036,51.49483625618862,0.0 -0.10187038499127643,51.49484337290775,0.0 -0.10215815562782672,51.49485048892156,0.0 -0.10244592638241973,51.494857604230035,0.0 -0.10273369725504272,51.494864718833185,0.0 -0.10302146824568496,51.49487183273101,0.0 -0.10330923935433295,51.49487894592351,0.0 -0.10359701058097553,51.49488605841067,0.0 -0.10388478192560477,51.494893170192505,0.0 -0.10417255338820357,51.49490028126901,0.0 -0.10446032496876276,51.49490739164018,0.0 -0.10474809666727244,51.49491450130602,0.0 -0.10503586848371828,51.49492161026653,0.0 -0.10532364041809232,51.4949287185217,0.0 -0.10561141247037749,51.49493582607154,0.0 -0.1058991846405654,51.49494293291603,0.0 -0.10618695692864497,51.49495003905521,0.0 -0.10647472933460224,51.49495714448905,0.0 -0.1067625018584269,51.49496424921754,0.0 -0.10705027450010979,51.4949713532407,0.0 -0.10733804725963342,51.49497845655851,0.0 -0.10762582013699223,51.494985559171,0.0 -0.10791359313216953,51.494992661078136,0.0 -0.10820136624515735,51.49499976227994,0.0 -0.10848913947594337,51.49500686277641,0.0 -0.10877691282451447,51.49501396256751,0.0 -0.10906468629086112,51.4950210616533,0.0 -0.1093524598749698,51.49502816003372,0.0 -0.10964023357682778,51.49503525770881,0.0 -0.10992800739642751,51.49504235467855,0.0 -0.11021578133375387,51.49504945094296,0.0 -0.11050355538879536,51.495056546502006,0.0 -0.11079132956154321,51.49506364135573,0.0 -0.11107910385198191,51.49507073550408,0.0 -0.11136687826010472,51.49507782894709,0.0 -0.11165465278589452,51.49508492168476,0.0 -0.111942427429343,51.49509201371706,0.0 -0.1122302021904386,51.49509910504403,0.0 -0.1125179770691674,51.49510619566565,0.0 -0.11280575206551989,51.49511328558191,0.0 -0.1130935271794849,51.49512037479283,0.0 -0.11338130241104814,51.49512746329838,0.0 -0.11366907776020048,51.49513455109859,0.0 -0.11395685322692836,51.49514163819345,0.0 -0.1142446288112203,51.49514872458293,0.0 -0.11453240451306791,51.495155810267086,0.0 -0.11482018033245531,51.495162895245876,0.0 -0.11510795626937415,51.49516997951931,0.0 -0.1153957323238093,51.49517706308738,0.0 -0.11568350849575204,51.495184145950084,0.0 -0.11597128478519005,51.49519122810745,0.0 -0.11625906119211096,51.49519830955945,0.0 -0.11654683771650409,51.49520539030608,0.0 -0.1168346143583567,51.495212470347354,0.0 -0.11712239111765763,51.49521954968328,0.0 -0.11741016799439698,51.49522662831384,0.0 -0.11769794498855962,51.49523370623903,0.0 -0.11798572210013562,51.495240783458854,0.0 -0.11827349932911543,51.49524785997331,0.0 -0.11856127667548315,51.49525493578243,0.0 -0.11884905413923004,51.49526201088616,0.0 -0.11913683172034577,51.49526908528453,0.0 -0.11942460941881561,51.49527615897752,0.0 -0.11971238723462922,51.49528323196516,0.0 -0.12000016516777509,51.49529030424743,0.0 -0.12000016852000976,51.49618973281783,0.0 -0.11971239059279841,51.49618266058767,0.0 -0.11942461278292049,51.496175587652154,0.0 -0.11913683509038915,51.49616851401127,0.0 -0.11884905751521352,51.49616143966502,0.0 -0.11856128005740392,51.49615436461342,0.0 -0.11827350271697509,51.496147288856456,0.0 -0.11798572549393893,51.49614021239413,0.0 -0.11769794838830341,51.496133135226444,0.0 -0.11741017140008682,51.49612605735341,0.0 -0.11712239452929193,51.496118978775016,0.0 -0.11683461777593744,51.49611189949126,0.0 -0.11654684114003049,51.49610481950215,0.0 -0.1162590646215862,51.496097738807684,0.0 -0.11597128822061449,51.49609065740786,0.0 -0.1156835119371285,51.496083575302684,0.0 -0.11539573577113738,51.496076492492165,0.0 -0.11510795972265343,51.49606940897627,0.0 -0.1148201837916894,51.49606232475505,0.0 -0.11453240797825599,51.496055239828465,0.0 -0.11424463228236556,51.49604815419653,0.0 -0.1139568567040312,51.49604106785924,0.0 -0.1136690812432601,51.49603398081661,0.0 -0.11338130590006734,51.496026893068624,0.0 -0.11309353067446405,51.4960198046153,0.0 -0.11280575556646258,51.496012715456615,0.0 -0.11251798057607085,51.496005625592595,0.0 -0.11223020570330718,51.495998535023226,0.0 -0.11194243094817631,51.49599144374851,0.0 -0.11165465631069336,51.49598435176845,0.0 -0.11136688179086908,51.49597725908304,0.0 -0.11107910738871657,51.4959701656923,0.0 -0.11079133310424737,51.4959630715962,0.0 -0.11050355893747021,51.495955976794775,0.0 -0.11021578488839903,51.495948881288,0.0 -0.10992801095704456,51.495941785075885,0.0 -0.1096402371434195,51.49593468815843,0.0 -0.10935246344753381,51.49592759053564,0.0 -0.10906468986940339,51.4959204922075,0.0 -0.10877691640903339,51.49591339317405,0.0 -0.10848914306644054,51.49590629343524,0.0 -0.10820136984163475,51.4958991929911,0.0 -0.10791359673462637,51.495892091841625,0.0 -0.10762582374542892,51.49588498998681,0.0 -0.10733805087405551,51.49587788742665,0.0 -0.10705027812051371,51.49587078416118,0.0 -0.10676250548481662,51.49586368019036,0.0 -0.10647473296697657,51.49585657551421,0.0 -0.1061869605670059,51.49584947013273,0.0 -0.10589918828491454,51.49584236404592,0.0 -0.10561141612071678,51.495835257253795,0.0 -0.105323644074421,51.49582814975632,0.0 -0.10503587214603993,51.49582104155352,0.0 -0.10474810033558625,51.4958139326454,0.0 -0.10446032864306953,51.49580682303194,0.0 -0.10417255706850409,51.49579971271315,0.0 -0.10388478561190223,51.49579260168904,0.0 -0.10359701427327034,51.495785489959616,0.0 -0.10330924305262429,51.49577837752485,0.0 -0.10302147194997523,51.49577126438477,0.0 -0.1027337009653331,51.49576415053936,0.0 -0.1024459300987138,51.495757035988625,0.0 -0.1021581593501229,51.49574992073257,0.0 -0.1018703887195755,51.495742804771204,0.0 -0.10158261820708313,51.4957356881045,0.0 -0.10129484781265694,51.49572857073249,0.0 -0.10100707753630962,51.495721452655154,0.0 -0.10071930737805193,51.4957143338725,0.0 -0.1004315373378946,51.49570721438453,0.0 -0.10014376741584995,51.49570009419124,0.0 -0.0998559976119303,51.495692973292634,0.0 -0.09956822792614639,51.495685851688705,0.0 -0.09928045835851015,51.49567872937947,0.0 -0.09899268890903629,51.495671606364915,0.0 -0.09870491957772998,51.495664482645054,0.0 -0.0984171503646075,51.49565735821987,0.0 -0.09812938126967961,51.49565023308937,0.0 -0.09784161229295624,51.49564310725357,0.0 -0.0975538434344517,51.49563598071246,0.0 -0.09726607469417832,51.49562885346603,0.0 -0.09697830607214246,51.49562172551429,0.0 -0.0966905375683612,51.49561459685724,0.0 -0.09640276918284371,51.49560746749487,0.0 -0.09611500091560031,51.49560033742722,0.0 -0.09582723276664731,51.49559320665425,0.0 -0.09553946473599186,51.495586075175964,0.0 -0.09525169682364708,51.495578942992374,0.0 -0.0949639290296237,51.495571810103485,0.0 -0.09467616135393483,51.49556467650929,0.0 -0.09438839379659245,51.495557542209795,0.0 -0.09410062635760802,51.49555040720499,0.0 -0.09381285903699073,51.49554327149488,0.0 -0.09352509183475408,51.495536135079476,0.0 -0.09323732475091,51.495528997958765,0.0 -0.09294955778546882,51.49552186013276,0.0 -0.09266179093844447,51.495514721601445,0.0 -0.09237402420984767,51.49550758236484,0.0 -0.09208625759968797,51.49550044242293,0.0 -0.09179849110797968,51.495493301775724,0.0 -0.09151072473473233,51.49548616042322,0.0 -0.09122295847995787,51.495479018365415,0.0 -0.09093519234366981,51.49547187560233,0.0 -0.09064742632588008,51.49546473213394,0.0 -0.09035966042659621,51.49545758796025,0.0 -0.09007189464583533,51.49545044308126,0.0 -0.08978412898360337,51.495443297497,0.0 -0.08949636343991625,51.495436151207436,0.0 -0.08920859801478352,51.495429004212575,0.0 -0.08892083270821909,51.49542185651243,0.0 -0.08863306752023288,51.49541470810699,0.0 -0.08834530245083405,51.495407558996256,0.0 -0.08805753750003852,51.49540040918024,0.0 -0.08776977266785539,51.49539325865893,0.0 -0.08748200795429942,51.495386107432346,0.0 -0.08719424335937852,51.49537895550046,0.0 -0.08690647888310504,51.49537180286329,0.0 -0.08661871452549169,51.49536464952084,0.0 -0.0863309502865492,51.4953574954731,0.0 -0.08604318616629071,51.49535034072008,0.0 -0.08575542216472695,51.495343185261774,0.0 -0.08546765828186903,51.495336029098176,0.0 -0.08517989451773009,51.49532887222931,0.0 -0.08489213087231887,51.495321714655155,0.0 -0.08460436734564969,51.49531455637571,0.0 -0.08431660393773327,51.495307397391,0.0 -0.08402884064858233,51.49530023770101,0.0 -0.08374107747820723,51.49529307730574,0.0 -0.08345331442661909,51.495285916205184,0.0 -0.08316555149382984,51.49527875439935,0.0 -0.08287778867985299,51.49527159188824,0.0 -0.08259002598469728,51.49526442867187,0.0 -0.08230226340837743,51.49525726475021,0.0 -0.08201450095090299,51.49525010012327,0.0 -0.08172673861228587,51.49524293479107,0.0 -0.08143897639253761,51.49523576875359,0.0 -0.08115121429167055,51.49522860201083,0.0 -0.08086345230969658,51.49522143456281,0.0 -0.08057569044662685,51.49521426640951,0.0 -0.0802879287024721,51.49520709755094,0.0 -0.08000016707724426,51.4951999279871,0.0 -0.08000017054804165,51.49609936372974,0.0 -0.08028793216725069,51.496106533240756,0.0 -0.08057569390539022,51.49611370204649,0.0 -0.08086345576244432,51.49612087014699,0.0 -0.08115121773840425,51.4961280375422,0.0 -0.0814389798332577,51.49613520423213,0.0 -0.0817267420469947,51.49614237021681,0.0 -0.08201450437959938,51.49614953549623,0.0 -0.08230226683106495,51.496156700070365,0.0 -0.08259002940137793,51.49616386393924,0.0 -0.08287779209052437,51.49617102710284,0.0 -0.08316555489849514,51.49617818956117,0.0 -0.08345331782527673,51.496185351314224,0.0 -0.08374108087086198,51.49619251236201,0.0 -0.08402884403523339,51.49619967270453,0.0 -0.084316607318383,51.49620683234176,0.0 -0.0846043707202993,51.49621399127372,0.0 -0.08489213424096878,51.496221149500414,0.0 -0.08517989788037908,51.49622830702184,0.0 -0.08546766163852108,51.49623546383796,0.0 -0.08575542551538445,51.496242619948816,0.0 -0.08604318951095168,51.4962497753544,0.0 -0.08633095362521562,51.496256930054706,0.0 -0.08661871785816554,51.496264084049734,0.0 -0.08690648220978632,51.49627123733948,0.0 -0.08719424668006805,51.49627838992393,0.0 -0.08748201126899875,51.496285541803125,0.0 -0.08776977597656854,51.49629269297702,0.0 -0.08805754080276347,51.49629984344564,0.0 -0.08834530574757161,51.496306993208975,0.0 -0.08863307081098543,51.49631414226702,0.0 -0.08892083599298782,51.49632129061978,0.0 -0.08920860129357003,51.49632843826727,0.0 -0.08949636671271895,51.49633558520946,0.0 -0.08978413225042742,51.49634273144636,0.0 -0.09007189790667834,51.496349876977995,0.0 -0.09035966368146138,51.496357021804315,0.0 -0.09064742957476739,51.496364165925364,0.0 -0.09093519558658086,51.49637130934112,0.0 -0.09122296171689306,51.49637845205159,0.0 -0.09151072796569444,51.496385594056754,0.0 -0.0917984943329667,51.496392735356636,0.0 -0.0920862608187035,51.49639987595123,0.0 -0.09237402742289091,51.49640701584053,0.0 -0.0926617941455206,51.496414155024524,0.0 -0.09294956098657585,51.49642129350323,0.0 -0.09323732794604911,51.49642843127664,0.0 -0.09352509502392727,51.496435568344765,0.0 -0.0938128622201968,51.4964427047076,0.0 -0.09410062953484975,51.49644984036512,0.0 -0.09438839696787263,51.496456975317344,0.0 -0.09467616451925347,51.49646410956428,0.0 -0.09496393218898116,51.49647124310591,0.0 -0.095251699977043,51.49647837594224,0.0 -0.0955394678834302,51.49648550807326,0.0 -0.09582723590812808,51.496492639499,0.0 -0.09611500405112629,51.49649977021943,0.0 -0.09640277231241211,51.49650690023455,0.0 -0.0966905406919768,51.49651402954438,0.0 -0.09697830918980525,51.4965211581489,0.0 -0.09726607780588632,51.496528286048125,0.0 -0.09755384654021206,51.49653541324203,0.0 -0.09784161539276658,51.49654253973063,0.0 -0.09812938436353992,51.49654966551393,0.0 -0.09841715345251978,51.496556790591924,0.0 -0.0987049226596966,51.496563914964604,0.0 -0.09899269198505688,51.49657103863198,0.0 -0.09928046142858826,51.49657816159405,0.0 -0.09956823099028164,51.496585283850806,0.0 -0.09985600067012228,51.496592405402254,0.0 -0.10014377046810145,51.49659952624838,0.0 -0.10043154038420563,51.49660664638921,0.0 -0.10071931041842445,51.49661376582472,0.0 -0.10100708057074524,51.496620884554915,0.0 -0.10129485084115646,51.496628002579804,0.0 -0.10158262122964694,51.49663511989939,0.0 -0.10187039173620598,51.49664223651364,0.0 -0.10215816236081886,51.49664935242257,0.0 -0.10244593310347525,51.496656467626195,0.0 -0.10273370396416719,51.496663582124505,0.0 -0.10302147494287878,51.49667069591749,0.0 -0.10330924603959887,51.49667780900516,0.0 -0.10359701725431796,51.496684921387505,0.0 -0.1038847885870221,51.496692033064534,0.0 -0.10417256003770017,51.49669914403624,0.0 -0.10446033160634105,51.496706254302644,0.0 -0.10474810329293438,51.4967133638637,0.0 -0.10503587509746586,51.496720472719446,0.0 -0.10532364701992554,51.49672758086987,0.0 -0.10561141906030191,51.496734688314966,0.0 -0.10589919121858184,51.496741795054746,0.0 -0.106186963494755,51.496748901089184,0.0 -0.10647473588880904,51.4967560064183,0.0 -0.10676250840073484,51.4967631110421,0.0 -0.10705028103051649,51.49677021496057,0.0 -0.10733805377814326,51.496777318173706,0.0 -0.107625826643608,51.49678442068152,0.0 -0.10791359962689359,51.49679152248401,0.0 -0.1082013727279905,51.49679862358116,0.0 -0.10848914594688802,51.49680572397298,0.0 -0.10877691928357498,51.49681282365947,0.0 -0.1090646927380359,51.496819922640626,0.0 -0.10935246631026242,51.496827020916456,0.0 -0.10964024000024382,51.49683411848694,0.0 -0.10992801380796496,51.496841215352106,0.0 -0.11021578773341634,51.49684831151192,0.0 -0.11050356177658838,51.49685540696642,0.0 -0.1107913359374644,51.49686250171556,0.0 -0.11107911021603607,51.49686959575938,0.0 -0.11136688461229023,51.49687668909785,0.0 -0.11165465912621778,51.496883781731,0.0 -0.11194243375780556,51.496890873658806,0.0 -0.11223020850704007,51.496897964881256,0.0 -0.11251798337391376,51.49690505539839,0.0 -0.11280575835841151,51.49691214521016,0.0 -0.11309353346052221,51.496919234316614,0.0 -0.1133813086802351,51.4969263227177,0.0 -0.11366908401754106,51.496933410413455,0.0 -0.11395685947242139,51.49694049740386,0.0 -0.11424463504487012,51.496947583688936,0.0 -0.11453241073487654,51.49695466926865,0.0 -0.11482018654242511,51.49696175414304,0.0 -0.11510796246750434,51.49696883831207,0.0 -0.11539573851010623,51.49697592177575,0.0 -0.11568351467021691,51.49698300453409,0.0 -0.11597129094782326,51.496990086587076,0.0 -0.11625906734291569,51.49699716793471,0.0 -0.11654684385548351,51.497004248577,0.0 -0.11683462048551121,51.49701132851395,0.0 -0.11712239723299162,51.497018407745536,0.0 -0.11741017409790924,51.497025486271774,0.0 -0.11769795108025612,51.49703256409267,0.0 -0.11798572818001755,51.4970396412082,0.0 -0.118273505397182,51.49704671761837,0.0 -0.11856128273174231,51.4970537933232,0.0 -0.1188490601836814,51.49706086832267,0.0 -0.11913683775298851,51.49706794261677,0.0 -0.11942461543965412,51.497075016205535,0.0 -0.11971239324366749,51.497082089088934,0.0 -0.1200001711650127,51.49708916126699,0.0 -0.12000017310275332,51.497988589594904,0.0 -0.11971239518720028,51.49798151746897,0.0 -0.11942461738898547,51.49797444463769,0.0 -0.11913683970811603,51.49796737110106,0.0 -0.11884906214460507,51.49796029685908,0.0 -0.11856128469846296,51.49795322191175,0.0 -0.11827350736970596,51.49794614625907,0.0 -0.11798573015834085,51.49793906990103,0.0 -0.11769795306438036,51.49793199283766,0.0 -0.1174101760878368,51.49792491506893,0.0 -0.11712239922872368,51.497917836594844,0.0 -0.11683462248704898,51.49791075741543,0.0 -0.1165468458628262,51.49790367753067,0.0 -0.11625906935606686,51.497896596940556,0.0 -0.1159712929667833,51.49788951564509,0.0 -0.11568351669498546,51.49788243364429,0.0 -0.11539574054068565,51.49787535093816,0.0 -0.115107964503897,51.49786826752666,0.0 -0.11482018858462985,51.49786118340984,0.0 -0.11453241278289453,51.49785409858768,0.0 -0.11424463709870496,51.49784701306017,0.0 -0.11395686153207148,51.497839926827325,0.0 -0.11366908608300798,51.497832839889135,0.0 -0.11338131075152125,51.49782575224562,0.0 -0.11309353553762837,51.49781866389675,0.0 -0.11280576044133729,51.49781157484256,0.0 -0.11251798546266115,51.497804485083016,0.0 -0.11223021060161105,51.49779739461815,0.0 -0.11194243585820013,51.49779030344795,0.0 -0.11165466123243913,51.49778321157241,0.0 -0.11136688672433717,51.49777611899153,0.0 -0.11107911233390938,51.49776902570533,0.0 -0.1107913380611657,51.49776193171379,0.0 -0.11050356390611962,51.49775483701693,0.0 -0.11021578986877952,51.49774774161472,0.0 -0.10992801594915891,51.49774064550719,0.0 -0.10964024214726929,51.49773354869434,0.0 -0.10935246846312502,51.49772645117614,0.0 -0.10906469489673243,51.49771935295263,0.0 -0.10877692144810545,51.49771225402378,0.0 -0.10848914811725718,51.497705154389614,0.0 -0.10820137490419918,51.49769805405011,0.0 -0.10791360180894095,51.497690953005296,0.0 -0.10762582883149446,51.49768385125514,0.0 -0.10733805597187242,51.49767674879968,0.0 -0.10705028323008832,51.49766964563888,0.0 -0.10676251060614975,51.49766254177276,0.0 -0.10647473810007059,51.49765543720132,0.0 -0.10618696571186122,51.497648331924566,0.0 -0.10589919344153631,51.49764122594248,0.0 -0.10561142128910463,51.49763411925508,0.0 -0.1053236492545769,51.497627011862356,0.0 -0.10503587733796745,51.49761990376431,0.0 -0.10474810553928898,51.49761279496096,0.0 -0.10446033385854907,51.49760568545229,0.0 -0.10417256229576122,51.49759857523829,0.0 -0.10388479085093774,51.49759146431898,0.0 -0.1035970195240898,51.49758435269436,0.0 -0.1033092483152289,51.497577240364414,0.0 -0.10302147722436539,51.49757012732917,0.0 -0.10273370625151478,51.497563013588604,0.0 -0.1024459353966842,51.497555899142725,0.0 -0.10215816465988718,51.49754878399154,0.0 -0.10187039404113567,51.497541668135035,0.0 -0.10158262354044316,51.497534551573224,0.0 -0.10129485315781722,51.49752743430611,0.0 -0.10100708289327057,51.49752031633368,0.0 -0.1007193127468175,51.497513197655934,0.0 -0.10043154271846798,51.497506078272885,0.0 -0.10014377280823193,51.497498958184536,0.0 -0.09985600301612406,51.49749183739086,0.0 -0.09956823334215353,51.4974847158919,0.0 -0.09928046378633425,51.49747759368763,0.0 -0.09899269434867575,51.49747047077806,0.0 -0.09870492502919036,51.497463347163176,0.0 -0.0984171558278904,51.49745622284299,0.0 -0.09812938674478743,51.49744909781751,0.0 -0.09784161777989174,51.49744197208672,0.0 -0.09755384893321609,51.49743484565062,0.0 -0.09726608020477237,51.497427718509236,0.0 -0.09697831159457175,51.49742059066255,0.0 -0.09669054310262534,51.497413462110565,0.0 -0.09640277472894548,51.49740633285328,0.0 -0.09611500647354289,51.49739920289069,0.0 -0.09582723833643228,51.49739207222281,0.0 -0.09553947031762042,51.49738494084963,0.0 -0.0952517024171228,51.497377808771155,0.0 -0.09496393463495056,51.49737067598738,0.0 -0.09467616697111286,51.49736354249832,0.0 -0.09438839942562319,51.49735640830396,0.0 -0.0941006319984923,51.49734927340431,0.0 -0.09381286468973529,51.49734213779938,0.0 -0.09352509749935854,51.49733500148914,0.0 -0.09323733042737634,51.49732786447361,0.0 -0.09294956347379943,51.497320726752804,0.0 -0.09266179663864371,51.497313588326705,0.0 -0.09237402992191396,51.4973064491953,0.0 -0.09208626332362647,51.49729930935862,0.0 -0.0917984968437908,51.49729216881665,0.0 -0.09151073048242124,51.4972850275694,0.0 -0.09122296423952536,51.49727788561685,0.0 -0.09093519811511747,51.49727074295902,0.0 -0.09064743210920789,51.497263599595904,0.0 -0.09035966622181055,51.49725645552751,0.0 -0.09007190045293499,51.49724931075383,0.0 -0.08978413480259315,51.49724216527486,0.0 -0.08949636927079574,51.49723501909062,0.0 -0.08920860385755908,51.497227872201094,0.0 -0.08892083856288872,51.49722072460629,0.0 -0.08863307338679978,51.497213576306194,0.0 -0.0883453083293026,51.497206427300824,0.0 -0.08805754339040987,51.497199277590184,0.0 -0.08776977857013157,51.49719212717426,0.0 -0.0874820138684816,51.49718497605305,0.0 -0.0871942492854699,51.49717782422656,0.0 -0.0869064848211072,51.49717067169482,0.0 -0.0866187204754078,51.497163518457775,0.0 -0.08633095624838247,51.49715636451548,0.0 -0.08604319214004232,51.49714920986789,0.0 -0.08575542815039806,51.497142054515045,0.0 -0.08546766427946247,51.49713489845691,0.0 -0.08517990052724742,51.497127741693525,0.0 -0.08489213689376528,51.49712058422486,0.0 -0.08460437337902475,51.49711342605091,0.0 -0.08431660998303979,51.497106267171695,0.0 -0.0840288467058215,51.49709910758723,0.0 -0.08374108354738302,51.49709194729748,0.0 -0.0834533205077323,51.49708478630246,0.0 -0.08316555758688483,51.497077624602184,0.0 -0.08287779478484897,51.49707046219663,0.0 -0.08259003210163983,51.49706329908582,0.0 -0.08230226953726615,51.49705613526974,0.0 -0.08201450709174025,51.497048970748395,0.0 -0.08172674476507487,51.49704180552178,0.0 -0.08143898255728231,51.497034639589906,0.0 -0.08115122046837055,51.49702747295278,0.0 -0.08086345849835389,51.49702030561038,0.0 -0.08057569664724304,51.497013137562725,0.0 -0.08028793491505315,51.49700596880981,0.0 -0.08000017330178935,51.49699879935163,0.0 -0.08000017533846192,51.49789823485276,0.0 -0.08028793694584725,51.497905404258084,0.0 -0.08057569867216266,51.49791257295819,0.0 -0.08086346051739941,51.49791974095302,0.0 -0.08115122248154238,51.49792690824259,0.0 -0.08143898456458086,51.49793407482691,0.0 -0.08172674676650331,51.49794124070598,0.0 -0.08201450908729739,51.49794840587978,0.0 -0.08230227152695357,51.49795557034832,0.0 -0.08259003408546071,51.4979627341116,0.0 -0.08287779676280413,51.49796989716963,0.0 -0.08316555955897185,51.4979770595224,0.0 -0.08345332247395598,51.4979842211699,0.0 -0.08374108550774136,51.49799138211214,0.0 -0.08402884866032007,51.49799854234912,0.0 -0.08431661193167658,51.49800570188084,0.0 -0.08460437532180058,51.4980128607073,0.0 -0.08489213883068132,51.49802001882848,0.0 -0.08517990245830649,51.49802717624439,0.0 -0.08546766620466692,51.49803433295505,0.0 -0.08575543006974554,51.49804148896043,0.0 -0.08604319405353478,51.498048644260564,0.0 -0.08633095815602151,51.49805579885541,0.0 -0.08661872237719503,51.498062952744995,0.0 -0.08690648671704221,51.498070105929315,0.0 -0.08719425117555586,51.49807725840835,0.0 -0.08748201575271933,51.49808441018212,0.0 -0.08776978044852106,51.49809156125063,0.0 -0.08805754526295151,51.49809871161386,0.0 -0.08834531019599956,51.49810586127181,0.0 -0.08863307524765247,51.49811301022449,0.0 -0.08892084041789834,51.498120158471906,0.0 -0.08920860570672562,51.49812730601404,0.0 -0.089496371114122,51.498134452850906,0.0 -0.08978413664007831,51.49814159898248,0.0 -0.09007190228458264,51.49814874440878,0.0 -0.0903596680476199,51.498155889129805,0.0 -0.09064743392918051,51.49816303314556,0.0 -0.09093519992925257,51.498170176456036,0.0 -0.09122296604782575,51.49817731906122,0.0 -0.0915107322848869,51.49818446096113,0.0 -0.09179849864042848,51.49819160215576,0.0 -0.09208626511443221,51.4981987426451,0.0 -0.09237403170688975,51.49820588242916,0.0 -0.09266179841778875,51.498213021507944,0.0 -0.09294956524711848,51.49822015988145,0.0 -0.09323733219486861,51.49822729754966,0.0 -0.09352509926102444,51.49823443451258,0.0 -0.09381286644557602,51.49824157077023,0.0 -0.09410063374851102,51.49824870632257,0.0 -0.09438840116981831,51.49825584116965,0.0 -0.09467616870948796,51.498262975311434,0.0 -0.09496393636750407,51.49827010874792,0.0 -0.09525170414385867,51.49827724147913,0.0 -0.09553947203853824,51.498284373505044,0.0 -0.09582724005153287,51.49829150482565,0.0 -0.09611500818282863,51.498298635440996,0.0 -0.09640277643241717,51.498305765351034,0.0 -0.09669054480028377,51.498312894555774,0.0 -0.09697831328641693,51.49832002305523,0.0 -0.09726608189080628,51.498327150849384,0.0 -0.09755385061343991,51.498334277938255,0.0 -0.09784161945430708,51.49834140432183,0.0 -0.09812938841339586,51.498348530000094,0.0 -0.09841715749069195,51.498355654973075,0.0 -0.0987049266861854,51.49836277924075,0.0 -0.09899269599986509,51.49836990280314,0.0 -0.09928046543172225,51.49837702566022,0.0 -0.09956823498173901,51.498384147812004,0.0 -0.09985600464990702,51.49839126925849,0.0 -0.10014377443621633,51.498398389999664,0.0 -0.10043154434065184,51.49840551003554,0.0 -0.10071931436320322,51.49841262936613,0.0 -0.1010070845038621,51.4984197479914,0.0 -0.10129485476261141,51.49842686591139,0.0 -0.10158262513944158,51.49843398312605,0.0 -0.1018703956343427,51.498441099635414,0.0 -0.10215816624730123,51.498448215439474,0.0 -0.10244593697830764,51.49845533053822,0.0 -0.10273370782734723,51.49846244493167,0.0 -0.10302147879441002,51.4984695586198,0.0 -0.10330924987948413,51.49847667160264,0.0 -0.10359702108255801,51.49848378388017,0.0 -0.10388479240362172,51.498490895452385,0.0 -0.10417256384266135,51.49849800631928,0.0 -0.10446033539966458,51.49850511648087,0.0 -0.10474810707462225,51.49851222593714,0.0 -0.10503587886752044,51.498519334688126,0.0 -0.10532365077834924,51.49852644273377,0.0 -0.1056114228070979,51.498533550074114,0.0 -0.1058991949537517,51.498540656709146,0.0 -0.10618696721830112,51.49854776263886,0.0 -0.10647473960073382,51.49855486786326,0.0 -0.10676251210103747,51.49856197238233,0.0 -0.10705028471920335,51.4985690761961,0.0 -0.10733805745521673,51.49857617930455,0.0 -0.10762583030906567,51.498583281707674,0.0 -0.10791360328074105,51.49859038340548,0.0 -0.10820137637022934,51.49859748439797,0.0 -0.10848914957752338,51.49860458468514,0.0 -0.10877692290260411,51.49861168426699,0.0 -0.10906469634546435,51.49861878314351,0.0 -0.10935246990609139,51.498625881314716,0.0 -0.1096402435844737,51.4986329787806,0.0 -0.10992801738059935,51.498640075541154,0.0 -0.11021579129445958,51.49864717159639,0.0 -0.1105035653260385,51.4986542669463,0.0 -0.11079133947532697,51.498661361590884,0.0 -0.11107911374231187,51.49866845553014,0.0 -0.11136688812698325,51.49867554876406,0.0 -0.1116546626293288,51.498682641292675,0.0 -0.11194243724933618,51.498689733115945,0.0 -0.11223021198699348,51.49869682423389,0.0 -0.11251798684229154,51.498703914646505,0.0 -0.11280576181521566,51.49871100435379,0.0 -0.11309353690575709,51.49871809335574,0.0 -0.11338131211390151,51.49872518165236,0.0 -0.1136690874396374,51.498732269243646,0.0 -0.11395686288295562,51.498739356129605,0.0 -0.11424463844384264,51.498746442310235,0.0 -0.11453241412228654,51.49875352778552,0.0 -0.11482018991828016,51.498760612555465,0.0 -0.11510796583180521,51.49876769662009,0.0 -0.11539574186285177,51.49877477997937,0.0 -0.11568351801141029,51.49878186263331,0.0 -0.11597129427746881,51.498788944581925,0.0 -0.11625907066101544,51.498796025825186,0.0 -0.11654684716203825,51.49880310636311,0.0 -0.11683462378052452,51.498810186195705,0.0 -0.11712240051646348,51.498817265322955,0.0 -0.11741017736984405,51.498824343744865,0.0 -0.11769795434065584,51.498831421461425,0.0 -0.117985731428883,51.49883849847266,0.0 -0.11827350863451833,51.49884557477853,0.0 -0.11856128595754714,51.49885265037907,0.0 -0.11884906339795989,51.49885972527426,0.0 -0.11913684095574227,51.4988667994641,0.0 -0.11942461863088791,51.49887387294861,0.0 -0.11971239642337932,51.498880945727755,0.0 -0.12000017433320616,51.49888801780157,0.0 -0.12000017485634538,51.499787445887,0.0 -0.11971239695217,51.499780373865306,0.0 -0.1194246191653336,51.49977330113829,0.0 -0.11913684149584498,51.49976622770592,0.0 -0.11884906394371723,51.499759153568206,0.0 -0.11856128650896389,51.499752078725166,0.0 -0.11827350919159367,51.49974500317678,0.0 -0.11798573199161615,51.49973792692305,0.0 -0.11769795490905079,51.499730849963996,0.0 -0.11741017794390156,51.49972377229959,0.0 -0.11712240109618517,51.49971669392985,0.0 -0.11683462436590958,51.49970961485478,0.0 -0.11654684775308709,51.49970253507437,0.0 -0.11625907125773283,51.49969545458863,0.0 -0.11597129487985394,51.49968837339755,0.0 -0.11568351861946395,51.49968129150115,0.0 -0.11539574247657598,51.4996742088994,0.0 -0.11510796645119836,51.49966712559232,0.0 -0.11482019054334504,51.49966004157993,0.0 -0.1145324147530291,51.499652956862185,0.0 -0.11424463908025692,51.49964587143913,0.0 -0.1139568635250444,51.49963878531074,0.0 -0.11366908808740428,51.499631698477,0.0 -0.11338131276734409,51.49962461093795,0.0 -0.11309353756487775,51.499617522693576,0.0 -0.11280576248001718,51.49961043374387,0.0 -0.11251798751277393,51.49960334408883,0.0 -0.11223021266316033,51.49959625372848,0.0 -0.1119424379311839,51.4995891626628,0.0 -0.11165466331686016,51.4995820708918,0.0 -0.11136688882020106,51.499574978415474,0.0 -0.1110791144412169,51.49956788523381,0.0 -0.11079134017991685,51.49956079134685,0.0 -0.11050356603631839,51.49955369675456,0.0 -0.11021579201042868,51.499546601456935,0.0 -0.10992801810226044,51.499539505454,0.0 -0.1096402443118264,51.49953240874575,0.0 -0.10935247063913649,51.49952531133219,0.0 -0.10906469708420224,51.49951821321329,0.0 -0.10877692364703799,51.499511114389094,0.0 -0.10848915032765323,51.49950401485956,0.0 -0.10820137712605835,51.49949691462473,0.0 -0.10791360404226921,51.49948981368457,0.0 -0.10762583107629259,51.49948271203911,0.0 -0.10733805822814518,51.49947560968832,0.0 -0.10705028549783295,51.499468506632226,0.0 -0.1067625128853714,51.49946140287082,0.0 -0.10647474039077208,51.499454298404096,0.0 -0.1061869680140433,51.499447193232086,0.0 -0.1058991957551994,51.499440087354735,0.0 -0.1056114236142531,51.49943298077209,0.0 -0.10532365159121473,51.49942587348413,0.0 -0.10503587968609424,51.499418765490866,0.0 -0.10474810789890791,51.49941165679228,0.0 -0.10446033622966093,51.49940454738841,0.0 -0.10417256467836959,51.49939743727922,0.0 -0.10388479324504582,51.49939032646472,0.0 -0.10359702192969757,51.499383214944935,0.0 -0.10330925073233874,51.49937610271983,0.0 -0.10302147965298288,51.49936898978942,0.0 -0.10273370869163712,51.499361876153706,0.0 -0.10244593784831896,51.4993547618127,0.0 -0.10215816712303318,51.49934764676638,0.0 -0.10187039651579566,51.499340531014774,0.0 -0.10158262602661955,51.49933341455786,0.0 -0.10129485565551039,51.49932629739565,0.0 -0.10100708540248568,51.49931917952814,0.0 -0.10071931526755656,51.49931206095532,0.0 -0.1004315452507302,51.49930494167722,0.0 -0.10014377535202286,51.49929782169381,0.0 -0.0998560055714453,51.49929070100511,0.0 -0.09956823590900628,51.49928357961111,0.0 -0.09928046636472088,51.49927645751182,0.0 -0.09899269693859904,51.499269334707236,0.0 -0.09870492763065271,51.499262211197355,0.0 -0.0984171584408934,51.499255086982174,0.0 -0.09812938936933303,51.499247962061716,0.0 -0.09784162041598317,51.49924083643595,0.0 -0.09755385158085372,51.499233710104924,0.0 -0.0972660828639598,51.499226583068584,0.0 -0.09697831426531135,51.49921945532695,0.0 -0.0966905457849199,51.49921232688004,0.0 -0.09640277742279578,51.49920519772783,0.0 -0.09611500917895133,51.49919806787035,0.0 -0.09582724105340085,51.49919093730757,0.0 -0.09553947304615308,51.499183806039504,0.0 -0.09525170515721916,51.499176674066156,0.0 -0.09496393738661461,51.49916954138752,0.0 -0.09467616973434656,51.499162408003606,0.0 -0.09438840220042855,51.49915527391441,0.0 -0.09410063478487368,51.49914813911993,0.0 -0.09381286748769072,51.49914100362015,0.0 -0.09352510030889197,51.49913386741511,0.0 -0.09323733324849255,51.499126730504784,0.0 -0.09294956630649961,51.49911959288918,0.0 -0.0926617994829255,51.49911245456829,0.0 -0.09237403277778608,51.49910531554213,0.0 -0.09208626619108735,51.49909817581069,0.0 -0.0917984997228456,51.49909103537396,0.0 -0.09151073337306717,51.49908389423197,0.0 -0.09122296714176838,51.4990767523847,0.0 -0.09093520102895918,51.499069609832155,0.0 -0.09064743503465067,51.49906246657433,0.0 -0.09035966915885521,51.499055322611234,0.0 -0.0900719034015859,51.49904817794287,0.0 -0.08978413776285148,51.49904103256922,0.0 -0.08949637224266509,51.49903388649032,0.0 -0.08920860684103864,51.499026739706125,0.0 -0.08892084155798208,51.49901959221667,0.0 -0.08863307639350892,51.49901244402196,0.0 -0.0883453113476307,51.49900529512196,0.0 -0.08805754642035854,51.498998145516694,0.0 -0.08776978161170357,51.498990995206164,0.0 -0.08748201692167971,51.49898384419036,0.0 -0.08719425235029414,51.4989766924693,0.0 -0.08690648789756272,51.49896954004297,0.0 -0.08661872356349462,51.49896238691137,0.0 -0.08633095934810296,51.498955233074525,0.0 -0.08604319525139886,51.4989480785324,0.0 -0.08575543127339386,51.49894092328502,0.0 -0.08546766741409947,51.49893376733237,0.0 -0.08517990367352765,51.49892661067445,0.0 -0.08489214005168991,51.49891945331128,0.0 -0.08460437654859658,51.49891229524285,0.0 -0.0843166131642624,51.49890513646916,0.0 -0.08402884989869647,51.498897976990214,0.0 -0.08374108675190915,51.49889081680601,0.0 -0.08345332372391755,51.49888365591654,0.0 -0.0831655608147276,51.49887649432182,0.0 -0.08287779802435286,51.49886933202185,0.0 -0.0825900353528076,51.49886216901662,0.0 -0.0823022728000986,51.498855005306126,0.0 -0.08201451036624216,51.498847840890384,0.0 -0.08172674805124583,51.49884067576939,0.0 -0.08143898585512313,51.49883350994315,0.0 -0.08115122377788758,51.49882634341164,0.0 -0.08086346181954633,51.49881917617489,0.0 -0.08057569998011607,51.49881200823288,0.0 -0.08028793825960517,51.498804839585645,0.0 -0.08000017665802515,51.49879767023314,0.0 -0.08000017726045601,51.49969710549276,0.0 -0.0802879388562987,51.49970427479242,0.0 -0.08057570057107506,51.49971144338683,0.0 -0.08086346240477157,51.499718611276,0.0 -0.08115122435737868,51.49972577845993,0.0 -0.08143898642888525,51.49973294493861,0.0 -0.0817267486192774,51.49974011071203,0.0 -0.08201451092854316,51.499747275780216,0.0 -0.082302273356673,51.49975444014316,0.0 -0.08259003590365263,51.49976160380084,0.0 -0.08287779856947329,51.499768766753284,0.0 -0.08316556135412304,51.49977592900047,0.0 -0.08345332425758878,51.4997830905424,0.0 -0.08374108727985977,51.49979025137909,0.0 -0.08402885042092366,51.499797411510514,0.0 -0.08431661368077095,51.499804570936696,0.0 -0.08460437705938571,51.49981172965762,0.0 -0.0848921405567596,51.49981888767329,0.0 -0.08517990417288031,51.499826044983706,0.0 -0.08546766790773667,51.49983320158886,0.0 -0.08575543176131559,51.499840357488765,0.0 -0.08604319573360633,51.49984751268342,0.0 -0.08633095982459815,51.499854667172805,0.0 -0.08661872403427834,51.49986182095694,0.0 -0.08690648836263576,51.499868974035806,0.0 -0.08719425280966006,51.49987612640942,0.0 -0.08748201737533655,51.49988327807776,0.0 -0.08776978205965488,51.49989042904085,0.0 -0.08805754686260353,51.49989757929868,0.0 -0.08834531178417177,51.49990472885124,0.0 -0.08863307682434607,51.49991187769855,0.0 -0.0889208419831157,51.49991902584058,0.0 -0.08920860726046992,51.49992617327735,0.0 -0.08949637265639641,51.499933320008864,0.0 -0.08978413817088365,51.4999404660351,0.0 -0.0900719038039205,51.49994761135608,0.0 -0.09035966955549384,51.499954755971785,0.0 -0.09064743542559213,51.49996189988222,0.0 -0.09093520141420505,51.4999690430874,0.0 -0.09122296752132146,51.4999761855873,0.0 -0.09151073374692785,51.499983327381926,0.0 -0.09179850009101308,51.49999046847129,0.0 -0.09208626655356603,51.499997608855374,0.0 -0.09237403313457475,51.5000047485342,0.0 -0.09266179983402732,51.500011887507746,0.0 -0.09294956665191541,51.50001902577602,0.0 -0.09323733358822231,51.50002616333901,0.0 -0.09352510064293768,51.500033300196726,0.0 -0.09381286781605158,51.50004043634919,0.0 -0.0941006351075513,51.500047571796344,0.0 -0.09438840251742608,51.500054706538236,0.0 -0.09467617004566323,51.50006184057486,0.0 -0.0949639376922512,51.500068973906195,0.0 -0.09525170545717887,51.500076106532255,0.0 -0.0955394733404347,51.50008323845304,0.0 -0.09582724134200875,51.500090369668534,0.0 -0.09611500946188473,51.500097500178754,0.0 -0.09640277770005468,51.50010462998369,0.0 -0.09669054605650389,51.50011175908335,0.0 -0.0969783145312248,51.50011888747772,0.0 -0.09726608312420391,51.500126015166806,0.0 -0.0975538518354285,51.500133142150624,0.0 -0.0978416206648886,51.500140268429135,0.0 -0.09812938961257192,51.500147394002376,0.0 -0.09841715867846612,51.500154518870325,0.0 -0.09870492786256324,51.500161643032975,0.0 -0.09899269716484581,51.500168766490354,0.0 -0.09928046658530545,51.500175889242435,0.0 -0.09956823612392987,51.50018301128923,0.0 -0.09985600578070632,51.50019013263074,0.0 -0.10014377555562567,51.500197253266954,0.0 -0.1004315454486748,51.50020437319788,0.0 -0.10071931545984336,51.50021149242352,0.0 -0.10100708558911665,51.500218610943854,0.0 -0.10129485583648673,51.500225728758906,0.0 -0.10158262620194206,51.50023284586865,0.0 -0.10187039668546673,51.50023996227312,0.0 -0.10215816728705199,51.50024707797228,0.0 -0.10244593800668672,51.50025419296615,0.0 -0.1027337088443582,51.500261307254725,0.0 -0.1030214798000541,51.500268420838005,0.0 -0.1033092508737641,51.500275533715985,0.0 -0.10359702206547584,51.50028264588865,0.0 -0.10388479337517861,51.50028975735604,0.0 -0.10417256480286008,51.50029686811811,0.0 -0.10446033634850951,51.500303978174905,0.0 -0.10474810801211379,51.500311087526384,0.0 -0.1050358797936614,51.50031819617255,0.0 -0.10532365169314117,51.500325304113424,0.0 -0.10561142371054122,51.50033241134901,0.0 -0.10589919584585078,51.50033951787927,0.0 -0.10618696809905794,51.50034662370424,0.0 -0.10647474047015117,51.500353728823896,0.0 -0.10676251295911734,51.50036083323825,0.0 -0.10705028556594692,51.50036793694729,0.0 -0.10733805829062837,51.50037503995103,0.0 -0.1076258311331466,51.500382142249464,0.0 -0.10791360409349283,51.50038924384259,0.0 -0.10820137717165478,51.5003963447304,0.0 -0.10848915036762168,51.500403444912905,0.0 -0.10877692368138121,51.50041054439009,0.0 -0.10906469711292106,51.50041764316197,0.0 -0.1093524706622301,51.50042474122855,0.0 -0.1096402443292964,51.5004318385898,0.0 -0.1099280181141096,51.50043893524575,0.0 -0.1102157920166582,51.500446031196375,0.0 -0.11050356603692826,51.500453126441684,0.0 -0.11079134017491066,51.50046022098169,0.0 -0.11107911443059146,51.50046731481636,0.0 -0.11136688880395955,51.500474407945745,0.0 -0.11165466329500419,51.50048150036979,0.0 -0.11194243790371385,51.500488592088516,0.0 -0.1122302126300754,51.50049568310193,0.0 -0.11251798747407891,51.500502773410034,0.0 -0.11280576243571207,51.500509863012795,0.0 -0.1130935375149649,51.50051695191026,0.0 -0.11338131271182313,51.50052404010239,0.0 -0.11366908802627482,51.5005311275892,0.0 -0.11395686345831,51.500538214370685,0.0 -0.11424463900791719,51.50054530044685,0.0 -0.11453241467508364,51.50055238581769,0.0 -0.11482019045979862,51.5005594704832,0.0 -0.11510796636204941,51.500566554443395,0.0 -0.11539574238182566,51.50057363769826,0.0 -0.11568351851911507,51.5005807202478,0.0 -0.11597129477390768,51.50058780209201,0.0 -0.11625907114618919,51.50059488323088,0.0 -0.11654684763594805,51.500601963664444,0.0 -0.11683462424317435,51.500609043392664,0.0 -0.11712240096785535,51.500616122415565,0.0 -0.11741017780998034,51.500623200733116,0.0 -0.11769795476953615,51.500630278345355,0.0 -0.11798573184651329,51.50063735525225,0.0 -0.11827350904089899,51.50064443145382,0.0 -0.11856128635268018,51.50065150695005,0.0 -0.11884906378185006,51.50065858174095,0.0 -0.11913684132838918,51.500665655826516,0.0 -0.11942461899229195,51.50067272920674,0.0 -0.11971239677354527,51.50067980188163,0.0 -0.1200001746721372,51.50068687385119,0.0 -0.12000017378056092,51.50158630169414,0.0 -0.11971239588747971,51.50157922977671,0.0 -0.11942461811174107,51.50157215715396,0.0 -0.11913684045335259,51.50156508382587,0.0 -0.11884906291232855,51.50155800979245,0.0 -0.11856128548867732,51.5015509350537,0.0 -0.11827350818241401,51.501543859609626,0.0 -0.11798573099354656,51.50153678346022,0.0 -0.11769795392209087,51.50152970660549,0.0 -0.11741017696805531,51.50152262904543,0.0 -0.11712240013145138,51.50151555078005,0.0 -0.116834623412295,51.50150847180933,0.0 -0.11654684681059292,51.5015013921333,0.0 -0.11625907032636026,51.50149431175194,0.0 -0.11597129395960458,51.501487230665255,0.0 -0.11568351771034176,51.501480148873256,0.0 -0.11539574157858015,51.50147306637592,0.0 -0.1151079655643337,51.501465983173276,0.0 -0.11482018966761429,51.5014588992653,0.0 -0.11453241388843109,51.501451814652,0.0 -0.11424463822679881,51.50144472933339,0.0 -0.11395686268272578,51.501437643309465,0.0 -0.11366908725622595,51.501430556580225,0.0 -0.11338131194731042,51.50142346914566,0.0 -0.11309353675599153,51.501416381005775,0.0 -0.11280576168227802,51.501409292160574,0.0 -0.11251798672618381,51.50140220261005,0.0 -0.11223021188772202,51.50139511235424,0.0 -0.11194243716690098,51.50138802139309,0.0 -0.11165466256373663,51.50138092972663,0.0 -0.11136688807823569,51.50137383735487,0.0 -0.11107911371041329,51.50136674427779,0.0 -0.11079133946027779,51.50135965049539,0.0 -0.11050356532784386,51.501352556007696,0.0 -0.11021579131312308,51.50134546081468,0.0 -0.10992801741612455,51.50133836491636,0.0 -0.1096402436368634,51.501331268312725,0.0 -0.10935246997534757,51.50132417100379,0.0 -0.10906469643159258,51.50131707298953,0.0 -0.10877692300560637,51.50130997426998,0.0 -0.10848914969740367,51.50130287484512,0.0 -0.10820137650699199,51.50129577471496,0.0 -0.10791360343438768,51.501288673879486,0.0 -0.10762583047960064,51.50128157233872,0.0 -0.10733805764264044,51.501274470092646,0.0 -0.10705028492352218,51.50126736714126,0.0 -0.1067625123222546,51.501260263484575,0.0 -0.1064747398388528,51.5012531591226,0.0 -0.10618696747332357,51.50124605405531,0.0 -0.10589919522568317,51.501238948282726,0.0 -0.10561142309593838,51.50123184180484,0.0 -0.10532365108410431,51.50122473462166,0.0 -0.10503587919019487,51.50121762673319,0.0 -0.10474810741421445,51.50121051813941,0.0 -0.10446033575618369,51.50120340884033,0.0 -0.10417256421610738,51.50119629883596,0.0 -0.10388479279399904,51.5011891881263,0.0 -0.10359702148986978,51.50118207671134,0.0 -0.10330925030373236,51.50117496459109,0.0 -0.10302147923559908,51.50116785176554,0.0 -0.10273370828547988,51.5011607382347,0.0 -0.10244593745338829,51.501153623998576,0.0 -0.10215816673933384,51.50114650905715,0.0 -0.10187039614332964,51.50113939341043,0.0 -0.10158262566538645,51.501132277058446,0.0 -0.10129485530551618,51.50112516000114,0.0 -0.10100708506372998,51.501118042238566,0.0 -0.10071931494004015,51.50111092377069,0.0 -0.10043154493446022,51.50110380459754,0.0 -0.10014377504699773,51.501096684719094,0.0 -0.09985600527766701,51.50108956413538,0.0 -0.0995682356264784,51.50108244284636,0.0 -0.09928046609344579,51.50107532085207,0.0 -0.09899269667857796,51.501068198152474,0.0 -0.098704927381888,51.50106107474762,0.0 -0.09841715820338826,51.50105395063746,0.0 -0.09812938914308826,51.50104682582204,0.0 -0.09784162020100232,51.50103970030134,0.0 -0.09755385137713919,51.501032574075346,0.0 -0.09726608267151278,51.50102544714408,0.0 -0.09697831408413424,51.50101831950752,0.0 -0.09669054561501467,51.5010111911657,0.0 -0.09640277726416521,51.5010040621186,0.0 -0.09611500903159821,51.50099693236621,0.0 -0.09582724091732678,51.50098980190855,0.0 -0.09553947292135924,51.500982670745614,0.0 -0.09525170504371114,51.50097553887741,0.0 -0.09496393728439,51.50096840630393,0.0 -0.09467616964341093,51.500961273025176,0.0 -0.09438840212078309,51.500954139041134,0.0 -0.0941006347165184,51.500947004351836,0.0 -0.09381286743063197,51.50093986895726,0.0 -0.09352510026313055,51.50093273285742,0.0 -0.09323733321402966,51.500925596052305,0.0 -0.09294956628333723,51.50091845854193,0.0 -0.09266179947106878,51.50091132032627,0.0 -0.09237403277723148,51.500904181405346,0.0 -0.09208626620184279,51.50089704177916,0.0 -0.0917984997449095,51.50088990144771,0.0 -0.09151073340644311,51.50088276041099,0.0 -0.09122296718646035,51.50087561866899,0.0 -0.09093520108496636,51.50086847622175,0.0 -0.09064743510197824,51.50086133306923,0.0 -0.09035966923750437,51.50085418921145,0.0 -0.09007190349155862,51.5008470446484,0.0 -0.08978413786414936,51.500839899380104,0.0 -0.0894963723552921,51.50083275340654,0.0 -0.0892086069649948,51.5008256067277,0.0 -0.08892084169327055,51.50081845934362,0.0 -0.08863307654013329,51.50081131125427,0.0 -0.08834531150559016,51.500804162459666,0.0 -0.08805754658965827,51.50079701295981,0.0 -0.08776978179234438,51.500789862754694,0.0 -0.08748201711366396,51.50078271184431,0.0 -0.08719425255362381,51.500775560228675,0.0 -0.08690648811223943,51.50076840790779,0.0 -0.08661872378952273,51.500761254881645,0.0 -0.08633095958548286,51.50075410115024,0.0 -0.08604319550013374,51.5007469467136,0.0 -0.08575543153348571,51.50073979157169,0.0 -0.08546766768555107,51.50073263572454,0.0 -0.085179903956339,51.50072547917213,0.0 -0.08489214034586577,51.500718321914476,0.0 -0.08460437685413856,51.500711163951564,0.0 -0.08431661348117127,51.50070400528341,0.0 -0.08402885022697622,51.50069684591001,0.0 -0.08374108709156257,51.500689685831354,0.0 -0.08345332407494423,51.50068252504745,0.0 -0.08316556117713153,51.5006753635583,0.0 -0.082877798398138,51.50066820136391,0.0 -0.08259003573797158,51.50066103846427,0.0 -0.08230227319664618,51.500653874859395,0.0 -0.08201451077417533,51.50064671054927,0.0 -0.08172674847056738,51.50063954553391,0.0 -0.08143898628583662,51.50063237981328,0.0 -0.08115122421999184,51.50062521338743,0.0 -0.08086346227304811,51.500618046256335,0.0 -0.08057570044501339,51.50061087842001,0.0 -0.08028793873590279,51.50060370987844,0.0 -0.08000017714572306,51.500596540631626,0.0 -0.08000017631380286,51.50149597564974,0.0 -0.08029002312769386,51.50150319679181,0.0 -0.08057987006224952,51.501510417218384,0.0 -0.08086971711745834,51.50151763692947,0.0 -0.0811595642933068,51.50152485592506,0.0 -0.08144941158978733,51.50153207420516,0.0 -0.08173925900688324,51.50153929176976,0.0 -0.08202910654458617,51.50154650861887,0.0 -0.08231895420288064,51.5015537247525,0.0 -0.08260880198175907,51.50156094017061,0.0 -0.08289864988120876,51.50156815487323,0.0 -0.0831884979012126,51.50157536886035,0.0 -0.08347834604176543,51.50158258213198,0.0 -0.08376819430285055,51.50158979468809,0.0 -0.08405804268446,51.501597006528726,0.0 -0.08434789118657829,51.50160421765384,0.0 -0.08463773980919546,51.50161142806348,0.0 -0.08492758855230001,51.50161863775759,0.0 -0.08521743741587998,51.50162584673621,0.0 -0.08550728639992068,51.501633054999324,0.0 -0.08579713550441416,51.50164026254693,0.0 -0.08608698472934688,51.50164746937904,0.0 -0.08637683407470496,51.50165467549564,0.0 -0.08666668354048161,51.50166188089672,0.0 -0.08695653312665777,51.501669085582314,0.0 -0.08724638283322826,51.50167628955239,0.0 -0.08753623266017678,51.50168349280696,0.0 -0.08782608260749537,51.50169069534602,0.0 -0.08811593267516696,51.50169789716958,0.0 -0.08840578286318478,51.50170509827762,0.0 -0.08869563317153449,51.50171229867014,0.0 -0.088985483600203,51.50171949834717,0.0 -0.08927533414918118,51.50172669730867,0.0 -0.08956518481845507,51.501733895554665,0.0 -0.08985503560801318,51.501741093085144,0.0 -0.09014488651784355,51.50174828990011,0.0 -0.09043473754793588,51.50175548599956,0.0 -0.09072458869827663,51.5017626813835,0.0 -0.09101443996885505,51.50176987605191,0.0 -0.09130429135965687,51.501777070004806,0.0 -0.09159414287067491,51.50178426324218,0.0 -0.09188399450189326,51.50179145576405,0.0 -0.0921738462532992,51.50179864757039,0.0 -0.09246369812488439,51.501805838661205,0.0 -0.09275355011663372,51.50181302903651,0.0 -0.09304340222853845,51.501820218696295,0.0 -0.09333325446058266,51.501827407640555,0.0 -0.09362310681275841,51.501834595869305,0.0 -0.09391295928505178,51.501841783382496,0.0 -0.09420281187745284,51.501848970180184,0.0 -0.09449266458994807,51.50185615626235,0.0 -0.09478251742252354,51.50186334162899,0.0 -0.09507237037517131,51.50187052628009,0.0 -0.09536222344787708,51.50187771021568,0.0 -0.0956520766406297,51.50188489343573,0.0 -0.09594192995341606,51.50189207594026,0.0 -0.0962317833862278,51.501899257729264,0.0 -0.09652163693904783,51.501906438802735,0.0 -0.09681149061186861,51.50191361916067,0.0 -0.09710134440467541,51.50192079880308,0.0 -0.0973911983174591,51.50192797772995,0.0 -0.09768105235020694,51.5019351559413,0.0 -0.09797090650290344,51.501942333437114,0.0 -0.09826076077554224,51.50194951021738,0.0 -0.09855061516810742,51.501956686282114,0.0 -0.09884046968058907,51.501963861631324,0.0 -0.09913032431297444,51.50197103626499,0.0 -0.09942017906525202,51.50197821018313,0.0 -0.09971003393740947,51.50198538338572,0.0 -0.09999988892943606,51.501992555872775,0.0 -0.10028974404131948,51.501999727644304,0.0 -0.10057959927304659,51.50200689870027,0.0 -0.10086945462460706,51.50201406904072,0.0 -0.10115931009598658,51.50202123866562,0.0 -0.1014491656871768,51.502028407574976,0.0 -0.10173902139816302,51.50203557576879,0.0 -0.10202887722893528,51.50204274324705,0.0 -0.10231873317947927,51.50204991000979,0.0 -0.10260858924978626,51.502057076056964,0.0 -0.10289844543984232,51.5020642413886,0.0 -0.10318830174963514,51.502071406004696,0.0 -0.10347815817915437,51.50207856990524,0.0 -0.10376801472838611,51.50208573309024,0.0 -0.1040578713973212,51.5020928955597,0.0 -0.10434772818594454,51.502100057313605,0.0 -0.10463758509424777,51.50210721835196,0.0 -0.1049274421222158,51.50211437867475,0.0 -0.10521729926983987,51.502121538282,0.0 -0.10550715653710448,51.50212869717371,0.0 -0.1057970139240005,51.50213585534986,0.0 -0.10608687143051557,51.50214301281046,0.0 -0.10637672905663621,51.502150169555506,0.0 -0.10666658680235286,51.502157325585,0.0 -0.1069564446676504,51.502164480898934,0.0 -0.1072463026525213,51.50217163549731,0.0 -0.10753616075694926,51.50217878938014,0.0 -0.10782601898092671,51.502185942547406,0.0 -0.10811587732443735,51.50219309499912,0.0 -0.10840573578747285,51.50220024673527,0.0 -0.10869559437002087,51.50220739775586,0.0 -0.10898545307206589,51.50221454806089,0.0 -0.10927531189360079,51.50222169765037,0.0 -0.10956517083460965,51.50222884652429,0.0 -0.1098550298950849,51.50223599468263,0.0 -0.11014488907500908,51.50224314212542,0.0 -0.11043474837437699,51.50225028885265,0.0 -0.11072460779317075,51.50225743486431,0.0 -0.11101446733138241,51.50226458016041,0.0 -0.11130432698899688,51.50227172474095,0.0 -0.11159418676600658,51.50227886860592,0.0 -0.11188404666239561,51.50228601175532,0.0 -0.11217390667815365,51.50229315418915,0.0 -0.11246376681326757,51.502300295907425,0.0 -0.11275362706772743,51.502307436910115,0.0 -0.1130434874415209,51.50231457719724,0.0 -0.11333334793463408,51.5023217167688,0.0 -0.1136232085470594,51.50232885562479,0.0 -0.11391306927877898,51.502335993765215,0.0 -0.11420293012978726,51.50234313119005,0.0 -0.11449279110006912,51.50235026789933,0.0 -0.11478265218960984,51.502357403893036,0.0 -0.11507251339840269,51.50236453917117,0.0 -0.11536237472643174,51.50237167373372,0.0 -0.11565223617368905,51.50237880758069,0.0 -0.11594209774015873,51.50238594071209,0.0 -0.11623195942583242,51.50239307312793,0.0 -0.1165218212306954,51.50240020482816,0.0 -0.11681168315473814,51.502407335812826,0.0 -0.11710154519794513,51.50241446608192,0.0 -0.11739140736030962,51.50242159563543,0.0 -0.11768126964181688,51.50242872447336,0.0 -0.11797113204245381,51.50243585259572,0.0 -0.11826099456221087,51.502442980002485,0.0 -0.11855085720107293,51.502450106693665,0.0 -0.11884071995903286,51.50245723266927,0.0 -0.11913058283607394,51.50246435792929,0.0 -0.11942044583218824,51.50247148247372,0.0 -0.11971030894735984,51.50247860630259,0.0 -0.12000017218158199,51.502485729415845,0.0 -0.12000016987517771,51.50338515701631,0.0 -0.11971030664636728,51.503378033955556,0.0 -0.1194204435366066,51.503370910179235,0.0 -0.11913058054590323,51.50336378568733,0.0 -0.11884071767427584,51.50335666047983,0.0 -0.1185508549217316,51.50334953455677,0.0 -0.11826099228828484,51.503342407918126,0.0 -0.11797112977394665,51.5033352805639,0.0 -0.1176812673787258,51.503328152494106,0.0 -0.11739140510263939,51.50332102370872,0.0 -0.11710154294569655,51.50331389420778,0.0 -0.11681168090791003,51.50330676399127,0.0 -0.11652181898929133,51.503299633059164,0.0 -0.11623195718985,51.5032925014115,0.0 -0.11594209550960234,51.503285369048264,0.0 -0.1156522339485583,51.50327823596945,0.0 -0.11536237250672939,51.50327110217507,0.0 -0.11507251118412874,51.503263967665106,0.0 -0.11478264998076311,51.50325683243959,0.0 -0.11449278889665318,51.50324969649849,0.0 -0.1142029279318045,51.50324255984184,0.0 -0.11391306708623021,51.503235422469615,0.0 -0.11362320635994422,51.50322828438182,0.0 -0.11333334575295526,51.503221145578465,0.0 -0.11304348526527566,51.503214006059544,0.0 -0.11275362489692013,51.50320686582505,0.0 -0.11246376464789982,51.503199724874996,0.0 -0.11217390451822465,51.50319258320938,0.0 -0.11188404450790736,51.50318544082821,0.0 -0.11159418461695945,51.503178297731466,0.0 -0.11130432484539446,51.50317115391917,0.0 -0.11101446519322312,51.50316400939131,0.0 -0.11072460566045776,51.50315686414788,0.0 -0.1104347462471095,51.503149718188915,0.0 -0.11014488695318948,51.50314257151437,0.0 -0.10985502777871162,51.503135424124274,0.0 -0.10956516872368743,51.50312827601863,0.0 -0.10927530978812926,51.50312112719742,0.0 -0.10898545097204702,51.503113977660654,0.0 -0.10869559227545267,51.50310682740833,0.0 -0.1084057336983601,51.50309967644046,0.0 -0.10811587524078164,51.50309252475704,0.0 -0.10782601690272604,51.50308537235806,0.0 -0.10753615868420802,51.50307821924353,0.0 -0.10724630058523511,51.503071065413444,0.0 -0.10695644260582642,51.5030639108678,0.0 -0.10666658474598908,51.50305675560663,0.0 -0.10637672700573424,51.503049599629904,0.0 -0.106086869385077,51.503042442937605,0.0 -0.10579701188402652,51.503035285529776,0.0 -0.10550715450259589,51.5030281274064,0.0 -0.10521729724079706,51.503020968567476,0.0 -0.10492744009864195,51.503013809013005,0.0 -0.10463758307614249,51.503006648743,0.0 -0.10434772617330862,51.50299948775744,0.0 -0.10405786939015503,51.50299232605633,0.0 -0.10376801272669448,51.50298516363969,0.0 -0.10347815618293489,51.5029780005075,0.0 -0.10318829975889098,51.50297083665976,0.0 -0.1028984434545707,51.502963672096506,0.0 -0.10260858726999275,51.50295650681768,0.0 -0.10231873120516545,51.50294934082333,0.0 -0.10202887526009917,51.502942174113436,0.0 -0.1017390194348082,51.50293500668801,0.0 -0.10144916372930168,51.50292783854704,0.0 -0.10115930814359354,51.50292066969054,0.0 -0.1008694526776973,51.50291350011849,0.0 -0.1005795973316213,51.50290632983093,0.0 -0.10028974210538025,51.50289915882781,0.0 -0.09999988699898289,51.502891987109166,0.0 -0.09971003201244474,51.50288481467499,0.0 -0.09942017714577654,51.502877641525274,0.0 -0.0991303223989886,51.50287046766004,0.0 -0.09884046777209525,51.50286329307926,0.0 -0.09855061326510642,51.50285611778296,0.0 -0.09826075887803286,51.50284894177113,0.0 -0.09797090461089046,51.502841765043755,0.0 -0.09768105046368797,51.50283458760086,0.0 -0.0973911964364389,51.50282740944244,0.0 -0.0971013425291536,51.502820230568496,0.0 -0.09681148874184478,51.502813050979015,0.0 -0.09652163507452359,51.50280587067401,0.0 -0.09623178152720512,51.50279868965349,0.0 -0.09594192809989772,51.50279150791744,0.0 -0.09565207479261373,51.50278432546586,0.0 -0.09536222160536426,51.50277714229877,0.0 -0.09507236853816603,51.50276995841614,0.0 -0.09478251559102578,51.502762773818,0.0 -0.09449266276395783,51.502755588504336,0.0 -0.09420281005697291,51.50274840247515,0.0 -0.09391295747008256,51.502741215730445,0.0 -0.0936231050033003,51.502734028270226,0.0 -0.09333325265663843,51.50272684009448,0.0 -0.09304340043010692,51.50271965120322,0.0 -0.09275354832371728,51.502712461596445,0.0 -0.09246369633748183,51.50270527127416,0.0 -0.09217384447141491,51.50269808023634,0.0 -0.09188399272552762,51.50269088848302,0.0 -0.09159414109982912,51.50268369601419,0.0 -0.09130428959433373,51.50267650282985,0.0 -0.09101443820905217,51.502669308929974,0.0 -0.09072458694399636,51.5026621143146,0.0 -0.09043473579917985,51.50265491898372,0.0 -0.09014488477461374,51.50264772293732,0.0 -0.08985503387030877,51.50264052617541,0.0 -0.08956518308627609,51.50263332869799,0.0 -0.0892753324225304,51.50262613050507,0.0 -0.08898548187908202,51.50261893159664,0.0 -0.08869563145594449,51.5026117319727,0.0 -0.08840578115312735,51.50260453163326,0.0 -0.08811593097064291,51.502597330578304,0.0 -0.0878260809085039,51.502590128807846,0.0 -0.08753623096672264,51.502582926321885,0.0 -0.08724638114530908,51.50257572312042,0.0 -0.08695653144427713,51.50256851920346,0.0 -0.08666668186363873,51.50256131457098,0.0 -0.08637683240340259,51.502554109223006,0.0 -0.08608698306358425,51.50254690315953,0.0 -0.08579713384419443,51.50253969638056,0.0 -0.08550728474524545,51.50253248888609,0.0 -0.08521743576674806,51.50252528067612,0.0 -0.084927586908713,51.50251807175064,0.0 -0.08463773817115534,51.50251086210968,0.0 -0.08434788955408663,51.502503651753216,0.0 -0.08405804105751723,51.50249644068125,0.0 -0.08376819268145824,51.50248922889379,0.0 -0.0834783444259216,51.50248201639084,0.0 -0.08318849629092322,51.502474803172404,0.0 -0.08289864827647143,51.50246758923846,0.0 -0.08260880038257738,51.50246037458903,0.0 -0.08231895260925656,51.50245315922411,0.0 -0.08202910495651614,51.50244594314369,0.0 -0.08173925742437121,51.50243872634779,0.0 -0.08144941001283372,51.502431508836395,0.0 -0.08115956272191638,51.50242429060951,0.0 -0.08086971555162795,51.50241707166713,0.0 -0.08057986850197953,51.50240985200928,0.0 -0.08029002157298903,51.502402631635924,0.0 -0.08000017476466321,51.502395410547095,0.0 -0.08000017249827589,51.503294845323694,0.0 -0.08029001930110849,51.50330206635929,0.0 -0.08057986622460815,51.503309286679404,0.0 -0.08086971326876255,51.50331650628404,0.0 -0.08115956043355937,51.50332372517318,0.0 -0.08144940771898947,51.50333094334685,0.0 -0.08173925512503931,51.50333816080503,0.0 -0.08202910265169697,51.50334537754773,0.0 -0.08231895029895094,51.503352593574945,0.0 -0.08260879806678809,51.503359808886664,0.0 -0.08289864595519647,51.5033670234829,0.0 -0.08318849396416657,51.50337423736366,0.0 -0.08347834209368565,51.50338145052892,0.0 -0.08376819034373982,51.50338866297869,0.0 -0.08405803871431951,51.50339587471298,0.0 -0.0843478872054128,51.50340308573177,0.0 -0.08463773581700577,51.50341029603507,0.0 -0.08492758454908611,51.503417505622885,0.0 -0.08521743340164586,51.50342471449521,0.0 -0.08550728237467072,51.50343192265204,0.0 -0.08579713146814794,51.50343913009336,0.0 -0.0860869806820672,51.5034463368192,0.0 -0.08637683001641618,51.503453542829554,0.0 -0.08666667947117977,51.5034607481244,0.0 -0.0869565290463524,51.50346795270375,0.0 -0.08724637874191817,51.50347515656761,0.0 -0.08753622855786594,51.50348235971596,0.0 -0.0878260784941842,51.50348956214881,0.0 -0.0881159285508602,51.50349676386618,0.0 -0.08840577872788165,51.50350396486804,0.0 -0.08869562902523698,51.50351116515441,0.0 -0.08898547944291589,51.50351836472525,0.0 -0.08927532998090563,51.5035255635806,0.0 -0.0895651806391939,51.50353276172046,0.0 -0.08985503141776914,51.50353995914482,0.0 -0.09014488231661906,51.50354715585366,0.0 -0.09043473333573171,51.503554351847,0.0 -0.09072458447509438,51.50356154712484,0.0 -0.0910144357346983,51.50356874168717,0.0 -0.09130428711452879,51.50357593553398,0.0 -0.09159413861457551,51.50358312866531,0.0 -0.09188399023482531,51.503590321081106,0.0 -0.0921738419752671,51.503597512781404,0.0 -0.09246369383588574,51.5036047037662,0.0 -0.09275354581667607,51.503611894035465,0.0 -0.09304339791762138,51.503619083589236,0.0 -0.09333325013870979,51.503626272427496,0.0 -0.0936231024799313,51.50363346055024,0.0 -0.09391295494127323,51.503640647957475,0.0 -0.09420280752272404,51.503647834649186,0.0 -0.09449266022426782,51.50365502062539,0.0 -0.0947825130459006,51.503662205886066,0.0 -0.09507236598760448,51.50366939043124,0.0 -0.09536221904936953,51.5036765742609,0.0 -0.09565207223118423,51.503683757375036,0.0 -0.09594192553303504,51.50369093977365,0.0 -0.09623177895490966,51.50369812145675,0.0 -0.09652163249679932,51.503705302424336,0.0 -0.09681148615869051,51.50371248267639,0.0 -0.09710133994057091,51.503719662212944,0.0 -0.09739119384242899,51.50372684103396,0.0 -0.09768104786425362,51.50373401913945,0.0 -0.09797090200603009,51.50374119652943,0.0 -0.09826075626774924,51.503748373203884,0.0 -0.09855061064939877,51.503755549162804,0.0 -0.09884046515096674,51.503762724406215,0.0 -0.09913031977244083,51.50376989893409,0.0 -0.09942017451381029,51.50377707274644,0.0 -0.09971002937506003,51.50378424584327,0.0 -0.09999988435618248,51.503791418224566,0.0 -0.10028973945716177,51.50379858989032,0.0 -0.10057959467798872,51.503805760840564,0.0 -0.10086945001865102,51.50381293107528,0.0 -0.10115930547913556,51.50382010059446,0.0 -0.10144916105943237,51.503827269398094,0.0 -0.10173901675952796,51.50383443748622,0.0 -0.10202887257940842,51.5038416048588,0.0 -0.10231872851906776,51.503848771515855,0.0 -0.1026085845784885,51.503855937457374,0.0 -0.1028984407576627,51.503863102683354,0.0 -0.10318829705657563,51.5038702671938,0.0 -0.10347815347521737,51.50387743098871,0.0 -0.10376801001357518,51.50388459406808,0.0 -0.10405786667163476,51.50389175643193,0.0 -0.10434772344938775,51.503898918080225,0.0 -0.10463758034682105,51.50390607901299,0.0 -0.1049274373639243,51.5039132392302,0.0 -0.1052172945006828,51.5039203987319,0.0 -0.10550715175708703,51.503927557518026,0.0 -0.10579700913312104,51.503934715588635,0.0 -0.1060868666287781,51.50394187294369,0.0 -0.10637672424404311,51.50394902958321,0.0 -0.10666658197890691,51.50395618550718,0.0 -0.10695643983335519,51.5039633407156,0.0 -0.10724629780737682,51.503970495208485,0.0 -0.10753615590096027,51.50397764898582,0.0 -0.10782601411409044,51.50398480204762,0.0 -0.10811587244676056,51.50399195439386,0.0 -0.10840573089895633,51.50399910602456,0.0 -0.1086955894706666,51.504006256939704,0.0 -0.10898544816187708,51.5040134071393,0.0 -0.1092753069725786,51.50402055662336,0.0 -0.10956516590275647,51.50402770539186,0.0 -0.10985502495240314,51.5040348534448,0.0 -0.11014488412150308,51.504042000782206,0.0 -0.11043474341004599,51.504049147404054,0.0 -0.1107246028180199,51.504056293310335,0.0 -0.11101446234541132,51.504063438501085,0.0 -0.1113043219922091,51.50407058297626,0.0 -0.11159418175840213,51.50407772673589,0.0 -0.11188404164397768,51.50408486977996,0.0 -0.1121739016489266,51.50409201210847,0.0 -0.11246376177323181,51.50409915372144,0.0 -0.11275362201688732,51.50410629461884,0.0 -0.11304348237987724,51.50411343480068,0.0 -0.11333334286218806,51.50412057426696,0.0 -0.11362320346381262,51.50412771301769,0.0 -0.1139130641847362,51.50413485105285,0.0 -0.11420292502494968,51.50414198837245,0.0 -0.11449278598443753,51.50414912497649,0.0 -0.11478264706319061,51.504156260864974,0.0 -0.11507250826119342,51.50416339603788,0.0 -0.11536236957843841,51.50417053049523,0.0 -0.11565223101491007,51.50417766423702,0.0 -0.11594209257059926,51.504184797263235,0.0 -0.11623195424549444,51.504191929573885,0.0 -0.1165218160395813,51.50419906116897,0.0 -0.11681167795284872,51.50420619204848,0.0 -0.11710153998528557,51.50421332221243,0.0 -0.11739140213687711,51.50422045166082,0.0 -0.11768126440761542,51.50422758039363,0.0 -0.11797112679748696,51.50423470841088,0.0 -0.11826098930648102,51.50424183571254,0.0 -0.11855085193458288,51.50424896229865,0.0 -0.11884071468178338,51.504256088169164,0.0 -0.11913057754806704,51.50426321332412,0.0 -0.11942044053342747,51.50427033776351,0.0 -0.1197103036378492,51.504277461487305,0.0 -0.12000016686131948,51.50428458449554,0.0 -0.12000016313997866,51.50518401185352,0.0 -0.11971029992177658,51.50517688889782,0.0 -0.11942043682262383,51.50516976522654,0.0 -0.11913057384253636,51.5051626408397,0.0 -0.11884071098152169,51.505155515737286,0.0 -0.11855084823959534,51.5051483899193,0.0 -0.11826098561676605,51.50514126338575,0.0 -0.11797112311305052,51.505134136136626,0.0 -0.11768126072845511,51.50512700817194,0.0 -0.11739139846299494,51.50511987949171,0.0 -0.11710153631667913,51.50511275009589,0.0 -0.11681167428952281,51.50510561998451,0.0 -0.11652181238153472,51.50509848915758,0.0 -0.11623195059273116,51.50509135761508,0.0 -0.11594208892312007,51.50508422535701,0.0 -0.11565222737271616,51.505077092383395,0.0 -0.11536236594152702,51.50506995869421,0.0 -0.1150725046295697,51.50506282428947,0.0 -0.11478264343685257,51.50505568916917,0.0 -0.11449278236339074,51.5050485533333,0.0 -0.11420292140919175,51.505041416781886,0.0 -0.11391306057427072,51.505034279514916,0.0 -0.11362319985863759,51.50502714153239,0.0 -0.11333333926230667,51.50502000283431,0.0 -0.1130434787852879,51.50501286342066,0.0 -0.11275361842759518,51.50500572329147,0.0 -0.11246375818923728,51.50499858244672,0.0 -0.1121738980702289,51.50499144088642,0.0 -0.11188403807057838,51.50498429861058,0.0 -0.11159417819030362,51.50497715561917,0.0 -0.11130431842941019,51.50497001191222,0.0 -0.11101445878791598,51.504962867489716,0.0 -0.11072459926582655,51.50495572235166,0.0 -0.11043473986315859,51.50494857649806,0.0 -0.11014488057992006,51.50494142992891,0.0 -0.10985502141612767,51.50493428264422,0.0 -0.10956516237179015,51.50492713464397,0.0 -0.10927530344691942,51.50491998592819,0.0 -0.10898544464152943,51.50491283649686,0.0 -0.10869558595562809,51.50490568634997,0.0 -0.10840572738923172,51.50489853548755,0.0 -0.10811586894234908,51.50489138390959,0.0 -0.10782601061499407,51.50488423161609,0.0 -0.10753615240717622,51.504877078607045,0.0 -0.10724629431891224,51.50486992488245,0.0 -0.10695643635020691,51.504862770442315,0.0 -0.10666657850107929,51.50485561528665,0.0 -0.10637672077153537,51.50484845941544,0.0 -0.10608686316159223,51.5048413028287,0.0 -0.10579700567125742,51.504834145526424,0.0 -0.10550714830054488,51.5048269875086,0.0 -0.10521729104946491,51.50481982877524,0.0 -0.10492743391803304,51.50481266932635,0.0 -0.10463757690625762,51.50480550916192,0.0 -0.10434772001415175,51.50479834828197,0.0 -0.10405786324172737,51.50479118668647,0.0 -0.10376800658899801,51.50478402437544,0.0 -0.1034781500559712,51.50477686134889,0.0 -0.10318829364266366,51.504769697606804,0.0 -0.10289843734908252,51.50476253314918,0.0 -0.1026085811752453,51.50475536797604,0.0 -0.10231872512115835,51.504748202087356,0.0 -0.10202886918683875,51.50474103548314,0.0 -0.10173901337229288,51.504733868163406,0.0 -0.10144915767753665,51.504726700128145,0.0 -0.10115930210258038,51.50471953137737,0.0 -0.10086944664743838,51.50471236191105,0.0 -0.10057959131211823,51.50470519172921,0.0 -0.10028973609663619,51.50469802083184,0.0 -0.09999988100099945,51.50469084921895,0.0 -0.09971002602522509,51.504683676890544,0.0 -0.09942017116932227,51.50467650384661,0.0 -0.0991303164333013,51.504669330087154,0.0 -0.09884046181717811,51.50466215561217,0.0 -0.09855060732095863,51.504654980421684,0.0 -0.09826075294466158,51.50464780451567,0.0 -0.0979708986882941,51.504640627894126,0.0 -0.09768104455187171,51.50463345055709,0.0 -0.09739119053540234,51.50462627250451,0.0 -0.0971013366389019,51.50461909373643,0.0 -0.09681148286237755,51.50461191425283,0.0 -0.0965216292058452,51.50460473405371,0.0 -0.09623177566931476,51.50459755313907,0.0 -0.0959419222527998,51.50459037150893,0.0 -0.0956520689563098,51.50458318916328,0.0 -0.09536221577985991,51.5045760061021,0.0 -0.09507236272345806,51.50456882232541,0.0 -0.09478250978712018,51.50456163783321,0.0 -0.09449265697085378,51.50455445262552,0.0 -0.094202804274676,51.504547266702296,0.0 -0.09391295169859357,51.50454008006357,0.0 -0.09362309924262281,51.504532892709335,0.0 -0.09333324690677165,51.50452570463959,0.0 -0.09304339469105481,51.50451851585434,0.0 -0.09275354259548264,51.504511326353594,0.0 -0.09246369062006864,51.50450413613733,0.0 -0.09217383876482156,51.50449694520556,0.0 -0.09188398702975849,51.50448975355829,0.0 -0.09159413541488462,51.504482561195516,0.0 -0.09130428392021861,51.50447536811725,0.0 -0.09101443254576684,51.504468174323456,0.0 -0.09072458129154559,51.50446097981418,0.0 -0.09043473015756284,51.504453784589394,0.0 -0.09014487914383408,51.504446588649124,0.0 -0.08985502825036884,51.50443939199334,0.0 -0.08956517747717826,51.50443219462206,0.0 -0.08927532682427787,51.504424996535285,0.0 -0.08898547629167598,51.50441779773301,0.0 -0.08869562587938652,51.504410598215244,0.0 -0.08840577558741944,51.50440339798196,0.0 -0.08811592541578944,51.504396197033195,0.0 -0.08782607536450487,51.50438899536894,0.0 -0.08753622543358164,51.50438179298921,0.0 -0.08724637562302848,51.50437458989395,0.0 -0.08695652593285812,51.50436738608321,0.0 -0.0866666763630833,51.50436018155698,0.0 -0.08637682691371551,51.50435297631527,0.0 -0.08608697758476513,51.50434577035805,0.0 -0.08579712837624763,51.50433856368535,0.0 -0.08550727928817059,51.50433135629715,0.0 -0.0852174303205499,51.504324148193476,0.0 -0.08492758147339392,51.50431693937432,0.0 -0.08463773274671733,51.50430972983966,0.0 -0.08434788414052852,51.50430251958952,0.0 -0.08405803565484377,51.504295308623895,0.0 -0.08376818728967261,51.50428809694279,0.0 -0.083478339045027,51.5042808845462,0.0 -0.08318849092091803,51.50427367143412,0.0 -0.08289864291736004,51.504266457606555,0.0 -0.08260879503436257,51.504259243063515,0.0 -0.08231894727194071,51.50425202780498,0.0 -0.08202909963010085,51.504244811830986,0.0 -0.08173925210885967,51.5042375951415,0.0 -0.0814494047082275,51.50423037773654,0.0 -0.08115955742821548,51.504223159616096,0.0 -0.08086971026883634,51.50421594078017,0.0 -0.08057986323010319,51.50420872122877,0.0 -0.08029001631202479,51.504201500961905,0.0 -0.08000016951461622,51.50419427997955,0.0 -0.08000016581365242,51.50509371451465,0.0 -0.08029001260570852,51.505100935443764,0.0 -0.08057985951843563,51.50510815565739,0.0 -0.08086970655182069,51.505115375155555,0.0 -0.08115955370585212,51.50512259393824,0.0 -0.08144940098051563,51.505129812005464,0.0 -0.08173924837580168,51.50513702935721,0.0 -0.08202909589169755,51.50514424599347,0.0 -0.08231894352819209,51.50515146191427,0.0 -0.08260879128527221,51.50515867711959,0.0 -0.08289863916292754,51.50516589160944,0.0 -0.08318848716114577,51.5051731053838,0.0 -0.08347833527991538,51.50518031844269,0.0 -0.08376818351922244,51.505187530786095,0.0 -0.08405803187905742,51.50519474241403,0.0 -0.0843478803594056,51.50520195332648,0.0 -0.08463772896025865,51.50520916352345,0.0 -0.08492757768160143,51.505216373004934,0.0 -0.08521742652342403,51.50522358177094,0.0 -0.08550727548571371,51.50523078982148,0.0 -0.08579712456846172,51.50523799715651,0.0 -0.0860869737716506,51.50524520377608,0.0 -0.08637682309527236,51.505252409680146,0.0 -0.08666667253931232,51.50525961486875,0.0 -0.0869565221037621,51.505266819341834,0.0 -0.08724637178860661,51.50527402309946,0.0 -0.08753622159383632,51.505281226141584,0.0 -0.08782607151943969,51.50528842846822,0.0 -0.0881159215654008,51.50529563007938,0.0 -0.08840577173171092,51.50530283097505,0.0 -0.08869562201835854,51.50531003115522,0.0 -0.0889854724253305,51.5053172306199,0.0 -0.0892753229526153,51.5053244293691,0.0 -0.08956517360020098,51.50533162740279,0.0 -0.08985502436807566,51.50533882472101,0.0 -0.09014487525622937,51.50534602132371,0.0 -0.090434726264647,51.50535321721093,0.0 -0.09072457739331664,51.505360412382664,0.0 -0.09101442864222835,51.50536760683888,0.0 -0.09130428001136978,51.50537480057961,0.0 -0.09159413150072983,51.50538199360485,0.0 -0.09188398311029496,51.50538918591459,0.0 -0.09217383484005445,51.505396377508816,0.0 -0.09246368668999756,51.505403568387564,0.0 -0.09275353866010798,51.5054107585508,0.0 -0.09304339075037857,51.505417947998545,0.0 -0.09333324296079462,51.505425136730786,0.0 -0.09362309529134419,51.50543232474752,0.0 -0.09391294774201735,51.505439512048746,0.0 -0.09420280031280016,51.50544669863448,0.0 -0.09449265300368472,51.50545388450471,0.0 -0.09478250581465429,51.505461069659425,0.0 -0.09507235874569815,51.50546825409865,0.0 -0.09536221179680636,51.50547543782236,0.0 -0.095652064967965,51.50548262083056,0.0 -0.09594191825916334,51.50548980312326,0.0 -0.09623177167038945,51.50549698470044,0.0 -0.09652162520162982,51.50550416556212,0.0 -0.0968114788528761,51.5055113457083,0.0 -0.09710133262411277,51.50551852513896,0.0 -0.09739118651532912,51.50552570385412,0.0 -0.0976810405265144,51.505532881853746,0.0 -0.09797089465765428,51.50554005913787,0.0 -0.09826074890873926,51.50554723570649,0.0 -0.0985506032797566,51.505554411559594,0.0 -0.09884045777069395,51.505561586697176,0.0 -0.099130312381541,51.50556876111925,0.0 -0.09942016711228463,51.5055759348258,0.0 -0.09971002196291093,51.50558310781683,0.0 -0.09999987693341113,51.505590280092356,0.0 -0.10028973202377292,51.50559745165236,0.0 -0.10057958723398318,51.50560462249685,0.0 -0.10086944256403078,51.505611792625814,0.0 -0.10115929801390498,51.50561896203926,0.0 -0.10144915358359106,51.50562613073718,0.0 -0.10173900927307832,51.505633298719594,0.0 -0.1020288650823548,51.505640465986474,0.0 -0.10231872101141097,51.50564763253783,0.0 -0.10260857706023133,51.50565479837367,0.0 -0.10289843322880513,51.50566196349398,0.0 -0.10318828951712165,51.50566912789877,0.0 -0.10347814592517134,51.50567629158803,0.0 -0.10376800245293552,51.50568345456177,0.0 -0.10405785910040784,51.505690616819976,0.0 -0.10434771586757237,51.50569777836266,0.0 -0.10463757275442157,51.505704939189826,0.0 -0.10492742976094033,51.50571209930145,0.0 -0.10521728688711912,51.50571925869754,0.0 -0.10550714413294361,51.50572641737811,0.0 -0.10579700149840507,51.50573357534314,0.0 -0.10608685898348678,51.50574073259264,0.0 -0.10637671658818161,51.50574788912662,0.0 -0.10666657431247445,51.50575504494506,0.0 -0.10695643215635613,51.50576220004797,0.0 -0.10724629011981196,51.50576935443534,0.0 -0.10753614820283239,51.50577650810717,0.0 -0.1078260064054055,51.50578366106347,0.0 -0.10811586472751658,51.50579081330424,0.0 -0.10840572316915568,51.50579796482947,0.0 -0.10869558173031169,51.505805115639156,0.0 -0.10898544041097027,51.505812265733304,0.0 -0.1092752992111231,51.505819415111915,0.0 -0.10956515813075585,51.50582656377499,0.0 -0.10985501716985618,51.505833711722524,0.0 -0.11014487632841617,51.50584085895451,0.0 -0.11043473560641791,51.50584800547096,0.0 -0.11072459500385266,51.50585515127186,0.0 -0.11101445452070889,51.50586229635723,0.0 -0.11130431415697307,51.50586944072704,0.0 -0.11159417391263529,51.50587658438132,0.0 -0.11188403378768201,51.505883727320054,0.0 -0.1121738937821033,51.505890869543244,0.0 -0.11246375389588682,51.50589801105087,0.0 -0.11275361412901828,51.50590515184296,0.0 -0.11304347448148773,51.5059122919195,0.0 -0.11333333495328245,51.505919431280496,0.0 -0.11362319554439089,51.50592656992593,0.0 -0.11391305625480275,51.505933707855824,0.0 -0.1142029170845033,51.50594084507017,0.0 -0.11449277803348418,51.50594798156896,0.0 -0.1147826391017291,51.5059551173522,0.0 -0.11507250028922854,51.505962252419884,0.0 -0.11536236159597094,51.505969386772016,0.0 -0.11565222302194397,51.505976520408595,0.0 -0.11594208456713534,51.505983653329615,0.0 -0.1162319462315347,51.505990785535076,0.0 -0.11652180801512732,51.505997917025,0.0 -0.11681166991790566,51.50600504779935,0.0 -0.11710153193985343,51.50601217785814,0.0 -0.11739139408095989,51.50601930720139,0.0 -0.11768125634121389,51.50602643582907,0.0 -0.11797111872060352,51.506033563741184,0.0 -0.11826098121911606,51.50604069093774,0.0 -0.11855084383674078,51.50604781741875,0.0 -0.11884070657346572,51.506054943184175,0.0 -0.11913056942927978,51.50606206823405,0.0 -0.11942043240416865,51.506069192568354,0.0 -0.11971029549812118,51.506076316187105,0.0 -0.12000015871112625,51.50608343909029,0.0 -0.12000015357473756,51.5069828662058,0.0 -0.11971029036685917,51.50697574335515,0.0 -0.11942042727803329,51.50696861978893,0.0 -0.11913056430827466,51.50696149550717,0.0 -0.11884070145759242,51.50695437050983,0.0 -0.1185508387259981,51.506947244796955,0.0 -0.11826097611350442,51.50694011836851,0.0 -0.1179711136201265,51.50693299122451,0.0 -0.11768125124587027,51.506925863364955,0.0 -0.11739138899075127,51.50691873478985,0.0 -0.11710152685478062,51.506911605499184,0.0 -0.11681166483796905,51.50690447549298,0.0 -0.11652180294033405,51.50689734477122,0.0 -0.11623194116188001,51.5068902133339,0.0 -0.11594207950262163,51.50688308118103,0.0 -0.11565221796257283,51.5068759483126,0.0 -0.11536235654174194,51.506868814728634,0.0 -0.11507249524014489,51.50686168042912,0.0 -0.11478263405779081,51.50685454541404,0.0 -0.11449277299469202,51.50684740968344,0.0 -0.11420291205085965,51.50684027323727,0.0 -0.11391305122630882,51.50683313607557,0.0 -0.11362319052104748,51.50682599819832,0.0 -0.11333332993508993,51.506818859605524,0.0 -0.11304346946844653,51.50681172029717,0.0 -0.11275360912112918,51.5068045802733,0.0 -0.1124637488931542,51.50679743953386,0.0 -0.11217388878452754,51.5067902980789,0.0 -0.11188402879526273,51.50678315590839,0.0 -0.11159416892537248,51.50677601302233,0.0 -0.11130430917487072,51.50676886942074,0.0 -0.11101444954376659,51.50676172510361,0.0 -0.1107245900320712,51.50675458007093,0.0 -0.1104347306397981,51.506747434322726,0.0 -0.11014487136695919,51.506740287858975,0.0 -0.1098550122135668,51.5067331406797,0.0 -0.1095651531796313,51.50672599278489,0.0 -0.10927529426516576,51.506718844174536,0.0 -0.10898543547018094,51.50671169484864,0.0 -0.10869557679468916,51.50670454480723,0.0 -0.10840571823870594,51.50669739405026,0.0 -0.10811585980223642,51.50669024257778,0.0 -0.10782600148529772,51.50668309038976,0.0 -0.10753614328789898,51.50667593748621,0.0 -0.1072462852100545,51.50666878386713,0.0 -0.10695642725177423,51.50666162953252,0.0 -0.1066665694130701,51.50665447448238,0.0 -0.1063767116939544,51.50664731871671,0.0 -0.10608685409443872,51.50664016223552,0.0 -0.10579699661453693,51.50663300503879,0.0 -0.10550713925425859,51.50662584712654,0.0 -0.10521728201361641,51.506618688498776,0.0 -0.10492742489262112,51.50661152915547,0.0 -0.10463756789128825,51.50660436909666,0.0 -0.10434771100962574,51.506597208322304,0.0 -0.10405785424764631,51.50659004683243,0.0 -0.10376799760536348,51.50658288462705,0.0 -0.10347814108278598,51.506575721706135,0.0 -0.10318828467993053,51.506568558069695,0.0 -0.10289842839680548,51.50656139371775,0.0 -0.10260857223342314,51.50655422865027,0.0 -0.10231871618979503,51.506547062867284,0.0 -0.10202886026593588,51.506539896368764,0.0 -0.10173900446185524,51.50653272915475,0.0 -0.10144914877756502,51.506525561225196,0.0 -0.10115929321307675,51.50651839258014,0.0 -0.10086943776840275,51.50651122321957,0.0 -0.10057958244355736,51.50650405314348,0.0 -0.10028972723854769,51.50649688235188,0.0 -0.09999987215338929,51.50648971084477,0.0 -0.09971001718809328,51.50648253862214,0.0 -0.09942016234266997,51.50647536568399,0.0 -0.09913030761713411,51.50646819203034,0.0 -0.0988404530114964,51.50646101766119,0.0 -0.098550598525766,51.5064538425765,0.0 -0.09826074415995803,51.50644666677633,0.0 -0.09797088991408519,51.50643949026064,0.0 -0.09768103578815583,51.506432313029435,0.0 -0.09739118178218388,51.506425135082736,0.0 -0.09710132789618166,51.50641795642052,0.0 -0.09681147413015911,51.50641077704282,0.0 -0.09652162048413172,51.50640359694959,0.0 -0.09623176695810787,51.506396416140866,0.0 -0.09594191355210024,51.50638923461665,0.0 -0.09565206026612119,51.506382052376914,0.0 -0.09536220710018303,51.50637486942168,0.0 -0.09507235405429929,51.506367685750945,0.0 -0.0947825011284767,51.50636050136471,0.0 -0.0944926483227312,51.506353316262974,0.0 -0.0942027956370735,51.50634613044574,0.0 -0.09391294307151751,51.50633894391301,0.0 -0.09362309062607199,51.506331756664785,0.0 -0.09333323830075006,51.50632456870105,0.0 -0.09304338609556324,51.50631738002183,0.0 -0.09275353401052427,51.50631019062711,0.0 -0.09246368204564666,51.50630300051689,0.0 -0.09217383020093795,51.506295809691174,0.0 -0.09188397847641286,51.50628861814997,0.0 -0.09159412687208211,51.50628142589328,0.0 -0.09130427538796045,51.506274232921086,0.0 -0.09101442402405738,51.5062670392334,0.0 -0.09072457278038286,51.50625984483024,0.0 -0.09043472165695199,51.50625264971157,0.0 -0.09014487065377551,51.50624545387741,0.0 -0.08985501977086693,51.506238257327766,0.0 -0.0895651690082362,51.50623106006265,0.0 -0.08927531836589365,51.50622386208204,0.0 -0.08898546784385399,51.50621666338592,0.0 -0.08869561744212875,51.50620946397434,0.0 -0.08840576716073105,51.506202263847264,0.0 -0.08811591699966843,51.506195063004704,0.0 -0.08782606695895723,51.50618786144666,0.0 -0.08753621703860576,51.50618065917313,0.0 -0.08724636723863033,51.50617345618412,0.0 -0.08695651755903928,51.50616625247962,0.0 -0.08666666799984457,51.50615904805966,0.0 -0.0863768185610593,51.5061518429242,0.0 -0.0860869692426938,51.50614463707327,0.0 -0.08579712004476397,51.506137430506854,0.0 -0.08550727096727738,51.50613022322496,0.0 -0.08521742201024715,51.506123015227594,0.0 -0.08492757317368518,51.50611580651474,0.0 -0.08463772445760662,51.50610859708642,0.0 -0.0843478758620174,51.50610138694262,0.0 -0.08405802738693184,51.506094176083344,0.0 -0.08376817903236426,51.5060869645086,0.0 -0.0834783307983238,51.50607975221836,0.0 -0.08318848268482397,51.50607253921268,0.0 -0.08289863469187592,51.50606532549151,0.0 -0.08260878681949037,51.50605811105488,0.0 -0.08231893906768163,51.50605089590276,0.0 -0.08202909143645964,51.506043680035184,0.0 -0.08173924392583833,51.506036463452126,0.0 -0.08144939653582763,51.50602924615361,0.0 -0.08115954926643947,51.506022028139625,0.0 -0.08086970211768536,51.50601480941017,0.0 -0.08057985508958122,51.50600758996524,0.0 -0.08029000818213382,51.506000369804866,0.0 -0.08000016139535707,51.505993148929015,0.0 -0.08000015625970508,51.506892583222594,0.0 -0.0802900030412693,51.506899804045204,0.0 -0.08057984994350975,51.50690702415234,0.0 -0.08086969696640732,51.50691424354402,0.0 -0.08115954410995445,51.506921462220234,0.0 -0.08144939137413605,51.506928680180984,0.0 -0.08173923875894416,51.50693589742627,0.0 -0.08202908626436288,51.506943113956105,0.0 -0.08231893389038107,51.506950329770476,0.0 -0.0826087816369904,51.50695754486937,0.0 -0.08289862950417536,51.506964759252796,0.0 -0.08318847749192558,51.506971972920766,0.0 -0.083478325600226,51.50697918587327,0.0 -0.08376817382907063,51.5069863981103,0.0 -0.08405802217844356,51.50699360963186,0.0 -0.08434787064833289,51.50700082043796,0.0 -0.08463771923873026,51.50700803052859,0.0 -0.08492756794961777,51.50701523990374,0.0 -0.08521741678099025,51.50702244856342,0.0 -0.08550726573282942,51.507029656507626,0.0 -0.08579711480512694,51.50703686373637,0.0 -0.08608696399787245,51.50704407024963,0.0 -0.08637681331104928,51.50705127604742,0.0 -0.08666666274464986,51.50705848112975,0.0 -0.08695651229866067,51.50706568549658,0.0 -0.08724636197306938,51.50707288914794,0.0 -0.08753621176786408,51.507080092083825,0.0 -0.08782606168303443,51.50708729430423,0.0 -0.08811591171856571,51.50709449580917,0.0 -0.08840576187444958,51.50710169659863,0.0 -0.08869561215067252,51.5071088966726,0.0 -0.08898546254722062,51.5071160960311,0.0 -0.08927531306408472,51.5071232946741,0.0 -0.0895651637012529,51.50713049260164,0.0 -0.08985501445871047,51.50713768981368,0.0 -0.09014486533645025,51.50714488631025,0.0 -0.09043471633445475,51.50715208209133,0.0 -0.09072456745271762,51.50715927715693,0.0 -0.09101441869122215,51.507166471507055,0.0 -0.091304270049958,51.50717366514168,0.0 -0.09159412152891723,51.50718085806081,0.0 -0.09188397312808076,51.50718805026447,0.0 -0.09217382484744222,51.50719524175263,0.0 -0.0924636766869877,51.50720243252531,0.0 -0.09275352864670486,51.5072096225825,0.0 -0.09304338072658538,51.507216811924195,0.0 -0.09333323292661094,51.50722400055041,0.0 -0.09362308524677561,51.50723118846112,0.0 -0.09391293768706425,51.50723837565634,0.0 -0.09420279024746654,51.50724556213607,0.0 -0.09449264292796897,51.5072527479003,0.0 -0.09478249572856039,51.50725993294905,0.0 -0.09507234864923048,51.507267117282304,0.0 -0.0953622016899637,51.50727430090006,0.0 -0.09565205485075334,51.507281483802316,0.0 -0.09594190813158189,51.50728866598908,0.0 -0.09623176153244217,51.50729584746034,0.0 -0.0965216150533187,51.5073030282161,0.0 -0.09681146869419995,51.50731020825637,0.0 -0.09710132245507914,51.50731738758114,0.0 -0.09739117633593683,51.5073245661904,0.0 -0.097681030336767,51.507331744084176,0.0 -0.0979708844575546,51.50733892126243,0.0 -0.09826073869828805,51.50734609772519,0.0 -0.09855059305895825,51.50735327347245,0.0 -0.09884044753954967,51.5073604485042,0.0 -0.09913030214005236,51.50736762282045,0.0 -0.09942015686045322,51.507374796421196,0.0 -0.09971001170074272,51.50738196930644,0.0 -0.09999986666090492,51.50738914147617,0.0 -0.1002897217409307,51.50739631293039,0.0 -0.10057957694080932,51.50740348366911,0.0 -0.10086943226052529,51.50741065369232,0.0 -0.10115928770007064,51.507417823000026,0.0 -0.10144914325943066,51.50742499159221,0.0 -0.10173899893859621,51.50743215946889,0.0 -0.1020288547375514,51.50743932663005,0.0 -0.10231871065628627,51.507446493075705,0.0 -0.1026085666947917,51.50745365880586,0.0 -0.10289842285305136,51.50746082382047,0.0 -0.10318827913105612,51.50746798811959,0.0 -0.10347813552879326,51.5074751517032,0.0 -0.10376799204624847,51.507482314571284,0.0 -0.10405784868341657,51.507489476723855,0.0 -0.1043477054402785,51.5074966381609,0.0 -0.10463756231682668,51.50750379888244,0.0 -0.10492741931304721,51.50751095888845,0.0 -0.10521727642892814,51.50751811817894,0.0 -0.10550713366445957,51.507525276753924,0.0 -0.10579699101962557,51.50753243461339,0.0 -0.1060868484944198,51.50753959175732,0.0 -0.10637670608882592,51.50754674818573,0.0 -0.10666656380283482,51.50755390389863,0.0 -0.10695642163643178,51.507561058895995,0.0 -0.10724627958960846,51.50756821317784,0.0 -0.10753613766234935,51.50757536674416,0.0 -0.10782599585464449,51.507582519594955,0.0 -0.10811585416648357,51.50758967173022,0.0 -0.10840571259784988,51.507596823149974,0.0 -0.10869557114873626,51.50760397385419,0.0 -0.10898542981912882,51.50761112384288,0.0 -0.10927528860901521,51.50761827311604,0.0 -0.1095651475183863,51.50762542167366,0.0 -0.10985500654722537,51.50763256951576,0.0 -0.11014486569552448,51.50763971664234,0.0 -0.11043472496327053,51.50764686305338,0.0 -0.11072458435045276,51.50765400874889,0.0 -0.11101444385705568,51.507661153728854,0.0 -0.11130430348307133,51.50766829799329,0.0 -0.11159416322848738,51.5076754415422,0.0 -0.11188402309328833,51.50768258437557,0.0 -0.11217388307746784,51.50768972649341,0.0 -0.1124637431810088,51.5076968678957,0.0 -0.11275360340390164,51.50770400858247,0.0 -0.11304346374613647,51.507711148553696,0.0 -0.11333332420769734,51.507718287809375,0.0 -0.11362318478857594,51.50772542634954,0.0 -0.11391304548875635,51.50773256417415,0.0 -0.1142029063082314,51.507739701283214,0.0 -0.11449276724698522,51.50774683767674,0.0 -0.11478262830500785,51.50775397335473,0.0 -0.11507248948228775,51.50776110831717,0.0 -0.11536235077881182,51.50776824256407,0.0 -0.11565221219456932,51.50777537609543,0.0 -0.11594207372954754,51.50778250891124,0.0 -0.1162319353837361,51.507789641011506,0.0 -0.11652179715711995,51.50779677239623,0.0 -0.11681165904968832,51.50780390306541,0.0 -0.11710152106143247,51.50781103301903,0.0 -0.11739138319233611,51.50781816225711,0.0 -0.11768124544239165,51.50782529077965,0.0 -0.11797110781158285,51.50783241858664,0.0 -0.11826097029989932,51.50783954567807,0.0 -0.11855083290733273,51.507846672053944,0.0 -0.1188406956338648,51.507853797714276,0.0 -0.11913055847948957,51.507860922659056,0.0 -0.11942042144419071,51.50786804688828,0.0 -0.1197102845279599,51.50787517040195,0.0 -0.12000014773078202,51.507882293200076,0.0 -0.12000014117923258,51.5087817200731,0.0 -0.11971027798139477,51.50877459732753,0.0 -0.1194204149026127,51.50876747386639,0.0 -0.11913055194289787,51.508760349689716,0.0 -0.11884068910226221,51.50875322479749,0.0 -0.11855082638071765,51.50874609918972,0.0 -0.1182609637782773,51.5087389728664,0.0 -0.11797110129495073,51.50873184582754,0.0 -0.11768123893075022,51.508724718073125,0.0 -0.11739137668568972,51.50871758960317,0.0 -0.11710151455977956,51.508710460417674,0.0 -0.11681165255303207,51.50870333051663,0.0 -0.11652179066545916,51.50869619990006,0.0 -0.11623192889707436,51.50868906856793,0.0 -0.115942067247886,51.50868193652027,0.0 -0.11565220571790842,51.50867480375707,0.0 -0.11536234430715274,51.50866767027833,0.0 -0.11507248301563129,51.508660536084044,0.0 -0.11478262184335479,51.508653401174236,0.0 -0.11449276079033716,51.50864626554887,0.0 -0.11420289985658835,51.50863912920798,0.0 -0.11391303904212187,51.50863199215156,0.0 -0.11362317834694766,51.5086248543796,0.0 -0.11333331777107804,51.5086177158921,0.0 -0.11304345731452732,51.50861057668907,0.0 -0.11275359697730586,51.508603436770514,0.0 -0.11246373675942556,51.50859629613641,0.0 -0.11217387666089795,51.508589154786776,0.0 -0.11188401668173419,51.508582012721625,0.0 -0.11159415682194737,51.50857486994094,0.0 -0.11130429708155024,51.50856772644472,0.0 -0.1110144374605531,51.508560582232974,0.0 -0.11072457795896791,51.5085534373057,0.0 -0.11043471857680737,51.50854629166289,0.0 -0.11014485931408342,51.50853914530457,0.0 -0.1098550001708072,51.508531998230715,0.0 -0.10956514114699022,51.50852485044134,0.0 -0.109275282242646,51.508517701936434,0.0 -0.1089854234577853,51.508510552716004,0.0 -0.10869556479241842,51.50850340278006,0.0 -0.10840570624656128,51.50849625212858,0.0 -0.10811584782022342,51.50848910076158,0.0 -0.10782598951341638,51.508481948679055,0.0 -0.10753613132615207,51.50847479588103,0.0 -0.10724627325844402,51.50846764236747,0.0 -0.10695641531030375,51.50846048813839,0.0 -0.10666655748173962,51.50845333319379,0.0 -0.10637669977276831,51.50844617753368,0.0 -0.10608684218339899,51.508439021158054,0.0 -0.10579698471364436,51.50843186406689,0.0 -0.10550712736351676,51.50842470626025,0.0 -0.10521727013302652,51.50841754773807,0.0 -0.10492741302218715,51.50841038850037,0.0 -0.10463755603101059,51.50840322854717,0.0 -0.10434769915950518,51.50839606787845,0.0 -0.104057842407688,51.50838890649422,0.0 -0.10376798577556824,51.50838174439448,0.0 -0.10347812926315858,51.50837458157923,0.0 -0.10318827287046978,51.508367418048465,0.0 -0.10289841659751613,51.50836025380218,0.0 -0.1026085604443064,51.5083530888404,0.0 -0.10231870441085487,51.50834592316311,0.0 -0.10202884849717192,51.50833875677032,0.0 -0.10173899270327104,51.508331589662006,0.0 -0.10144913702916296,51.508324421838196,0.0 -0.10115928147485763,51.50831725329889,0.0 -0.10086942604037095,51.50831008404407,0.0 -0.10057957072571287,51.50830291407374,0.0 -0.1002897155308949,51.50829574338791,0.0 -0.09999986045592978,51.508288571986576,0.0 -0.09971000550082704,51.508281399869745,0.0 -0.09942015066560218,51.50827422703741,0.0 -0.09913029595026596,51.508267053489575,0.0 -0.09884044135482908,51.508259879226244,0.0 -0.0985505868793043,51.50825270424741,0.0 -0.09826073252370272,51.50824552855308,0.0 -0.09797087828803787,51.50823835214325,0.0 -0.09768102417232048,51.508231175017926,0.0 -0.0973911701765621,51.508223997177105,0.0 -0.09710131630077502,51.50821681862078,0.0 -0.09681146254497079,51.50820963934897,0.0 -0.09652160890916293,51.508202459361655,0.0 -0.09623175539336216,51.50819527865886,0.0 -0.09594190199757924,51.50818809724057,0.0 -0.09565204872182766,51.508180915106784,0.0 -0.09536219556611697,51.508173732257504,0.0 -0.09507234253046268,51.50816654869273,0.0 -0.09478248961487472,51.50815936441247,0.0 -0.09449263681936423,51.50815217941672,0.0 -0.09420278414394553,51.508144993705486,0.0 -0.09391293158862894,51.50813780727876,0.0 -0.09362307915342681,51.508130620136534,0.0 -0.09333322683835103,51.508123432278836,0.0 -0.09304337464341077,51.50811624370565,0.0 -0.09275352256862114,51.508109054416984,0.0 -0.09246367061399484,51.508101864412836,0.0 -0.09217381877954103,51.50809467369318,0.0 -0.09188396706527124,51.50808748225807,0.0 -0.09159411547119939,51.508080290107465,0.0 -0.0913042639973382,51.50807309724137,0.0 -0.0910144126436952,51.5080659036598,0.0 -0.09072456141028751,51.50805870936275,0.0 -0.09043471029712426,51.50805151435023,0.0 -0.0901448593042178,51.50804431862221,0.0 -0.08985500843158081,51.50803712217872,0.0 -0.08956515767922367,51.508029925019756,0.0 -0.08927530704715908,51.50802272714532,0.0 -0.08898545653539817,51.5080155285554,0.0 -0.08869560614395408,51.50800832925,0.0 -0.08840575587283872,51.508001129229136,0.0 -0.08811590572206282,51.5079939284928,0.0 -0.08782605569163832,51.50798672704098,0.0 -0.08753620578157872,51.50797952487369,0.0 -0.08724635599189398,51.507972321990934,0.0 -0.08695650632259799,51.50796511839269,0.0 -0.08666665677369914,51.507957914078986,0.0 -0.0863768073452125,51.507950709049815,0.0 -0.08608695803714961,51.507943503305164,0.0 -0.0857971088495216,51.50793629684507,0.0 -0.0855072597823416,51.50792908966949,0.0 -0.08521741083562033,51.50792188177843,0.0 -0.08492756200936893,51.50791467317192,0.0 -0.08463771330360093,51.50790746384994,0.0 -0.08434786471832824,51.50790025381248,0.0 -0.08405801625356159,51.50789304305958,0.0 -0.08376816790931173,51.50788583159121,0.0 -0.08347831968559455,51.50787861940738,0.0 -0.08318847158241761,51.50787140650807,0.0 -0.08289862359979523,51.507864192893315,0.0 -0.08260877573773892,51.50785697856309,0.0 -0.08231892799626103,51.50784976351741,0.0 -0.08202908037537147,51.50784254775626,0.0 -0.08173923287508458,51.50783533127965,0.0 -0.08144938549541147,51.5078281140876,0.0 -0.0811595382363633,51.507820896180085,0.0 -0.08086969109795275,51.50781367755711,0.0 -0.08057984408019139,51.50780645821868,0.0 -0.08028999718309192,51.507799238164786,0.0 -0.08000015040666468,51.50779201739545,0.0 -0.08000014383620722,51.508691451447554,0.0 -0.08028999060756745,51.50869867216362,0.0 -0.0805798374995995,51.50870589216425,0.0 -0.08086968451229623,51.50871311144944,0.0 -0.08115953164564292,51.50872033001916,0.0 -0.08144937889962726,51.50872754787344,0.0 -0.08173922627423813,51.50873476501227,0.0 -0.08202907376946357,51.50874198143564,0.0 -0.08231892138529324,51.50874919714356,0.0 -0.08260876912171089,51.50875641213603,0.0 -0.0828986169787097,51.508763626413035,0.0 -0.08318846495627541,51.50877083997459,0.0 -0.08347831305439726,51.50877805282068,0.0 -0.08376816127305974,51.50878526495133,0.0 -0.0840580096122553,51.50879247636651,0.0 -0.08434785807197083,51.508799687066215,0.0 -0.0846377066521924,51.50880689705048,0.0 -0.08492755535291129,51.50881410631929,0.0 -0.08521740417411315,51.508821314872634,0.0 -0.08550725311578847,51.50882852271051,0.0 -0.08579710217792053,51.508835729832924,0.0 -0.08608695136050377,51.50884293623988,0.0 -0.0863768006635227,51.50885014193138,0.0 -0.08666665008696657,51.508857346907405,0.0 -0.08695649963082147,51.508864551167974,0.0 -0.08724634929507746,51.50887175471307,0.0 -0.08753619907972301,51.508878957542706,0.0 -0.08782604898474303,51.508886159656875,0.0 -0.08811589901013032,51.50889336105556,0.0 -0.08840574915587021,51.50890056173879,0.0 -0.08869559942195195,51.50890776170655,0.0 -0.08898544980836044,51.50891496095884,0.0 -0.0892753003150889,51.50892215949566,0.0 -0.08956515094212146,51.508929357317015,0.0 -0.08985500168944736,51.508936554422895,0.0 -0.09014485255705629,51.508943750813295,0.0 -0.0904347035449343,51.508950946488234,0.0 -0.09072455465307186,51.50895814144768,0.0 -0.09101440588145189,51.50896533569167,0.0 -0.09130425723006841,51.50897252922017,0.0 -0.09159410869890752,51.5089797220332,0.0 -0.0918839602879549,51.508986914130766,0.0 -0.09217381199720219,51.50899410551285,0.0 -0.09246366382663669,51.50900129617944,0.0 -0.09275351577624526,51.50900848613057,0.0 -0.09304336784601518,51.5090156753662,0.0 -0.09333322003593772,51.50902286388637,0.0 -0.09362307234599934,51.50903005169105,0.0 -0.09391292477618694,51.50903723878025,0.0 -0.09420277732648978,51.509044425153974,0.0 -0.09449262999689673,51.50905161081221,0.0 -0.09478248278739546,51.50905879575495,0.0 -0.09507233569797205,51.50906597998222,0.0 -0.09536218872861736,51.509073163494,0.0 -0.09565204187931947,51.5090803462903,0.0 -0.09594189515006248,51.50908752837111,0.0 -0.09623174854083962,51.50909470973643,0.0 -0.09652160205163657,51.50910189038627,0.0 -0.09681145568244261,51.50910907032062,0.0 -0.09710130943324263,51.50911624953947,0.0 -0.09739116330402947,51.509123428042834,0.0 -0.09768101729478725,51.50913060583073,0.0 -0.0979708714055044,51.50913778290311,0.0 -0.0982607256361726,51.50914495925999,0.0 -0.09855057998677832,51.5091521349014,0.0 -0.09884043445730765,51.509159309827304,0.0 -0.09913028904774866,51.50916648403773,0.0 -0.09942014375809262,51.50917365753264,0.0 -0.09970999858832559,51.50918083031207,0.0 -0.09999985353843406,51.509188002376,0.0 -0.10028970860841048,51.50919517372443,0.0 -0.10057956379823975,51.50920234435736,0.0 -0.10086941910791072,51.5092095142748,0.0 -0.10115927453741029,51.50921668347674,0.0 -0.1014491300867293,51.50922385196318,0.0 -0.10173898575585345,51.50923101973412,0.0 -0.10202884154477239,51.50923818678955,0.0 -0.10231869745347222,51.5092453531295,0.0 -0.10260855348194418,51.509252518753925,0.0 -0.10289840963017396,51.509259683662854,0.0 -0.10318826589814885,51.50926684785628,0.0 -0.10347812228585929,51.50927401133421,0.0 -0.10376797879329257,51.509281174096635,0.0 -0.10405783542043835,51.50928833614354,0.0 -0.10434769216728033,51.509295497474945,0.0 -0.10463754903381096,51.509302658090846,0.0 -0.10492740602001592,51.50930981799124,0.0 -0.10521726312588368,51.50931697717612,0.0 -0.1055071203514043,51.5093241356455,0.0 -0.10579697769656508,51.50933129339936,0.0 -0.10608683516135169,51.50933845043772,0.0 -0.10637669274575377,51.50934560676056,0.0 -0.10666655044976063,51.50935276236789,0.0 -0.10695640827335992,51.50935991725971,0.0 -0.10724626621653692,51.50936707143602,0.0 -0.1075361242792841,51.50937422489681,0.0 -0.10782598246158755,51.50938137764208,0.0 -0.1081158407634361,51.50938852967184,0.0 -0.10840569918481428,51.50939568098608,0.0 -0.10869555772571453,51.50940283158482,0.0 -0.1089854163861241,51.50940998146803,0.0 -0.10927527516602872,51.50941713063572,0.0 -0.10956513406541962,51.5094242790879,0.0 -0.10985499308428368,51.509431426824555,0.0 -0.11014485222260897,51.509438573845685,0.0 -0.1104347114803816,51.509445720151305,0.0 -0.11072457085759199,51.509452865741395,0.0 -0.11101443035423024,51.50946001061597,0.0 -0.11130428997027922,51.50946715477501,0.0 -0.11159414970573178,51.50947429821853,0.0 -0.11188400956057284,51.50948144094653,0.0 -0.11217386953479204,51.50948858295902,0.0 -0.11246372962837546,51.50949572425596,0.0 -0.11275358984131596,51.50950286483739,0.0 -0.11304345017359764,51.50951000470329,0.0 -0.11333331062520974,51.50951714385365,0.0 -0.11362317119613877,51.509524282288496,0.0 -0.11391303188637557,51.5095314200078,0.0 -0.11420289269590622,51.50953855701159,0.0 -0.11449275362471961,51.509545693299835,0.0 -0.1147826146728038,51.50955282887256,0.0 -0.11507247584014765,51.50955996372974,0.0 -0.11536233712673846,51.509567097871404,0.0 -0.11565219853256269,51.50957423129751,0.0 -0.11594206005761121,51.5095813640081,0.0 -0.11623192170187169,51.50958849600317,0.0 -0.1165217834653298,51.50959562728268,0.0 -0.11681164534797683,51.50960275784667,0.0 -0.11710150734979964,51.50960988769511,0.0 -0.11739136947078471,51.50961701682803,0.0 -0.11768123171092211,51.509624145245404,0.0 -0.1179710940702011,51.50963127294722,0.0 -0.11826095654860776,51.50963839993352,0.0 -0.11855081914612857,51.509645526204274,0.0 -0.1188406818627556,51.50965265175948,0.0 -0.11913054469847413,51.50965977659916,0.0 -0.11942040765327341,51.50966690072328,0.0 -0.11971027072714034,51.50967402413187,0.0 -0.12000013392006458,51.5096811468249,0.0 -0.12000012595324502,51.510580573455485,0.0 -0.11971026276516437,51.51057345081498,0.0 -0.11942039969614024,51.51056632745894,0.0 -0.11913053674618733,51.51055920338736,0.0 -0.11884067391531397,51.510552078600256,0.0 -0.11855081120353372,51.510544953097614,0.0 -0.11826094861086085,51.51053782687942,0.0 -0.11797108613730493,51.510530699945704,0.0 -0.11768122378287749,51.51052357229646,0.0 -0.11739136154759083,51.51051644393167,0.0 -0.11710149943145731,51.510509314851355,0.0 -0.11681163743448962,51.5105021850555,0.0 -0.1165217755566985,51.51049505454412,0.0 -0.11623191379809351,51.51048792331721,0.0 -0.11594205215869212,51.51048079137477,0.0 -0.11565219063850231,51.51047365871679,0.0 -0.11536232923753557,51.5104665253433,0.0 -0.11507246795580744,51.510459391254265,0.0 -0.11478260679332586,51.51045225644971,0.0 -0.11449274575010394,51.51044512092963,0.0 -0.11420288482615482,51.51043798469402,0.0 -0.11391302402148921,51.51043084774289,0.0 -0.11362316333611708,51.51042371007624,0.0 -0.11333330277005549,51.51041657169405,0.0 -0.11304344232331241,51.51040943259635,0.0 -0.11275358199590137,51.51040229278312,0.0 -0.11246372178783308,51.51039515225438,0.0 -0.11217386169911829,51.51038801101011,0.0 -0.1118840017297733,51.510380869050316,0.0 -0.11159414187980604,51.51037372637501,0.0 -0.11130428214922847,51.510366582984176,0.0 -0.11101442253805606,51.510359438877835,0.0 -0.11072456304629759,51.51035229405597,0.0 -0.11043470367396378,51.51034514851859,0.0 -0.11014484442107013,51.51033800226569,0.0 -0.10985498528762778,51.510330855297276,0.0 -0.10956512627364468,51.51032370761335,0.0 -0.10927526737913673,51.51031655921391,0.0 -0.10898540860411665,51.510309410098955,0.0 -0.1086955499485924,51.51030226026849,0.0 -0.10840569141257948,51.510295109722506,0.0 -0.10811583299608583,51.510287958461014,0.0 -0.10782597469912818,51.51028080648402,0.0 -0.10753611652171563,51.5102736537915,0.0 -0.10724625846385856,51.51026650038349,0.0 -0.10695640052557244,51.51025934625995,0.0 -0.10666654270686723,51.51025219142091,0.0 -0.10637668500775486,51.51024503586637,0.0 -0.10608682742824724,51.51023787959631,0.0 -0.1057969699683575,51.51023072261076,0.0 -0.105507112628094,51.510223564909694,0.0 -0.1052172554074742,51.51021640649313,0.0 -0.10492739830650528,51.51020924736106,0.0 -0.10463754132519996,51.510202087513484,0.0 -0.10434768446357297,51.510194926950405,0.0 -0.10405782772163222,51.51018776567183,0.0 -0.10376797109939324,51.51018060367774,0.0 -0.10347811459686557,51.51017344096817,0.0 -0.10318825821406112,51.510166277543085,0.0 -0.10289840195099344,51.51015911340251,0.0 -0.10260854580767205,51.51015194854644,0.0 -0.10231868978411086,51.510144782974855,0.0 -0.10202883388032222,51.51013761668778,0.0 -0.10173897809631763,51.51013044968521,0.0 -0.10144912243210505,51.510123281967154,0.0 -0.10115926688770238,51.5101161135336,0.0 -0.10086941146311716,51.51010894438454,0.0 -0.10057955615836213,51.51010177451999,0.0 -0.10028970097345159,51.510094603939955,0.0 -0.09999984590839549,51.510087432644426,0.0 -0.09970999096320494,51.5100802606334,0.0 -0.09942013613789429,51.51007308790689,0.0 -0.09913028143247264,51.510065914464896,0.0 -0.09884042684695513,51.51005874030739,0.0 -0.09855057238135048,51.51005156543441,0.0 -0.09826071803567064,51.510044389845945,0.0 -0.09797086380993032,51.510037213541985,0.0 -0.09768100970414104,51.510030036522544,0.0 -0.09739115571831035,51.51002285878762,0.0 -0.09710130185245615,51.51001568033721,0.0 -0.09681144810658639,51.510008501171306,0.0 -0.09652159448071337,51.51000132128993,0.0 -0.09623174097485025,51.50999414069305,0.0 -0.09594188758900894,51.509986959380704,0.0 -0.09565203432319978,51.509979777352875,0.0 -0.09536218117743549,51.50997259460957,0.0 -0.09507232815172917,51.50996541115078,0.0 -0.09478247524609039,51.50995822697651,0.0 -0.09449262246053425,51.50995104208676,0.0 -0.0942027697950675,51.50994385648152,0.0 -0.09391291724970724,51.50993667016082,0.0 -0.09362306482446342,51.509929483124644,0.0 -0.09333321251934676,51.50992229537299,0.0 -0.09304336033437197,51.509915106905844,0.0 -0.0927535082695482,51.50990791772324,0.0 -0.09246365632488739,51.509900727825155,0.0 -0.09217380450040422,51.509893537211596,0.0 -0.09188395279610785,51.50988634588257,0.0 -0.09159410121200942,51.509879153838064,0.0 -0.09130424974812483,51.5098719610781,0.0 -0.0910143984044628,51.50986476760265,0.0 -0.0907245471810357,51.50985757341174,0.0 -0.09043469607785741,51.509850378505355,0.0 -0.0901448450949347,51.50984318288351,0.0 -0.08985499423228467,51.50983598654619,0.0 -0.08956514348992003,51.5098287894934,0.0 -0.08927529286784597,51.50982159172514,0.0 -0.08898544236608194,51.50981439324143,0.0 -0.08869559198463473,51.509807194042246,0.0 -0.08840574172351744,51.509799994127604,0.0 -0.08811589158274398,51.50979279349748,0.0 -0.0878260415623239,51.509785592151914,0.0 -0.08753619166226875,51.50977839009087,0.0 -0.08724634188259281,51.50977118731438,0.0 -0.08695649222330842,51.50976398382242,0.0 -0.08666664268442116,51.509756779614996,0.0 -0.08637679326595207,51.50974957469211,0.0 -0.08608694396790555,51.50974236905378,0.0 -0.08579709479029828,51.509735162699975,0.0 -0.0855072457331398,51.50972795563072,0.0 -0.08521739679644126,51.509720747846,0.0 -0.08492754798021736,51.509713539345846,0.0 -0.08463769928447804,51.50970633013023,0.0 -0.08434785070923562,51.50969912019915,0.0 -0.08405800225450204,51.50969190955262,0.0 -0.08376815392029,51.50968469819063,0.0 -0.08347830570660827,51.5096774861132,0.0 -0.08318845761347274,51.5096702733203,0.0 -0.08289860964089296,51.50966305981197,0.0 -0.08260876178888084,51.50965584558818,0.0 -0.08231891405744993,51.50964863064894,0.0 -0.08202906644660973,51.50964141499424,0.0 -0.08173921895637458,51.509634198624106,0.0 -0.08144937158675561,51.50962698153852,0.0 -0.08115952433776195,51.50961976373749,0.0 -0.08086967720941031,51.509612545221,0.0 -0.08057983020170943,51.50960532598908,0.0 -0.08028998331467166,51.50959810604171,0.0 -0.08000013654830888,51.50959088537889,0.0 -0.08000012854293863,51.5104903191895,0.0 -0.08028997530437432,51.51049753979904,0.0 -0.0805798221864878,51.510504759693156,0.0 -0.080869669189264,51.51051197887182,0.0 -0.08115951631269491,51.51051919733504,0.0 -0.08144936355676467,51.51052641508283,0.0 -0.08173921092146333,51.51053363211518,0.0 -0.08202905840678015,51.51054084843208,0.0 -0.082318906012702,51.510548064033536,0.0 -0.0826087537392162,51.510555278919554,0.0 -0.08289860158631196,51.51056249309013,0.0 -0.083188449553977,51.51056970654524,0.0 -0.08347829764219897,51.51057691928492,0.0 -0.08376814585096753,51.51058413130915,0.0 -0.08405799418026919,51.51059134261794,0.0 -0.08434784263009239,51.51059855321128,0.0 -0.08463769120042523,51.510605763089174,0.0 -0.08492753989125655,51.51061297225161,0.0 -0.08521738870257485,51.510620180698595,0.0 -0.08550723763436659,51.51062738843012,0.0 -0.08579708668662143,51.51063459544621,0.0 -0.08608693585932549,51.51064180174685,0.0 -0.0863767851524684,51.510649007332034,0.0 -0.08666663456603745,51.51065621220176,0.0 -0.08695648410002348,51.51066341635603,0.0 -0.08724633375440942,51.51067061979485,0.0 -0.0875361835291877,51.51067782251821,0.0 -0.0878260334243452,51.510685024526126,0.0 -0.0881158834398704,51.510692225818566,0.0 -0.08840573357574977,51.510699426395554,0.0 -0.08869558383197416,51.51070662625709,0.0 -0.0889854342085285,51.510713825403165,0.0 -0.08927528470540322,51.510721023833774,0.0 -0.0895651353225852,51.51072822154893,0.0 -0.08985498606006331,51.51073541854862,0.0 -0.09014483691782642,51.51074261483284,0.0 -0.09043468789586022,51.51074981040162,0.0 -0.09072453899415396,51.51075700525492,0.0 -0.09101439021269733,51.51076419939276,0.0 -0.09130424155147601,51.51077139281514,0.0 -0.09159409301048044,51.51077858552204,0.0 -0.09188394458969552,51.51078577751349,0.0 -0.09217379628911213,51.51079296878947,0.0 -0.09246364810871752,51.51080015934997,0.0 -0.09275350004850055,51.51080734919502,0.0 -0.09304335210844854,51.51081453832459,0.0 -0.09333320428854872,51.51082172673869,0.0 -0.09362305658879079,51.51082891443732,0.0 -0.09391290900916201,51.51083610142049,0.0 -0.09420276154965045,51.51084328768817,0.0 -0.09449261421024498,51.51085047324038,0.0 -0.09478246699093329,51.510857658077136,0.0 -0.09507231989170303,51.51086484219841,0.0 -0.0953621729125423,51.5108720256042,0.0 -0.09565202605344154,51.510879208294526,0.0 -0.09594187931438525,51.51088639026936,0.0 -0.0962317326953627,51.51089357152874,0.0 -0.09652158619636315,51.51090075207263,0.0 -0.09681143981737428,51.51090793190104,0.0 -0.09710129355838376,51.51091511101397,0.0 -0.09739114741937967,51.51092228941145,0.0 -0.09768100140035008,51.51092946709342,0.0 -0.09797085550128304,51.51093664405991,0.0 -0.09826070972216865,51.51094382031092,0.0 -0.09855056406299217,51.51095099584645,0.0 -0.0988404185237425,51.510958170666505,0.0 -0.09913027310440888,51.51096534477107,0.0 -0.09942012780497818,51.51097251816015,0.0 -0.0997099826254389,51.51097969083375,0.0 -0.09999983756577949,51.51098686279186,0.0 -0.10028969262598804,51.51099403403449,0.0 -0.10057954780605141,51.51100120456163,0.0 -0.10086940310596086,51.511008374373276,0.0 -0.1011592585257009,51.51101554346943,0.0 -0.10144911406526078,51.51102271185011,0.0 -0.10173896972462937,51.511029879515306,0.0 -0.10202882550379434,51.511037046464985,0.0 -0.10231868140274299,51.511044212699204,0.0 -0.10260853742146496,51.511051378217914,0.0 -0.10289839355994754,51.51105854302113,0.0 -0.1031882498181784,51.511065707108855,0.0 -0.1034781061961472,51.511072870481094,0.0 -0.10376796269384042,51.51108003313783,0.0 -0.10405781931124694,51.511087195079064,0.0 -0.10434767604835445,51.51109435630482,0.0 -0.10463753290515138,51.51110151681507,0.0 -0.10492738988162463,51.51110867660982,0.0 -0.10521724697776547,51.511115835689075,0.0 -0.10550710419355797,51.511122994052826,0.0 -0.105796961528993,51.511130151701096,0.0 -0.10608681898405943,51.51113730863384,0.0 -0.10637667655874135,51.51114446485111,0.0 -0.10666653425303042,51.51115162035286,0.0 -0.1069563920669143,51.511158775139116,0.0 -0.10724625000037989,51.51116592920987,0.0 -0.10753610805341564,51.511173082565115,0.0 -0.10782596622600844,51.51118023520486,0.0 -0.10811582451814956,51.5111873871291,0.0 -0.10840568292982625,51.511194538337826,0.0 -0.10869554146102381,51.51120168883106,0.0 -0.1089854001117335,51.51120883860878,0.0 -0.1092752588819418,51.51121598767099,0.0 -0.10956511777163637,51.5112231360177,0.0 -0.10985497678080809,51.51123028364889,0.0 -0.11014483590944145,51.511237430564584,0.0 -0.11043469515752728,51.51124457676476,0.0 -0.11072455452505131,51.51125172224942,0.0 -0.11101441401200475,51.51125886701857,0.0 -0.11130427361837292,51.511266011072216,0.0 -0.11159413334414509,51.51127315441035,0.0 -0.1118839931893089,51.51128029703297,0.0 -0.11217385315385285,51.511287438940066,0.0 -0.1124637132377654,51.511294580131654,0.0 -0.11275357344103543,51.51130172060771,0.0 -0.11304343376364781,51.511308860368274,0.0 -0.11333329420559263,51.511315999413306,0.0 -0.11362315476685872,51.51132313774282,0.0 -0.1139130154474342,51.51133027535681,0.0 -0.1142028762473055,51.5113374122553,0.0 -0.11449273716646233,51.51134454843826,0.0 -0.11478259820489195,51.5113516839057,0.0 -0.11507245936258242,51.51135881865762,0.0 -0.11536232063952223,51.51136595269401,0.0 -0.11565218203569903,51.511373086014885,0.0 -0.11594204355110213,51.51138021862024,0.0 -0.11623190518571837,51.51138735051007,0.0 -0.11652176693953663,51.51139448168437,0.0 -0.11681162881254419,51.511401612143146,0.0 -0.11710149080472951,51.51140874188639,0.0 -0.11739135291608029,51.51141587091413,0.0 -0.11768121514658657,51.511422999226326,0.0 -0.11797107749623444,51.51143012682298,0.0 -0.11826093996501157,51.51143725370412,0.0 -0.11855080255290842,51.51144437986973,0.0 -0.1188406652599107,51.511451505319805,0.0 -0.11913052808600845,51.511458630054356,0.0 -0.11942039103118814,51.51146575407338,0.0 -0.11971025409543946,51.51147287737687,0.0 -0.12000011727874887,51.51147999996482,0.0 -0.12000010789655148,51.51237942635291,0.0 -0.11971024471794173,51.51237230381751,0.0 -0.11942038165839326,51.512365180566576,0.0 -0.11913051871791522,51.51235805660012,0.0 -0.11884065589652151,51.512350931918135,0.0 -0.11855079319422449,51.51234380652063,0.0 -0.11826093061103445,51.5123366804076,0.0 -0.11797106814696294,51.51232955357905,0.0 -0.11768120580202468,51.51232242603496,0.0 -0.1173913435762284,51.512315297775366,0.0 -0.11710148146958803,51.51230816880024,0.0 -0.11681161948211469,51.51230103910959,0.0 -0.11652175761381953,51.51229390870342,0.0 -0.11623189586471723,51.51228677758172,0.0 -0.11594203423481536,51.51227964574453,0.0 -0.11565217272412943,51.512272513191796,0.0 -0.11536231133267018,51.51226537992355,0.0 -0.11507245006044912,51.51225824593978,0.0 -0.1147825889074774,51.5122511112405,0.0 -0.11449272787376932,51.51224397582572,0.0 -0.11420286695933482,51.512236839695404,0.0 -0.11391300616418584,51.51222970284958,0.0 -0.11362314548833549,51.51222256528824,0.0 -0.1133332849317949,51.51221542701139,0.0 -0.1130434244945748,51.51220828801903,0.0 -0.1127535641766903,51.512201148311156,0.0 -0.11246370397815096,51.51219400788776,0.0 -0.11217384389896749,51.51218686674887,0.0 -0.11188398393915501,51.51217972489446,0.0 -0.11159412409872227,51.51217258232454,0.0 -0.11130426437768279,51.512165439039116,0.0 -0.11101440477605046,51.512158295038184,0.0 -0.11072454529383285,51.51215115032174,0.0 -0.11043468593104269,51.5121440048898,0.0 -0.11014482668769707,51.512136858742345,0.0 -0.10985496756380075,51.512129711879396,0.0 -0.10956510855937204,51.512122564300924,0.0 -0.10927524967441689,51.512115416006964,0.0 -0.10898539090895,51.5121082669975,0.0 -0.1086955322629857,51.51210111727253,0.0 -0.10840567373653114,51.512093966832055,0.0 -0.10811581532959984,51.512086815676085,0.0 -0.1078259570422077,51.51207966380461,0.0 -0.10753609887435987,51.51207251121764,0.0 -0.10724624082607269,51.51206535791516,0.0 -0.10695638289735886,51.5120582038972,0.0 -0.10666652508822633,51.51205104916373,0.0 -0.10637666739868822,51.51204389371476,0.0 -0.10608680982876043,51.512036737550304,0.0 -0.10579695237844972,51.51202958067035,0.0 -0.10550709504776883,51.5120224230749,0.0 -0.10521723783673363,51.51201526476397,0.0 -0.1049273807453517,51.51200810573753,0.0 -0.10463752377363576,51.512000945995595,0.0 -0.10434766692159972,51.51199378553818,0.0 -0.1040578101892539,51.511986624365264,0.0 -0.10376795357660948,51.51197946247686,0.0 -0.10347809708368072,51.511972299872966,0.0 -0.10318824071047639,51.511965136553584,0.0 -0.10289838445701238,51.511957972518715,0.0 -0.10260852832329666,51.51195080776836,0.0 -0.10231867230934155,51.51194364230251,0.0 -0.10202881641516254,51.51193647612118,0.0 -0.1017389606407672,51.511929309224364,0.0 -0.10144910498616905,51.51192214161206,0.0 -0.1011592494513824,51.51191497328428,0.0 -0.10086939403641557,51.511907804241005,0.0 -0.10057953874128212,51.51190063448225,0.0 -0.10028968356599555,51.51189346400801,0.0 -0.0999998285105626,51.5118862928183,0.0 -0.099709973575,51.51187912091311,0.0 -0.09942011875931926,51.511871948292416,0.0 -0.09913026406353032,51.511864774956265,0.0 -0.09884040948764511,51.511857600904634,0.0 -0.09855055503167755,51.51185042613752,0.0 -0.09826070069563758,51.51184325065492,0.0 -0.09797084647953712,51.51183607445686,0.0 -0.09768099238339048,51.5118288975433,0.0 -0.09739113840720721,51.51182171991429,0.0 -0.09710128455099923,51.51181454156979,0.0 -0.09681143081478046,51.51180736250982,0.0 -0.09652157719855965,51.51180018273439,0.0 -0.0962317237023515,51.511793002243465,0.0 -0.09594187032616595,51.51178582103708,0.0 -0.09565201707001533,51.51177863911522,0.0 -0.09536216393391396,51.511771456477895,0.0 -0.09507231091786977,51.511764273125095,0.0 -0.0947824580218971,51.51175708905682,0.0 -0.09449260524600825,51.51174990427309,0.0 -0.09420275259021317,51.51174271877389,0.0 -0.09391290005452459,51.51173553255922,0.0 -0.09362304763895561,51.51172834562909,0.0 -0.09333319534351618,51.51172115798347,0.0 -0.09304334316821902,51.51171396962241,0.0 -0.09275349111307846,51.51170678054588,0.0 -0.09246363917810084,51.511699590753885,0.0 -0.09217378736330246,51.511692400246424,0.0 -0.09188393566869565,51.511685209023504,0.0 -0.09159408409428837,51.511678017085124,0.0 -0.09130423264009573,51.511670824431285,0.0 -0.09101438130613003,51.51166363106197,0.0 -0.09072453009239924,51.51165643697721,0.0 -0.09043467899891885,51.51164924217699,0.0 -0.090144828025702,51.51164204666131,0.0 -0.08985497717275466,51.51163485043018,0.0 -0.08956512644009668,51.511627653483586,0.0 -0.08927527582773244,51.511620455821536,0.0 -0.08898542533567706,51.51161325744403,0.0 -0.08869557496394485,51.51160605835107,0.0 -0.08840572471254256,51.511598858542655,0.0 -0.0881158745814853,51.51159165801879,0.0 -0.0878260245707862,51.51158445677947,0.0 -0.0875361746804548,51.511577254824694,0.0 -0.08724632491050181,51.511570052154475,0.0 -0.08695647526094356,51.511562848768804,0.0 -0.0866666257317876,51.51155564466768,0.0 -0.08637677632304704,51.51154843985112,0.0 -0.08608692703473658,51.5115412343191,0.0 -0.08579707786686379,51.51153402807163,0.0 -0.0855072288194422,51.51152682110871,0.0 -0.08521737989248648,51.51151961343035,0.0 -0.08492753108600462,51.51151240503655,0.0 -0.08463768240000932,51.51150519592729,0.0 -0.08434783383451532,51.511497986102604,0.0 -0.08405798538952973,51.511490775562464,0.0 -0.08376813706506689,51.511483564306886,0.0 -0.0834782888611419,51.511476352335855,0.0 -0.08318844077776154,51.51146913964939,0.0 -0.08289859281494129,51.51146192624749,0.0 -0.0826087449726899,51.51145471213014,0.0 -0.08231889725102169,51.51144749729735,0.0 -0.08202904964994859,51.51144028174913,0.0 -0.08173920216948012,51.51143306548547,0.0 -0.08144935480962942,51.51142584850636,0.0 -0.08115950757040961,51.51141863081184,0.0 -0.08086966045183143,51.51141141240188,0.0 -0.08057981345390679,51.511404193276455,0.0 -0.0802899665766488,51.51139697343561,0.0 -0.08000011982006704,51.511389752879346,0.0 -0.08000011037967027,51.51228918644844,0.0 -0.0802899571314661,51.51229640695144,0.0 -0.08057980400394449,51.51230362673901,0.0 -0.08086965099708558,51.51231084581116,0.0 -0.0811594981108826,51.512318064167864,0.0 -0.08144934534532283,51.51232528180915,0.0 -0.08173919270039554,51.51233249873499,0.0 -0.08202904017608521,51.51233971494541,0.0 -0.08231888777238312,51.5123469304404,0.0 -0.08260873548927693,51.512354145219945,0.0 -0.0828985833267535,51.51236135928407,0.0 -0.08318843128480212,51.51236857263275,0.0 -0.08347827936341047,51.51237578526599,0.0 -0.08376812756256621,51.512382997183806,0.0 -0.0840579758822586,51.51239020838618,0.0 -0.08434782432247376,51.51239741887313,0.0 -0.0846376728832037,51.51240462864461,0.0 -0.08492752156443055,51.51241183770068,0.0 -0.08521737036614715,51.512419046041295,0.0 -0.08550721928834276,51.512426253666476,0.0 -0.0857970683309995,51.512433460576226,0.0 -0.0860869174941098,51.512440666770516,0.0 -0.08637676677766054,51.51244787224937,0.0 -0.08666661618164301,51.512455077012774,0.0 -0.08695646570603967,51.51246228106075,0.0 -0.0872463153508422,51.51246948439327,0.0 -0.08753616511603826,51.51247668701035,0.0 -0.08782601500161473,51.51248388891198,0.0 -0.08811586500756129,51.512491090098166,0.0 -0.08840571513386561,51.5124982905689,0.0 -0.08869556538051575,51.512505490324195,0.0 -0.0889854157474998,51.51251268936404,0.0 -0.08927526623480501,51.512519887688434,0.0 -0.08956511684242108,51.51252708529737,0.0 -0.08985496757033407,51.51253428219086,0.0 -0.09014481841853325,51.51254147836891,0.0 -0.09043466938700749,51.512548673831496,0.0 -0.09072452047574527,51.51255586857863,0.0 -0.09101437168473266,51.51256306261032,0.0 -0.09130422301395774,51.51257025592654,0.0 -0.09159407446341176,51.5125774485273,0.0 -0.09188392603307803,51.51258464041263,0.0 -0.09217377772294938,51.51259183158248,0.0 -0.09246362953300874,51.512599022036895,0.0 -0.09275348146325012,51.51260621177583,0.0 -0.09304333351365882,51.51261340079933,0.0 -0.09333318568422132,51.512620589107364,0.0 -0.09362303797492927,51.51262777669992,0.0 -0.09391289038576717,51.51263496357704,0.0 -0.09420274291672467,51.51264214973869,0.0 -0.09449259556779106,51.512649335184875,0.0 -0.09478244833895322,51.512656519915595,0.0 -0.09507230123019919,51.51266370393085,0.0 -0.09536215424151706,51.51267088723065,0.0 -0.09565200737289731,51.51267806981498,0.0 -0.09594186062432321,51.512685251683855,0.0 -0.09623171399578642,51.51269243283725,0.0 -0.09652156748727503,51.51269961327518,0.0 -0.0968114210987759,51.51270679299765,0.0 -0.09710127483027632,51.51271397200465,0.0 -0.09739112868176515,51.51272115029618,0.0 -0.09768098265323365,51.512728327872246,0.0 -0.0979708367446659,51.51273550473283,0.0 -0.0982606909560516,51.51274268087795,0.0 -0.09855054528737839,51.5127498563076,0.0 -0.09884039973863475,51.51275703102178,0.0 -0.09913025430980836,51.51276420502048,0.0 -0.09942010900088769,51.51277137830371,0.0 -0.0997099638118624,51.51277855087146,0.0 -0.09999981874271659,51.51278572272375,0.0 -0.10028967379344111,51.51279289386055,0.0 -0.10057952896402643,51.512800064281876,0.0 -0.10086938425445387,51.51280723398773,0.0 -0.10115923966471743,51.5128144029781,0.0 -0.10144909519480363,51.512821571252985,0.0 -0.10173895084470093,51.51282873881242,0.0 -0.1020288066143962,51.51283590565635,0.0 -0.10231866250387674,51.51284307178481,0.0 -0.10260851851313536,51.512850237197775,0.0 -0.1028983746421538,51.512857401895275,0.0 -0.10318823089092409,51.51286456587729,0.0 -0.10347808725943314,51.51287172914381,0.0 -0.10376794374767137,51.51287889169486,0.0 -0.1040578003556229,51.512886053530416,0.0 -0.10434765708327938,51.5128932146505,0.0 -0.10463751393062767,51.512900375055075,0.0 -0.1049273708976531,51.51290753474419,0.0 -0.10521722798434847,51.5129146937178,0.0 -0.1055070851907011,51.51292185197592,0.0 -0.10579694251669465,51.51292900951856,0.0 -0.10608679996232,51.5129361663457,0.0 -0.10637665752756681,51.51294332245737,0.0 -0.10666651521242433,51.51295047785353,0.0 -0.10695637301687509,51.51295763253421,0.0 -0.10724623094090993,51.51296478649939,0.0 -0.10753608898452051,51.512971939749086,0.0 -0.10782594714769013,51.512979092283274,0.0 -0.10811580543040845,51.512986244101974,0.0 -0.10840566383266274,51.512993395205186,0.0 -0.10869552235444467,51.513000545592895,0.0 -0.10898538099573833,51.51300769526511,0.0 -0.10927523975653139,51.513014844221836,0.0 -0.10956509863681749,51.51302199246305,0.0 -0.10985495763657754,51.51302913998878,0.0 -0.1101448167558052,51.513036286799,0.0 -0.11043467599448535,51.513043432893724,0.0 -0.11072453535260963,51.51305057827296,0.0 -0.11101439483016057,51.51305772293667,0.0 -0.11130425442713139,51.51306486688489,0.0 -0.1115941141435094,51.51307201011761,0.0 -0.11188397397928024,51.51307915263482,0.0 -0.1121738339344316,51.51308629443655,0.0 -0.11246369400895516,51.51309343552274,0.0 -0.11275355420283857,51.51310057589344,0.0 -0.11304341451606674,51.51310771554864,0.0 -0.1133332749486305,51.513114854488336,0.0 -0.11362313550051714,51.513121992712506,0.0 -0.11391299617171435,51.51312913022118,0.0 -0.11420285696221098,51.513136267014346,0.0 -0.11449271787199272,51.51314340309201,0.0 -0.11478257890105281,51.51315053845414,0.0 -0.11507244004937497,51.513157673100785,0.0 -0.11536230131694804,51.513164807031906,0.0 -0.1156521627037625,51.51317194024752,0.0 -0.11594202420980124,51.51317907274761,0.0 -0.1162318858350583,51.513186204532204,0.0 -0.11652174757951976,51.51319333560128,0.0 -0.11681160944317172,51.51320046595483,0.0 -0.11710147142600383,51.51320759559286,0.0 -0.11739133352800457,51.51321472451539,0.0 -0.1176811957491628,51.5132218527224,0.0 -0.11797105808946422,51.513228980213896,0.0 -0.11826092054889688,51.513236106989865,0.0 -0.11855078312745364,51.51324323305031,0.0 -0.1188406458251162,51.51325035839525,0.0 -0.11913050864187584,51.51325748302465,0.0 -0.11942037157772102,51.513264606938556,0.0 -0.1197102346326394,51.51327173013692,0.0 -0.12000009780661865,51.51327885261976,0.0 -0.12000008700892931,51.514178278765385,0.0 -0.11971022383950738,51.51417115633509,0.0 -0.11942036078914953,51.514164033189296,0.0 -0.11913049785786409,51.514156909327966,0.0 -0.11884063504566696,51.514149784751126,0.0 -0.1185507723525661,51.51414265945878,0.0 -0.11826090977857621,51.5141355334509,0.0 -0.11797104732370724,51.51412840672752,0.0 -0.11768118498797231,51.51412127928863,0.0 -0.11739132277138374,51.51411415113422,0.0 -0.11710146067395347,51.5141070222643,0.0 -0.11681159869568943,51.51409989267887,0.0 -0.11652173683660912,51.514092762377935,0.0 -0.11623187509672049,51.51408563136149,0.0 -0.11594201347603666,51.51407849962952,0.0 -0.11565215197456997,51.514071367182055,0.0 -0.11536229059233234,51.51406423401908,0.0 -0.1150724293293349,51.514057100140604,0.0 -0.11478256818559116,51.51404996554661,0.0 -0.11449270716111146,51.51404283023712,0.0 -0.11420284625590812,51.514035694212126,0.0 -0.11391298546999268,51.51402855747162,0.0 -0.11362312480337747,51.51402142001562,0.0 -0.1133332642560744,51.514014281844105,0.0 -0.1130434038280954,51.514007142957105,0.0 -0.11275354351945241,51.51400000335459,0.0 -0.11246368333015813,51.51399286303658,0.0 -0.11217382326022214,51.51398572200306,0.0 -0.1118839633096587,51.51397858025405,0.0 -0.1115941034784778,51.51397143778954,0.0 -0.11130424376669254,51.51396429460953,0.0 -0.11101438417431403,51.51395715071403,0.0 -0.11072452470135463,51.51395000610302,0.0 -0.11043466534782624,51.51394286077652,0.0 -0.1101448061137408,51.51393571473454,0.0 -0.10985494699911064,51.51392856797704,0.0 -0.10956508800394688,51.51392142050407,0.0 -0.10927522912826185,51.51391427231558,0.0 -0.10898537037206708,51.513907123411634,0.0 -0.1086955117353749,51.513899973792164,0.0 -0.1084056532181976,51.51389282345722,0.0 -0.10811579482054517,51.51388567240678,0.0 -0.10782593654243111,51.513878520640844,0.0 -0.10753607838386772,51.51387136815942,0.0 -0.10724622034486697,51.51386421496252,0.0 -0.10695636242543836,51.51385706105013,0.0 -0.10666650462559622,51.513849906422244,0.0 -0.1063766469453509,51.51384275107888,0.0 -0.1060867893847159,51.51383559502003,0.0 -0.10579693194370077,51.51382843824569,0.0 -0.1055070746223206,51.51382128075586,0.0 -0.10521721742058456,51.51381412255056,0.0 -0.10492736033850576,51.513806963629776,0.0 -0.10463750337609493,51.51379980399351,0.0 -0.10434764653336677,51.51379264364176,0.0 -0.10405778981032926,51.51378548257453,0.0 -0.10376793320699788,51.513778320791815,0.0 -0.10347807672338219,51.51377115829363,0.0 -0.10318822035949489,51.51376399507995,0.0 -0.10289836411534832,51.5137568311508,0.0 -0.10260850799095361,51.51374966650618,0.0 -0.1023186519863239,51.51374250114608,0.0 -0.10202879610146988,51.5137353350705,0.0 -0.10173894033640271,51.51372816827945,0.0 -0.10144908469113591,51.51372100077292,0.0 -0.1011592291656802,51.51371383255092,0.0 -0.1008693737600483,51.51370666361345,0.0 -0.10057951847425137,51.5136994939605,0.0 -0.1002896633083029,51.513692323592075,0.0 -0.09999980826221204,51.51368515250819,0.0 -0.09970995333599311,51.51367798070883,0.0 -0.09942009852965644,51.513670808194,0.0 -0.09913024384321556,51.51366363496371,0.0 -0.09884038927668118,51.51365646101793,0.0 -0.09855053483006604,51.51364928635672,0.0 -0.09826068050338087,51.51364211098001,0.0 -0.097970826296638,51.51363493488784,0.0 -0.09768097220985014,51.513627758080204,0.0 -0.09739111824303003,51.5136205805571,0.0 -0.0971012643961852,51.51361340231853,0.0 -0.09681141066933158,51.51360622336451,0.0 -0.09652155706247949,51.51359904369503,0.0 -0.09623170357564205,51.51359186331007,0.0 -0.0959418502088292,51.51358468220967,0.0 -0.09565199696205445,51.5135775003938,0.0 -0.09536214383532857,51.51357031786247,0.0 -0.09507229082866424,51.51356313461567,0.0 -0.0947824379420734,51.513555950653426,0.0 -0.09449258517556798,51.51354876597572,0.0 -0.09420273252915991,51.51354158058255,0.0 -0.09391288000286072,51.51353439447392,0.0 -0.09362302759668233,51.513527207649844,0.0 -0.09333317531063588,51.51352002011033,0.0 -0.09304332314473449,51.51351283185533,0.0 -0.09275347109898967,51.513505642884894,0.0 -0.09246361917341456,51.513498453199,0.0 -0.0921737673680191,51.51349126279766,0.0 -0.0918839156828152,51.51348407168086,0.0 -0.09159406411781561,51.513476879848604,0.0 -0.09130421267303183,51.5134696873009,0.0 -0.09101436134847621,51.513462494037746,0.0 -0.09072451014415946,51.51345530005915,0.0 -0.0904346590600959,51.513448105365114,0.0 -0.0901448080962943,51.51344090995562,0.0 -0.08985495725276973,51.513433713830665,0.0 -0.08956510652953097,51.513426516990286,0.0 -0.0892752559265927,51.51341931943446,0.0 -0.08898540544396488,51.51341212116318,0.0 -0.08869555508166063,51.513404922176456,0.0 -0.08840570483969067,51.5133977224743,0.0 -0.08811585471806774,51.513390522056696,0.0 -0.08782600471680335,51.51338332092364,0.0 -0.08753615483591023,51.51337611907515,0.0 -0.08724630507540072,51.513368916511226,0.0 -0.08695645543528356,51.51336171323185,0.0 -0.08666660591557344,51.51335450923704,0.0 -0.08637675651628111,51.513347304526796,0.0 -0.08608690723741809,51.51334009910111,0.0 -0.08579705807899832,51.51333289295998,0.0 -0.0855072090410317,51.513325686103414,0.0 -0.0852173601235314,51.51331847853143,0.0 -0.08492751132650771,51.513311270243996,0.0 -0.08463766264997497,51.51330406124113,0.0 -0.0843478140939419,51.51329685152284,0.0 -0.08405796565842323,51.5132896410891,0.0 -0.0837681173434297,51.51328242993994,0.0 -0.08347826914897284,51.513275218075336,0.0 -0.08318842107506456,51.51326800549532,0.0 -0.08289857312171918,51.51326079219986,0.0 -0.08260872528894425,51.51325357818897,0.0 -0.08231887757675688,51.51324636346265,0.0 -0.0820290299851642,51.513239148020915,0.0 -0.08173918251418016,51.51323193186375,0.0 -0.08144933516381468,51.513224714991146,0.0 -0.08115948793408405,51.51321749740312,0.0 -0.08086964082499544,51.51321027909968,0.0 -0.08057979383656395,51.5132030600808,0.0 -0.08028994696879954,51.513195840346505,0.0 -0.0800001002217165,51.51318861989679,0.0 -0.08000008934617713,51.51408805322439,0.0 -0.08028993608861934,51.514095273620825,0.0 -0.08057978295174173,51.51410249330185,0.0 -0.08086962993553319,51.51410971226745,0.0 -0.08115947703998176,51.51411693051763,0.0 -0.08144932426507633,51.51412414805239,0.0 -0.08173917161080496,51.51413136487173,0.0 -0.08202901907715336,51.514138580975654,0.0 -0.08231886666411276,51.51414579636414,0.0 -0.08260871437166685,51.51415301103723,0.0 -0.0828985621998105,51.514160224994875,0.0 -0.08318841014852538,51.514167438237095,0.0 -0.08347825821780357,51.5141746507639,0.0 -0.08376810640763234,51.51418186257528,0.0 -0.08405795471799696,51.514189073671226,0.0 -0.0843478031488903,51.51419628405175,0.0 -0.08463765170029686,51.51420349371685,0.0 -0.08492750037220666,51.51421070266651,0.0 -0.08521734916460821,51.51421791090075,0.0 -0.08550719807748558,51.51422511841956,0.0 -0.08579704711083204,51.51423232522293,0.0 -0.08608689626463167,51.514239531310885,0.0 -0.08637674553887652,51.51424673668339,0.0 -0.08666659493355107,51.51425394134047,0.0 -0.08695644444864581,51.514261145282134,0.0 -0.0872462940841476,51.51426834850834,0.0 -0.08753614384004411,51.51427555101912,0.0 -0.08782599371632542,51.51428275281447,0.0 -0.08811584371297682,51.51428995389437,0.0 -0.08840569382999033,51.51429715425884,0.0 -0.08869554406735047,51.51430435390789,0.0 -0.08898539442504609,51.514311552841484,0.0 -0.08927524490306728,51.51431875105963,0.0 -0.08956509550139931,51.514325948562345,0.0 -0.08985494622003343,51.51433314534963,0.0 -0.09014479705895573,51.51434034142147,0.0 -0.09043464801815349,51.51434753677786,0.0 -0.09072449909761676,51.51435473141881,0.0 -0.09101435029733164,51.51436192534432,0.0 -0.0913042016172882,51.51436911855439,0.0 -0.09159405305747328,51.514376311049006,0.0 -0.09188390461787659,51.51438350282819,0.0 -0.09217375629848537,51.51439069389191,0.0 -0.09246360809928532,51.5143978842402,0.0 -0.0927534600202685,51.51440507387304,0.0 -0.093043312061421,51.51441226279043,0.0 -0.09333316422273086,51.51441945099238,0.0 -0.09362301650418738,51.51442663847887,0.0 -0.09391286890577583,51.51443382524991,0.0 -0.09420272142748827,51.5144410113055,0.0 -0.09449257406930918,51.51444819664564,0.0 -0.09478242683122982,51.51445538127033,0.0 -0.09507227971323709,51.514462565179564,0.0 -0.09536213271531545,51.51446974837335,0.0 -0.09565198583745976,51.51447693085167,0.0 -0.09594183907965291,51.51448411261456,0.0 -0.09623169244188695,51.51449129366197,0.0 -0.096521545924144,51.514498473993925,0.0 -0.09681139952641928,51.51450565361044,0.0 -0.09710125324869727,51.514512832511485,0.0 -0.09739110709096448,51.51452001069707,0.0 -0.09768096105321294,51.51452718816721,0.0 -0.09797081513542796,51.51453436492188,0.0 -0.09826066933759878,51.51454154096108,0.0 -0.0985505236597123,51.51454871628484,0.0 -0.09884037810175778,51.51455589089313,0.0 -0.09913023266372409,51.51456306478595,0.0 -0.0994200873455969,51.51457023796332,0.0 -0.09970994214736709,51.51457741042522,0.0 -0.09999979706902191,51.51458458217164,0.0 -0.1002896521105455,51.514591753202616,0.0 -0.10057950727193306,51.51459892351812,0.0 -0.10086936255316668,51.51460609311816,0.0 -0.10115921795423806,51.51461326200275,0.0 -0.10144907347513325,51.51462043017183,0.0 -0.10173892911584233,51.51462759762548,0.0 -0.10202878487635295,51.51463476436363,0.0 -0.10231864075665002,51.51464193038634,0.0 -0.102608496756726,51.51464909569355,0.0 -0.10289835287656654,51.51465626028531,0.0 -0.10318820911616094,51.51466342416159,0.0 -0.10347806547549646,51.5146705873224,0.0 -0.1037679219545596,51.514677749767735,0.0 -0.10405777855334278,51.5146849114976,0.0 -0.10434763527183051,51.514692072511984,0.0 -0.10463749211001325,51.5146992328109,0.0 -0.10492734906787549,51.51470639239433,0.0 -0.10521720614541008,51.51471355126228,0.0 -0.1055070633426031,51.51472070941477,0.0 -0.10579692065943984,51.514727866851764,0.0 -0.10608677809591274,51.514735023573294,0.0 -0.1063766356520071,51.51474217957933,0.0 -0.10666649332771418,51.5147493348699,0.0 -0.10695635112301885,51.51475648944498,0.0 -0.10724620903790841,51.51476364330459,0.0 -0.10753606707237409,51.51477079644871,0.0 -0.10782592522640438,51.51477794887734,0.0 -0.10811578349998378,51.514785100590494,0.0 -0.10840564189310392,51.51479225158817,0.0 -0.10869550040574931,51.514799401870334,0.0 -0.10898535903791119,51.51480655143704,0.0 -0.10927521778957566,51.514813700288244,0.0 -0.10956507666073317,51.514820848423966,0.0 -0.10985493565136942,51.51482799584421,0.0 -0.11014479476147365,51.514835142548954,0.0 -0.11043465399103554,51.51484228853822,0.0 -0.1107245133400384,51.51484943381198,0.0 -0.11101437280847505,51.514856578370264,0.0 -0.1113042323963316,51.51486372221304,0.0 -0.1115940921035977,51.51487086534034,0.0 -0.11188395193025984,51.51487800775214,0.0 -0.11217381187630489,51.514885149448446,0.0 -0.1124636719417241,51.514892290429266,0.0 -0.11275353212650317,51.51489943069458,0.0 -0.11304339243063216,51.5149065702444,0.0 -0.11333325285409597,51.51491370907873,0.0 -0.11362311339688702,51.51492084719756,0.0 -0.11391297405899181,51.51492798460089,0.0 -0.11420283484039563,51.51493512128874,0.0 -0.11449269574109093,51.51494225726107,0.0 -0.1147825567610622,51.514949392517906,0.0 -0.11507241790030029,51.51495652705925,0.0 -0.11536227915879248,51.51496366088508,0.0 -0.11565214053652366,51.514970793995424,0.0 -0.11594200203348748,51.51497792639024,0.0 -0.11623186364966764,51.51498505806958,0.0 -0.11652172538505538,51.5149921890334,0.0 -0.1168115872396372,51.51499931928172,0.0 -0.11710144921339995,51.51500644881454,0.0 -0.11739131130633412,51.51501357763184,0.0 -0.11768117351842579,51.515020705733654,0.0 -0.11797103584966659,51.51502783311995,0.0 -0.11826089830003944,51.51503495979074,0.0 -0.11855076086953639,51.51504208574602,0.0 -0.11884062355814473,51.515049210985794,0.0 -0.11913048636585091,51.51505633551006,0.0 -0.1194203492926458,51.51506345931881,0.0 -0.11971021233851432,51.51507058241205,0.0 -0.12000007550344848,51.51507770478977,0.0 -0.1200000632901523,51.51597713069294,0.0 -0.11971020012963632,51.51597000836777,0.0 -0.11942033708818561,51.5159628853271,0.0 -0.11913047416581009,51.51595576157092,0.0 -0.11884061136252248,51.51594863709925,0.0 -0.11855074867833593,51.51594151191206,0.0 -0.11826088611326233,51.51593438600937,0.0 -0.11797102366731044,51.51592725939118,0.0 -0.11768116134049618,51.515920132057474,0.0 -0.11739129913282985,51.51591300400828,0.0 -0.11710143704432262,51.515905875243575,0.0 -0.1168115750749852,51.51589874576338,0.0 -0.1165217132248343,51.51589161556768,0.0 -0.11623185149387748,51.51588448465648,0.0 -0.11594198988212782,51.51587735302979,0.0 -0.1156521283895989,51.515870220687596,0.0 -0.11536226701629783,51.5158630876299,0.0 -0.11507240576224172,51.515855953856715,0.0 -0.1147825446274401,51.51584881936804,0.0 -0.11449268361190532,51.51584168416385,0.0 -0.11420282271564888,51.515834548244186,0.0 -0.11391296193868272,51.515827411609024,0.0 -0.11362310128102036,51.51582027425836,0.0 -0.11333324074267136,51.51581313619221,0.0 -0.11304338032364722,51.51580599741057,0.0 -0.11275352002396305,51.51579885791343,0.0 -0.1124636598436284,51.51579171770081,0.0 -0.11217379978265521,51.5157845767727,0.0 -0.11188393984105777,51.515777435129095,0.0 -0.11159408001884323,51.51577029277001,0.0 -0.11130422031602792,51.51576314969543,0.0 -0.11101436073262216,51.51575600590536,0.0 -0.1107245012686363,51.515748861399814,0.0 -0.11043464192408343,51.51574171617879,0.0 -0.11014478269897711,51.515734570242266,0.0 -0.10985492359332844,51.51572742359026,0.0 -0.10956506460714775,51.51572027622278,0.0 -0.109275205740447,51.5157131281398,0.0 -0.10898534699324046,51.515705979341355,0.0 -0.10869548836553812,51.51569882982742,0.0 -0.10840562985735305,51.515691679598014,0.0 -0.10811577146869325,51.51568452865312,0.0 -0.10782591319957777,51.51567737699274,0.0 -0.10753605505001257,51.5156702246169,0.0 -0.10724619702001238,51.515663071525566,0.0 -0.10695633910958792,51.51565591771877,0.0 -0.10666648131874955,51.51564876319648,0.0 -0.10637662364751314,51.51564160795873,0.0 -0.10608676609588706,51.51563445200549,0.0 -0.10579690866388601,51.515627295336785,0.0 -0.10550705135151835,51.51562013795261,0.0 -0.10521719415880038,51.51561297985295,0.0 -0.10492733708574042,51.51560582103783,0.0 -0.10463748013235163,51.51559866150724,0.0 -0.10434762329864514,51.51559150126117,0.0 -0.10405776658463482,51.515584340299625,0.0 -0.10376790999033106,51.51557717862262,0.0 -0.10347805351574733,51.515570016230136,0.0 -0.10318819716089242,51.51556285312221,0.0 -0.10289834092577903,51.515555689298786,0.0 -0.10260848481042187,51.515548524759915,0.0 -0.10231862881483088,51.51554135950556,0.0 -0.10202877293901799,51.515534193535764,0.0 -0.10173891718299354,51.515527026850485,0.0 -0.10144906154677343,51.515519859449746,0.0 -0.10115920603036639,51.515512691333534,0.0 -0.10086935063378556,51.51550552250189,0.0 -0.10057949535704008,51.51549835295476,0.0 -0.10028964020014626,51.51549118269218,0.0 -0.09999978516311402,51.51548401171412,0.0 -0.0997099302459549,51.51547684002062,0.0 -0.09942007544868202,51.51546966761164,0.0 -0.09913022077130293,51.515462494487224,0.0 -0.09884036621383513,51.51545532064734,0.0 -0.09855051177628854,51.515448146092005,0.0 -0.0982606574586755,51.5154409708212,0.0 -0.09797080326100477,51.51543379483496,0.0 -0.09768094918329262,51.51542661813325,0.0 -0.09739109522554783,51.51541944071608,0.0 -0.09710124138778548,51.51541226258347,0.0 -0.09681138767001193,51.5154050837354,0.0 -0.0965215340722439,51.51539790417189,0.0 -0.0962316805944941,51.515390723892914,0.0 -0.09594182723677008,51.5153835428985,0.0 -0.09565197399908776,51.515376361188615,0.0 -0.09536212088145347,51.515369178763294,0.0 -0.09507226788388554,51.515361995622534,0.0 -0.09478241500639346,51.51535481176631,0.0 -0.09449256224898882,51.515347627194636,0.0 -0.09420270961168191,51.515340441907526,0.0 -0.09391285709448745,51.51533325590498,0.0 -0.09362300469741539,51.515326069186976,0.0 -0.09333315242047924,51.51531888175352,0.0 -0.09304330026368893,51.51531169360462,0.0 -0.0927534482270576,51.51530450474029,0.0 -0.09246359631059796,51.51529731516052,0.0 -0.09217374451432035,51.51529012486529,0.0 -0.09188389283823789,51.51528293385463,0.0 -0.09159404128235973,51.51527574212852,0.0 -0.09130418984670097,51.515268549686986,0.0 -0.09101433853127353,51.51526135653001,0.0 -0.09072448733608617,51.5152541626576,0.0 -0.0904346362611532,51.51524696806973,0.0 -0.09014478530648654,51.51523977276644,0.0 -0.08985493447209811,51.515232576747714,0.0 -0.08956508375799907,51.51522538001355,0.0 -0.08927523316420012,51.51521818256395,0.0 -0.0889853826907164,51.51521098439892,0.0 -0.08869553233755822,51.51520378551845,0.0 -0.08840568210473555,51.515196585922546,0.0 -0.08811583199226188,51.51518938561121,0.0 -0.08782598200015074,51.51518218458444,0.0 -0.08753613212841085,51.515174982842254,0.0 -0.08724628237705777,51.515167780384616,0.0 -0.0869564327460998,51.515160577211574,0.0 -0.08666658323554968,51.51515337332309,0.0 -0.08637673384542092,51.51514616871917,0.0 -0.08608688457572586,51.515138963399835,0.0 -0.08579703542647284,51.51513175736507,0.0 -0.08550718639767656,51.51512455061488,0.0 -0.08521733748934897,51.515117343149264,0.0 -0.08492748870150038,51.515110134968225,0.0 -0.08463764003414433,51.515102926071755,0.0 -0.08434779148729035,51.51509571645987,0.0 -0.08405794306095277,51.515088506132564,0.0 -0.08376809475514388,51.51508129508983,0.0 -0.08347824656987404,51.51507408333167,0.0 -0.08318839850515439,51.5150668708581,0.0 -0.08289855056099762,51.515059657669106,0.0 -0.08260870273741729,51.51505244376469,0.0 -0.0823188550344237,51.51504522914486,0.0 -0.082029007452028,51.51503801380961,0.0 -0.08173915999024212,51.51503079775895,0.0 -0.08144931264908037,51.515023580992874,0.0 -0.08115946542855347,51.51501636351137,0.0 -0.08086961832867376,51.51500914531446,0.0 -0.0805797713494484,51.51500192640214,0.0 -0.08028992449089725,51.514994706774395,0.0 -0.08000007775302588,51.514987486431245,0.0 -0.08000006544223497,51.515886919517364,0.0 -0.08028991217560624,51.51589413980722,0.0 -0.08057975902966048,51.51590135938167,0.0 -0.08086960600438577,51.515908578240726,0.0 -0.08115945309976975,51.51591579638436,0.0 -0.08144930031580133,51.51592301381258,0.0 -0.08173914765246856,51.515930230525406,0.0 -0.08202899510976033,51.51593744652282,0.0 -0.0823188426876631,51.51594466180482,0.0 -0.08260869038616614,51.51595187637139,0.0 -0.08289853820525832,51.51595909022256,0.0 -0.08318838614492492,51.51596630335831,0.0 -0.08347823420515682,51.51597351577866,0.0 -0.08376808238593929,51.51598072748359,0.0 -0.08405793068726398,51.515987938473096,0.0 -0.0843477791091166,51.5159951487472,0.0 -0.084637627651486,51.51600235830587,0.0 -0.08492747631436065,51.516009567149126,0.0 -0.08521732509772902,51.516016775276974,0.0 -0.0855071740015772,51.51602398268939,0.0 -0.08579702302589447,51.516031189386396,0.0 -0.08608687217066847,51.51603839536797,0.0 -0.0863767214358885,51.51604560063413,0.0 -0.0866665708215418,51.51605280518487,0.0 -0.08695642032761768,51.51606000902019,0.0 -0.0872462699541026,51.51606721214008,0.0 -0.08753611970098503,51.51607441454455,0.0 -0.08782596956825384,51.51608161623359,0.0 -0.08811581955589749,51.516088817207205,0.0 -0.0884056696638997,51.516096017465394,0.0 -0.0886955198922549,51.51610321700816,0.0 -0.08898537024094758,51.5161104158355,0.0 -0.08927522070996699,51.5161176139474,0.0 -0.08956507129930201,51.51612481134388,0.0 -0.08985492200893835,51.51613200802493,0.0 -0.09014477283886485,51.516139203990555,0.0 -0.09043462378907197,51.51614639924074,0.0 -0.09072447485954382,51.51615359377549,0.0 -0.09101432605027204,51.51616078759483,0.0 -0.09130417736124352,51.51616798069872,0.0 -0.09159402879244634,51.51617517308717,0.0 -0.09188388034386855,51.51618236476019,0.0 -0.09217373201549703,51.51618955571779,0.0 -0.09246358380732345,51.516196745959924,0.0 -0.09275343571933349,51.516203935486644,0.0 -0.09304328775151126,51.516211124297925,0.0 -0.09333313990385196,51.51621831239376,0.0 -0.0936229921763405,51.516225499774166,0.0 -0.09391284456896694,51.51623268643913,0.0 -0.09420269708171498,51.51623987238864,0.0 -0.09449254971457667,51.516247057622735,0.0 -0.09478240246753888,51.516254242141365,0.0 -0.09507225534058851,51.51626142594456,0.0 -0.09536210833371363,51.51626860903232,0.0 -0.09565196144690705,51.51627579140463,0.0 -0.09594181468015092,51.51628297306149,0.0 -0.09623166803343607,51.516290154002924,0.0 -0.09652152150675178,51.516297334228895,0.0 -0.09681137510008413,51.51630451373943,0.0 -0.09710122881342119,51.516311692534515,0.0 -0.09739108264675224,51.51631887061414,0.0 -0.09768093660006255,51.51632604797834,0.0 -0.09797079067334498,51.51633322462706,0.0 -0.09826064486658401,51.51634040056035,0.0 -0.09855049917976931,51.516347575778205,0.0 -0.09884035361288857,51.516354750280584,0.0 -0.09913020816593023,51.516361924067525,0.0 -0.09942006283888198,51.516369097139005,0.0 -0.0997099176317331,51.516376269495034,0.0 -0.09999977254446807,51.51638344113561,0.0 -0.10028962757707735,51.51639061206073,0.0 -0.10057948272955179,51.51639778227039,0.0 -0.10086933800187471,51.516404951764606,0.0 -0.10115919339403814,51.51641212054336,0.0 -0.10144904890602818,51.51641928860666,0.0 -0.10173890453783209,51.51642645595449,0.0 -0.10202876028943995,51.516433622586874,0.0 -0.10231861616083943,51.51644078850379,0.0 -0.1026084721520154,51.516447953705246,0.0 -0.10289832826296114,51.516455118191246,0.0 -0.1031881844936631,51.516462281961786,0.0 -0.10347804084410858,51.51646944501687,0.0 -0.10376789731428444,51.51647660735647,0.0 -0.10405775390418036,51.516483768980635,0.0 -0.1043476106137856,51.516490929889315,0.0 -0.10463746744308544,51.51649809008253,0.0 -0.10492732439206917,51.51650524956029,0.0 -0.10521718146072644,51.516512408322576,0.0 -0.10550703864904332,51.516519566369396,0.0 -0.10579689595700908,51.51652672370075,0.0 -0.10608675338461222,51.51653388031663,0.0 -0.1063766109318396,51.51654103621705,0.0 -0.10666646859867929,51.516548191402,0.0 -0.10695632638511975,51.516555345871474,0.0 -0.10724618429114828,51.51656249962548,0.0 -0.10753604231675494,51.51656965266402,0.0 -0.10782590046192739,51.516576804987075,0.0 -0.10811575872665251,51.51658395659466,0.0 -0.10840561711091957,51.516591107486775,0.0 -0.10869547561471746,51.516598257663404,0.0 -0.10898533423803143,51.51660540712458,0.0 -0.10927519298085119,51.51661255587026,0.0 -0.10956505184316237,51.516619703900474,0.0 -0.10985491082495906,51.51662685121521,0.0 -0.11014476992622493,51.51663399781446,0.0 -0.11043462914694846,51.516641143698244,0.0 -0.11072448848711931,51.516648288866534,0.0 -0.11101434794672436,51.51665543331936,0.0 -0.1113042075257501,51.51666257705669,0.0 -0.11159406722418858,51.51666972007855,0.0 -0.11188392704202386,51.51667686238492,0.0 -0.11217378697924686,51.51668400397582,0.0 -0.11246364703584441,51.51669114485122,0.0 -0.1127535072118058,51.51669828501115,0.0 -0.11304336750711869,51.51670542445559,0.0 -0.11333322792176996,51.51671256318454,0.0 -0.1136230884557477,51.51671970119801,0.0 -0.11391294910904236,51.51672683849599,0.0 -0.11420280988163843,51.51673397507848,0.0 -0.11449267077352836,51.51674111094548,0.0 -0.11478253178469744,51.516748246096995,0.0 -0.11507239291513453,51.51675538053301,0.0 -0.11536225416482693,51.51676251425356,0.0 -0.11565211553376388,51.516769647258606,0.0 -0.11594197702193346,51.51677677954816,0.0 -0.11623183862932296,51.51678391112221,0.0 -0.11652170035591886,51.51679104198078,0.0 -0.11681156220171399,51.51679817212385,0.0 -0.11710142416669206,51.51680530155143,0.0 -0.11739128625084391,51.51681243026351,0.0 -0.11768114845415685,51.5168195582601,0.0 -0.11797101077661734,51.51682668554119,0.0 -0.11826087321821584,51.51683381210679,0.0 -0.11855073577893963,51.51684093795688,0.0 -0.118840598458774,51.51684806309148,0.0 -0.11913046125771179,51.51685518751058,0.0 -0.1194203241757395,51.51686231121417,0.0 -0.11971018721284438,51.51686943420227,0.0 -0.12000005036901412,51.51687655647487,0.0 -0.12000003674000415,51.517775982135554,0.0 -0.11971017358810947,51.51776885991553,0.0 -0.11942031055528005,51.51776173698002,0.0 -0.11913044764152979,51.517754613329,0.0 -0.11884058484687024,51.517747488962485,0.0 -0.11855072217131292,51.51774036388048,0.0 -0.11826085961487055,51.51773323808298,0.0 -0.11797099717755427,51.51772611156999,0.0 -0.11768113485937522,51.517718984341506,0.0 -0.11739127266034728,51.51771185639754,0.0 -0.11710141058048122,51.51770472773807,0.0 -0.11681154861978735,51.51769759836312,0.0 -0.11652168677828159,51.51769046827268,0.0 -0.11623182505597071,51.51768333746674,0.0 -0.11594196345287218,51.517676205945335,0.0 -0.11565210196899275,51.51766907370842,0.0 -0.11536224060434876,51.51766194075603,0.0 -0.11507237935894774,51.51765480708815,0.0 -0.11478251823280558,51.51764767270478,0.0 -0.11449265722593065,51.517640537605935,0.0 -0.11420279633833884,51.517633401791606,0.0 -0.1139129355700381,51.51762626526178,0.0 -0.11362307492104236,51.51761912801649,0.0 -0.11333321439136235,51.51761199005571,0.0 -0.11304335398101119,51.51760485137945,0.0 -0.11275349369000118,51.517597711987705,0.0 -0.1124636335183431,51.5175905718805,0.0 -0.11217377346604883,51.51758343105779,0.0 -0.11188391353313033,51.51757628951961,0.0 -0.11159405371960031,51.51756914726596,0.0 -0.11130419402547069,51.51756200429682,0.0 -0.11101433445075262,51.51755486061223,0.0 -0.11072447499545643,51.51754771621214,0.0 -0.1104346156595984,51.517540571096575,0.0 -0.11014475644318493,51.517533425265555,0.0 -0.10985489734623348,51.517526278719046,0.0 -0.10956503836875121,51.51751913145706,0.0 -0.10927517951075405,51.517511983479615,0.0 -0.10898532077224991,51.517504834786685,0.0 -0.10869546215325354,51.5174976853783,0.0 -0.10840560365377565,51.51749053525444,0.0 -0.10811574527382817,51.51748338441511,0.0 -0.10782588701342383,51.51747623286031,0.0 -0.10753602887257414,51.51746908059003,0.0 -0.10724617085128987,51.5174619276043,0.0 -0.10695631294958491,51.5174547739031,0.0 -0.10666645516746841,51.51744761948643,0.0 -0.10637659750495428,51.51744046435431,0.0 -0.10608673996205603,51.51743330850671,0.0 -0.10579688253878164,51.51742615194364,0.0 -0.10550702523514618,51.517418994665114,0.0 -0.10521716805115923,51.51741183667114,0.0 -0.10492731098683547,51.517404677961686,0.0 -0.10463745404218326,51.517397518536775,0.0 -0.10434759721721812,51.517390358396405,0.0 -0.10405774051194837,51.517383197540575,0.0 -0.10376788392638993,51.517376035969285,0.0 -0.10347802746054917,51.51736887368254,0.0 -0.10318817111444475,51.51736171068034,0.0 -0.10289831488808225,51.517354546962686,0.0 -0.10260845878147877,51.517347382529564,0.0 -0.10231860279464267,51.51734021738099,0.0 -0.10202874692758702,51.517333051516964,0.0 -0.10173889118032381,51.51732588493748,0.0 -0.10144903555286493,51.517318717642546,0.0 -0.10115918004522152,51.517311549632154,0.0 -0.1008693246574075,51.517304380906324,0.0 -0.10057946938943241,51.51729721146503,0.0 -0.10028961424131054,51.5172900413083,0.0 -0.09999975921304947,51.5172828704361,0.0 -0.09970990430466511,51.51727569884846,0.0 -0.09942004951616937,51.51726852654537,0.0 -0.0991301948475718,51.517261353526834,0.0 -0.09884034029888629,51.51725417979284,0.0 -0.0985504858701244,51.517247005343414,0.0 -0.09826063156129805,51.51723983017854,0.0 -0.09797077737241637,51.517232654298226,0.0 -0.09768092330349529,51.51722547770245,0.0 -0.09739106935454353,51.51721830039125,0.0 -0.097101215525577,51.517211122364586,0.0 -0.09681136181660285,51.51720394362249,0.0 -0.09652150822763542,51.51719676416496,0.0 -0.09623165475868621,51.51718958399198,0.0 -0.09594180140976796,51.51718240310356,0.0 -0.0956519481808914,51.517175221499706,0.0 -0.09536209507206925,51.517168039180405,0.0 -0.09507224208331264,51.517160856145665,0.0 -0.09478238921463387,51.51715367239549,0.0 -0.09449253646604452,51.517146487929885,0.0 -0.09420268383755809,51.51713930274884,0.0 -0.09391283132918252,51.517132116852345,0.0 -0.0936229789409353,51.51712493024044,0.0 -0.09333312667282241,51.51711774291309,0.0 -0.09304327452485973,51.51711055487031,0.0 -0.09275342249705881,51.517103366112096,0.0 -0.09246357058943079,51.51709617663844,0.0 -0.09217371880198835,51.51708898644935,0.0 -0.09188386713474068,51.51708179554485,0.0 -0.09159401558770287,51.51707460392492,0.0 -0.09130416416088485,51.51706741158953,0.0 -0.09101431285430016,51.51706021853875,0.0 -0.09072446166795751,51.51705302477252,0.0 -0.09043461060187444,51.51704583029087,0.0 -0.09014475965605767,51.51703863509379,0.0 -0.08985490883052114,51.51703143918128,0.0 -0.08956505812527635,51.517024242553354,0.0 -0.08927520754033526,51.517017045210004,0.0 -0.08898535707570898,51.51700984715122,0.0 -0.08869550673141263,51.51700264837701,0.0 -0.08840565650745297,51.51699544888739,0.0 -0.08811580640384788,51.516988248682345,0.0 -0.08782595642060213,51.51698104776189,0.0 -0.0875361065577348,51.51697384612599,0.0 -0.08724625681525228,51.51696664377469,0.0 -0.08695640719317044,51.516959440707964,0.0 -0.08666655769149764,51.516952236925825,0.0 -0.08637670831024781,51.51694503242826,0.0 -0.08608685904943406,51.51693782721529,0.0 -0.08579700990906472,51.51693062128689,0.0 -0.0855071608891557,51.51692341464308,0.0 -0.08521731198971537,51.516916207283856,0.0 -0.08492746321075922,51.51690899920922,0.0 -0.08463761455229481,51.51690179041917,0.0 -0.08434776601433844,51.51689458091371,0.0 -0.08405791759689725,51.516887370692835,0.0 -0.08376806929998876,51.51688015975655,0.0 -0.08347822112362009,51.51687294810486,0.0 -0.08318837306780599,51.51686573573775,0.0 -0.08289852513255637,51.51685852265523,0.0 -0.08260867731788477,51.5168513088573,0.0 -0.0823188296238015,51.516844094343966,0.0 -0.08202898205031972,51.51683687911523,0.0 -0.08173913459745051,51.51682966317108,0.0 -0.08144928726520743,51.51682244651155,0.0 -0.08115944005359921,51.51681522913658,0.0 -0.08086959296264136,51.51680801104622,0.0 -0.08057974599234222,51.51680079224046,0.0 -0.0802898991427177,51.516793572719294,0.0 -0.08000005241377534,51.51678635248272,0.0 -0.08000003866761918,51.517685785327345,0.0 -0.08028988539220178,51.51769300551061,0.0 -0.08057973223746974,51.51770022497848,0.0 -0.0808695792034135,51.517707443730956,0.0 -0.08115942629001718,51.51771466176804,0.0 -0.08144927349727044,51.51772187908972,0.0 -0.08173912082516133,51.517729095696005,0.0 -0.08202896827367834,51.51773631158687,0.0 -0.08231881584280952,51.51774352676236,0.0 -0.08260866353254338,51.51775074122244,0.0 -0.08289851134286835,51.517757954967124,0.0 -0.08318835927377174,51.51776516799639,0.0 -0.08347820732524001,51.51777238031025,0.0 -0.08376805549726324,51.51777959190873,0.0 -0.08405790378982989,51.517786802791775,0.0 -0.08434775220292842,51.51779401295943,0.0 -0.08463760073654374,51.51780122241167,0.0 -0.0849274493906671,51.5178084311485,0.0 -0.08521729816528656,51.517815639169946,0.0 -0.08550714706038702,51.517822846475966,0.0 -0.08579699607596014,51.517830053066575,0.0 -0.08608684521199278,51.517837258941775,0.0 -0.08637669446847344,51.51784446410157,0.0 -0.08666654384539017,51.517851668545944,0.0 -0.08695639334272906,51.51785887227492,0.0 -0.08724624296048097,51.51786607528847,0.0 -0.08753609269863238,51.51787327758661,0.0 -0.08782594255717334,51.51788047916934,0.0 -0.08811579253608837,51.51788768003665,0.0 -0.0884056426353699,51.51789488018854,0.0 -0.08869549285500242,51.517902079625024,0.0 -0.088985343194976,51.51790927834609,0.0 -0.08927519365527711,51.51791647635173,0.0 -0.08956504423589663,51.51792367364195,0.0 -0.08985489493682182,51.51793087021676,0.0 -0.09014474575803956,51.517938066076155,0.0 -0.09043459669953674,51.51794526122013,0.0 -0.09072444776130341,51.51795245564867,0.0 -0.09101429894332765,51.51795964936179,0.0 -0.09130415024559713,51.51796684235949,0.0 -0.09159400166810192,51.517974034641774,0.0 -0.09188385321082769,51.51798122620862,0.0 -0.09217370487376293,51.51798841706005,0.0 -0.09246355665689492,51.517995607196056,0.0 -0.0927534085602125,51.518002796616635,0.0 -0.09304326058370575,51.51800998532179,0.0 -0.09333311272736235,51.518017173311506,0.0 -0.09362296499116798,51.518024360585805,0.0 -0.09391281737511031,51.51803154714467,0.0 -0.09420266987918101,51.51803873298811,0.0 -0.09449252250336415,51.51804591811612,0.0 -0.0947823752476534,51.5180531025287,0.0 -0.09507222811203124,51.51806028622584,0.0 -0.09536208109648973,51.51806746920755,0.0 -0.09565193420101377,51.51807465147383,0.0 -0.0959417874255926,51.518081833024674,0.0 -0.09623164077021433,51.51808901386009,0.0 -0.0965214942348682,51.518096193980064,0.0 -0.09681134781954268,51.518103373384605,0.0 -0.09710120152422347,51.518110552073715,0.0 -0.09739105534890062,51.51811773004738,0.0 -0.09768090929356021,51.518124907305605,0.0 -0.09797076335819312,51.5181320838484,0.0 -0.09826061754278662,51.51813925967575,0.0 -0.09855047184732638,51.51814643478766,0.0 -0.09884032627180286,51.51815360918413,0.0 -0.09913018081620416,51.518160782865166,0.0 -0.09942003548051673,51.51816795583074,0.0 -0.09970989026472986,51.5181751280809,0.0 -0.099999745168832,51.518182299615596,0.0 -0.10028960019281324,51.518189470434855,0.0 -0.10057945533665726,51.51819664053867,0.0 -0.10086931060035331,51.518203809927044,0.0 -0.10115916598389187,51.51821097859996,0.0 -0.10144902148725783,51.51821814655743,0.0 -0.10173887711044444,51.51822531379946,0.0 -0.10202873285343299,51.51823248032605,0.0 -0.10231858871621634,51.518239646137175,0.0 -0.10260844469878176,51.51824681123285,0.0 -0.10289830080111534,51.51825397561308,0.0 -0.10318815702320794,51.51826113927787,0.0 -0.10347801336504683,51.51826830222719,0.0 -0.1037678698266193,51.51827546446106,0.0 -0.10405772640791301,51.51828262597949,0.0 -0.10434758310891804,51.51828978678246,0.0 -0.10463743992962005,51.518296946869974,0.0 -0.10492729687000951,51.518304106242034,0.0 -0.10521715393007451,51.518311264898635,0.0 -0.10550701110979951,51.51831842283979,0.0 -0.105796868409177,51.51832558006548,0.0 -0.10608672582819344,51.51833273657571,0.0 -0.1063765833668357,51.51833989237049,0.0 -0.10666644102509344,51.518347047449794,0.0 -0.10695629880295476,51.51835420181365,0.0 -0.10724615670040773,51.51836135546205,0.0 -0.1075360147174392,51.51836850839498,0.0 -0.10782587285403847,51.518375660612456,0.0 -0.1081157311101932,51.51838281211447,0.0 -0.10840558948589145,51.51838996290101,0.0 -0.1086954479811229,51.518397112972096,0.0 -0.10898530659587205,51.518404262327714,0.0 -0.10927516533013053,51.518411410967865,0.0 -0.10956502418388524,51.51841855889254,0.0 -0.10985488315712226,51.518425706101766,0.0 -0.11014474224983363,51.51843285259552,0.0 -0.11043460146200425,51.51843999837379,0.0 -0.11072446079362537,51.51844714343661,0.0 -0.1110143202446811,51.51845428778396,0.0 -0.11130417981516307,51.51846143141583,0.0 -0.11159403950505618,51.51846857433223,0.0 -0.11188389931435129,51.518475716533175,0.0 -0.11217375924303648,51.51848285801863,0.0 -0.11246361929109702,51.51848999878862,0.0 -0.1127534794585226,51.518497138843124,0.0 -0.11304333974530324,51.518504278182164,0.0 -0.11333320015142348,51.51851141680573,0.0 -0.11362306067687415,51.518518554713815,0.0 -0.11391292132164214,51.51852569190643,0.0 -0.11420278208571791,51.51853282838356,0.0 -0.11449264296908593,51.51853996414522,0.0 -0.1147825039717347,51.51854709919141,0.0 -0.11507236509365587,51.5185542335221,0.0 -0.11536222633483352,51.518561367137316,0.0 -0.1156520876952597,51.51856850003706,0.0 -0.11594194917491733,51.518575632221314,0.0 -0.11623181077379924,51.5185827636901,0.0 -0.11652167249189152,51.51858989444339,0.0 -0.11681153432918225,51.5185970244812,0.0 -0.1171013962856599,51.51860415380352,0.0 -0.11739125836131212,51.51861128241036,0.0 -0.1176811205561282,51.51861841030171,0.0 -0.11797098287009462,51.51862553747759,0.0 -0.11826084530320183,51.51863266393797,0.0 -0.11855070785543434,51.51863978968287,0.0 -0.11884057052678339,51.51864691471228,0.0 -0.11913043331723626,51.5186540390262,0.0 -0.11942029622678023,51.51866116262463,0.0 -0.11971015925540336,51.518668285507566,0.0 -0.12000002240309494,51.51867540767502,0.0 -0.12000000735826105,51.519574833093245,0.0 -0.1197101442147022,51.51956771097837,0.0 -0.1194202811902114,51.51956058814802,0.0 -0.11913041828480295,51.51955346460218,0.0 -0.11884055549848759,51.519546340340845,0.0 -0.11855069283127603,51.51953921536404,0.0 -0.11826083028318024,51.519532089671756,0.0 -0.11797096785421332,51.51952496326398,0.0 -0.11768110554438838,51.51951783614072,0.0 -0.11739124335371456,51.519510708301986,0.0 -0.11710138128220343,51.51950357974778,0.0 -0.11681151932986965,51.51949645047808,0.0 -0.11652165749672279,51.51948932049291,0.0 -0.11623179578277676,51.51948218979225,0.0 -0.11594193418804467,51.51947505837612,0.0 -0.11565207271253448,51.519467926244516,0.0 -0.11536221135625813,51.519460793397435,0.0 -0.11507235011923031,51.51945365983488,0.0 -0.11478248900146136,51.51944652555685,0.0 -0.114492628002966,51.51943939056334,0.0 -0.11420276712375177,51.519432254854365,0.0 -0.11391290636383221,51.519425118429915,0.0 -0.11362304572321962,51.51941798129,0.0 -0.11333318520192592,51.519410843434606,0.0 -0.11304332479996505,51.519403704863734,0.0 -0.11275346451734457,51.519396565577395,0.0 -0.11246360435407837,51.5193894255756,0.0 -0.11217374431017879,51.51938228485833,0.0 -0.11188388438565774,51.519375143425584,0.0 -0.11159402458052677,51.51936800127739,0.0 -0.11130416489479979,51.51936085841371,0.0 -0.11101430532848394,51.51935371483457,0.0 -0.11072444588159475,51.51934657053997,0.0 -0.11043458655414294,51.5193394255299,0.0 -0.11014472734614242,51.519332279804374,0.0 -0.10985486825760434,51.51932513336338,0.0 -0.10956500928853742,51.519317986206914,0.0 -0.10927515043895521,51.51931083833501,0.0 -0.10898529170887199,51.51930368974763,0.0 -0.10869543309829574,51.51929654044479,0.0 -0.10840557460724273,51.51928939042649,0.0 -0.10811571623572293,51.51928223969273,0.0 -0.10782585798374587,51.51927508824352,0.0 -0.10753599985132664,51.51926793607885,0.0 -0.10724614183847561,51.519260783198725,0.0 -0.10695628394520508,51.51925362960314,0.0 -0.10666642617152858,51.51924647529209,0.0 -0.10637656851745365,51.5192393202656,0.0 -0.1060867109829966,51.51923216452365,0.0 -0.10579685356816658,51.51922500806625,0.0 -0.10550699627297669,51.519217850893405,0.0 -0.10521713909744086,51.51921069300509,0.0 -0.10492728204156625,51.519203534401335,0.0 -0.10463742510536836,51.51919637508213,0.0 -0.10434756828885673,51.519189215047476,0.0 -0.10405771159204606,51.51918205429737,0.0 -0.10376785501494751,51.51917489283181,0.0 -0.10347799855757099,51.5191677306508,0.0 -0.10318814221992843,51.519160567754355,0.0 -0.10289828600203417,51.51915340414246,0.0 -0.10260842990389812,51.519146239815115,0.0 -0.10231857392553381,51.51913907477233,0.0 -0.10202871806695236,51.519131909014106,0.0 -0.10173886232816494,51.51912474254043,0.0 -0.10144900670918382,51.519117575351316,0.0 -0.10115915121002096,51.51911040744676,0.0 -0.10086929583068828,51.51910323882675,0.0 -0.1005794405711993,51.51909606949131,0.0 -0.10028958543156237,51.519088899440426,0.0 -0.099999730411793,51.5190817286741,0.0 -0.09970987551189951,51.519074557192354,0.0 -0.09942002073189785,51.51906738499515,0.0 -0.09913016607179831,51.519060212082515,0.0 -0.09884031153160966,51.519053038454445,0.0 -0.09855045711134859,51.51904586411093,0.0 -0.09826060281102386,51.51903868905199,0.0 -0.09797074863064818,51.51903151327761,0.0 -0.09768089457023468,51.5190243367878,0.0 -0.09739104062979369,51.51901715958255,0.0 -0.09710118680933674,51.519009981661874,0.0 -0.09681133310887695,51.51900280302577,0.0 -0.09652147952842584,51.518995623674236,0.0 -0.09623162606799535,51.51898844360726,0.0 -0.09594177272759939,51.51898126282485,0.0 -0.09565191950724512,51.51897408132703,0.0 -0.09536206640694805,51.518966899113764,0.0 -0.0950722134267193,51.51895971618507,0.0 -0.0947823605665704,51.518952532540965,0.0 -0.09449250782651408,51.51894534818143,0.0 -0.09420265520655988,51.51893816310646,0.0 -0.0939128027067225,51.51893097731608,0.0 -0.09362295032701229,51.518923790810256,0.0 -0.09333309806744317,51.51891660358902,0.0 -0.09304324592802506,51.51890941565236,0.0 -0.09275339390876909,51.518902227000275,0.0 -0.0924635420096888,51.518895037632774,0.0 -0.09217369023079451,51.51888784754985,0.0 -0.09188383857210054,51.518880656751506,0.0 -0.09159398703361643,51.51887346523774,0.0 -0.09130413561535729,51.518866273008555,0.0 -0.09101428431733107,51.518859080063955,0.0 -0.09072443313955168,51.51885188640394,0.0 -0.09043458208203065,51.51884469202851,0.0 -0.09014473114478111,51.51883749693764,0.0 -0.08985488032781377,51.51883030113138,0.0 -0.0895650296311386,51.5188231046097,0.0 -0.0892751790547703,51.5188159073726,0.0 -0.08898532859871919,51.5188087094201,0.0 -0.08869547826299881,51.518801510752176,0.0 -0.08840562804762148,51.51879431136884,0.0 -0.08811577795259552,51.5187871112701,0.0 -0.08782592797793609,51.51877991045595,0.0 -0.08753607812365348,51.5187727089264,0.0 -0.08724622838976083,51.51876550668142,0.0 -0.08695637877626848,51.51875830372103,0.0 -0.08666652928319074,51.51875110004524,0.0 -0.08637667991053675,51.51874389565405,0.0 -0.08608683065831964,51.51873669054745,0.0 -0.08579698152655131,51.51872948472545,0.0 -0.08550713251524292,51.51872227818804,0.0 -0.08521728362440957,51.518715070935215,0.0 -0.0849274348540596,51.51870786296699,0.0 -0.08463758620420415,51.51870065428338,0.0 -0.08434773767485873,51.51869344488434,0.0 -0.08405788926603208,51.51868623476992,0.0 -0.0837680409777389,51.518679023940095,0.0 -0.08347819280998876,51.51867181239487,0.0 -0.08318834476279356,51.518664600134244,0.0 -0.08289849683616722,51.51865738715822,0.0 -0.0826086490301193,51.5186501734668,0.0 -0.0823188013446633,51.51864295905998,0.0 -0.08202895377981312,51.518635743937764,0.0 -0.08173910633557516,51.518628528100145,0.0 -0.0814492590119649,51.51862131154714,0.0 -0.08115941180899307,51.518614094278746,0.0 -0.0808695647266732,51.518606876294946,0.0 -0.08057971776501723,51.518599657595765,0.0 -0.08028987092403465,51.51859243818118,0.0 -0.08000002420373746,51.518585218051214,0.0 -0.08000000902210314,51.519484650654334,0.0 -0.08028931436889505,51.519491857246166,0.0 -0.08057861983592426,51.519499063125295,0.0 -0.08086792542317764,51.5195062682917,0.0 -0.08115723113064566,51.51951347274539,0.0 -0.08144653695831637,51.51952067648635,0.0 -0.08173584290617746,51.519527879514605,0.0 -0.08202514897421502,51.51953508183013,0.0 -0.0823144551624191,51.51954228343294,0.0 -0.08260376147077897,51.51954948432302,0.0 -0.08289306789928072,51.519556684500394,0.0 -0.0831823744479136,51.519563883965034,0.0 -0.08347168111666411,51.51957108271696,0.0 -0.08376098790552429,51.51957828075614,0.0 -0.08405029481447823,51.519585478082625,0.0 -0.08433960184351641,51.51959267469636,0.0 -0.0846289089926253,51.519599870597375,0.0 -0.08491821626179695,51.51960706578567,0.0 -0.08520752365101505,51.51961426026123,0.0 -0.08549683116026809,51.51962145402406,0.0 -0.0857861387895477,51.51962864707417,0.0 -0.08607544653883918,51.51963583941154,0.0 -0.086364754408131,51.519643031036196,0.0 -0.08665406239741164,51.51965022194811,0.0 -0.08694337050667035,51.519657412147296,0.0 -0.08723267873589402,51.51966460163374,0.0 -0.08752198708506992,51.519671790407465,0.0 -0.08781129555418891,51.51967897846845,0.0 -0.08810060414323946,51.519686165816694,0.0 -0.08838991285220447,51.519693352452215,0.0 -0.0886792216810764,51.519700538375,0.0 -0.0889685306298465,51.519707723585036,0.0 -0.08925783969849409,51.51971490808234,0.0 -0.08954714888701479,51.51972209186691,0.0 -0.0898364581953951,51.51972927493874,0.0 -0.09012576762362189,51.519736457297824,0.0 -0.09041507717168243,51.51974363894418,0.0 -0.09070438683956719,51.519750819877785,0.0 -0.09099369662726464,51.51975800009866,0.0 -0.09128300653476126,51.51976517960678,0.0 -0.09157231656204631,51.519772358402165,0.0 -0.09186162670910548,51.519779536484805,0.0 -0.09215093697593084,51.5197867138547,0.0 -0.09244024736250844,51.51979389051184,0.0 -0.09272955786882559,51.51980106645625,0.0 -0.09301886849487352,51.51980824168791,0.0 -0.09330817924063713,51.51981541620682,0.0 -0.09359749010610449,51.519822590012986,0.0 -0.09388680109126686,51.5198297631064,0.0 -0.09417611219611192,51.51983693548707,0.0 -0.09446542342062415,51.51984410715499,0.0 -0.09475473476479482,51.519851278110146,0.0 -0.09504404622861118,51.519858448352565,0.0 -0.09533335781206452,51.51986561788223,0.0 -0.09562266951513732,51.519872786699146,0.0 -0.09591198133782004,51.51987995480331,0.0 -0.09620129328010475,51.51988712219471,0.0 -0.09649060534197512,51.51989428887337,0.0 -0.09677991752341886,51.51990145483926,0.0 -0.09706922982442599,51.519908620092394,0.0 -0.0973585422449866,51.519915784632786,0.0 -0.0976478547850848,51.519922948460405,0.0 -0.0979371674447114,51.51993011157527,0.0 -0.09822648022385372,51.51993727397739,0.0 -0.0985157931225014,51.519944435666744,0.0 -0.09880510614063934,51.51995159664334,0.0 -0.09909441927825799,51.519958756907165,0.0 -0.09938373253534742,51.519965916458226,0.0 -0.09967304591189252,51.51997307529654,0.0 -0.09996235940788097,51.51998023342208,0.0 -0.10025167302330362,51.51998739083487,0.0 -0.10054098675814815,51.519994547534885,0.0 -0.10083030061240143,51.520001703522134,0.0</coordinates>
            </LineString>
        </Placemark>
    </Document>
</kml>
