<?xml version="1.0" encoding="UTF-8"?>
<kml xmlns="http://www.opengis.net/kml/2.2" xmlns:gx="http://www.google.com/kml/ext/2.2">
    <Document id="1">
        <Placemark id="3">
            <name>Spiral Route</name>
            <LineString id="2">
                <coordinates>-99.46882678878515,19.539797741913368,0.0 -99.46883785805325,19.543631751273136,0.0 -99.46749715246861,19.546191250472937,0.0 -99.46748243414307,19.541079238094888,0.0 -99.46747139843464,19.537245226908066,0.0 -99.4661564053064,19.548750739872517,0.0 -99.46614172711277,19.543638727961568,0.0 -99.46613072149472,19.53980471712489,0.0 -99.46480829695818,19.548754214109735,0.0 -99.46480097850895,19.546198208026645,0.0 -99.46479366120967,19.54364220121838,0.0 -99.46478268741669,19.539808189646443,0.0 -99.46611238456322,19.53341469543894,0.0 -99.46346383736497,19.550035681299814,0.0 -99.46346018832247,19.548757678285835,0.0 -99.46610505180821,19.530858685496103,0.0 -99.46477171621063,19.535974176443307,0.0 -99.46343465305122,19.539811652111847,0.0 -99.4647644035103,19.53341816673513,0.0 -99.46211935654418,19.55131713873482,0.0 -99.4621157178292,19.550039135658473,0.0 -99.46210480339934,19.546205125341555,0.0 -99.46209752854188,19.54364911755716,0.0 -99.46209025482761,19.541093109047694,0.0 -99.4634200677731,19.534699633167765,0.0 -99.4647461267885,19.52702813929395,0.0 -99.46078211212078,19.555154592144643,0.0 -99.46076759800758,19.550042579955285,0.0 -99.46341277685345,19.532143622608483,0.0 -99.46075308845464,19.544930564864906,0.0 -99.46074583538805,19.542374556232044,0.0 -99.4607385834613,19.539818546874166,0.0 -99.46340184262299,19.52830960541072,0.0 -99.45943756817555,19.556436030184994,0.0 -99.45942671315817,19.552602021132138,0.0 -99.45942309538745,19.551324017751845,0.0 -99.46339455456857,19.52575359303977,0.0 -99.46206480582914,19.532147073555816,0.0 -99.45940501079659,19.5449339981308,0.0 -99.45939777894932,19.54237798901343,0.0 -99.45939416345188,19.541099984182864,0.0 -99.46205753725823,19.529591061784537,0.0 -99.45808939470515,19.55643945556594,0.0 -99.45808217897701,19.553883449228895,0.0 -99.45807857153801,19.55260544578836,0.0 -99.46072045863059,19.533428520308057,0.0 -99.4580641446156,19.547493430213073,0.0 -99.45806053859336,19.546215425866013,0.0 -99.46204300354457,19.524479036068158,0.0 -99.46203937083027,19.52320102918624,0.0 -99.46071321069255,19.530872508413264,0.0 -99.45675201481133,19.560276879749484,0.0 -99.46203210625859,19.520645014879104,0.0 -99.46070958715083,19.52959450219411,0.0 -99.45673402645757,19.553886864062687,0.0 -99.45803890840916,19.538547395977197,0.0 -99.45672323683594,19.550052852474547,0.0 -99.46070234092194,19.527038489212362,0.0 -99.45803530436993,19.53726939036142,0.0 -99.45936886292425,19.53215394529475,0.0 -99.45670166522032,19.542384824403378,0.0 -99.45541098499406,19.562836291205542,0.0 -99.45539663396731,19.557724279509085,0.0 -99.45669447694152,19.53982881359628,0.0 -99.45538946014443,19.55516827257268,0.0 -99.46068423033407,19.520648453588308,0.0 -99.46068060907088,19.519370445920206,0.0 -99.46067698809246,19.51809243807103,0.0 -99.45669088322578,19.538550807920895,0.0 -99.45935802410176,19.528319925910658,0.0 -99.45802449395164,19.533435372426872,0.0 -99.4540627575754,19.56283968758749,0.0 -99.45405918001785,19.56156168469598,0.0 -99.45535719188553,19.543666232383735,0.0 -99.45802089104532,19.53215736608632,0.0 -99.45934718783536,19.524485904896316,0.0 -99.45404129644395,19.555171667517875,0.0 -99.45934357631454,19.5232078975293,0.0 -99.45403414498068,19.552615659377228,0.0 -99.45933635412477,19.52065188225198,0.0 -99.45402699464088,19.550059650511315,0.0 -99.4593291330708,19.51809586625033,0.0 -99.45932191315252,19.515539849524437,0.0 -99.45271809709168,19.564121076849318,0.0 -99.45930747672277,19.510427813900247,0.0 -99.45401984542447,19.547503640920226,0.0 -99.4540162712375,19.54622563585276,0.0 -99.45401269733136,19.54494763060404,0.0 -99.45533927493257,19.53727620371238,0.0 -99.45269669799794,19.556453056435405,0.0 -99.4566729188832,19.532160776825965,0.0 -99.4526895672073,19.553897048179937,0.0 -99.45533569238675,19.535998197434477,0.0 -99.4579956786303,19.523211316630388,0.0 -99.45137697251369,19.56668045916097,0.0 -99.45267887312166,19.550063034436853,0.0 -99.45666573512284,19.529604763119785,0.0 -99.45267530898649,19.548785029493228,0.0 -99.45136274558212,19.561568446776068,0.0 -99.45135918954743,19.560290443226382,0.0 -99.45797048008887,19.51426525830071,0.0 -99.45795968496014,19.51043123058667,0.0 -99.45794889237868,19.506597201243647,0.0 -99.45266818155615,19.546229019062146,0.0 -99.45135207831582,19.557734435582905,0.0 -99.4539912597911,19.537279595305673,0.0 -99.45134496820117,19.555178427214045,0.0 -99.45134141356269,19.55390042275762,0.0 -99.45003225919024,19.56796182892798,0.0 -99.4513378592034,19.552622418119878,0.0 -99.45665137099027,19.52449273353379,0.0 -99.45002161960768,19.56412781974357,0.0 -99.45664778066293,19.523214725684504,0.0 -99.45132719780072,19.54878840311884,0.0 -99.45398411619043,19.534723582089878,0.0 -99.45664060085515,19.52065870944268,0.0 -99.45663701137468,19.519380701050146,0.0 -99.4566334221765,19.518102692476557,0.0 -99.45659754571723,19.505322596784314,0.0 -99.45658678828201,19.501488564547586,0.0 -99.45660113209327,19.506600607167993,0.0 -99.45660830569189,19.509156627392453,0.0 -99.45531420302447,19.528330155962404,0.0 -99.45398054481117,19.53344557521022,0.0 -99.44999680366053,19.555181791964998,0.0 -99.45264324436889,19.53728297684416,0.0 -99.44999325963884,19.55390378727126,0.0 -99.44998971589555,19.552625782396202,0.0 -99.45397697371266,19.532167568149386,0.0 -99.44998617243061,19.55134777733984,0.0 -99.4486663100293,19.561575168582923,0.0 -99.44866277523658,19.560297164559277,0.0 -99.45529988241327,19.523218124691645,0.0 -99.45529630296417,19.52194011642121,0.0 -99.44734629517438,19.571802541930367,0.0 -99.4526361219776,19.534726963151,0.0 -99.44997200135431,19.546235755301563,0.0 -99.44733571684644,19.567968532960997,0.0 -99.45523549538414,19.50021394812669,0.0 -99.45522477307473,19.496379912998954,0.0 -99.44733219129077,19.56669052960836,0.0 -99.45524622022515,19.504047981626236,0.0 -99.45525337152571,19.50660400305458,0.0 -99.45525694759799,19.507882013497323,0.0 -99.45527125470068,19.512994053458467,0.0 -99.44732866601191,19.565412526074322,0.0 -99.44864510543664,19.55390714172084,0.0 -99.44996137596945,19.542401736869657,0.0 -99.45396269212549,19.527055538094626,0.0 -99.44731809183608,19.56157851438387,0.0 -99.45395912243038,19.525777530128114,0.0 -99.44731456766435,19.560300510124303,0.0 -99.4512916779363,19.536008341333876,0.0 -99.44863097459252,19.54879512018644,0.0 -99.45262544048985,19.53089294125251,0.0 -99.44598744525888,19.56797186986968,0.0 -99.44598393032841,19.566693866281827,0.0 -99.4512881274849,19.534730334158727,0.0 -99.44730047374493,19.555188491272588,0.0 -99.45394484645642,19.520665496451137,0.0 -99.45387353392123,19.495105284623115,0.0 -99.45386284671716,19.491271246607063,0.0 -99.45388422364901,19.49893932101138,0.0 -99.4538913515364,19.501495344365747,0.0 -99.45389491590078,19.502773355771556,0.0 -99.45390204547097,19.505329378040404,0.0 -99.45261832089734,19.52833692574778,0.0 -99.44729342844556,19.552632480758792,0.0 -99.45391274192998,19.509163410086536,0.0 -99.45391630797735,19.510441420406643,0.0 -99.44465319336814,19.573087210181768,0.0 -99.44861331728107,19.542405089189938,0.0 -99.44596635981537,19.560303845621714,0.0 -99.4446461828314,19.57053120380698,0.0 -99.4446426779758,19.569253200347433,0.0 -99.44463917339536,19.56797519670647,0.0 -99.44595933354171,19.55774783608812,0.0 -99.44595582081872,19.55646983104933,0.0 -99.4446321650599,19.56541918888033,0.0 -99.44331186909824,19.57564653399854,0.0 -99.44727582003921,19.546242451301783,0.0 -99.44860272622371,19.538571068417316,0.0 -99.44462515782496,19.56286318032864,0.0 -99.45251166128878,19.489996606282908,0.0 -99.44727229918792,19.54496444486661,0.0 -99.45251876409924,19.492552632646596,0.0 -99.45252586802792,19.495108658286917,0.0 -99.45252942041164,19.496386670835786,0.0 -99.44726877861328,19.543686438250194,0.0 -99.44329788943983,19.57053452103948,0.0 -99.45254363274246,19.501498719222425,0.0 -99.45255074058562,19.50405474233031,0.0 -99.44594177268566,19.55135780908102,0.0 -99.4512703794136,19.528340295565705,0.0 -99.44859919642612,19.53729306113071,0.0 -99.45256495962784,19.50916678637479,0.0 -99.45257918314509,19.514278827523714,0.0 -99.44461464903584,19.559029166140864,0.0 -99.44593826134206,19.55007980313571,0.0 -99.44328740757658,19.566700509415192,0.0 -99.44196701788596,19.576927845109388,0.0 -99.44328391417078,19.565422505177622,0.0 -99.44460764455185,19.556473155775638,0.0 -99.45126328213821,19.5257842788606,0.0 -99.44195656379816,19.573093835507283,0.0 -99.44195307964928,19.57181583194368,0.0 -99.44992951484116,19.530899671788905,0.0 -99.45115341702274,19.486165927348708,0.0 -99.45114279913211,19.4823318841064,0.0 -99.44725469908086,19.53857440997235,0.0 -99.45116403742146,19.489999968963904,0.0 -99.45116757811176,19.491277982474013,0.0 -99.44062562029455,19.579487149316122,0.0 -99.44326994329046,19.560310486413606,0.0 -99.4459207087615,19.543689770690264,0.0 -99.45117820185503,19.49511202191932,0.0 -99.44459363888453,19.551361132869427,0.0 -99.44061867079958,19.576931143357225,0.0 -99.4419391457888,19.566703815875076,0.0 -99.44061519646117,19.575653140105576,0.0 -99.45119945686804,19.50278009592644,0.0 -99.44858860869776,19.533459038183857,0.0 -99.44992243765086,19.528343655333778,0.0 -99.44061172239547,19.57437513667246,0.0 -99.45121363245272,19.507892141646263,0.0 -99.45121717704599,19.509170152623845,0.0 -99.45123135820775,19.51428219472439,0.0 -99.44060824860247,19.573097133057907,0.0 -99.44458663770102,19.548805120328602,0.0 -99.44991889947295,19.52706564683454,0.0 -99.44458313752176,19.547527113786305,0.0 -99.43928418098876,19.582046443646828,0.0 -99.44724766097423,19.53601839474627,0.0 -99.44979171024924,19.481057220323333,0.0 -99.44192521630384,19.5615917969042,0.0 -99.44325248586074,19.553920458878387,0.0 -99.43927378741972,19.578212434830053,0.0 -99.4392703234405,19.576934431528162,0.0 -99.4498093538787,19.487447293579415,0.0 -99.44991182395167,19.524509629292755,0.0 -99.44590667166142,19.538577741471826,0.0 -99.44059088372752,19.56670711226375,0.0 -99.44724414233576,19.534740386861465,0.0 -99.44990828660823,19.52323162025023,0.0 -99.44982700445456,19.49383736231558,0.0 -99.43794269995944,19.584605728097205,0.0 -99.44191477206118,19.557757780771823,0.0 -99.44990474954295,19.521953611026632,0.0 -99.4445691395546,19.54241508580468,0.0 -99.43925647024233,19.57182241650608,0.0 -99.44984466197802,19.500227426530586,0.0 -99.44590316307583,19.537299733714235,0.0 -99.44724062397387,19.533462378795512,0.0 -99.4445656407502,19.54113707835623,0.0 -99.4498552598275,19.50406146288892,0.0 -99.44985879299995,19.50533947464653,0.0 -99.44989414001579,19.518119582269478,0.0 -99.44986939418528,19.509173508833687,0.0 -99.44987292846977,19.510451519867495,0.0 -99.44988353299149,19.514285551883013,0.0 -99.44843712545723,19.478504530251783,0.0 -99.44842657597799,19.474670482335608,0.0 -99.44057699673512,19.561595092363383,0.0 -99.43924608319809,19.567988403334525,0.0 -99.44857096803135,19.52706899631622,0.0 -99.43659773259023,19.585887000170263,0.0 -99.44057352566853,19.560317086934898,0.0 -99.44323154599378,19.546252419853477,0.0 -99.43924262139363,19.56671039858121,0.0 -99.44845823189371,19.48617262120434,0.0 -99.44057005487453,19.559039081325068,0.0 -99.44322805697553,19.54497441271494,0.0 -99.44846526958854,19.488728650075707,0.0 -99.4472335880797,19.53090636212017,0.0 -99.43658051360852,19.579496984984154,0.0 -99.44847230839149,19.491284678223852,0.0 -99.44589614673183,19.534743717655534,0.0 -99.43657707062292,19.57821898140247,0.0 -99.44856038695956,19.523234969022337,0.0 -99.4392322376111,19.562876383232982,0.0 -99.43525617818514,19.58844626498054,0.0 -99.43790126141734,19.569269684614614,0.0 -99.44707206764049,19.472117778783595,0.0 -99.44723007054742,19.529628353510805,0.0 -99.44707907811414,19.474673812102537,0.0 -99.44849343144995,19.49895275832825,0.0 -99.43922877689378,19.561598377754187,0.0 -99.44455514598664,19.53730305492371,0.0 -99.44321759156554,19.541140390212014,0.0 -99.44850047468623,19.50150878358276,0.0 -99.43523900968547,19.58205625046159,0.0 -99.44850751903104,19.50406480811366,0.0 -99.44188693277644,19.547533729774706,0.0 -99.44709310237464,19.47978587657206,0.0 -99.4432141036438,19.539862382348637,0.0 -99.43656330138262,19.573106965261136,0.0 -99.44709660913007,19.481063892237643,0.0 -99.4485251347434,19.510454866274596,0.0 -99.44853570749717,19.514288898999578,0.0 -99.43391115789487,19.58972751749176,0.0 -99.4378909078797,19.565435669661777,0.0 -99.4418834540959,19.546255722584366,0.0 -99.440552704993,19.552649050556223,0.0 -99.44588913149074,19.532187700872225,0.0 -99.43390088709423,19.585893509182878,0.0 -99.43788745724243,19.564157664314738,0.0 -99.44187997568868,19.5449777152128,0.0 -99.44054923583433,19.551371043858573,0.0 -99.44571760238362,19.469565063549005,0.0 -99.44570712208053,19.465731010426893,0.0 -99.43389404123688,19.58333750273599,0.0 -99.43788400687609,19.562879658786347,0.0 -99.43921493674215,19.55648635402565,0.0 -99.44712467311537,19.491288011054834,0.0 -99.44054576694818,19.55009303697966,0.0 -99.43256270282765,19.589730757559735,0.0 -99.44721600318337,19.524516317262268,0.0 -99.4378805567807,19.561601653076604,0.0 -99.43255928959827,19.58845275474346,0.0 -99.43921147738358,19.555208347640235,0.0 -99.44573507505997,19.475955148472796,0.0 -99.43388377446527,19.57950349170447,0.0 -99.44713871173698,19.496400066124092,0.0 -99.44588211735248,19.52963168336438,0.0 -99.43521155409518,19.57183221779415,0.0 -99.43388035274522,19.57822548766434,0.0 -99.43920801829672,19.553930341073517,0.0 -99.43254905151689,19.584618745205457,0.0 -99.44053882999336,19.547537022678068,0.0 -99.43387693129371,19.576947483442748,0.0 -99.43520812335852,19.57055421289425,0.0 -99.44435273322195,19.46317828172766,0.0 -99.44715626622994,19.502790130891256,0.0 -99.4312176503495,19.591011990405864,0.0 -99.44715977795742,19.504068143302007,0.0 -99.44587861069688,19.528353674338774,0.0 -99.44720194024298,19.51940427811648,0.0 -99.43121424749262,19.589733987543653,0.0 -99.43254222746816,19.582062737939243,0.0 -99.43520469289119,19.56927620781295,0.0 -99.43787020812006,19.557767634859353,0.0 -99.44717734073983,19.510458202641765,0.0 -99.44436666307239,19.46829035457779,0.0 -99.4471843677873,19.51301422511096,0.0 -99.4325388158454,19.580784734033905,0.0 -99.44576304565665,19.486179274954136,0.0 -99.43120744257978,19.587177981274632,0.0 -99.44587510431695,19.527075665132077,0.0 -99.44576654322019,19.487457289950914,0.0 -99.4338666685504,19.57311346968932,0.0 -99.42987936235377,19.594849218710078,0.0 -99.43653233639668,19.56160491833062,0.0 -99.43519783276449,19.566720197106182,0.0 -99.43253199340312,19.57822872567881,0.0 -99.44052842660481,19.543702999866404,0.0 -99.44438408155901,19.474680441576133,0.0 -99.43786331036749,19.555211621807956,0.0 -99.44453766021212,19.530913012246245,0.0 -99.44299144634336,19.45806950265891,0.0 -99.43252858258357,19.57695072122906,0.0 -99.42986579189063,19.589737207443516,0.0 -99.4432001546976,19.534750349083346,0.0 -99.43385982806412,19.57055745961326,0.0 -99.44586809238409,19.5245196461754,0.0 -99.4430053295818,19.463181579332552,0.0 -99.44578753438434,19.49512537613476,0.0 -99.4285308639193,19.59485242943011,0.0 -99.43519097371495,19.564164185673917,0.0 -99.42985900825592,19.587181200720973,0.0 -99.44052149237476,19.541146983752565,0.0 -99.42852748154712,19.593574426659742,0.0 -99.43252176174757,19.574394711785253,0.0 -99.4444015069063,19.481070524057422,0.0 -99.43118703424778,19.57950995811133,0.0 -99.42852409944027,19.592296423707825,0.0 -99.43518754459413,19.562886179685748,0.0 -99.43385298865181,19.568001448811586,0.0 -99.44301921719634,19.46829365311676,0.0 -99.42852071759873,19.59101842057434,0.0 -99.43118363379331,19.578231953615607,0.0 -99.44163024799867,19.452960708825323,0.0 -99.44302268978382,19.469571671111265,0.0 -99.4285173360225,19.589740417259314,0.0 -99.44164062507998,19.45679476946629,0.0 -99.44441196540832,19.484904571377477,0.0 -99.42718910947174,19.597411635509932,0.0 -99.43384956934837,19.56672344313868,0.0 -99.43251494198232,19.57183870161575,0.0 -99.44164408465231,19.45807278931888,0.0 -99.44441545212466,19.48618258678932,0.0 -99.4391838122959,19.544984290031078,0.0 -99.42984544417983,19.58206918509774,0.0 -99.44582954645989,19.510461528968985,0.0 -99.44583304925693,19.51173954052914,0.0 -99.44583655232952,19.513017551908316,0.0 -99.42717899349019,19.593577627067507,0.0 -99.44165100461493,19.46062882848243,0.0 -99.43784951811283,19.550099593529733,0.0 -99.44452717204584,19.527078984466243,0.0 -99.4444224263809,19.48873861707068,0.0 -99.42717562202533,19.592299623890234,0.0 -99.42584395109678,19.598692829181047,0.0 -99.44051455923447,19.538590966913976,0.0 -99.43117343403114,19.574397939039745,0.0 -99.42717225082497,19.591021620531404,0.0 -99.44442940173528,19.491294646628866,0.0 -99.44027603265283,19.450407942752115,0.0 -99.44026569130362,19.44657387870753,0.0 -99.43517725884723,19.55905216063322,0.0 -99.44452367654009,19.525800974844042,0.0 -99.4444328898243,19.492572661136744,0.0 -99.44304700555628,19.478517792014337,0.0 -99.43117003464414,19.57311993381827,0.0 -99.43250471434196,19.568004685000943,0.0 -99.44028637644774,19.454242005172336,0.0 -99.43383931304884,19.562889425031766,0.0 -99.43784262361059,19.547543578303078,0.0 -99.42449877143027,19.5999740130301,0.0 -99.43517383080342,19.55777415391973,0.0 -99.43650826764444,19.55265887167384,0.0 -99.44167177104674,19.468296941639167,0.0 -99.4430539553823,19.48107382493184,0.0 -99.44029327366988,19.45679804588328,0.0 -99.4258271443459,19.59230281398714,0.0 -99.44444684492612,19.497684717359952,0.0 -99.43891498799371,19.445299121323036,0.0 -99.44029672268863,19.458076065967955,0.0 -99.44451668635304,19.523244955056423,0.0 -99.44318621013636,19.52963831291971,0.0 -99.44445033438807,19.498962730963623,0.0 -99.43517040302885,19.556496147024937,0.0 -99.43916998627164,19.53987225687701,0.0 -99.42315691184342,19.602533189632965,0.0 -99.44445382412462,19.500240744386424,0.0 -99.42715539879008,19.584631601014344,0.0 -99.44168215794417,19.472130995779224,0.0 -99.42582042349117,19.58974680663866,0.0 -99.4444573141358,19.501518757628347,0.0 -99.433832476858,19.56033341205378,0.0 -99.4416856207888,19.473409013464607,0.0 -99.42315022935965,19.599977184295344,0.0 -99.42715202917643,19.583353596566408,0.0 -99.4351669755235,19.55521813994886,0.0 -99.43893217083689,19.45168922922069,0.0 -99.43650139328848,19.550102856711767,0.0 -99.43249448911038,19.56417066675376,0.0 -99.44307133473632,19.48746390406267,0.0 -99.43893560821826,19.452967250258798,0.0 -99.43755745616394,19.441468308048005,0.0 -99.43754718377212,19.437634238828533,0.0 -99.42447866640283,19.59230599399853,0.0 -99.44031397185967,19.464466163682996,0.0 -99.4416925472963,19.47596504829338,0.0 -99.44447825997057,19.509186833280783,0.0 -99.42848353485022,19.57696037412627,0.0 -99.4375643057752,19.4440243532923,0.0 -99.44448524411294,19.511742857050763,0.0 -99.44449222935415,19.514298880096852,0.0 -99.42447531648483,19.59102799019113,0.0 -99.44169601095919,19.477243065436735,0.0 -99.42981832879879,19.5718451451409,0.0 -99.43249108123509,19.562892660308655,0.0 -99.43916653044458,19.53859424813553,0.0 -99.42848015619178,19.575682368814903,0.0 -99.4375711564666,19.446580397814902,0.0 -99.42447196682964,19.589749986202204,0.0 -99.43382564174084,19.5577773983505,0.0 -99.43619657670327,19.436359458102217,0.0 -99.43782883785589,19.542431545675043,0.0 -99.4375745822174,19.44785841980553,0.0 -99.42981494057327,19.570567139329885,0.0 -99.42179835682438,19.598702342307053,0.0 -99.43620340307304,19.438915505249476,0.0 -99.43248767362739,19.561614653682216,0.0 -99.42580362596773,19.58335678509092,0.0 -99.43895279918928,19.459357352741623,0.0 -99.44170640358466,19.481077115782604,0.0 -99.43114964392554,19.565451898680074,0.0 -99.43758143452914,19.450414463245426,0.0 -99.43382222458486,19.556499391226904,0.0 -99.4389562381964,19.46063537269658,0.0 -99.42045646424987,19.601261499760415,0.0 -99.42580026725383,19.582078780236895,0.0 -99.44317226995942,19.52452627385837,0.0 -99.42847339967048,19.5731263576479,0.0 -99.43621364464646,19.442749574617483,0.0 -99.43483918703578,19.432528618049798,0.0 -99.44033467983617,19.472134274981396,0.0 -99.42045314443313,19.599983496556447,0.0 -99.42178836778368,19.59486833172635,0.0 -99.43114624640624,19.564173892188908,0.0 -99.43782194660328,19.53987552827384,0.0 -99.42579690880352,19.580800775201407,0.0 -99.43381880769728,19.55522138392202,0.0 -99.4431026348171,19.49896603510828,0.0 -99.43759171502242,19.454248527051664,0.0 -99.4348493929559,19.436362690810938,0.0 -99.43896655684374,19.464469431478058,0.0 -99.44034158467018,19.474690310635747,0.0 -99.42312017115245,19.58847515128798,0.0 -99.42044650558073,19.597427489603753,0.0 -99.441720264238,19.486189180380226,0.0 -99.44310959340196,19.501522062240227,0.0 -99.43348186273907,19.428697765004724,0.0 -99.43347169324888,19.424863688312573,0.0 -99.44316530151485,19.521970253241253,0.0 -99.44034503749508,19.47596832819193,0.0 -99.42980477749262,19.566733120808568,0.0 -99.43622730384642,19.447861664582327,0.0 -99.43381539107806,19.553943376435853,0.0 -99.41910460157888,19.599986637552288,0.0 -99.42177838109347,19.591034319511618,0.0 -99.44316181770353,19.520692242661127,0.0 -99.44034849059192,19.477246345567416,0.0 -99.4334920346361,19.43253184007421,0.0 -99.43212460379137,19.42486689897373,0.0 -99.43211446830134,19.421032819975995,0.0 -99.44172719620174,19.48874521159449,0.0 -99.42445187441692,19.582081958456968,0.0 -99.44312351385736,19.506634114333384,0.0 -99.43897687793026,19.468303488634245,0.0 -99.42177505271903,19.589756315076965,0.0 -99.44035194396072,19.478524362762215,0.0 -99.44173066259292,19.49002322693044,0.0 -99.44049723115093,19.5322009216472,0.0 -99.4431548509027,19.518136220957757,0.0 -99.42712508178548,19.573129554450457,0.0 -99.43381197472722,19.552665368768416,0.0 -99.43349881723803,19.435087889218917,0.0 -99.42444852660111,19.58080395319757,0.0 -99.4177593569877,19.601267772103796,0.0 -99.43760885458023,19.460638629785155,0.0 -99.44035539760146,19.479802379776313,0.0 -99.43076741017089,19.42103601996355,0.0 -99.43486981204086,19.44403083146323,0.0 -99.4321347416805,19.428700976349102,0.0 -99.41909467562702,19.596152626187557,0.0 -99.41775605846512,19.599989768458315,0.0 -99.44173759619392,19.492579257059965,0.0 -99.43487321616094,19.44530885427388,0.0 -99.43350560090985,19.43764393764225,0.0 -99.42444517904804,19.579525947756725,0.0 -99.4217683967535,19.587200305663135,0.0 -99.43077414583611,19.423592073263,0.0 -99.41775276020122,19.598711764631254,0.0 -99.43380855864473,19.55138736091972,0.0 -99.44036230569888,19.482358413262368,0.0 -99.43647734154733,19.541156798635708,0.0 -99.4307775140673,19.424870099642348,0.0 -99.44174453088652,19.495135286466223,0.0 -99.4217650691624,19.58592230068397,0.0 -99.4389906431737,19.47341556231378,0.0 -99.42310348131726,19.582085126597192,0.0 -99.43351238565167,19.44019998534411,0.0 -99.43113265899679,19.559061864410925,0.0 -99.42845651300766,19.566736326555965,0.0 -99.4417479986422,19.49641330089811,0.0 -99.41640751509266,19.599992889274514,0.0 -99.4177461644495,19.596155756432406,0.0 -99.43078425132688,19.427426151860278,0.0 -99.4418243583357,19.524529572628197,0.0 -99.4338051428306,19.55010935288977,0.0 -99.42310014413596,19.580807121114603,0.0 -99.4362546351701,19.45808583584967,0.0 -99.43488683532513,19.450420943712054,0.0 -99.41640422747501,19.598714885227768,0.0 -99.43762600089207,19.467028728004756,0.0 -99.43246723360039,19.553946610116057,0.0 -99.44049030182418,19.529644902272587,0.0 -99.43215502465704,19.43636912623169,0.0 -99.43112926281131,19.557783857013145,0.0 -99.43079098964951,19.42998220335709,0.0 -99.42942706637835,19.423595263712762,0.0 -99.43915270985217,19.53348221135804,0.0 -99.42309680721658,19.57952911545057,0.0 -99.43215840608634,19.437647150580936,0.0 -99.42443513796509,19.57569193034554,0.0 -99.4294304240775,19.424873290318434,0.0 -99.43352595834547,19.44531207858313,0.0 -99.41505897146233,19.599996000000882,0.0 -99.43513614008876,19.543716068107496,0.0 -99.44181741108403,19.52197355154514,0.0 -99.42711161443452,19.568017529038492,0.0 -99.4307977290352,19.4325382541327,0.0 -99.43246382786565,19.55266860222054,0.0 -99.43626488885981,19.461919897096422,0.0 -99.42309347055907,19.578251109605095,0.0 -99.43112586689254,19.55650584943407,0.0 -99.43781161175505,19.536041500813266,0.0 -99.43216516974498,19.440203198738356,0.0 -99.42443179146282,19.574413924178963,0.0 -99.43763629192159,19.470862784769338,0.0 -99.44038303651922,19.490026509382634,0.0 -99.43626830729505,19.463197917150897,0.0 -99.4364704720509,19.538600780411794,0.0 -99.42577005068848,19.57057672838577,0.0 -99.4321685519743,19.441481222546486,0.0 -99.43080446948406,19.435094304187032,0.0 -99.44181046492487,19.51941752973791,0.0 -99.44038649260807,19.49130452476997,0.0 -99.41371042757497,19.599999100637405,0.0 -99.43901129917174,19.48108366741312,0.0 -99.44178269121171,19.50919343526883,0.0 -99.44180699225495,19.518139518562762,0.0 -99.42844638419159,19.562902305724442,0.0 -99.44178616197016,19.51047144771088,0.0 -99.41504914131926,19.596161986659002,0.0 -99.44178963300163,19.51174945997197,0.0 -99.44048337358684,19.52708888217357,0.0 -99.44179657588374,19.51430548395125,0.0 -99.42808333382278,19.424876471001973,0.0 -99.41370716124987,19.598721096153415,0.0 -99.41638779325444,19.59232486227061,0.0 -99.43490727212419,19.458089072455046,0.0 -99.43081121099618,19.43765035352002,0.0 -99.41504586511891,19.594883981848593,0.0 -99.44039340560192,19.49386055500222,0.0 -99.42040669433304,19.582091432638084,0.0 -99.42945057583566,19.432541446166763,0.0 -99.43780816734713,19.534763491297436,0.0 -99.43081458215097,19.438928377915975,0.0 -99.43627856421688,19.467031976230825,0.0 -99.42844300844978,19.56162429841794,0.0 -99.42809002894919,19.427432524123777,0.0 -99.44039686250696,19.495138569847118,0.0 -99.42672957029721,19.42232358740035,0.0 -99.43111907585518,19.553949833732087,0.0 -99.4308179535716,19.440206402131565,0.0 -99.41772308746606,19.587209722017896,0.0 -99.42576333879481,19.568020714867863,0.0 -99.4280933769085,19.428710550414277,0.0 -99.42308346215779,19.5744170909801,0.0 -99.43379148225736,19.54499731895766,0.0 -99.42945729520795,19.435097496673787,0.0 -99.4308213252581,19.44148442616677,0.0 -99.4150393134892,19.592327971683165,0.0 -99.43765344904234,19.47725287576413,0.0 -99.41369736381165,19.594887081612075,0.0 -99.42673624330402,19.424879641692954,0.0 -99.41235537232915,19.59744618159942,0.0 -99.42946065529156,19.436375521656796,0.0 -99.43082469721044,19.442762450021593,0.0 -99.43218885095108,19.449149361606732,0.0 -99.4297776876459,19.55650906343926,0.0 -99.42537917500037,19.42104872000956,0.0 -99.42673958020227,19.426157668568894,0.0 -99.43765688127732,19.47853089342107,0.0 -99.41369409851123,19.593609076401872,0.0 -99.4362888235631,19.470866033685365,0.0 -99.43378806778483,19.5437193100216,0.0 -99.43082806942864,19.44404047369601,0.0 -99.44047298327331,19.523254850666966,0.0 -99.42538250057851,19.422326747650395,0.0 -99.4390319649311,19.48875176600661,0.0 -99.43492431017313,19.464479174776432,0.0 -99.44041415111367,19.501528641358956,0.0 -99.43629224388397,19.47214405247562,0.0 -99.41234886224824,19.59489017128854,0.0 -99.42843625776142,19.559068283260988,0.0 -99.43219561941055,19.45170540651664,0.0 -99.41905499517249,19.580816564390837,0.0 -99.43646360363415,19.536044761463245,0.0 -99.43903541017349,19.490029781806193,0.0 -99.43111228588461,19.551393817305037,0.0 -99.43766374655816,19.481086928192862,0.0 -99.42811012066687,19.43510067916232,0.0 -99.43512244244876,19.538604031466495,0.0 -99.425389152522,19.424882802391373,0.0 -99.42674959247658,19.429991748115103,0.0 -99.41502948797188,19.58849395507364,0.0 -99.41368756867884,19.591053065436892,0.0 -99.4390388556871,19.491307797424987,0.0 -99.42947409827602,19.4414876197853,0.0 -99.43780127934345,19.532207471722398,0.0 -99.42539247888733,19.426160829491508,0.0 -99.41905169015423,19.5795385580615,0.0 -99.40965832586033,19.59745233155723,0.0 -99.43629908533397,19.4747000895142,0.0 -99.43244680320464,19.54627856002426,0.0 -99.44046259541051,19.519420817530918,0.0 -99.42403543059744,19.42232989790928,0.0 -99.43904230147194,19.492585812862977,0.0 -99.42575327293031,19.564186693230837,0.0 -99.42811682001917,19.437656729399283,0.0 -99.4267562686425,19.43254780024448,0.0 -99.44045913333413,19.51814280612352,0.0 -99.43084156096033,19.449152566589518,0.0 -99.4391354402214,19.52709216131093,0.0 -99.43220577410051,19.455539472527928,0.0 -99.42403874590671,19.42360792559337,0.0 -99.43630250646311,19.47597810776251,0.0 -99.42948082135837,19.444043667767275,0.0 -99.42441171796534,19.56674588337036,0.0 -99.42709142133704,19.56034948547986,0.0 -99.4267596071204,19.433825826038717,0.0 -99.4163647961733,19.583378822506834,0.0 -99.408309802245,19.597455391403457,0.0 -99.43767404650681,19.484920978995167,0.0 -99.43220915953074,19.4568174941707,0.0 -99.40965185835626,19.59489632038043,0.0 -99.42540245955793,19.429994909710324,0.0 -99.42842950813335,19.556512267378846,0.0 -99.42812352042814,19.440212778914844,0.0 -99.42172848289084,19.571864233937045,0.0 -99.43084830832166,19.451708611953617,0.0 -99.41233584515018,19.589778148488456,0.0 -99.40830657901077,19.5961773856904,0.0 -99.43905264045388,19.49641985809209,0.0 -99.43221254522778,19.458095515632962,0.0 -99.42540578697303,19.431272936089375,0.0 -99.4335768940781,19.464482402513585,0.0 -99.42676628486615,19.436381877086216,0.0 -99.42812687102892,19.44149080340206,0.0 -99.42708805674572,19.559071477585466,0.0 -99.41099062914935,19.59105923339971,0.0 -99.42306678672583,19.568027056310537,0.0 -99.40830335602938,19.594899379795816,0.0 -99.42949090796975,19.447877738387177,0.0 -99.42676962413401,19.43765990233946,0.0 -99.43912853426966,19.524536140024477,0.0 -99.4284261337169,19.555234259165854,0.0 -99.40695806578726,19.59618043523346,0.0 -99.4150163908793,19.583381930386764,0.0 -99.4308550567467,19.45426465659584,0.0 -99.41904177665567,19.575704537984937,0.0 -99.42541244259057,19.43382898830657,0.0 -99.42133799586456,19.42105814014442,0.0 -99.43768434888855,19.48875502817077,0.0 -99.4267729636652,19.43893792741235,0.0 -99.4083001333008,19.593621373719703,0.0 -99.42405532637684,19.429998061310137,0.0 -99.41232933813289,19.58722213599941,0.0 -99.40695485344968,19.59490242912417,0.0 -99.43912508170101,19.52325812910966,0.0 -99.40964215900252,19.59106230225378,0.0 -99.4390664295609,19.50153191586578,0.0 -99.42677630345973,19.44021595230489,0.0 -99.41501311724845,19.582103923761398,0.0 -99.42405864325569,19.431276087912682,0.0 -99.43495158501526,19.474703329100056,0.0 -99.41098414290158,19.58850322084,0.0 -99.43358708845132,19.468316462425232,0.0 -99.41903847267488,19.57442653092993,0.0 -99.43906987751589,19.502809929857037,0.0 -99.42541909925802,19.436385039802506,0.0 -99.41232608500715,19.585944129482673,0.0 -99.43109870914358,19.54628178227609,0.0 -99.42976076513331,19.550119021691508,0.0 -99.43779094936818,19.528373441001527,0.0 -99.4390733257422,19.504087943667404,0.0 -99.43222609068417,19.463207599676696,0.0 -99.4042610385851,19.59618650405628,0.0 -99.42134787860479,19.424892224531174,0.0 -99.4254224279855,19.437663065279974,0.0 -99.43907677423982,19.505365957296878,0.0 -99.43632303889667,19.483646213457884,0.0 -99.42708132835575,19.556515461252808,0.0 -99.42678298383889,19.442772001548853,0.0 -99.42406527779826,19.433832140576893,0.0 -99.42814362799588,19.44788092313226,0.0 -99.4217185102982,19.568030211923816,0.0 -99.41232283213667,19.584666122784462,0.0 -99.42135117337136,19.426170252299638,0.0 -99.4056031491754,19.593627461860663,0.0 -99.4390836720491,19.507921984013084,0.0 -99.40291252460813,19.596189523336033,0.0 -99.41366472233298,19.582107021342498,0.0 -99.43769808918285,19.493867091207342,0.0 -99.42406859546202,19.435110166638534,0.0 -99.43109531562497,19.54500377306582,0.0 -99.41999750280358,19.42361731708921,0.0 -99.43911127414103,19.518146083640033,0.0 -99.43909057094376,19.51047801000558,0.0 -99.40694521794879,19.591068409707205,0.0 -99.43910782292963,19.516868071820085,0.0 -99.43909747092393,19.51303403527429,0.0 -99.43910092132109,19.514312047637205,0.0 -99.40559994798392,19.592349455174357,0.0 -99.43242978523055,19.539888513297782,0.0 -99.40963246193138,19.587228282493662,0.0 -99.43359728523404,19.472150520711434,0.0 -99.43632988519711,19.48620224724393,0.0 -99.4200007867781,19.424895345259255,0.0 -99.42271480588012,19.432557256384918,0.0 -99.4281503326323,19.45043696976139,0.0 -99.4217151866226,19.566752204223366,0.0 -99.43644987003937,19.530932721392556,0.0 -99.41097441543819,19.584669200639354,0.0 -99.40021549590655,19.596195531632176,0.0 -99.42407523157449,19.437666218220837,0.0 -99.41500329789726,19.57826990279667,0.0 -99.42841601205775,19.55140023343931,0.0 -99.43633330875161,19.487480263865837,0.0 -99.43360068469711,19.47342853977891,0.0 -99.40290616404545,19.593633509656232,0.0 -99.42815368534689,19.45171499280528,0.0 -99.42951445267438,19.45682389685125,0.0 -99.42543574552052,19.442775165386312,0.0 -99.3988669811836,19.596198520648553,0.0 -99.41768684923555,19.573151649971937,0.0 -99.4322396404102,19.46831968083144,0.0 -99.42272141986932,19.435113309134117,0.0 -99.41365819711031,19.579551007111004,0.0 -99.43633673257564,19.488758280306982,0.0 -99.41097117345923,19.583391193542877,0.0 -99.43360408442794,19.474706558665748,0.0 -99.42707460102268,19.553959444195065,0.0 -99.40559354635435,19.589793441257246,0.0 -99.40424827588724,19.591074476820953,0.0 -99.42543907556059,19.44405318996195,0.0 -99.41500002529393,19.57699189544559,0.0 -99.42001064025627,19.428729428687987,0.0 -99.4173000767852,19.422345499336103,0.0 -99.42272472725514,19.43639133523824,0.0 -99.42679968939596,19.44916212150178,0.0 -99.4363401566692,19.49003629656734,0.0 -99.41634181172151,19.57443277385176,0.0 -99.41865696839301,19.426176484205207,0.0 -99.43360748442653,19.47598457737193,0.0 -99.40155450184089,19.592358511100464,0.0 -99.42952118211898,19.459379940502306,0.0 -99.4200139252672,19.43000745613705,0.0 -99.41096793173467,19.582113186264973,0.0 -99.40424508583853,19.58979646955838,0.0 -99.42408518770578,19.44150029424171,0.0 -99.43777717985724,19.52326139750525,0.0 -99.39886068448159,19.59364250570184,0.0 -99.43634358103233,19.49131431264693,0.0 -99.40962276714261,19.583394261100324,0.0 -99.42170854005428,19.564196188278444,0.0 -99.41499675294747,19.57571388791311,0.0 -99.4377221451091,19.502813194559614,0.0 -99.41230982320712,19.579554094177183,0.0 -99.43088543782521,19.46576684855052,0.0 -99.40827758127881,19.584675326105078,0.0 -99.39212130862593,19.59493530598899,0.0 -99.4213742440158,19.435116441631436,0.0 -99.40693237414158,19.585956381277096,0.0 -99.43777373815612,19.521983386178555,0.0 -99.43772558275184,19.504091208600773,0.0 -99.42680637346268,19.451718168219955,0.0 -99.39616369686948,19.59364845263365,0.0 -99.39885753650104,19.592364497956243,0.0 -99.43224980550704,19.472153739801218,0.0 -99.43497887704795,19.48492747186156,0.0 -99.42816709884808,19.456827083176123,0.0 -99.41730986551602,19.426179585168015,0.0 -99.40020286091989,19.591083501854538,0.0 -99.42952791262422,19.461935983431257,0.0 -99.41595625736875,19.423626618657973,0.0 -99.43777029672563,19.52070537467082,0.0 -99.42438831083429,19.557799827509204,0.0 -99.39076971870844,19.593660225460376,0.0 -99.40154816405685,19.589802495907975,0.0 -99.40827436057243,19.583397318577127,0.0 -99.41230657161279,19.578276086571805,0.0 -99.42304678484682,19.560359008722525,0.0 -99.40692916381958,19.58467837371591,0.0 -99.39616057017336,19.59237044446931,0.0 -99.40558394579331,19.585959419020526,0.0 -99.39885438876743,19.591086490029156,0.0 -99.43776685556576,19.51942736298206,0.0 -99.42138083796829,19.43767249410355,0.0 -99.4377393360278,19.50920326295635,0.0 -99.42273795940689,19.44150343785135,0.0 -99.39481208664118,19.592373402597307,0.0 -99.43089219210218,19.468322889221007,0.0 -99.4186700657784,19.43128859524461,0.0 -99.41364841119659,19.57571698440315,0.0 -99.43242297991299,19.53733249333901,0.0 -99.42681305858316,19.454274214216294,0.0 -99.39076663458127,19.59238221646707,0.0 -99.38941815007631,19.592385134252222,0.0 -99.42002706790228,19.435119564130492,0.0 -99.43774965382529,19.513037301823267,0.0 -99.42572644221566,19.553962627554327,0.0 -99.3826757239515,19.592399571891836,0.0 -99.43775309363222,19.514315314416994,0.0 -99.4254557296995,19.450443310134055,0.0 -99.40827114011879,19.582119310867746,0.0 -99.40289026700427,19.587243472280637,0.0 -99.42409846621138,19.44661239307762,0.0 -99.39885124128077,19.589808481920603,0.0 -99.40423551719394,19.585962446681865,0.0 -99.41499020902512,19.573157872303987,0.0 -99.42953464419017,19.464492025638034,0.0 -99.39480897083173,19.591095394043187,0.0 -99.42681640153859,19.45555223694375,0.0 -99.3934604976965,19.59109834187789,0.0 -99.41095820808732,19.578279163342696,0.0 -99.43643614076235,19.52582067842428,0.0 -99.43498911599318,19.48876152241523,0.0 -99.3894150768325,19.591107124871982,0.0 -99.42138743296081,19.440228545854325,0.0 -99.41633196510749,19.570598750278606,0.0 -99.38402117897566,19.591118694340434,0.0 -99.37997575308361,19.591127265548756,0.0 -99.4136451497374,19.574438976471072,0.0 -99.4281771617492,19.46066114905902,0.0 -99.43225997300615,19.475987797145326,0.0 -99.43362448843641,19.48237466819265,0.0 -99.39884809404106,19.58853047363059,0.0 -99.40826791991786,19.58084130297694,0.0 -99.42003364077473,19.43767561704538,0.0 -99.40692274393133,19.582122358049233,0.0 -99.40557754667469,19.58340340328878,0.0 -99.41326209246121,19.423632769744234,0.0 -99.42572308956157,19.552684618529025,0.0 -99.42139073084712,19.44150657145918,0.0 -99.41498693744919,19.571879864227355,0.0 -99.39210893003379,19.58982327047754,0.0 -99.41901535207047,19.565480476466472,0.0 -99.38941200382982,19.5898291153103,0.0 -99.42818051657824,19.461939170658944,0.0 -99.43509848193824,19.52965796037065,0.0 -99.38266968411536,19.589843550916612,0.0 -99.37862428943698,19.589852091268263,0.0 -99.3745788926489,19.589860540860567,0.0 -99.4173261852162,19.432569724616354,0.0 -99.43107835203116,19.538613724296738,0.0 -99.4119117890971,19.42235780063595,0.0 -99.42003692759974,19.43895364323233,0.0 -99.4309023255131,19.472156948872236,0.0 -99.41326532377504,19.42491079901044,0.0 -99.4216985721588,19.560362163001198,0.0 -99.40960984430751,19.57828223003579,0.0 -99.41364188853423,19.57316096835762,0.0 -99.42706114952684,19.54884740790459,0.0 -99.40826469996966,19.579563294904712,0.0 -99.42275119573256,19.446615537578563,0.0 -99.40691953436504,19.580844349943757,0.0 -99.42973708478065,19.54117295563323,0.0 -99.41191500962465,19.42363583029946,0.0 -99.40019022989772,19.585971469173302,0.0 -99.42839914792603,19.545010186937137,0.0 -99.42004021468394,19.440231669238944,0.0 -99.41229681836094,19.57444206266726,0.0 -99.3867120251794,19.588556909653907,0.0 -99.38536357187546,19.588559796571854,0.0 -99.3813182105355,19.588568396823906,0.0 -99.37727284707086,19.58857690632314,0.0 -99.37322748150409,19.58858532506935,0.0 -99.3691821138577,19.588593653062336,0.0 -99.36648809283366,19.58987716776632,0.0 -99.36379402856761,19.59116064272328,0.0 -99.36109992106114,19.59244407792465,0.0 -99.35840577031584,19.593727473361838,0.0 -99.35571157633328,19.5950108290263,0.0 -99.35301733911506,19.59629414490944,0.0 -99.35032305866272,19.597577421002693,0.0 -99.34762873497789,19.598860657297504,0.0 -99.34493436806214,19.600143853785262,0.0 -99.34223995791704,19.60142701045744,0.0 -99.3395455045442,19.602710127305436,0.0 -99.33685100794519,19.603993204320687,0.0 -99.33415646812159,19.605276241494632,0.0 -99.331461885075,19.60655923881869,0.0 -99.32876725880702,19.607842196284285,0.0 -99.32607258931921,19.609125113882868,0.0 -99.32741863630837,19.60784465219194,0.0 -99.32876466199305,19.606564180569922,0.0 -99.3328078677452,19.60527873742921,0.0 -99.32876206538269,19.605286164674116,0.0 -99.33550241863365,19.60399572026444,0.0 -99.33145664945572,19.604003207541187,0.0 -99.32741087843027,19.60401060398606,0.0 -99.33684834784634,19.602715189113855,0.0 -99.33280261123707,19.602722706138756,0.0 -99.32875687277284,19.60273013233823,0.0 -99.34089139074263,19.601429566410925,0.0 -99.33684568795611,19.601437173725586,0.0 -99.33279998329215,19.601444690221392,0.0 -99.32875427677331,19.60145211589816,0.0 -99.34358581196001,19.600146429739326,0.0 -99.33954014238032,19.60015409706004,0.0 -99.33549447090824,19.600161673568422,0.0 -99.33144879756632,19.60016915926428,0.0 -99.3274031223771,19.60017655414743,0.0 -99.34493164470868,19.59886583911152,0.0 -99.34088600770498,19.59887353616112,0.0 -99.33684036880143,19.59888114240482,0.0 -99.3327947280206,19.598888657842455,0.0 -99.32874908538503,19.598896082473846,0.0 -99.34897452471256,19.59758003694931,0.0 -99.34492892156884,19.59758782425636,0.0 -99.3408833165028,19.5975955207641,0.0 -99.336837709537,19.59760312647234,0.0 -99.33279210069396,19.597610641380907,0.0 -99.32874648999626,19.597618065489613,0.0 -99.32604684128363,19.59634494694047,0.0 -99.35032029315636,19.59629940669854,0.0 -99.34627472259348,19.59630722372162,0.0 -99.34222915010085,19.596314949951832,0.0 -99.338183575701,19.596322585389007,0.0 -99.33413799941648,19.596330130032957,0.0 -99.33009242126985,19.596337583883507,0.0 -99.32739278381136,19.595064485156577,0.0 -99.35301455253726,19.595016130794345,0.0 -99.34896901520594,19.59502400779127,0.0 -99.3449234759299,19.59503179400184,0.0 -99.34087793473168,19.595039489425897,0.0 -99.33683239163383,19.595047094063233,0.0 -99.3327868466589,19.595054607913678,0.0 -99.33008721022237,19.59378154935525,0.0 -99.32604169409946,19.593788911375423,0.0 -99.35570876868744,19.5937328151031,0.0 -99.35166326459509,19.593740752065262,0.0 -99.34761775854305,19.593748598247604,0.0 -99.34357225055389,19.593756353649933,0.0 -99.33952674065013,19.59376401827206,0.0 -99.33548122885433,19.593771592113818,0.0 -99.33278159344806,19.592498573721013,0.0 -99.3287361104768,19.592505995739092,0.0 -99.3597514314446,19.592446773821962,0.0 -99.35570596126185,19.592454800998503,0.0 -99.35166048909696,19.592462737401807,0.0 -99.34761501497246,19.592470583031666,0.0 -99.3435695389109,19.59247833788791,0.0 -99.33952406093482,19.592486001970347,0.0 -99.33547858106675,19.592493575278798,0.0 -99.33277896715173,19.591220556352674,0.0 -99.3287335161058,19.591227977848106,0.0 -99.36244555004065,19.591163358601104,0.0 -99.35840011311669,19.591171445723525,0.0 -99.35435467419565,19.591179442079216,0.0 -99.35030923330001,19.591187347667994,0.0 -99.34626379045237,19.591195162489665,0.0 -99.34221834567526,19.59120288654405,0.0 -99.3381728989912,19.59121051983096,0.0 -99.33547328611472,19.589937541064735,0.0 -99.33142786822532,19.58994502254523,0.0 -99.32738244848916,19.589952413264157,0.0 -99.3637911577378,19.589882629392804,0.0 -99.35974575340686,19.58989074619912,0.0 -99.35570034707138,19.589898772245167,0.0 -99.3516549387539,19.58990670753075,0.0 -99.34760952847695,19.589914552055685,0.0 -99.34356411626308,19.589922305819783,0.0 -99.33951870213481,19.589929968822865,0.0 -99.33681910052569,19.58865700986673,0.0 -99.33277371517717,19.588664521072026,0.0 -99.3287283279744,19.5886719415222,0.0 -99.36783365751734,19.588596408892577,0.0 -99.36378828713322,19.58860461588095,0.0 -99.35974291472208,19.58861273211564,0.0 -99.35569754030648,19.58862075759645,0.0 -99.35165216390894,19.58862869232319,0.0 -99.34760678555202,19.58863653629567,0.0 -99.34356140525823,19.58864428951371,0.0 -99.33951602305012,19.58865195197712,0.0 -99.33681644292967,19.587378992483444,0.0 -99.3327710894989,19.58738650315972,0.0 -99.328725734214,19.587393923087294,0.0 -99.33951334417564,19.587373934950055,0.0 -99.43637441243182,19.502816449226447,0.0 -99.42682643198569,19.45938630404315,0.0 -99.42571973717085,19.55140660932249,0.0 -99.41056471653779,19.42236085098284,0.0 -99.41901205016418,19.56420246796061,0.0 -99.39884180030238,19.585974456506218,0.0 -99.34221024458085,19.58736883708404,0.0 -99.40288073177271,19.58340944767776,0.0 -99.43375734960404,19.532217221444654,0.0 -99.40960661423259,19.577004221816125,0.0 -99.43642584663779,19.521986644296916,0.0 -99.42035367095961,19.561643316040854,0.0 -99.4042259508016,19.58212842217234,0.0 -99.40826148027416,19.57828528665108,0.0 -99.40557114856036,19.580847386831326,0.0 -99.42303678744099,19.556524982480923,0.0 -99.39075430049195,19.587270178679308,0.0 -99.41056792653399,19.423638880862747,0.0 -99.43638126681981,19.505372477588022,0.0 -99.43090908245082,19.474712987736602,0.0 -99.41868971960575,19.43895675639515,0.0 -99.42973370293629,19.539894945471612,0.0 -99.38266364522691,19.587287529215693,0.0 -99.37861831438494,19.58729606836445,0.0 -99.37457298143339,19.58730451676663,0.0 -99.37052764639482,19.587312874422047,0.0 -99.36648230929173,19.5873211413305,0.0 -99.36243697014669,19.587329317491786,0.0 -99.3583916289822,19.587337402905714,0.0 -99.35434628582085,19.58734539757209,0.0 -99.35030094068514,19.587353301490733,0.0 -99.34625559359763,19.58736111466144,0.0 -99.42275781546081,19.449171586359753,0.0 -99.41229356778734,19.573164054336317,0.0 -99.40921764372523,19.42236389133849,0.0 -99.43638469441831,19.506650491497467,0.0 -99.41598228357893,19.433850844250156,0.0 -99.32737469912578,19.586118357441087,0.0 -99.42819058265147,19.46577323437541,0.0 -99.43227353340896,19.481099871074807,0.0 -99.4310749601122,19.537335713999436,0.0 -99.41094848672928,19.574445138787787,0.0 -99.3287231406571,19.586115904471093,0.0 -99.41869299614785,19.44023478262245,0.0 -99.39344807946026,19.585986305016544,0.0 -99.4119246727319,19.427469918208732,0.0 -99.40422276250462,19.580850413639652,0.0 -99.39209964863872,19.585989241938748,0.0 -99.4227611257163,19.45044961047972,0.0 -99.38940278626825,19.58599508553666,0.0 -99.38805435472099,19.585997992212345,0.0 -99.38670592293353,19.586000888805838,0.0 -99.38535749090664,19.586003775317142,0.0 -99.38266062613803,19.586009518093128,0.0 -99.37861532721051,19.58601805664044,0.0 -99.37457002617349,19.586026504447585,0.0 -99.37052472304951,19.586034861514346,0.0 -99.3664794178611,19.586043127840533,0.0 -99.3624341106308,19.58605130342595,0.0 -99.35838880138115,19.586059388270396,0.0 -99.35434349013468,19.586067382373688,0.0 -99.35029817691394,19.58607528573563,0.0 -99.34625286174146,19.586083098356035,0.0 -99.34220754463978,19.586090820234723,0.0 -99.33816222563144,19.586098451371495,0.0 -99.33411690473896,19.58610599176618,0.0 -99.33141740847975,19.584832949833817,0.0 -99.32737211641,19.584840338470826,0.0 -99.33411426883515,19.58482797366692,0.0 -99.33815955781488,19.58482043380335,0.0 -99.42411839182212,19.454280535918933,0.0 -99.43639497883187,19.510484532140286,0.0 -99.42005007749172,19.44406574617662,0.0 -99.43500960113901,19.496429618641564,0.0 -99.43639840750913,19.51176254532603,0.0 -99.43375393781399,19.530939210697127,0.0 -99.43364149914201,19.488764754495513,0.0 -99.42169192819973,19.557806145243234,0.0 -99.43640869515924,19.515596583797507,0.0 -99.40152915667099,19.582134445975598,0.0 -99.41192789427588,19.428747947151376,0.0 -99.39883550755134,19.5834184386561,0.0 -99.4295548452531,19.472160147924487,0.0 -99.39479339545089,19.584705348550838,0.0 -99.43091584045295,19.477269025878375,0.0 -99.41598879269789,19.436406898845483,0.0 -99.43501301627062,19.497707634046453,0.0 -99.39344497551015,19.584708295347625,0.0 -99.32736953389688,19.58356231931929,0.0 -99.41497712426231,19.568045838909335,0.0 -99.4350882171835,19.525823927184515,0.0 -99.38939971422987,19.58471707524927,0.0 -99.38670287216968,19.584722878109694,0.0 -99.38535445078008,19.584725764417676,0.0 -99.3813091851833,19.58473436285264,0.0 -99.37726391746209,19.584742870553953,0.0 -99.37321864763895,19.584751287521417,0.0 -99.36917337573644,19.584759613754827,0.0 -99.36512810177709,19.584767849253993,0.0 -99.36108282578343,19.58477599401871,0.0 -99.357037547778,19.58478404804879,0.0 -99.35299226778335,19.584792011344042,0.0 -99.34894698582201,19.584799883904264,0.0 -99.4096001548433,19.57444820483266,0.0 -99.32871795415379,19.583559866694856,0.0 -99.43228031521225,19.483655906955395,0.0 -99.40825504164124,19.57572926959964,0.0 -99.40922724287707,19.426197981084645,0.0 -99.435016431671,19.498985649270498,0.0 -99.4146383608649,19.435131954143873,0.0 -99.3300663742072,19.583557403989335,0.0 -99.42276774701014,19.45300565817832,0.0 -99.40787694877879,19.424922982143805,0.0 -99.4105807690515,19.42875099858026,0.0 -99.42034704772027,19.55908729820203,0.0 -99.42437159933196,19.551409782169888,0.0 -99.3314147940563,19.583554931202748,0.0 -99.42705106367869,19.54501337878396,0.0 -99.43375052629214,19.529661199768515,0.0 -99.42168860661154,19.556528136092343,0.0 -99.4028711987857,19.579575421442104,0.0 -99.42838903262665,19.541176156861496,0.0 -99.39209346225567,19.583433222005773,0.0 -99.4214138233329,19.45045274564241,0.0 -99.39074505246506,19.583436148433503,0.0 -99.388048232159,19.583441971046703,0.0 -99.38400299990037,19.58345062936071,0.0 -99.37995776550235,19.583459196947597,0.0 -99.37591252898748,19.58346767380716,0.0 -99.37186729037829,19.58347605993919,0.0 -99.3678220496973,19.583484355343508,0.0 -99.36377680696705,19.583492560019888,0.0 -99.3597315622101,19.583500673968153,0.0 -99.35568631544895,19.583508697188112,0.0 -99.35164106670616,19.58351662967956,0.0 -99.34759581600426,19.583524471442328,0.0 -99.3435505633658,19.583532222476205,0.0 -99.33950530881327,19.58353988278103,0.0 -99.33546005236927,19.583547452356598,0.0 -99.332760588846,19.582274429697662,0.0 -99.32871536120737,19.582281847534848,0.0 -99.3354574062432,19.582269434071115,0.0 -99.3395026307795,19.582261865028777,0.0 -99.41599530284356,19.438962952719557,0.0 -99.34219944608763,19.582256768598953,0.0 -99.40017760283945,19.580859433589083,0.0 -99.4227710580485,19.454283681756934,0.0 -99.42684315466761,19.465776412264994,0.0 -99.40556155327167,19.5770133607846,0.0 -99.42005994263258,19.447899821490864,0.0 -99.42412835816161,19.458114604903358,0.0 -99.4082518227038,19.57445126080186,0.0 -99.41193756043262,19.432582032897805,0.0 -99.40923364357384,19.42875404001435,0.0 -99.41870610489998,19.445346885728057,0.0 -99.41329118346388,19.43513502665147,0.0 -99.43228709808356,19.48621194211309,0.0 -99.41735231012599,19.442793938358353,0.0 -99.4146448494171,19.437688008815687,0.0 -99.43502667948489,19.502819693857525,0.0 -99.41058719183002,19.431307056357625,0.0 -99.40653303330228,19.426204033109908,0.0 -99.4227743693478,19.45556170515508,0.0 -99.34759307415528,19.582246454775724,0.0 -99.4203437364907,19.557809289010695,0.0 -99.40383250729838,19.423653983799703,0.0 -99.3893935708763,19.58216105413031,0.0 -99.38804517123832,19.582163960191792,0.0 -99.38669677136015,19.582166856173227,0.0 -99.41194078299316,19.433860061119418,0.0 -99.38265157029275,19.58217548363708,0.0 -99.37860636709355,19.58218402038014,0.0 -99.37456116178507,19.5821924664022,0.0 -99.37051595438984,19.582200821703054,0.0 -99.36647074493044,19.58220908628251,0.0 -99.36242553342935,19.582217260140368,0.0 -99.35838031990913,19.582225343276434,0.0 -99.35433510439232,19.58223333569051,0.0 -99.35028988690144,19.58224123738242,0.0 -99.3300611672468,19.581001365835032,0.0 -99.39748082848942,19.580865396492328,0.0 -99.42168528528423,19.555250126760193,0.0 -99.40421319911488,19.5770163869532,0.0 -99.33140956582486,19.580998893396828,0.0 -99.40788651784372,19.428757071453646,0.0 -99.41464809407698,19.438966035881126,0.0 -99.41600181401598,19.441519005872305,0.0 -99.41497058342172,19.565489821123972,0.0 -99.41765722303995,19.56164957470053,0.0 -99.42820736472783,19.472163336957962,0.0 -99.33275796419775,19.580996410878974,0.0 -99.42972694004484,19.537338924604917,0.0 -99.43365851654453,19.49515483627928,0.0 -99.41194400580787,19.435138089160745,0.0 -99.4092400452805,19.43131009822311,0.0 -99.33410636236468,19.58099391828149,0.0 -99.42956831793337,19.47727222583644,0.0 -99.39343566512115,19.58087426525247,0.0 -99.41871266082644,19.447902936198567,0.0 -99.41362558635812,19.56677092507001,0.0 -99.38939049956106,19.580883043298755,0.0 -99.38804211055786,19.580885949155515,0.0 -99.4173588439288,19.445349989990397,0.0 -99.34624193646023,19.580971031321347,0.0 -99.34219674699392,19.580978751024464,0.0 -99.33815155562124,19.580986380011232,0.0 -99.38534533183169,19.58089173063098,0.0 -99.38130016195555,19.580900327248933,0.0 -99.3772549899552,19.580908833152414,0.0 -99.37320981585319,19.58091724834121,0.0 -99.36916463967201,19.580925572815136,0.0 -99.36511946143422,19.580933806573988,0.0 -99.36107428116233,19.580941949617557,0.0 -99.3570290988789,19.58095000194567,0.0 -99.35298391460647,19.580957963558124,0.0 -99.41059361562179,19.433863113413953,0.0 -99.43504034700021,19.507931750774564,0.0 -99.40248856975681,19.424935005394328,0.0 -99.40518909675886,19.427485074330246,0.0 -99.4270443411006,19.54245735846427,0.0 -99.43507111463859,19.5194338682533,0.0 -99.42821072193632,19.473441356932646,0.0 -99.42034042552119,19.5565312796381,0.0 -99.4200698101067,19.451733895181405,0.0 -99.43240597129859,19.53094244027234,0.0 -99.42302346123056,19.55141294495449,0.0 -99.41093552847927,19.569333103508765,0.0 -99.41330088505455,19.438969109042255,0.0 -99.4078928984785,19.4313131300924,0.0 -99.4187159391773,19.44918096116322,0.0 -99.40959046766064,19.57061417799721,0.0 -99.41059682789768,19.435141141671703,0.0 -99.40151649005156,19.577022409059026,0.0 -99.41736211121656,19.446628015535847,0.0 -99.43229727439324,19.490045993494054,0.0 -99.3988229250119,19.578306400779024,0.0 -99.43366532538093,19.497710867727154,0.0 -99.40384198081102,19.427488075572253,0.0 -99.39343256214522,19.579596254857975,0.0 -99.41195045219983,19.437694144702522,0.0 -99.38938742848687,19.57960503228583,0.0 -99.3866906715081,19.579610833511264,0.0 -99.3826455342469,19.579619459759545,0.0 -99.37860039485408,19.579627995299816,0.0 -99.3745552533521,19.579636440131868,0.0 -99.37051010976354,19.57964479425549,0.0 -99.36646496411093,19.579653057670505,0.0 -99.3624198164168,19.579661230376697,0.0 -99.3583746667037,19.57966931237388,0.0 -99.35432951499412,19.579677303661864,0.0 -99.35028436131064,19.57968520424045,0.0 -99.34623920567576,19.579693014109463,0.0 -99.34219404811203,19.57970073326871,0.0 -99.33814888864198,19.579708361717998,0.0 -99.33410372728815,19.579715899457156,0.0 -99.33005856407307,19.57972334648601,0.0 -99.32601339901927,19.579730702804365,0.0 -99.32870758358901,19.578447788967345,0.0 -99.33275271551919,19.578440372697866,0.0 -99.33679784559571,19.57843286572441,0.0 -99.34084297379601,19.578425268047145,0.0 -99.32735662437099,19.57717222084298,0.0 -99.40286166804302,19.575741393573907,0.0 -99.42838229041844,19.53862013590527,0.0 -99.40789608917335,19.432591159141403,0.0 -99.41330411942816,19.440247136145217,0.0 -99.43093612084667,19.484937135967357,0.0 -99.43106478595473,19.5335016820208,0.0 -99.42704098020774,19.541179348032667,0.0 -99.4187192177866,19.450458985947453,0.0 -99.40249486461407,19.42749106682013,0.0 -99.41465782959185,19.44280011599542,0.0 -99.39844728288043,19.424943917908802,0.0 -99.4173653787619,19.447906040900897,0.0 -99.3462364751056,19.57841499671631,0.0 -99.3300533583385,19.577167307244267,0.0 -99.41227731874667,19.56677400996131,0.0 -99.40924964973414,19.435144184184324,0.0 -99.3997975049911,19.426218988288536,0.0 -99.34758484989932,19.57841240368821,0.0 -99.41093228955253,19.568055094235643,0.0 -99.39477782617996,19.578315298523172,0.0 -99.43367213528911,19.5002668984517,0.0 -99.40151332401801,19.575744399376436,0.0 -99.4068970744532,19.571898288126423,0.0 -99.42007638971918,19.454289943406238,0.0 -99.34893322447789,19.57840980058195,0.0 -99.42278761715487,19.46067379694279,0.0 -99.4065489315825,19.432594181228747,0.0 -99.43093950184387,19.48621515368303,0.0 -99.40384829773178,19.430044135852896,0.0 -99.41496404360824,19.56293380261337,0.0 -99.33275009148886,19.57716235333546,0.0 -99.35028159884047,19.578407187397556,0.0 -99.41765064228377,19.559093555979107,0.0 -99.38668762194112,19.57833282190824,0.0 -99.38399088527117,19.5783385824132,0.0 -99.37994577848578,19.57834714758598,0.0 -99.37590066958381,19.578355622057007,0.0 -99.37185555858784,19.578364005826067,0.0 -99.36781044552036,19.57837229889297,0.0 -99.36376533040394,19.57838050125751,0.0 -99.3597202132611,19.578388612919493,0.0 -99.35567509411435,19.578396633878732,0.0 -99.35162997298623,19.578404564135035,0.0 -99.41736864656484,19.449184066085554,0.0 -99.42569962835643,19.543738550277777,0.0 -99.39980063147607,19.427497019333497,0.0 -99.33409845775553,19.57715986126479,0.0 -99.41195689960855,19.440250199523046,0.0 -99.38901760493822,19.424964364029876,0.0 -99.40016497974452,19.57574739510254,0.0 -99.40115088543514,19.428772078727913,0.0 -99.4079024713181,19.435147216698603,0.0 -99.37958791523718,19.42498432050439,0.0 -99.41331058894052,19.44280318981012,0.0 -99.33544682381539,19.57715735911661,0.0 -99.406552111991,19.433872210311783,0.0 -99.3984535145367,19.42749998059898,0.0 -99.40520177374081,19.432597193319157,0.0 -99.43230745310639,19.493880043248097,0.0 -99.41466432121453,19.445356168503174,0.0 -99.41872577578052,19.453015034974616,0.0 -99.42435823485538,19.546297742636284,0.0 -99.41601809643976,19.44790913559785,0.0 -99.41737191462536,19.450462091089793,0.0 -99.39980375820767,19.428775050198265,0.0 -99.40925605396578,19.43770024059038,0.0 -99.3971063973515,19.4275029318703,0.0 -99.39036775502018,19.426239505814145,0.0 -99.43239916972443,19.52838641777798,0.0 -99.40689386690171,19.57062027856992,0.0 -99.38632642997521,19.426248149137244,0.0 -99.40115402294897,19.43005010920173,0.0 -99.38228510278535,19.42625670251874,0.0 -99.378243773473,19.42626516595843,0.0 -99.43368235216114,19.504100943182088,0.0 -99.40958401080626,19.568058159200202,0.0 -99.42837891971173,19.537342125155437,0.0 -99.38938128706152,19.577049009715907,0.0 -99.38668457261349,19.57705481012388,0.0 -99.38398785720808,19.57706057022295,0.0 -99.37994278231959,19.57706913479223,0.0 -99.37589770531459,19.577077608666144,0.0 -99.37185262621566,19.577085991844484,0.0 -99.36780754504531,19.577094284327053,0.0 -99.36376246182607,19.57710248611365,0.0 -99.3597173765805,19.577110597204086,0.0 -99.3556722893311,19.57711861759817,0.0 -99.3516272001004,19.5771265472957,0.0 -99.34758210891096,19.577134386296496,0.0 -99.34353701578527,19.577142134600372,0.0 -99.33949192074593,19.577149792207134,0.0 -99.33679253394804,19.575876827876254,0.0 -99.33274746766449,19.575884333791837,0.0 -99.3287023995274,19.575891749016222,0.0 -99.34083759835552,19.575869231269657,0.0 -99.32735146197902,19.57461618018393,0.0 -99.41331382407928,19.44408121637204,0.0 -99.32869980780177,19.574613728768856,0.0 -99.43231084654494,19.495158059471187,0.0 -99.41496077408665,19.561655793086118,0.0 -99.39746829045532,19.57575335632542,0.0 -99.43094626463687,19.488771188572162,0.0 -99.42279424262443,19.463229841753584,0.0 -99.43368575832113,19.505378957730468,0.0 -99.41872905516516,19.454293059217537,0.0 -99.40016182458999,19.574469385027484,0.0 -99.4173751829435,19.451740115913605,0.0 -99.3890236891249,19.427520429620646,0.0 -99.3876765702423,19.4275233109327,0.0 -99.38498233176047,19.42752904357416,0.0 -99.38228809232864,19.427534736238712,0.0 -99.37824673141415,19.427543200278695,0.0 -99.37420536839957,19.427551574370302,0.0 -99.39611994544131,19.575756321822183,0.0 -99.43368916474911,19.506656972097943,0.0 -99.42550906706644,19.47089166436388,0.0 -99.34892772145213,19.57585376598412,0.0 -99.43231424025055,19.49643607551346,0.0 -99.40385777498157,19.433878224922108,0.0 -99.40520811373179,19.435153251732114,0.0 -99.33274484404606,19.574606314067005,0.0 -99.35027607455056,19.575851153167978,0.0 -99.43239576933837,19.527108406259195,0.0 -99.40150699269644,19.57318837946719,0.0 -99.43094964643268,19.490049205745592,0.0 -99.39981001241081,19.431331111387145,0.0 -99.39711260892066,19.430058994258303,0.0 -99.39037386075564,19.428795570634446,0.0 -99.40689065960203,19.569342268832088,0.0 -99.33409318905005,19.574603822347534,0.0 -99.41092581246197,19.565499075145457,0.0 -99.41602461120652,19.450465186225333,0.0 -99.43369597840912,19.509213000290185,0.0 -99.38802987023786,19.575773903196815,0.0 -99.38533317657317,19.57577968304304,0.0 -99.38128813428952,19.57578827723844,0.0 -99.37724308988197,19.575796780744934,0.0 -99.37319804337304,19.57580519356231,0.0 -99.36915299478524,19.575813515690374,0.0 -99.36510794414113,19.575821747128927,0.0 -99.36106289146323,19.575829887877767,0.0 -99.35701783677409,19.57583793793671,0.0 -99.35297278009621,19.57584589730556,0.0 -99.38229108210776,19.428812769778514,0.0 -99.37824968958866,19.42882123441881,0.0 -99.37420829496939,19.428829609104337,0.0 -99.40116029871909,19.43260616960867,0.0 -99.42958853491275,19.48494033728424,0.0 -99.4323176342233,19.497714091374917,0.0 -99.33544153384727,19.574601320551974,0.0 -99.40251060610267,19.43388121723078,0.0 -99.42686992466348,19.476000576029907,0.0 -99.43371983466263,19.51815909326345,0.0 -99.42551240288486,19.472169684968538,0.0 -99.39441833167541,19.43006486765149,0.0 -99.41332029512202,19.446637268954785,0.0 -99.33678987843687,19.57459880868035,0.0 -99.4337164258222,19.51688108052445,0.0 -99.4176440625612,19.55653753653261,0.0 -99.3998131398824,19.432609141711243,0.0 -99.39037691398461,19.430073602774314,0.0 -99.42008955205583,19.4594020376903,0.0 -99.38633549412623,19.430082247936603,0.0 -99.33813822281805,19.574596286732646,0.0 -99.38094693098208,19.430093634880695,0.0 -99.37690550615328,19.430102070134275,0.0 -99.37286407923172,19.43011041542664,0.0 -99.40926566220725,19.441534323847158,0.0 -99.40116343697541,19.433884199541783,0.0 -99.42280086913811,19.465785885842223,0.0 -99.41738172035267,19.454296165019908,0.0 -99.41361254922445,19.561658887176108,0.0 -99.4079152386278,19.44025932964955,0.0 -99.40251375514539,19.43515924677217,0.0 -99.40656483613353,19.438984324841112,0.0 -99.39342015267674,19.574484211466405,0.0 -99.4052144547228,19.43770930942397,0.0 -99.42687327209914,19.47727859568771,0.0 -99.39072348220115,19.574490071511665,0.0 -99.42551573896601,19.473447705392573,0.0 -99.38937514660022,19.574492986420623,0.0 -99.35162165498163,19.574570513073283,0.0 -99.34757662757964,19.574578350969354,0.0 -99.34353159824155,19.574586098181282,0.0 -99.3866784746762,19.574498786011162,0.0 -99.3839818017949,19.574504545298478,0.0 -99.37993679069268,19.574513108660778,0.0 -99.37589177747412,19.574521581340495,0.0 -99.37184676216177,19.574529963337422,0.0 -99.36780174477815,19.574538254651355,0.0 -99.3637567253458,19.574546455282103,0.0 -99.35971170388724,19.57455456522947,0.0 -99.355666680425,19.574562584493258,0.0 -99.41629915980657,19.557818659914798,0.0 -99.3971188214698,19.432615055925453,0.0 -99.38903281720489,19.43135452665544,0.0 -99.4310546141962,19.529667648412207,0.0 -99.38499136501949,19.431363142441793,0.0 -99.38094991069636,19.43137166826096,0.0 -99.37690845425796,19.43138010411274,0.0 -99.37286699572667,19.43138844999693,0.0 -99.368825535125,19.431396705913333,0.0 -99.40957755496572,19.56550213967791,0.0 -99.42301013920698,19.54630090452847,0.0 -99.40116657547925,19.435162229294626,0.0 -99.4160311270004,19.45302123613112,0.0 -99.40284896387685,19.570629353877276,0.0 -99.41873889486995,19.45812713086349,0.0 -99.42280418278654,19.46706390761571,0.0 -99.42959527602859,19.48749637298782,0.0 -99.40015551502391,19.57191336433335,0.0 -99.4323278177442,19.501548137874277,0.0 -99.39611369916057,19.573200300232653,0.0 -99.39173018171107,19.43262676438987,0.0 -99.39981939556559,19.435165201818695,0.0 -99.41764077308747,19.555259526537483,0.0 -99.39038302116509,19.432629666513435,0.0 -99.38768869935137,19.432635440769456,0.0 -99.42551907530995,19.474725725635988,0.0 -99.38230005286024,19.432646869316862,0.0 -99.37825856551233,19.432655335758128,0.0 -99.374217076064,19.432663712225487,0.0 -99.3701755845377,19.43267199871875,0.0 -99.39476537516163,19.573203255236432,0.0 -99.41468055474984,19.45174629661577,0.0 -99.41360929058084,19.56038087724941,0.0 -99.39341705091836,19.573206200165163,0.0 -99.42434821425397,19.542463711083577,0.0 -99.42703089911372,19.537345315650985,0.0 -99.39206872643163,19.573209135018843,0.0 -99.40792162379292,19.44281538504313,0.0 -99.39442758764302,19.43389896113143,0.0 -99.41874217528853,19.45940515438452,0.0 -99.43238556978415,19.52327437061652,0.0 -99.38532710037491,19.573223658161105,0.0 -99.38128212187249,19.57323225114529,0.0 -99.3772371412463,19.573240753453337,0.0 -99.37319215851889,19.573249165085056,0.0 -99.36914717371278,19.573257486040248,0.0 -99.36510218685049,19.573265716318698,0.0 -99.36105719795457,19.573273855920228,0.0 -99.35701220704753,19.573281904844638,0.0 -99.3529672141519,19.57328986309173,0.0 -99.34892221929023,19.57329773066133,0.0 -99.34487722248502,19.573305507553233,0.0 -99.34083222375884,19.573313193767266,0.0 -99.33678722313418,19.57332078930324,0.0 -99.33408792117169,19.57204778270547,0.0 -99.33004294932076,19.572055226586308,0.0 -99.3354362447096,19.57204528126253,0.0 -99.3394812140744,19.572037716485784,0.0 -99.34217785926849,19.572032622928095,0.0 -99.33004034757698,19.57077720596885,0.0 -99.33138866110424,19.570774734924083,0.0 -99.41898234467362,19.552700383249935,0.0 -99.39308041704314,19.43390188345624,0.0 -99.43096317627824,19.495161272631556,0.0 -99.40688424575806,19.566786248812473,0.0 -99.39982252377722,19.436443231602034,0.0 -99.38903890379163,19.43391059044428,0.0 -99.38769173222661,19.433913472778137,0.0 -99.41333000359933,19.450471346475986,0.0 -99.39745888951283,19.57191932429603,0.0 -99.38230304358281,19.433924902135924,0.0 -99.37826152462029,19.433933369177527,0.0 -99.3742200035573,19.43394174623885,0.0 -99.37017848041627,19.433950033319693,0.0 -99.36613695521962,19.433958230419858,0.0 -99.4268799677614,19.479834634461337,0.0 -99.4203238745742,19.550141230056465,0.0 -99.40117285322951,19.437718288259518,0.0 -99.39577785434773,19.435174059400506,0.0 -99.41468380222473,19.453024321697036,0.0 -99.3984753330771,19.43644619433776,0.0 -99.40252320376375,19.438993334314684,0.0 -99.42009942653134,19.463236106508113,0.0 -99.41603764382147,19.455577285315147,0.0 -99.40387357538158,19.440268369765395,0.0 -99.35161611073336,19.572014478125922,0.0 -99.4187454559656,19.460683177725045,0.0 -99.4173915283987,19.458130237325935,0.0 -99.42281081086652,19.469619950620974,0.0 -99.41763748387211,19.553981516361116,0.0 -99.38904194744505,19.435188622068356,0.0 -99.35296443150743,19.572011845712968,0.0 -99.38365321759711,19.435200092230442,0.0 -99.37961166772268,19.43520858986791,0.0 -99.37557011574022,19.435216997518783,0.0 -99.37152856167215,19.43522531518286,0.0 -99.36748700554094,19.435233542859937,0.0 -99.33678191315407,19.570764750005427,0.0 -99.42434487457841,19.541185700203677,0.0 -99.43237877141786,19.52071834594957,0.0 -99.40149749757774,19.569354348243298,0.0 -99.42416824708629,19.473450864593264,0.0 -99.39071732144515,19.571934047901934,0.0 -99.38936900710287,19.571936962400056,0.0 -99.3866723776962,19.571942761173183,0.0 -99.38262743179352,19.571951383774973,0.0 -99.37858248375966,19.571959915707087,0.0 -99.37453753361714,19.571968356969332,0.0 -99.37049258138849,19.571976707561493,0.0 -99.3664476270962,19.571984967483385,0.0 -99.36240267076288,19.571993136734804,0.0 -99.35835771241099,19.572001215315552,0.0 -99.43234479562197,19.507938211755874,0.0 -99.42971003746655,19.530948869268574,0.0 -99.39847845099487,19.437724224150866,0.0 -99.39443375950489,19.436455022550206,0.0 -99.40792800996498,19.445371439715338,0.0 -99.40688103921374,19.5655082385307,0.0 -99.39308656782629,19.436457945289433,0.0 -99.40657756429009,19.444096436485495,0.0 -99.40522713970537,19.442821422644055,0.0 -99.43237537263565,19.519440333344576,0.0 -99.39039218374226,19.436463760770437,0.0 -99.41629260183736,19.555262639666648,0.0 -99.3998287809406,19.438999290627887,0.0 -99.38769779869472,19.436469536254805,0.0 -99.38500341269027,19.436475271742477,0.0 -99.38096183190399,19.436483799980042,0.0 -99.37692024900208,19.4364922382247,0.0 -99.37287866400706,19.43650058647625,0.0 -99.3688370769413,19.436508844734494,0.0 -99.36479548782728,19.43651701299923,0.0 -99.40284261328964,19.568073332940987,0.0 -99.42032056516484,19.548863219596473,0.0 -99.42166204329695,19.546304056360682,0.0 -99.42836880918098,19.533508091819222,0.0 -99.32868944293357,19.569501645967573,0.0 -99.40117913196994,19.440274346503262,0.0 -99.42688666447823,19.48239067251226,0.0 -99.39848156915852,19.439002253783702,0.0 -99.40928168099428,19.447924459001605,0.0 -99.39443684580088,19.437733052989206,0.0 -99.41469029794243,19.455580371318263,0.0 -99.3947591511184,19.57064723250508,0.0 -99.40418770774971,19.566792307809525,0.0 -99.42434153516527,19.539907689142634,0.0 -99.41198592553233,19.45175243728783,0.0 -99.34352347352059,19.570752042193515,0.0 -99.41763419491514,19.55270350600351,0.0 -99.38904803547204,19.4377446847758,0.0 -99.38770083228759,19.437747567722774,0.0 -99.42010601081182,19.46579215148402,0.0 -99.3836592213022,19.437756156564376,0.0 -99.37961760818617,19.437764655406827,0.0 -99.37557599296194,19.437773064249917,0.0 -99.37153437565196,19.437781383093455,0.0 -99.3674927562787,19.437789611937237,0.0 -99.36345113486455,19.437797750781073,0.0 -99.33138604893712,19.56949671429964,0.0 -99.4014943330351,19.568076337472696,0.0 -99.43097671038394,19.500273336624605,0.0 -99.35430995900875,19.570731185851702,0.0 -99.35026502857225,19.570739082533958,0.0 -99.34622009618488,19.570746888551362,0.0 -99.38532102513055,19.57066763255396,0.0 -99.38127611039934,19.570676224326956,0.0 -99.3772311935445,19.570684725436603,0.0 -99.37318627458862,19.5706931358827,0.0 -99.36914135355417,19.570701455665045,0.0 -99.3650964304637,19.57070968478344,0.0 -99.36105150533972,19.570717823237697,0.0 -99.35700657820479,19.570725871027605,0.0 -99.41063539497168,19.450477466699343,0.0 -99.39578714485752,19.439008150093734,0.0 -99.3327343516317,19.569494233355787,0.0 -99.4189757463048,19.550144362431627,0.0 -99.40928488550946,19.449202485491384,0.0 -99.42300015043656,19.542466872306484,0.0 -99.42417489890708,19.4760069053467,0.0 -99.41469354618523,19.456858395858195,0.0 -99.4038830586122,19.4441024545077,0.0 -99.39174550657641,19.439016919554675,0.0 -99.39039829333146,19.4390198227072,0.0 -99.41091286133204,19.56038703478954,0.0 -99.41198915190634,19.45303046280417,0.0 -99.38770386611971,19.439025599010492,0.0 -99.39983503909085,19.441555348932553,0.0 -99.38635665215455,19.439028472161258,0.0 -99.38366222350984,19.43903418846098,0.0 -99.37962057876926,19.439042687905935,0.0 -99.37557893192042,19.43905109734515,0.0 -99.37153728298576,19.43905941677843,0.0 -99.36749563198771,19.43906764620558,0.0 -99.36345397894871,19.439075785626397,0.0 -99.42568287825162,19.537348496091557,0.0 -99.42010930334114,19.467070173701146,0.0 -99.41875529954798,19.464517246663544,0.0 -99.41063861054174,19.45175549261256,0.0 -99.42282075494464,19.473454013774436,0.0 -99.39848780622347,19.441558312508484,0.0 -99.33677925847665,19.56948673008476,0.0 -99.41494443032971,19.555265742730825,0.0 -99.3934077471041,19.569372165173554,0.0 -99.39879777178152,19.568082316319586,0.0 -99.39071116165636,19.56937802356698,0.0 -99.38936286856938,19.569380937654287,0.0 -99.38801457524146,19.569383841668632,0.0 -99.38531798786607,19.569389619478457,0.0 -99.3812731050167,19.569398210645883,0.0 -99.3772282200438,19.569406711156343,0.0 -99.3731833329699,19.56941512100964,0.0 -99.36913844381753,19.569423440205583,0.0 -99.3650935526092,19.569431668743963,0.0 -99.36104865936746,19.569439806624583,0.0 -99.35700376411482,19.569447853847258,0.0 -99.3529588668738,19.56945581041179,0.0 -99.34891396766696,19.56946367631799,0.0 -99.34486906651681,19.56947145156568,0.0 -99.34082416344584,19.56947913615466,0.0 -99.33812489524685,19.568206188923817,0.0 -99.33408002090484,19.568213721883534,0.0 -99.33003514470218,19.568221164190465,0.0 -99.3394731862768,19.568203657792203,0.0 -99.34216976770568,19.568198565311473,0.0 -99.33003254357114,19.566943143029555,0.0 -99.34621463825883,19.5681908510467,0.0 -99.42970327829516,19.528392845866385,0.0 -99.38905412445928,19.44030074676221,0.0 -99.33407738789604,19.566935701247246,0.0 -99.40658711304205,19.44793051832516,0.0 -99.38635967568358,19.44030650347239,0.0 -99.38501245093771,19.440309366825517,0.0 -99.38097077527786,19.440317896876973,0.0 -99.37692909750218,19.440326336916392,0.0 -99.37288741763314,19.440334686943554,0.0 -99.36884573569316,19.440342946958264,0.0 -99.36480405170468,19.44035111696034,0.0 -99.36076236569015,19.440359196949572,0.0 -99.41199237853462,19.45430848814007,0.0 -99.41605068054545,19.460689381517582,0.0 -99.35025950688373,19.568183046129672,0.0 -99.42011259612985,19.468348195737722,0.0 -99.41740460940078,19.463242331207148,0.0 -99.41064182636525,19.45303351834536,0.0 -99.39849092512482,19.44283634160042,0.0 -99.41334618949728,19.45686147206955,0.0 -99.41225458080446,19.557827940221287,0.0 -99.4025389564288,19.445383476612765,0.0 -99.43103427787484,19.521999576306257,0.0 -99.39309887230321,19.44157006679264,0.0 -99.35295608488464,19.56817779248939,0.0 -99.40014289886345,19.56680132076925,0.0 -99.39610120954082,19.568088254877736,0.0 -99.33812223036036,19.566928168818528,0.0 -99.38770993450164,19.44158166104512,0.0 -99.38501546416201,19.44158739815934,0.0 -99.38232099287198,19.44159309526545,0.0 -99.37827928416954,19.441601565909295,0.0 -99.37423757336614,19.441609946534577,0.0 -99.37019586048427,19.4416182371411,0.0 -99.36615414554635,19.441626437728665,0.0 -99.36211242857485,19.44163454829707,0.0 -99.35807070959216,19.441642568846127,0.0 -99.4241815517757,19.47856294537756,0.0 -99.3543043735579,19.56817515056059,0.0 -99.41199560541722,19.455586513295536,0.0 -99.39475292805236,19.568091209048514,0.0 -99.33947051076444,19.566925637865346,0.0 -99.429699899108,19.5271148338937,0.0 -99.43103088942061,19.520721563654988,0.0 -99.42011588917798,19.469626217593717,0.0 -99.41064504244225,19.454311543897735,0.0 -99.39849404427206,19.444114370512033,0.0 -99.32868167141821,19.565667581964483,0.0 -99.42567952902043,19.53607048471091,0.0 -99.41876186322895,19.467073291719867,0.0 -99.38531495084004,19.56811160622168,0.0 -99.38127009987001,19.56812019678354,0.0 -99.37722524677653,19.56812869669482,0.0 -99.37318039158214,19.568137105955337,0.0 -99.36913553430934,19.56814542456487,0.0 -99.36509067498066,19.568153652523243,0.0 -99.36104581361863,19.56816178983025,0.0 -99.41762761777622,19.550147484744663,0.0 -99.40148800469518,19.56552031538761,0.0 -99.42299349256436,19.539910849919373,0.0 -99.40929450057071,19.4530365638783,0.0 -99.39040745952205,19.442853914260283,0.0 -99.43102750123285,19.519443550822707,0.0 -99.40389254408608,19.44793653762692,0.0 -99.42826111180118,19.492611634871675,0.0 -99.38232398524588,19.442871126822812,0.0 -99.37828224491139,19.442879598067066,0.0 -99.37424050247587,19.442887979286375,0.0 -99.3701987579618,19.442896270480542,0.0 -99.3661570113916,19.442904471649367,0.0 -99.36211526278774,19.44291258279265,0.0 -99.35807351217265,19.442920603910213,0.0 -99.40794397980099,19.45176157323936,0.0 -99.4052430015603,19.449211560111536,0.0 -99.4310037913783,19.51049745592944,0.0 -99.42418487860297,19.479840965122005,0.0 -99.41896914897262,19.547588340888506,0.0 -99.43102411331152,19.518165537809438,0.0 -99.4068714210914,19.56167420659768,0.0 -99.40119483315348,19.446664488957104,0.0 -99.42031063849669,19.545029187129362,0.0 -99.40283308927843,19.564239300176805,0.0 -99.43101733826816,19.51560951123994,0.0 -99.40821643106626,19.560393152058246,0.0 -99.41064825877272,19.455589569269666,0.0 -99.41628276681504,19.551428607935154,0.0 -99.40956141979942,19.55911208769962,0.0 -99.40254525923375,19.447939532269615,0.0 -99.4133526656425,19.459417521043797,0.0 -99.34621190961717,19.566912832022606,0.0 -99.4092977060964,19.454314589646433,0.0 -99.38771600384062,19.444137722358615,0.0 -99.33407475509397,19.5656576804298,0.0 -99.40389570640923,19.449214564972607,0.0 -99.38097972076756,19.444151992151575,0.0 -99.37693794809566,19.44416043398582,0.0 -99.37289617333016,19.444168785788683,0.0 -99.36885439649349,19.44417704755995,0.0 -99.36481261760812,19.44418521929943,0.0 -99.36077083669649,19.444193301006926,0.0 -99.35672905378104,19.44420129268226,0.0 -99.3998475583523,19.44666746337807,0.0 -99.40659666405249,19.45176459854142,0.0 -99.34756018874832,19.566910240638745,0.0 -99.39205327442795,19.56681907475887,0.0 -99.33542302549819,19.565655179868333,0.0 -99.4120020599454,19.45814256306509,0.0 -99.35699813659768,19.566891818942942,0.0 -99.35295330311389,19.56689977438581,0.0 -99.34890846766442,19.566907639183125,0.0 -99.41493789462393,19.552709721320003,0.0 -99.3839636412587,19.566836466173974,0.0 -99.37991882145522,19.566845025915566,0.0 -99.37587399953588,19.56685349501291,0.0 -99.3718291755232,19.566861873465804,0.0 -99.3677843494397,19.566870161274053,0.0 -99.36373952130792,19.56687835843746,0.0 -99.35969469115035,19.56688646495582,0.0 -99.40119797413297,19.447942516906842,0.0 -99.39850028330436,19.446670427794263,0.0 -99.33677129569485,19.565652669235757,0.0 -99.40552319470622,19.56167724027626,0.0 -99.42826783494692,19.495167668857693,0.0 -99.39176083748508,19.445407070212635,0.0 -99.3904135715204,19.445409974394185,0.0 -99.39744322619478,19.56552926728745,0.0 -99.38906630531476,19.445412868571616,0.0 -99.38771903886901,19.445415752744918,0.0 -99.40930091187474,19.45559261523413,0.0 -99.38367723809941,19.44542434523997,0.0 -99.37963543519871,19.445432847697585,0.0 -99.37559363018936,19.44544126011756,0.0 -99.37155182309381,19.445449582499695,0.0 -99.3675100139345,19.445457814843795,0.0 -99.36346820273391,19.44546595714966,0.0 -99.35942638951447,19.445474009417108,0.0 -99.35538457429861,19.44548197164594,0.0 -99.40389886898168,19.450492592137902,0.0 -99.42283401737095,19.478566095450372,0.0 -99.40524934805303,19.4517676138359,0.0 -99.32867908131989,19.56438956026786,0.0 -99.33946783546214,19.56564761775732,0.0 -99.39609496620166,19.56553223111252,0.0 -99.42419153304346,19.482397004068876,0.0 -99.42835533218161,19.528396044835606,0.0 -99.40120111536007,19.44922054467622,0.0 -99.42968976314043,19.523280796889363,0.0 -99.39850340318941,19.447948456164855,0.0 -99.33002734192172,19.56438710016433,0.0 -99.39311118066146,19.446682185411102,0.0 -99.40255156303247,19.45049558720501,0.0 -99.390416627881,19.446688004190662,0.0 -99.42012576987882,19.473460282078186,0.0 -99.38502751943523,19.44669952169175,0.0 -99.38098568560292,19.44670805476655,0.0 -99.37694384965441,19.4467164977974,0.0 -99.37290201161213,19.4467248507841,0.0 -99.36886017149855,19.446733113726445,0.0 -99.36481832933612,19.446741286624242,0.0 -99.36077648514726,19.4467493694773,0.0 -99.35673463895445,19.44675736228542,0.0 -99.35269279078014,19.44676526504842,0.0 -99.39205018475506,19.565541062163035,0.0 -99.41335914280847,19.461973569296106,0.0 -99.41877171068963,19.470907357950153,0.0 -99.40930411790573,19.456870640641387,0.0 -99.38665713943382,19.56555269590575,0.0 -99.38261235292775,19.56556131546905,0.0 -99.37856756429088,19.565569844394624,0.0 -99.37452277354572,19.565578282682274,0.0 -99.37047798071481,19.565586630331794,0.0 -99.36643318582065,19.565594887342993,0.0 -99.3623883888858,19.565603053715677,0.0 -99.35834358993276,19.56561112944964,0.0 -99.35429878898404,19.565619114544695,0.0 -99.3502539860622,19.565627009000654,0.0 -99.34620918118975,19.56563481281733,0.0 -99.34350993657074,19.56436194525688,0.0 -99.33946516036991,19.564369597468154,0.0 -99.33542038227861,19.564377159046046,0.0 -99.34485819488035,19.56435937437907,0.0 -99.33137299117753,19.563106608460238,0.0 -99.32732824124314,19.563113988250493,0.0 -99.34890296852551,19.564351601323562,0.0 -99.39985381946364,19.449223519518753,0.0 -99.41762104167063,19.547591462761012,0.0 -99.42283733363035,19.47984411541774,0.0 -99.40148167734901,19.562964292577405,0.0 -99.39580883126204,19.447954355400892,0.0 -99.42164544970186,19.53991400063969,0.0 -99.42701410257173,19.53095525805915,0.0 -99.40120425683479,19.45049857226523,0.0 -99.42964586823732,19.50666661771435,0.0 -99.39850652332042,19.449226484355098,0.0 -99.4135897440929,19.552712813882902,0.0 -99.4283519635939,19.527118032637034,0.0 -99.42691346189302,19.49261481748725,0.0 -99.40255471530453,19.451773614402118,0.0 -99.4106579092851,19.45942364430275,0.0 -99.40686501026858,19.559118184402667,0.0 -99.42968300715694,19.52072477131468,0.0 -99.3850305338476,19.447977552124076,0.0 -99.3809886683733,19.447986085803578,0.0 -99.37694680078273,19.44799452943274,0.0 -99.37290493109833,19.448002883011373,0.0 -99.36886305934254,19.44801114653927,0.0 -99.36482118553783,19.448019320016243,0.0 -99.36077930970664,19.448027403442087,0.0 -99.35673743187141,19.448035396816618,0.0 -99.3526955520546,19.44804330013965,0.0 -99.32867390173334,19.56183351633129,0.0 -99.42012906396464,19.474738303211808,0.0 -99.41224483979806,19.553993907613823,0.0 -99.40390519487448,19.4530486459273,0.0 -99.41336238177423,19.463251593151504,0.0 -99.41627621142105,19.54887258587478,0.0 -99.4052556955463,19.454323666838643,0.0 -99.4108999142699,19.5552749915334,0.0 -99.42284065015092,19.481122135204433,0.0 -99.39581193029693,19.449232384009154,0.0 -99.3947435952854,19.564257172504064,0.0 -99.40120739855715,19.451776599673835,0.0 -99.41201174364521,19.461976636365872,0.0 -99.41471629105328,19.46580456258404,0.0 -99.34350722981847,19.56308392532609,0.0 -99.39204709532477,19.564263049385943,0.0 -99.42967625223591,19.51816874501598,0.0 -99.39878520108945,19.562970269738514,0.0 -99.38665409249917,19.56427468230849,0.0 -99.3826093378649,19.564283301264116,0.0 -99.37856458109992,19.564291829588406,0.0 -99.37451982222673,19.56430026728117,0.0 -99.37047506126785,19.56430861434219,0.0 -99.36643029824582,19.564316870771282,0.0 -99.36238553318314,19.56432503656824,0.0 -99.42148648270506,19.478569235500824,0.0 -99.42298683573854,19.537354826807732,0.0 -99.42834859527102,19.52584002025741,0.0 -99.38907544347755,19.449246958035367,0.0 -99.41066112662959,19.460701668952826,0.0 -99.386380847063,19.449252717602114,0.0 -99.38233895065467,19.449261281905176,0.0 -99.37829705212252,19.449269756151597,0.0 -99.37425515148897,19.44927814034116,0.0 -99.37021324877648,19.44928643447368,0.0 -99.3661713440075,19.44929463854896,0.0 -99.36212943720447,19.449302752566798,0.0 -99.35808752838989,19.449310776527,0.0 -99.35404561758614,19.449318710429377,0.0 -99.35000370481572,19.449326554273746,0.0 -99.42966612184632,19.51433470421059,0.0 -99.39716233675932,19.45050746740447,0.0 -99.40390835819484,19.45432667255139,0.0 -99.41336562099522,19.46452961682639,0.0 -99.4203007141682,19.541195153031744,0.0 -99.40551680512515,19.559121217653434,0.0 -99.40795995593194,19.458151702253083,0.0 -99.42555913193662,19.490061954464643,0.0 -99.41358648724044,19.551434802687517,0.0 -99.34755197223629,19.563076183027505,0.0 -99.42420151666923,19.486231061133978,0.0 -99.39851276432033,19.451782540194447,0.0 -99.41201497205388,19.463254660438476,0.0 -99.39608872384291,19.56297620662224,0.0 -99.34890021927988,19.56307358212205,0.0 -99.39177310656395,19.450519187493235,0.0 -99.42834522721296,19.524562007696748,0.0 -99.38907849001207,19.450524987495942,0.0 -99.4214897883966,19.479847255690398,0.0 -99.3836892540332,19.450536467417724,0.0 -99.3796473245595,19.450544972285634,0.0 -99.37560539297685,19.450553387090377,0.0 -99.37156345930771,19.450561711831764,0.0 -99.36752152357451,19.450569946509585,0.0 -99.36347958579974,19.450578091123653,0.0 -99.3594376460058,19.450586145673768,0.0 -99.35539570421518,19.45059411015974,0.0 -99.35135376045032,19.450601984581386,0.0 -99.34731181473369,19.450609768938516,0.0 -99.4106643442276,19.46197969342243,0.0 -99.4160735047016,19.469635542922173,0.0 -99.39474048485161,19.56297915996006,0.0 -99.33811157290668,19.56181608658597,0.0 -99.4255624716974,19.491339972359047,0.0 -99.41742751107633,19.472188488548696,0.0 -99.32867131224513,19.560555494091368,0.0 -99.41878156047761,19.474741422555148,0.0 -99.40661258742266,19.45815472862687,0.0 -99.3610344328575,19.563049720840944,0.0 -99.3569896969788,19.563057765227562,0.0 -99.35294495911208,19.563065718987996,0.0 -99.38934752645223,19.562990872617597,0.0 -99.38799928624803,19.562993775608497,0.0 -99.3839545641983,19.563002424164733,0.0 -99.37990984001041,19.56301098209609,0.0 -99.3758651137069,19.56301944940237,0.0 -99.37182038531026,19.56302782608337,0.0 -99.36777565484303,19.563036112138892,0.0 -99.36373092232772,19.56304430756874,0.0 -99.42420484506854,19.487509079794254,0.0 -99.3944708111223,19.451791375918198,0.0 -99.3300195409792,19.560553034508164,0.0 -99.34596720824236,19.45189037917952,0.0 -99.34080804851446,19.56181101603796,0.0 -99.39312349290157,19.45179430114417,0.0 -99.39042885573296,19.45180012157315,0.0 -99.3877342176004,19.451805901971476,0.0 -99.38503957851051,19.451811642339063,0.0 -99.38099761809534,19.45182017783271,0.0 -99.37695565556363,19.451828623256873,0.0 -99.37291369093789,19.451836978611357,0.0 -99.36887172424053,19.451845243895967,0.0 -99.36482975549403,19.451853419110506,0.0 -99.36078778472081,19.451861504254776,0.0 -99.35674581194337,19.451869499328595,0.0 -99.35270383718412,19.451877404331757,0.0 -99.33136776950906,19.560550564856666,0.0 -99.3974338311552,19.561695230906974,0.0 -99.39716855715088,19.453063523301807,0.0 -99.4282947381144,19.50539179756893,0.0 -99.41607676632294,19.470913565257764,0.0 -99.33271599783389,19.560548085136887,0.0 -99.34350452327874,19.561805905214165,0.0 -99.40526521866238,19.458157744989535,0.0 -99.41337210020284,19.467085663634585,0.0 -99.41626965705704,19.546316563089654,0.0 -99.39608560303117,19.56169819410522,0.0 -99.40012713423401,19.560411262235245,0.0 -99.42420817372988,19.488787098273797,0.0 -99.40121682521011,19.45561068081726,0.0 -99.3448527603425,19.56180333469886,0.0 -99.41089344226408,19.552718968817945,0.0 -99.39473737466206,19.56170114723481,0.0 -99.41202142963434,19.46581070804214,0.0 -99.38908458380159,19.453081045876,0.0 -99.3863899240883,19.45308680666708,0.0 -99.38234793273168,19.453095372790692,0.0 -99.37830593925098,19.453103848838513,0.0 -99.37426394366867,19.453112234810348,0.0 -99.37022194600719,19.453120530705988,0.0 -99.36617994628902,19.453128736525237,0.0 -99.36213794453658,19.453136852267907,0.0 -99.35809594077234,19.4531448779338,0.0 -99.35405393501874,19.453152813522728,0.0 -99.35001192729825,19.453160659034495,0.0 -99.34596991763333,19.45316841446892,0.0 -99.34620099719288,19.561800754114625,0.0 -99.41761117944958,19.543757428426705,0.0 -99.39717166771439,19.454341550979883,0.0 -99.39069268809263,19.56170994621161,0.0 -99.38934445875157,19.561712859066525,0.0 -99.38664799934759,19.561718654570267,0.0 -99.38260330844945,19.561727272310584,0.0 -99.37855861542073,19.561735799432338,0.0 -99.37451392028396,19.561744235935347,0.0 -99.37046922306165,19.56175258181939,0.0 -99.36642452377633,19.561760837084286,0.0 -99.36237982245054,19.561769001729825,0.0 -99.35833511910675,19.56177707575582,0.0 -99.35429041376756,19.561785059162077,0.0 -99.35024570645541,19.561792951948412,0.0 -99.34754649563685,19.560520143714303,0.0 -99.34350181695157,19.560527884921125,0.0 -99.33945713635349,19.560535535513917,0.0 -99.34889472143631,19.56051754317561,0.0 -99.33540981147573,19.55926507394576,0.0 -99.33136515898234,19.55927254278324,0.0 -99.3515911723868,19.560512311893625,0.0 -99.39877891722396,19.560414245360416,0.0 -99.39986947656098,19.455613656713766,0.0 -99.40391784965189,19.458160751341083,0.0 -99.42830483116902,19.509225842851396,0.0 -99.39582432887948,19.45434449663847,0.0 -99.42014224290253,19.479850385939972,0.0 -99.32731792618239,19.558001898237727,0.0 -99.35428762246715,19.560507040338912,0.0 -99.40661895852776,19.46071077939791,0.0 -99.41743405673196,19.474744531878226,0.0 -99.41878812829601,19.477297464722078,0.0 -99.4012199679231,19.45688870750423,0.0 -99.40551041654766,19.556565194305648,0.0 -99.3300143413718,19.557996989831935,0.0 -99.42832839089468,19.518171942178203,0.0 -99.41357997430303,19.54887877975317,0.0 -99.34215089480317,19.559252424532257,0.0 -99.35698407167067,19.560501728511507,0.0 -99.38774029076816,19.45436196039962,0.0 -99.38639295024039,19.454364835994674,0.0 -99.38235092722934,19.45437340272515,0.0 -99.37830890209415,19.454381879373464,0.0 -99.37426687485727,19.454390265939402,0.0 -99.37022484554113,19.454398562422764,0.0 -99.36618281416823,19.45440676882336,0.0 -99.362140780761,19.45441488514099,0.0 -99.35809874534189,19.454422911375463,0.0 -99.35405670793335,19.454430847526584,0.0 -99.42831829228098,19.514337900695242,0.0 -99.42832165822081,19.515615914703858,0.0 -99.42029409924892,19.5386391293943,0.0 -99.39717477852307,19.455619578477556,0.0 -99.3434991108369,19.559249864446965,0.0 -99.40012398205086,19.559133249984693,0.0 -99.39987260872093,19.456891683611545,0.0 -99.41067399854285,19.465813765748187,0.0 -99.40820035406182,19.55400309537827,0.0 -99.39582742913593,19.455622524344818,0.0 -99.40954529096798,19.552722031190083,0.0 -99.42285723667135,19.487512231427573,0.0 -99.41760789255916,19.54247941661962,0.0 -99.4133785804314,19.4696417097206,0.0 -99.41894936319542,19.539920271911036,0.0 -99.41879141259317,19.47857548553459,0.0 -99.40122311088375,19.458166734010764,0.0 -99.42557583336968,19.49645204212889,0.0 -99.42694027618737,19.50283895089253,0.0 -99.38934139129181,19.560434845334232,0.0 -99.38664495313066,19.560440640429334,0.0 -99.3826002940968,19.560449257562006,0.0 -99.37855563293247,19.560457784082512,0.0 -99.37451096966015,19.560466219990648,0.0 -99.37046630430238,19.560474565286228,0.0 -99.36642163688168,19.56048281996903,0.0 -99.41492155985131,19.546319664621887,0.0 -99.3917853795118,19.45563130188801,0.0 -99.38909067855177,19.455637103534546,0.0 -99.38504862531242,19.45564573093083,0.0 -99.38100656993389,19.455654268238693,0.0 -99.3769645124386,19.455662715457933,0.0 -99.37292245284904,19.455671072588363,0.0 -99.36888039118767,19.455679339629768,0.0 -99.36483832747692,19.45568751658195,0.0 -99.36079626173924,19.455695603444727,0.0 -99.3567541939971,19.4557036002179,0.0 -99.35271212427297,19.455711506901277,0.0 -99.34867005258927,19.455719323494677,0.0 -99.34462797896848,19.4557270499979,0.0 -99.3419359405277,19.457010186241465,0.0 -99.34463067844676,19.457005084928156,0.0 -99.4025736341551,19.45944177379607,0.0 -99.4256594391608,19.52840241262403,0.0 -99.32731534792349,19.556723875281865,0.0 -99.42163549667401,19.536079965033455,0.0 -99.40392417853667,19.460716802965308,0.0 -99.33810358201309,19.557982023009846,0.0 -99.39742756902503,19.5591392057471,0.0 -99.41357671821807,19.547600768014224,0.0 -99.41608655272853,19.474747631181028,0.0 -99.34867278372765,19.4569973578776,0.0 -99.40932656719781,19.46581681343888,0.0 -99.407975938359,19.464541826755276,0.0 -99.41338182092855,19.470919732492767,0.0 -99.33001174187437,19.55671896722223,0.0 -99.40122625409208,19.459444760336858,0.0 -99.42694698239895,19.505394982435487,0.0 -99.41223185535986,19.548881861600194,0.0 -99.40012083011526,19.557855237552907,0.0 -99.39178844835335,19.456909330035717,0.0 -99.39044108744075,19.456912236069726,0.0 -99.3877463648933,19.456918018106222,0.0 -99.3850516413884,19.456923760100658,0.0 -99.38100955435044,19.456932298013278,0.0 -99.37696746519565,19.456940745830906,0.0 -99.3729253739465,19.45694910355332,0.0 -99.36888328062545,19.456957371180337,0.0 -99.36484118525496,19.45696554871176,0.0 -99.36079908785747,19.45697363614738,0.0 -99.35675698845546,19.45698163348703,0.0 -99.35271488707137,19.456989540730493,0.0 -99.40257678816666,19.460719799730178,0.0 -99.39473115501566,19.559145121240622,0.0 -99.35428483138595,19.5592290213346,0.0 -99.34214819952105,19.557974403696463,0.0 -99.42558251578342,19.499008075929037,0.0 -99.33270813500857,19.556714018897946,0.0 -99.41491829366673,19.545041652738732,0.0 -99.39203474002939,19.55915099646518,0.0 -99.36237411261479,19.55921296616677,0.0 -99.35832947299802,19.55922103905416,0.0 -99.41068043602083,19.468369813062733,0.0 -99.38799011573296,19.559159733797596,0.0 -99.38394548927606,19.559168380524515,0.0 -99.37990086068125,19.55917693664572,0.0 -99.37585622997102,19.55918540216102,0.0 -99.3718115971679,19.559193777070213,0.0 -99.36776696229443,19.559202061373085,0.0 -99.39583363038186,19.458178579216263,0.0 -99.41608981537762,19.47602565279424,0.0 -99.40527791965303,19.46326984666433,0.0 -99.40662851706814,19.46454485420087,0.0 -99.42698724183353,19.520731156496836,0.0 -99.41338506168097,19.47219775508436,0.0 -99.41879798196341,19.481131526617666,0.0 -99.39313888866144,19.458184441751957,0.0 -99.39179151743677,19.458187358003013,0.0 -99.39044414597024,19.458190264242866,0.0 -99.33924385923848,19.45829328298151,0.0 -99.35002289363302,19.458272796191356,0.0 -99.3459807573328,19.458280553823577,0.0 -99.34193861911031,19.458288221352742,0.0 -99.38774940231491,19.458196046688926,0.0 -99.38370728503872,19.458204645273796,0.0 -99.3796651656307,19.458213153757416,0.0 -99.37562304411324,19.458221572139585,0.0 -99.37158092050888,19.458229900420108,0.0 -99.36753879483999,19.458238138598777,0.0 -99.36349666712908,19.4582462866754,0.0 -99.3594545373986,19.45825434464979,0.0 -99.35541240567099,19.458262312521747,0.0 -99.40550402897365,19.554009170232987,0.0 -99.33675272316401,19.556706520915412,0.0 -99.40257994242674,19.461997825483824,0.0 -99.42431482930684,19.52968359413415,0.0 -99.32866095632578,19.555443403320936,0.0 -99.42565274464643,19.525846387146547,0.0 -99.39988200668186,19.460725763222232,0.0 -99.33810091880027,19.556704001455632,0.0 -99.4039305084189,19.463272853867643,0.0 -99.41068365514018,19.469647836449195,0.0 -99.40281087530936,19.555293217382943,0.0 -99.33000914258112,19.555440944431467,0.0 -99.42697717341218,19.516897115424264,0.0 -99.40528109552623,19.464547871631808,0.0 -99.41088373616171,19.548884933385768,0.0 -99.39448935007817,19.45945954286276,0.0 -99.3947280455588,19.557867107971695,0.0 -99.40123254125184,19.462000812447663,0.0 -99.41338830268866,19.473475777495366,0.0 -99.33135732863231,19.555438475476542,0.0 -99.39179458676205,19.45946538578989,0.0 -99.38909982247841,19.45947118866937,0.0 -99.38640505723396,19.459476951501138,0.0 -99.38236290758026,19.459485520659182,0.0 -99.37832075580212,19.459493999709526,0.0 -99.37427860192199,19.459502388651984,0.0 -99.3702364459623,19.459510687486333,0.0 -99.36619428794556,19.459518896212387,0.0 -99.36215212789418,19.459527014829952,0.0 -99.35810996583064,19.459535043338832,0.0 -99.35406780177739,19.459542981738828,0.0 -99.35002563575691,19.459550830029777,0.0 -99.34598346779161,19.45955858821146,0.0 -99.34194129790399,19.459566256283715,0.0 -99.3378991261165,19.459573834246346,0.0 -99.33924917481502,19.46084935338015,0.0 -99.3432913776394,19.460841744842114,0.0 -99.39203165181195,19.557872982781948,0.0 -99.42151293552692,19.488793391958282,0.0 -99.38529066321495,19.557887493642898,0.0 -99.38124606718961,19.557896079360543,0.0 -99.3772014690414,19.557904574478727,0.0 -99.3731568687929,19.557912978997262,0.0 -99.36911226646659,19.55792129291594,0.0 -99.36506766208498,19.557929516234562,0.0 -99.36102305567064,19.557937648952937,0.0 -99.35697844724605,19.557945691070877,0.0 -99.35293383683373,19.557953642588178,0.0 -99.3502346700136,19.55668087334289,0.0 -99.34619008819591,19.55668867330861,0.0 -99.34214550445063,19.556696382679583,0.0 -99.42559254137622,19.502842125273048,0.0 -99.40415586605288,19.554012192563842,0.0 -99.42028748536931,19.53608310503238,0.0 -99.39718722420959,19.460731686663987,0.0 -99.34868097843425,19.460831459944416,0.0 -99.33944644060531,19.55542345037285,0.0 -99.33540188555256,19.555431008219113,0.0 -99.39988513982924,19.46200378939822,0.0 -99.42431149225521,19.52840558144322,0.0 -99.35697563536502,19.556667672078884,0.0 -99.41068687451312,19.470925859655093,0.0 -99.4201587224134,19.486240485285244,0.0 -99.40550083556295,19.552731157924843,0.0 -99.3583238277761,19.556665001627973,0.0 -99.39449244075648,19.46073757005537,0.0 -99.40663489068368,19.467100903166983,0.0 -99.40798553083783,19.468375899290532,0.0 -99.33405106917704,19.554155484923083,0.0 -99.33000654349202,19.554162921459653,0.0 -99.33655700887246,19.462132410958862,0.0 -99.35967201996547,19.55666232111104,0.0 -99.42564605118467,19.52329036094494,0.0 -99.39179765632919,19.460743413396326,0.0 -99.35407057578485,19.460821014841045,0.0 -99.38775547787623,19.460752103313084,0.0 -99.38640808457869,19.460754979926723,0.0 -99.38236590325809,19.460763549691684,0.0 -99.37832371981298,19.460772029342564,0.0 -99.37428153426579,19.460780418879164,0.0 -99.370239346639,19.460788718301284,0.0 -99.36619715695504,19.46079692760873,0.0 -99.3621549652364,19.460805046801294,0.0 -99.35811277150552,19.460813075878796,0.0 -99.42287382972196,19.493902323132534,0.0 -99.33539924399317,19.554152985948107,0.0 -99.40280770288207,19.554015204830357,0.0 -99.40258625169255,19.46455387644966,0.0 -99.34753554501833,19.555408062914523,0.0 -99.33925183291745,19.462127388308986,0.0 -99.41204080848145,19.473478846520077,0.0 -99.39472493634614,19.556589094521573,0.0 -99.34888372833952,19.555405463109317,0.0 -99.42430815546594,19.527127568571245,0.0 -99.42560256933591,19.506676172989383,0.0 -99.42564270484851,19.52201234757262,0.0 -99.32730761436176,19.55288980532801,0.0 -99.39202856383706,19.55659496891752,0.0 -99.38933219035783,19.556600803050124,0.0 -99.38528762833458,19.556609478755135,0.0 -99.38124306416606,19.556618063867283,0.0 -99.37719849787476,19.556626558386377,0.0 -99.37315392948322,19.5566349623122,0.0 -99.36910935901396,19.55664327564456,0.0 -99.4160996048667,19.479859716550116,0.0 -99.40528744802329,19.467103921025252,0.0 -99.39876635245366,19.555302194429487,0.0 -99.33000394460709,19.552884898306804,0.0 -99.41745369988604,19.482412657531768,0.0 -99.3985408609968,19.46328478254112,0.0 -99.39314812902963,19.462018523951595,0.0 -99.42423814347539,19.500289256455186,0.0 -99.41356695149804,19.54376673171039,0.0 -99.40145953946207,19.554018207032513,0.0 -99.38910591963054,19.462027244523796,0.0 -99.38506370806942,19.46203587497588,0.0 -99.38102149436875,19.462044415307634,0.0 -99.37697927855095,19.462052865518856,0.0 -99.37293706063849,19.462061225609354,0.0 -99.36889484065384,19.46206949557892,0.0 -99.36485261861944,19.46207767542736,0.0 -99.36081039455776,19.462085765154484,0.0 -99.35676816849126,19.46209376476009,0.0 -99.35272594044238,19.462101674243993,0.0 -99.34868371043362,19.46210949360601,0.0 -99.3446414784874,19.462117222845954,0.0 -99.34194933555165,19.463400359994626,0.0 -99.3379070687536,19.463407939567425,0.0 -99.33386480007789,19.463415429011285,0.0 -99.34733902165618,19.46339011369729,0.0 -99.33251998250189,19.46469594091595,0.0 -99.34868644264827,19.463387527087242,0.0 -99.40549764240309,19.551453145435513,0.0 -99.4025894066983,19.465831901661844,0.0 -99.33386741636558,19.46469346428798,0.0 -99.41204403917982,19.47475686896772,0.0 -99.39989140686464,19.464559841208764,0.0 -99.42016531603443,19.488796523758456,0.0 -99.3434882885035,19.554137780739417,0.0 -99.33404843844185,19.552877462294763,0.0 -99.40394000511266,19.467106928867427,0.0 -99.42288046877093,19.496458358549155,0.0 -99.35272870432955,19.463379707171477,0.0 -99.33656228347373,19.464688480986883,0.0 -99.40011137579371,19.55402119917031,0.0 -99.34483646184967,19.554135211311564,0.0 -99.39449862284371,19.46329362389924,0.0 -99.41881112380796,19.486243606615737,0.0 -99.40953239246319,19.547609982720786,0.0 -99.32730503691283,19.551611781648003,0.0 -99.39854398407991,19.464562808566267,0.0 -99.33790971671651,19.464685974313763,0.0 -99.39315120963778,19.463296550990574,0.0 -99.3947218273777,19.555311080890252,0.0 -99.39180379618912,19.463299468067877,0.0 -99.35832100549766,19.555386982643203,0.0 -99.38776155439508,19.463308159215504,0.0 -99.38371931044642,19.46331676023656,0.0 -99.3796770643656,19.463325271130834,0.0 -99.37563481617507,19.463333691898136,0.0 -99.37159256589729,19.463342022538264,0.0 -99.36755031355473,19.463350263051005,0.0 -99.36350805916983,19.463358413436175,0.0 -99.35946580276507,19.46336647369358,0.0 -99.32865319152121,19.551609333342128,0.0 -99.39337365186287,19.555314022913635,0.0 -99.36506191111987,19.555373480350827,0.0 -99.36101736841741,19.555381611922133,0.0 -99.39067730010397,19.555319876765036,0.0 -99.38663277065505,19.555328582053626,0.0 -99.3825882390534,19.555337196755815,0.0 -99.37854370532158,19.555345720871397,0.0 -99.37449916948206,19.555354154400174,0.0 -99.37045463155741,19.555362497341942,0.0 -99.39719656104911,19.46456576590906,0.0 -99.40259256195262,19.46710992669351,0.0 -99.33000134592628,19.551606874972933,0.0 -99.42288378868732,19.497736375986275,0.0 -99.42296354508727,19.52840874021238,0.0 -99.39989454075268,19.46583786684331,0.0 -99.33944109399127,19.55286740671589,0.0 -99.33134950012722,19.5516044065404,0.0 -99.42152616818679,19.493905465849725,0.0 -99.35022915309281,19.55412483295352,0.0 -99.41881440991583,19.487521626163517,0.0 -99.39450171425267,19.464571650550475,0.0 -99.41625000014402,19.538648490386585,0.0 -99.34464687978435,19.46467329072278,0.0 -99.41746024966669,19.484968697971002,0.0 -99.39315429048868,19.464574577849085,0.0 -99.40664445299005,19.47093497526218,0.0 -99.39180686648194,19.464577495132957,0.0 -99.34213742050939,19.55286231854251,0.0 -99.38911201774357,19.464583299656436,0.0 -99.3567737598307,19.464649829314403,0.0 -99.35273146843447,19.464657739918582,0.0 -99.34868917507819,19.4646655603881,0.0 -99.38641716804425,19.46458906412086,0.0 -99.38237489170798,19.464597635706617,0.0 -99.37833261324697,19.464606117159157,0.0 -99.37429033268364,19.464614508478263,0.0 -99.37024805004052,19.464622809663744,0.0 -99.36620576533998,19.464631020715398,0.0 -99.36216347860454,19.46463914163303,0.0 -99.35812118985665,19.464647172416452,0.0 -99.4242514701774,19.505401322056894,0.0 -99.39606688330687,19.554030115197467,0.0</coordinates>
            </LineString>
        </Placemark>
    </Document>
</kml>
