{
"type": "FeatureCollection",
"name": "spiral_route",
"crs": { "type": "name", "properties": { "name": "urn:ogc:def:crs:OGC:1.3:CRS84" } },
"features": [
{ "type": "Feature", "properties": { }, "geometry": { "type": "LineString", "coordinates": [ [ -99.468826788785151, 19.539797741913368 ], [ -99.468837858053249, 19.543631751273136 ], [ -99.46749715246861, 19.546191250472937 ], [ -99.467482434143065, 19.541079238094888 ], [ -99.46747139843464, 19.537245226908066 ], [ -99.466156405306407, 19.548750739872517 ], [ -99.46614172711277, 19.543638727961568 ], [ -99.466130721494721, 19.539804717124891 ], [ -99.464808296958182, 19.548754214109735 ], [ -99.464800978508947, 19.546198208026645 ], [ -99.464793661209669, 19.543642201218379 ], [ -99.464782687416687, 19.539808189646443 ], [ -99.466112384563218, 19.533414695438939 ], [ -99.463463837364969, 19.550035681299814 ], [ -99.463460188322472, 19.548757678285835 ], [ -99.466105051808213, 19.530858685496103 ], [ -99.464771716210635, 19.535974176443307 ], [ -99.463434653051223, 19.539811652111847 ], [ -99.464764403510301, 19.533418166735132 ], [ -99.462119356544179, 19.55131713873482 ], [ -99.462115717829207, 19.550039135658473 ], [ -99.462104803399342, 19.546205125341555 ], [ -99.462097528541875, 19.543649117557159 ], [ -99.462090254827615, 19.541093109047694 ], [ -99.4634200677731, 19.534699633167765 ], [ -99.464746126788498, 19.52702813929395 ], [ -99.460782112120782, 19.555154592144643 ], [ -99.460767598007578, 19.550042579955285 ], [ -99.463412776853446, 19.532143622608483 ], [ -99.460753088454638, 19.544930564864906 ], [ -99.460745835388053, 19.542374556232044 ], [ -99.460738583461307, 19.539818546874166 ], [ -99.463401842622986, 19.528309605410719 ], [ -99.459437568175545, 19.556436030184994 ], [ -99.459426713158166, 19.552602021132138 ], [ -99.45942309538745, 19.551324017751845 ], [ -99.463394554568566, 19.52575359303977 ], [ -99.462064805829144, 19.532147073555816 ], [ -99.459405010796587, 19.544933998130801 ], [ -99.459397778949324, 19.542377989013431 ], [ -99.459394163451876, 19.541099984182864 ], [ -99.462057537258232, 19.529591061784537 ], [ -99.458089394705155, 19.55643945556594 ], [ -99.458082178977008, 19.553883449228895 ], [ -99.45807857153801, 19.552605445788359 ], [ -99.46072045863059, 19.533428520308057 ], [ -99.458064144615605, 19.547493430213073 ], [ -99.458060538593358, 19.546215425866013 ], [ -99.462043003544565, 19.524479036068158 ], [ -99.462039370830269, 19.523201029186239 ], [ -99.460713210692546, 19.530872508413264 ], [ -99.456752014811329, 19.560276879749484 ], [ -99.46203210625859, 19.520645014879104 ], [ -99.460709587150831, 19.529594502194112 ], [ -99.456734026457568, 19.553886864062687 ], [ -99.458038908409165, 19.538547395977197 ], [ -99.456723236835941, 19.550052852474547 ], [ -99.460702340921941, 19.527038489212362 ], [ -99.458035304369929, 19.53726939036142 ], [ -99.459368862924251, 19.532153945294748 ], [ -99.456701665220322, 19.542384824403378 ], [ -99.45541098499406, 19.562836291205542 ], [ -99.455396633967311, 19.557724279509085 ], [ -99.456694476941522, 19.53982881359628 ], [ -99.455389460144431, 19.555168272572679 ], [ -99.460684230334067, 19.520648453588308 ], [ -99.460680609070877, 19.519370445920206 ], [ -99.460676988092459, 19.518092438071029 ], [ -99.456690883225775, 19.538550807920895 ], [ -99.459358024101761, 19.528319925910658 ], [ -99.45802449395164, 19.533435372426872 ], [ -99.4540627575754, 19.562839687587491 ], [ -99.45405918001785, 19.561561684695981 ], [ -99.455357191885525, 19.543666232383735 ], [ -99.458020891045322, 19.53215736608632 ], [ -99.459347187835363, 19.524485904896316 ], [ -99.454041296443947, 19.555171667517875 ], [ -99.459343576314538, 19.5232078975293 ], [ -99.454034144980682, 19.552615659377228 ], [ -99.459336354124773, 19.520651882251979 ], [ -99.454026994640884, 19.550059650511315 ], [ -99.459329133070796, 19.518095866250331 ], [ -99.459321913152522, 19.515539849524437 ], [ -99.452718097091676, 19.564121076849318 ], [ -99.459307476722771, 19.510427813900247 ], [ -99.454019845424469, 19.547503640920226 ], [ -99.454016271237506, 19.54622563585276 ], [ -99.454012697331365, 19.544947630604039 ], [ -99.45533927493257, 19.537276203712381 ], [ -99.452696697997936, 19.556453056435405 ], [ -99.4566729188832, 19.532160776825965 ], [ -99.452689567207301, 19.553897048179937 ], [ -99.455335692386754, 19.535998197434477 ], [ -99.457995678630297, 19.523211316630388 ], [ -99.451376972513685, 19.56668045916097 ], [ -99.452678873121656, 19.550063034436853 ], [ -99.45666573512284, 19.529604763119785 ], [ -99.452675308986485, 19.548785029493228 ], [ -99.451362745582117, 19.561568446776068 ], [ -99.451359189547432, 19.560290443226382 ], [ -99.457970480088875, 19.514265258300711 ], [ -99.457959684960144, 19.510431230586669 ], [ -99.457948892378681, 19.506597201243647 ], [ -99.452668181556149, 19.546229019062146 ], [ -99.451352078315821, 19.557734435582905 ], [ -99.453991259791096, 19.537279595305673 ], [ -99.45134496820117, 19.555178427214045 ], [ -99.451341413562687, 19.553900422757621 ], [ -99.450032259190237, 19.567961828927981 ], [ -99.451337859203406, 19.552622418119878 ], [ -99.456651370990272, 19.524492733533791 ], [ -99.450021619607682, 19.564127819743572 ], [ -99.456647780662934, 19.523214725684504 ], [ -99.451327197800723, 19.548788403118841 ], [ -99.453984116190426, 19.534723582089878 ], [ -99.456640600855152, 19.520658709442682 ], [ -99.456637011374681, 19.519380701050146 ], [ -99.456633422176495, 19.518102692476557 ], [ -99.45659754571723, 19.505322596784314 ], [ -99.45658678828201, 19.501488564547586 ], [ -99.456601132093269, 19.506600607167993 ], [ -99.456608305691887, 19.509156627392453 ], [ -99.455314203024471, 19.528330155962404 ], [ -99.453980544811174, 19.533445575210219 ], [ -99.449996803660525, 19.555181791964998 ], [ -99.452643244368886, 19.53728297684416 ], [ -99.449993259638845, 19.55390378727126 ], [ -99.449989715895555, 19.552625782396202 ], [ -99.453976973712656, 19.532167568149386 ], [ -99.449986172430613, 19.551347777339839 ], [ -99.448666310029296, 19.561575168582923 ], [ -99.448662775236585, 19.560297164559277 ], [ -99.455299882413271, 19.523218124691645 ], [ -99.455296302964172, 19.521940116421209 ], [ -99.447346295174384, 19.571802541930367 ], [ -99.452636121977605, 19.534726963151002 ], [ -99.449972001354311, 19.546235755301563 ], [ -99.447335716846439, 19.567968532960997 ], [ -99.455235495384144, 19.500213948126689 ], [ -99.455224773074733, 19.496379912998954 ], [ -99.447332191290769, 19.566690529608358 ], [ -99.455246220225149, 19.504047981626236 ], [ -99.455253371525714, 19.50660400305458 ], [ -99.455256947597988, 19.507882013497323 ], [ -99.455271254700676, 19.512994053458467 ], [ -99.447328666011913, 19.565412526074322 ], [ -99.44864510543664, 19.553907141720838 ], [ -99.449961375969451, 19.542401736869657 ], [ -99.453962692125486, 19.527055538094626 ], [ -99.447318091836081, 19.561578514383871 ], [ -99.453959122430376, 19.525777530128114 ], [ -99.44731456766435, 19.560300510124303 ], [ -99.451291677936297, 19.536008341333876 ], [ -99.448630974592518, 19.54879512018644 ], [ -99.452625440489854, 19.53089294125251 ], [ -99.445987445258879, 19.56797186986968 ], [ -99.44598393032841, 19.566693866281827 ], [ -99.451288127484901, 19.534730334158727 ], [ -99.447300473744932, 19.555188491272588 ], [ -99.453944846456423, 19.520665496451137 ], [ -99.453873533921225, 19.495105284623115 ], [ -99.453862846717158, 19.491271246607063 ], [ -99.453884223649013, 19.498939321011381 ], [ -99.453891351536399, 19.501495344365747 ], [ -99.453894915900776, 19.502773355771556 ], [ -99.453902045470969, 19.505329378040404 ], [ -99.452618320897344, 19.52833692574778 ], [ -99.447293428445562, 19.552632480758792 ], [ -99.453912741929983, 19.509163410086536 ], [ -99.453916307977352, 19.510441420406643 ], [ -99.44465319336814, 19.573087210181768 ], [ -99.448613317281072, 19.542405089189938 ], [ -99.445966359815372, 19.560303845621714 ], [ -99.444646182831406, 19.570531203806979 ], [ -99.444642677975807, 19.569253200347433 ], [ -99.444639173395359, 19.56797519670647 ], [ -99.445959333541708, 19.557747836088119 ], [ -99.445955820818725, 19.556469831049331 ], [ -99.4446321650599, 19.56541918888033 ], [ -99.443311869098238, 19.57564653399854 ], [ -99.447275820039209, 19.546242451301783 ], [ -99.448602726223712, 19.538571068417316 ], [ -99.444625157824959, 19.562863180328641 ], [ -99.452511661288781, 19.489996606282908 ], [ -99.447272299187915, 19.544964444866611 ], [ -99.452518764099239, 19.492552632646596 ], [ -99.452525868027919, 19.495108658286917 ], [ -99.452529420411636, 19.496386670835786 ], [ -99.447268778613278, 19.543686438250194 ], [ -99.443297889439833, 19.57053452103948 ], [ -99.452543632742461, 19.501498719222425 ], [ -99.452550740585622, 19.504054742330311 ], [ -99.445941772685657, 19.551357809081019 ], [ -99.4512703794136, 19.528340295565705 ], [ -99.448599196426116, 19.537293061130711 ], [ -99.452564959627836, 19.509166786374792 ], [ -99.45257918314509, 19.514278827523714 ], [ -99.444614649035842, 19.559029166140864 ], [ -99.445938261342064, 19.550079803135709 ], [ -99.443287407576577, 19.566700509415192 ], [ -99.441967017885958, 19.576927845109388 ], [ -99.443283914170777, 19.565422505177622 ], [ -99.444607644551851, 19.556473155775638 ], [ -99.451263282138214, 19.525784278860598 ], [ -99.441956563798158, 19.573093835507283 ], [ -99.441953079649281, 19.571815831943681 ], [ -99.449929514841159, 19.530899671788905 ], [ -99.451153417022738, 19.486165927348708 ], [ -99.451142799132114, 19.482331884106401 ], [ -99.447254699080858, 19.538574409972352 ], [ -99.451164037421464, 19.489999968963904 ], [ -99.451167578111765, 19.491277982474013 ], [ -99.440625620294554, 19.579487149316122 ], [ -99.44326994329046, 19.560310486413606 ], [ -99.445920708761506, 19.543689770690264 ], [ -99.451178201855029, 19.495112021919319 ], [ -99.444593638884527, 19.551361132869427 ], [ -99.44061867079958, 19.576931143357225 ], [ -99.441939145788794, 19.566703815875076 ], [ -99.440615196461167, 19.575653140105576 ], [ -99.451199456868039, 19.50278009592644 ], [ -99.448588608697762, 19.533459038183857 ], [ -99.449922437650855, 19.528343655333778 ], [ -99.440611722395474, 19.574375136672462 ], [ -99.451213632452721, 19.507892141646263 ], [ -99.45121717704599, 19.509170152623845 ], [ -99.45123135820775, 19.514282194724391 ], [ -99.440608248602473, 19.573097133057907 ], [ -99.444586637701022, 19.548805120328602 ], [ -99.449918899472948, 19.52706564683454 ], [ -99.444583137521761, 19.547527113786305 ], [ -99.439284180988764, 19.582046443646828 ], [ -99.447247660974227, 19.536018394746272 ], [ -99.449791710249244, 19.481057220323333 ], [ -99.441925216303844, 19.561591796904199 ], [ -99.443252485860739, 19.553920458878387 ], [ -99.439273787419722, 19.578212434830053 ], [ -99.439270323440496, 19.576934431528162 ], [ -99.449809353878706, 19.487447293579415 ], [ -99.449911823951666, 19.524509629292755 ], [ -99.445906671661419, 19.538577741471826 ], [ -99.440590883727523, 19.566707112263749 ], [ -99.447244142335762, 19.534740386861465 ], [ -99.449908286608235, 19.523231620250229 ], [ -99.449827004454562, 19.493837362315581 ], [ -99.437942699959436, 19.584605728097205 ], [ -99.441914772061182, 19.557757780771823 ], [ -99.449904749542952, 19.521953611026632 ], [ -99.444569139554602, 19.542415085804681 ], [ -99.439256470242327, 19.57182241650608 ], [ -99.44984466197802, 19.500227426530586 ], [ -99.445903163075826, 19.537299733714235 ], [ -99.447240623973869, 19.533462378795512 ], [ -99.444565640750199, 19.541137078356229 ], [ -99.449855259827501, 19.50406146288892 ], [ -99.449858792999947, 19.505339474646529 ], [ -99.449894140015786, 19.518119582269478 ], [ -99.449869394185285, 19.509173508833687 ], [ -99.449872928469773, 19.510451519867495 ], [ -99.449883532991493, 19.514285551883013 ], [ -99.448437125457232, 19.478504530251783 ], [ -99.44842657597799, 19.474670482335608 ], [ -99.440576996735118, 19.561595092363383 ], [ -99.439246083198086, 19.567988403334525 ], [ -99.448570968031348, 19.527068996316221 ], [ -99.436597732590229, 19.585887000170263 ], [ -99.440573525668526, 19.560317086934898 ], [ -99.443231545993783, 19.546252419853477 ], [ -99.439242621393632, 19.566710398581211 ], [ -99.44845823189371, 19.486172621204339 ], [ -99.440570054874527, 19.559039081325068 ], [ -99.443228056975528, 19.544974412714939 ], [ -99.448465269588539, 19.488728650075707 ], [ -99.447233588079698, 19.53090636212017 ], [ -99.436580513608519, 19.579496984984154 ], [ -99.448472308391487, 19.491284678223852 ], [ -99.445896146731826, 19.534743717655534 ], [ -99.436577070622917, 19.578218981402468 ], [ -99.448560386959556, 19.523234969022337 ], [ -99.439232237611094, 19.562876383232982 ], [ -99.435256178185142, 19.58844626498054 ], [ -99.437901261417338, 19.569269684614614 ], [ -99.447072067640491, 19.472117778783595 ], [ -99.44723007054742, 19.529628353510805 ], [ -99.447079078114143, 19.474673812102537 ], [ -99.448493431449947, 19.498952758328251 ], [ -99.439228776893785, 19.561598377754187 ], [ -99.444555145986641, 19.537303054923711 ], [ -99.443217591565542, 19.541140390212014 ], [ -99.448500474686227, 19.501508783582761 ], [ -99.435239009685475, 19.582056250461591 ], [ -99.44850751903104, 19.504064808113661 ], [ -99.441886932776441, 19.547533729774706 ], [ -99.447093102374637, 19.479785876572059 ], [ -99.443214103643797, 19.539862382348637 ], [ -99.43656330138262, 19.573106965261136 ], [ -99.447096609130071, 19.481063892237643 ], [ -99.448525134743406, 19.510454866274596 ], [ -99.448535707497172, 19.514288898999578 ], [ -99.433911157894869, 19.58972751749176 ], [ -99.437890907879705, 19.565435669661777 ], [ -99.441883454095901, 19.546255722584366 ], [ -99.440552704992996, 19.552649050556223 ], [ -99.445889131490745, 19.532187700872225 ], [ -99.433900887094225, 19.585893509182878 ], [ -99.437887457242425, 19.564157664314738 ], [ -99.441879975688678, 19.544977715212799 ], [ -99.440549235834325, 19.551371043858573 ], [ -99.445717602383624, 19.469565063549005 ], [ -99.445707122080535, 19.465731010426893 ], [ -99.433894041236883, 19.58333750273599 ], [ -99.437884006876089, 19.562879658786347 ], [ -99.439214936742147, 19.556486354025651 ], [ -99.447124673115368, 19.491288011054834 ], [ -99.440545766948176, 19.550093036979661 ], [ -99.432562702827653, 19.589730757559735 ], [ -99.447216003183371, 19.524516317262268 ], [ -99.437880556780698, 19.561601653076604 ], [ -99.432559289598274, 19.588452754743461 ], [ -99.43921147738358, 19.555208347640235 ], [ -99.445735075059972, 19.475955148472796 ], [ -99.433883774465272, 19.579503491704472 ], [ -99.447138711736983, 19.496400066124092 ], [ -99.445882117352483, 19.529631683364379 ], [ -99.435211554095176, 19.571832217794149 ], [ -99.43388035274522, 19.578225487664341 ], [ -99.439208018296725, 19.553930341073517 ], [ -99.432549051516887, 19.584618745205457 ], [ -99.440538829993358, 19.547537022678068 ], [ -99.43387693129371, 19.576947483442748 ], [ -99.435208123358521, 19.570554212894251 ], [ -99.444352733221947, 19.463178281727661 ], [ -99.447156266229939, 19.502790130891256 ], [ -99.431217650349495, 19.591011990405864 ], [ -99.447159777957424, 19.504068143302007 ], [ -99.44587861069688, 19.528353674338774 ], [ -99.447201940242977, 19.519404278116479 ], [ -99.431214247492619, 19.589733987543653 ], [ -99.432542227468161, 19.582062737939243 ], [ -99.43520469289119, 19.569276207812951 ], [ -99.43787020812006, 19.557767634859353 ], [ -99.447177340739827, 19.510458202641765 ], [ -99.444366663072387, 19.468290354577789 ], [ -99.447184367787301, 19.513014225110961 ], [ -99.432538815845405, 19.580784734033905 ], [ -99.445763045656648, 19.486179274954136 ], [ -99.431207442579776, 19.587177981274632 ], [ -99.445875104316954, 19.527075665132077 ], [ -99.445766543220188, 19.487457289950914 ], [ -99.433866668550394, 19.573113469689321 ], [ -99.429879362353773, 19.594849218710078 ], [ -99.436532336396681, 19.56160491833062 ], [ -99.435197832764487, 19.566720197106182 ], [ -99.432531993403117, 19.578228725678809 ], [ -99.440528426604814, 19.543702999866404 ], [ -99.444384081559008, 19.474680441576133 ], [ -99.43786331036749, 19.555211621807956 ], [ -99.44453766021212, 19.530913012246245 ], [ -99.442991446343356, 19.458069502658908 ], [ -99.432528582583572, 19.576950721229061 ], [ -99.429865791890634, 19.589737207443516 ], [ -99.443200154697607, 19.534750349083346 ], [ -99.433859828064115, 19.570557459613259 ], [ -99.445868092384089, 19.524519646175399 ], [ -99.443005329581794, 19.463181579332552 ], [ -99.445787534384337, 19.495125376134759 ], [ -99.428530863919306, 19.594852429430109 ], [ -99.435190973714953, 19.564164185673917 ], [ -99.429859008255917, 19.587181200720973 ], [ -99.440521492374756, 19.541146983752565 ], [ -99.428527481547121, 19.593574426659742 ], [ -99.432521761747566, 19.574394711785253 ], [ -99.444401506906303, 19.481070524057422 ], [ -99.431187034247785, 19.579509958111331 ], [ -99.428524099440267, 19.592296423707825 ], [ -99.435187544594129, 19.562886179685748 ], [ -99.433852988651807, 19.568001448811586 ], [ -99.443019217196337, 19.46829365311676 ], [ -99.42852071759873, 19.59101842057434 ], [ -99.43118363379331, 19.578231953615607 ], [ -99.441630247998674, 19.452960708825323 ], [ -99.443022689783817, 19.469571671111265 ], [ -99.428517336022495, 19.589740417259314 ], [ -99.441640625079984, 19.456794769466288 ], [ -99.444411965408321, 19.484904571377477 ], [ -99.42718910947174, 19.597411635509932 ], [ -99.433849569348368, 19.566723443138681 ], [ -99.432514941982319, 19.57183870161575 ], [ -99.44164408465231, 19.45807278931888 ], [ -99.444415452124659, 19.486182586789319 ], [ -99.439183812295894, 19.544984290031078 ], [ -99.429845444179833, 19.58206918509774 ], [ -99.44582954645989, 19.510461528968985 ], [ -99.445833049256933, 19.511739540529138 ], [ -99.445836552329524, 19.513017551908316 ], [ -99.427178993490188, 19.593577627067507 ], [ -99.441651004614926, 19.460628828482431 ], [ -99.437849518112827, 19.550099593529733 ], [ -99.444527172045838, 19.527078984466243 ], [ -99.444422426380896, 19.48873861707068 ], [ -99.427175622025331, 19.592299623890234 ], [ -99.42584395109678, 19.598692829181047 ], [ -99.440514559234472, 19.538590966913976 ], [ -99.431173434031138, 19.574397939039745 ], [ -99.427172250824967, 19.591021620531404 ], [ -99.444429401735277, 19.491294646628866 ], [ -99.440276032652832, 19.450407942752115 ], [ -99.440265691303622, 19.446573878707529 ], [ -99.435177258847233, 19.559052160633222 ], [ -99.444523676540086, 19.525800974844042 ], [ -99.444432889824299, 19.492572661136744 ], [ -99.443047005556281, 19.478517792014337 ], [ -99.43117003464414, 19.573119933818269 ], [ -99.43250471434196, 19.568004685000943 ], [ -99.440286376447744, 19.454242005172336 ], [ -99.433839313048836, 19.562889425031766 ], [ -99.437842623610592, 19.547543578303078 ], [ -99.424498771430265, 19.599974013030099 ], [ -99.435173830803421, 19.557774153919731 ], [ -99.436508267644442, 19.552658871673842 ], [ -99.441671771046742, 19.468296941639167 ], [ -99.443053955382297, 19.48107382493184 ], [ -99.44029327366988, 19.456798045883279 ], [ -99.425827144345902, 19.592302813987139 ], [ -99.444446844926119, 19.497684717359952 ], [ -99.438914987993712, 19.445299121323036 ], [ -99.440296722688629, 19.458076065967955 ], [ -99.44451668635304, 19.523244955056423 ], [ -99.443186210136361, 19.529638312919712 ], [ -99.444450334388065, 19.498962730963623 ], [ -99.435170403028849, 19.556496147024937 ], [ -99.439169986271637, 19.539872256877011 ], [ -99.423156911843421, 19.602533189632965 ], [ -99.444453824124622, 19.500240744386424 ], [ -99.427155398790077, 19.584631601014344 ], [ -99.441682157944172, 19.472130995779224 ], [ -99.425820423491174, 19.589746806638662 ], [ -99.444457314135803, 19.501518757628347 ], [ -99.433832476858001, 19.56033341205378 ], [ -99.441685620788803, 19.473409013464607 ], [ -99.423150229359649, 19.599977184295344 ], [ -99.427152029176426, 19.583353596566408 ], [ -99.435166975523501, 19.55521813994886 ], [ -99.438932170836893, 19.45168922922069 ], [ -99.436501393288481, 19.550102856711767 ], [ -99.432494489110383, 19.56417066675376 ], [ -99.443071334736317, 19.487463904062668 ], [ -99.438935608218259, 19.452967250258798 ], [ -99.437557456163944, 19.441468308048005 ], [ -99.437547183772125, 19.437634238828533 ], [ -99.424478666402834, 19.592305993998529 ], [ -99.440313971859666, 19.464466163682996 ], [ -99.441692547296299, 19.475965048293379 ], [ -99.444478259970566, 19.509186833280783 ], [ -99.428483534850216, 19.576960374126269 ], [ -99.437564305775197, 19.444024353292299 ], [ -99.44448524411294, 19.511742857050763 ], [ -99.444492229354154, 19.514298880096852 ], [ -99.424475316484831, 19.59102799019113 ], [ -99.441696010959191, 19.477243065436735 ], [ -99.429818328798788, 19.571845145140902 ], [ -99.432491081235085, 19.562892660308655 ], [ -99.439166530444581, 19.538594248135531 ], [ -99.428480156191782, 19.575682368814903 ], [ -99.437571156466603, 19.446580397814902 ], [ -99.424471966829643, 19.589749986202204 ], [ -99.433825641740839, 19.557777398350499 ], [ -99.436196576703267, 19.436359458102217 ], [ -99.437828837855889, 19.542431545675043 ], [ -99.437574582217394, 19.447858419805531 ], [ -99.429814940573266, 19.570567139329885 ], [ -99.421798356824382, 19.598702342307053 ], [ -99.436203403073037, 19.438915505249476 ], [ -99.432487673627392, 19.561614653682216 ], [ -99.425803625967731, 19.58335678509092 ], [ -99.438952799189281, 19.459357352741623 ], [ -99.441706403584661, 19.481077115782604 ], [ -99.431149643925536, 19.565451898680074 ], [ -99.437581434529136, 19.450414463245426 ], [ -99.433822224584858, 19.556499391226904 ], [ -99.438956238196397, 19.460635372696579 ], [ -99.420456464249867, 19.601261499760415 ], [ -99.425800267253834, 19.582078780236895 ], [ -99.443172269959419, 19.52452627385837 ], [ -99.42847339967048, 19.573126357647901 ], [ -99.436213644646458, 19.442749574617483 ], [ -99.434839187035777, 19.432528618049798 ], [ -99.44033467983617, 19.472134274981396 ], [ -99.420453144433125, 19.599983496556447 ], [ -99.421788367783677, 19.594868331726349 ], [ -99.431146246406243, 19.564173892188908 ], [ -99.437821946603279, 19.539875528273839 ], [ -99.42579690880352, 19.580800775201407 ], [ -99.433818807697278, 19.555221383922021 ], [ -99.443102634817095, 19.498966035108278 ], [ -99.437591715022421, 19.454248527051664 ], [ -99.434849392955897, 19.436362690810938 ], [ -99.438966556843738, 19.464469431478058 ], [ -99.440341584670179, 19.474690310635747 ], [ -99.423120171152448, 19.58847515128798 ], [ -99.420446505580728, 19.597427489603753 ], [ -99.441720264238, 19.486189180380226 ], [ -99.443109593401957, 19.501522062240227 ], [ -99.433481862739072, 19.428697765004724 ], [ -99.433471693248876, 19.424863688312573 ], [ -99.443165301514853, 19.521970253241253 ], [ -99.440345037495078, 19.475968328191929 ], [ -99.42980477749262, 19.566733120808568 ], [ -99.436227303846422, 19.447861664582327 ], [ -99.433815391078056, 19.553943376435853 ], [ -99.41910460157888, 19.599986637552288 ], [ -99.421778381093475, 19.591034319511618 ], [ -99.443161817703526, 19.520692242661127 ], [ -99.440348490591916, 19.477246345567416 ], [ -99.433492034636103, 19.432531840074208 ], [ -99.432124603791365, 19.424866898973729 ], [ -99.432114468301336, 19.421032819975995 ], [ -99.44172719620174, 19.488745211594491 ], [ -99.424451874416917, 19.582081958456968 ], [ -99.443123513857358, 19.506634114333384 ], [ -99.438976877930259, 19.468303488634245 ], [ -99.421775052719028, 19.589756315076965 ], [ -99.440351943960721, 19.478524362762215 ], [ -99.441730662592917, 19.49002322693044 ], [ -99.440497231150928, 19.532200921647199 ], [ -99.443154850902701, 19.518136220957757 ], [ -99.427125081785476, 19.573129554450457 ], [ -99.43381197472722, 19.552665368768416 ], [ -99.433498817238032, 19.435087889218917 ], [ -99.424448526601111, 19.58080395319757 ], [ -99.417759356987702, 19.601267772103796 ], [ -99.437608854580233, 19.460638629785155 ], [ -99.440355397601465, 19.479802379776313 ], [ -99.430767410170887, 19.421036019963552 ], [ -99.434869812040859, 19.44403083146323 ], [ -99.4321347416805, 19.428700976349102 ], [ -99.419094675627022, 19.596152626187557 ], [ -99.417756058465116, 19.599989768458315 ], [ -99.441737596193917, 19.492579257059965 ], [ -99.434873216160938, 19.445308854273879 ], [ -99.433505600909854, 19.43764393764225 ], [ -99.424445179048035, 19.579525947756725 ], [ -99.421768396753507, 19.587200305663135 ], [ -99.430774145836111, 19.423592073262999 ], [ -99.417752760201225, 19.598711764631254 ], [ -99.433808558644728, 19.551387360919719 ], [ -99.440362305698883, 19.482358413262368 ], [ -99.436477341547331, 19.541156798635708 ], [ -99.430777514067302, 19.424870099642348 ], [ -99.441744530886524, 19.495135286466223 ], [ -99.421765069162404, 19.585922300683968 ], [ -99.438990643173696, 19.473415562313779 ], [ -99.423103481317256, 19.582085126597192 ], [ -99.433512385651667, 19.440199985344108 ], [ -99.431132658996788, 19.559061864410925 ], [ -99.42845651300766, 19.566736326555965 ], [ -99.441747998642199, 19.496413300898109 ], [ -99.416407515092658, 19.599992889274514 ], [ -99.417746164449497, 19.596155756432406 ], [ -99.430784251326884, 19.427426151860278 ], [ -99.441824358335694, 19.524529572628197 ], [ -99.433805142830593, 19.55010935288977 ], [ -99.423100144135958, 19.580807121114603 ], [ -99.436254635170101, 19.458085835849669 ], [ -99.434886835325131, 19.450420943712054 ], [ -99.416404227475013, 19.598714885227768 ], [ -99.437626000892067, 19.467028728004756 ], [ -99.432467233600391, 19.553946610116057 ], [ -99.440490301824184, 19.529644902272587 ], [ -99.432155024657035, 19.436369126231689 ], [ -99.431129262811311, 19.557783857013145 ], [ -99.430790989649509, 19.429982203357088 ], [ -99.429427066378352, 19.423595263712762 ], [ -99.439152709852166, 19.533482211358042 ], [ -99.423096807216581, 19.579529115450569 ], [ -99.432158406086344, 19.437647150580936 ], [ -99.424435137965091, 19.575691930345538 ], [ -99.429430424077495, 19.424873290318434 ], [ -99.43352595834547, 19.445312078583129 ], [ -99.415058971462329, 19.599996000000882 ], [ -99.435136140088758, 19.543716068107496 ], [ -99.441817411084031, 19.521973551545141 ], [ -99.427111614434523, 19.568017529038492 ], [ -99.430797729035206, 19.432538254132702 ], [ -99.432463827865647, 19.552668602220539 ], [ -99.43626488885981, 19.461919897096422 ], [ -99.423093470559067, 19.578251109605095 ], [ -99.431125866892543, 19.556505849434071 ], [ -99.437811611755052, 19.536041500813266 ], [ -99.432165169744977, 19.440203198738356 ], [ -99.424431791462823, 19.574413924178963 ], [ -99.437636291921592, 19.470862784769338 ], [ -99.440383036519222, 19.490026509382634 ], [ -99.436268307295052, 19.463197917150897 ], [ -99.4364704720509, 19.538600780411794 ], [ -99.425770050688485, 19.57057672838577 ], [ -99.4321685519743, 19.441481222546486 ], [ -99.430804469484059, 19.435094304187032 ], [ -99.44181046492487, 19.519417529737911 ], [ -99.44038649260807, 19.491304524769969 ], [ -99.413710427574969, 19.599999100637405 ], [ -99.439011299171739, 19.48108366741312 ], [ -99.441782691211714, 19.509193435268831 ], [ -99.441806992254953, 19.518139518562762 ], [ -99.428446384191588, 19.562902305724442 ], [ -99.441786161970157, 19.510471447710881 ], [ -99.415049141319258, 19.596161986659002 ], [ -99.441789633001633, 19.51174945997197 ], [ -99.440483373586844, 19.527088882173569 ], [ -99.441796575883743, 19.514305483951251 ], [ -99.428083333822784, 19.424876471001973 ], [ -99.413707161249874, 19.598721096153415 ], [ -99.416387793254444, 19.592324862270608 ], [ -99.434907272124192, 19.458089072455046 ], [ -99.430811210996183, 19.43765035352002 ], [ -99.415045865118913, 19.594883981848593 ], [ -99.440393405601924, 19.493860555002222 ], [ -99.420406694333039, 19.582091432638084 ], [ -99.429450575835659, 19.432541446166763 ], [ -99.437808167347129, 19.534763491297436 ], [ -99.430814582150973, 19.438928377915975 ], [ -99.436278564216877, 19.467031976230825 ], [ -99.428443008449776, 19.561624298417939 ], [ -99.428090028949185, 19.427432524123777 ], [ -99.440396862506958, 19.495138569847118 ], [ -99.426729570297212, 19.422323587400349 ], [ -99.431119075855179, 19.553949833732087 ], [ -99.430817953571605, 19.440206402131565 ], [ -99.417723087466058, 19.587209722017896 ], [ -99.425763338794809, 19.568020714867863 ], [ -99.428093376908507, 19.428710550414277 ], [ -99.423083462157791, 19.574417090980099 ], [ -99.433791482257362, 19.544997318957659 ], [ -99.429457295207953, 19.435097496673787 ], [ -99.430821325258094, 19.44148442616677 ], [ -99.415039313489203, 19.592327971683165 ], [ -99.437653449042344, 19.47725287576413 ], [ -99.41369736381165, 19.594887081612075 ], [ -99.42673624330402, 19.424879641692954 ], [ -99.412355372329145, 19.59744618159942 ], [ -99.429460655291564, 19.436375521656796 ], [ -99.43082469721044, 19.442762450021593 ], [ -99.432188850951079, 19.449149361606732 ], [ -99.429777687645895, 19.556509063439261 ], [ -99.425379175000373, 19.421048720009559 ], [ -99.426739580202266, 19.426157668568894 ], [ -99.43765688127732, 19.47853089342107 ], [ -99.413694098511229, 19.593609076401872 ], [ -99.436288823563103, 19.470866033685365 ], [ -99.433788067784832, 19.543719310021601 ], [ -99.430828069428642, 19.44404047369601 ], [ -99.44047298327331, 19.523254850666966 ], [ -99.425382500578507, 19.422326747650395 ], [ -99.439031964931104, 19.488751766006612 ], [ -99.43492431017313, 19.464479174776432 ], [ -99.440414151113671, 19.501528641358956 ], [ -99.436292243883969, 19.47214405247562 ], [ -99.412348862248237, 19.59489017128854 ], [ -99.428436257761419, 19.559068283260988 ], [ -99.43219561941055, 19.451705406516641 ], [ -99.419054995172488, 19.580816564390837 ], [ -99.436463603634152, 19.536044761463245 ], [ -99.439035410173489, 19.490029781806193 ], [ -99.431112285884609, 19.551393817305037 ], [ -99.437663746558158, 19.481086928192862 ], [ -99.428110120666872, 19.435100679162321 ], [ -99.435122442448758, 19.538604031466495 ], [ -99.425389152522001, 19.424882802391373 ], [ -99.426749592476583, 19.429991748115103 ], [ -99.415029487971879, 19.588493955073641 ], [ -99.413687568678839, 19.591053065436892 ], [ -99.439038855687102, 19.491307797424987 ], [ -99.429474098276017, 19.441487619785299 ], [ -99.437801279343446, 19.532207471722398 ], [ -99.425392478887332, 19.426160829491508 ], [ -99.419051690154234, 19.5795385580615 ], [ -99.409658325860335, 19.597452331557228 ], [ -99.436299085333971, 19.474700089514201 ], [ -99.432446803204641, 19.546278560024259 ], [ -99.440462595410509, 19.519420817530918 ], [ -99.424035430597442, 19.422329897909279 ], [ -99.439042301471943, 19.492585812862977 ], [ -99.425753272930308, 19.564186693230837 ], [ -99.42811682001917, 19.437656729399283 ], [ -99.426756268642507, 19.432547800244478 ], [ -99.44045913333413, 19.518142806123521 ], [ -99.430841560960332, 19.449152566589518 ], [ -99.439135440221406, 19.527092161310929 ], [ -99.43220577410051, 19.455539472527928 ], [ -99.424038745906714, 19.42360792559337 ], [ -99.436302506463107, 19.475978107762511 ], [ -99.429480821358368, 19.444043667767275 ], [ -99.424411717965341, 19.566745883370359 ], [ -99.427091421337039, 19.560349485479861 ], [ -99.426759607120403, 19.433825826038717 ], [ -99.416364796173298, 19.583378822506834 ], [ -99.408309802245, 19.597455391403457 ], [ -99.437674046506814, 19.484920978995167 ], [ -99.432209159530743, 19.4568174941707 ], [ -99.409651858356256, 19.594896320380428 ], [ -99.42540245955793, 19.429994909710324 ], [ -99.428429508133348, 19.556512267378846 ], [ -99.428123520428144, 19.440212778914844 ], [ -99.421728482890842, 19.571864233937045 ], [ -99.430848308321657, 19.451708611953617 ], [ -99.412335845150182, 19.589778148488456 ], [ -99.40830657901077, 19.5961773856904 ], [ -99.43905264045388, 19.496419858092089 ], [ -99.432212545227785, 19.458095515632962 ], [ -99.42540578697303, 19.431272936089375 ], [ -99.433576894078101, 19.464482402513585 ], [ -99.426766284866147, 19.436381877086216 ], [ -99.428126871028923, 19.441490803402061 ], [ -99.427088056745717, 19.559071477585466 ], [ -99.410990629149353, 19.591059233399712 ], [ -99.423066786725826, 19.568027056310537 ], [ -99.408303356029379, 19.594899379795816 ], [ -99.42949090796975, 19.447877738387177 ], [ -99.42676962413401, 19.437659902339458 ], [ -99.439128534269656, 19.524536140024477 ], [ -99.428426133716897, 19.555234259165854 ], [ -99.406958065787265, 19.59618043523346 ], [ -99.415016390879302, 19.583381930386764 ], [ -99.430855056746694, 19.454264656595839 ], [ -99.419041776655675, 19.575704537984937 ], [ -99.42541244259057, 19.433828988306569 ], [ -99.421337995864562, 19.421058140144421 ], [ -99.437684348888553, 19.488755028170772 ], [ -99.426772963665201, 19.438937927412351 ], [ -99.408300133300799, 19.593621373719703 ], [ -99.424055326376845, 19.429998061310137 ], [ -99.412329338132892, 19.587222135999411 ], [ -99.406954853449676, 19.594902429124168 ], [ -99.439125081701008, 19.52325812910966 ], [ -99.409642159002516, 19.591062302253778 ], [ -99.439066429560896, 19.50153191586578 ], [ -99.426776303459732, 19.440215952304889 ], [ -99.415013117248449, 19.582103923761398 ], [ -99.424058643255691, 19.431276087912682 ], [ -99.434951585015256, 19.474703329100056 ], [ -99.410984142901583, 19.58850322084 ], [ -99.433587088451318, 19.468316462425232 ], [ -99.419038472674885, 19.57442653092993 ], [ -99.439069877515891, 19.502809929857037 ], [ -99.425419099258022, 19.436385039802506 ], [ -99.412326085007152, 19.585944129482673 ], [ -99.431098709143583, 19.54628178227609 ], [ -99.42976076513331, 19.550119021691508 ], [ -99.437790949368178, 19.528373441001527 ], [ -99.4390733257422, 19.504087943667404 ], [ -99.432226090684168, 19.463207599676696 ], [ -99.404261038585105, 19.596186504056281 ], [ -99.421347878604792, 19.424892224531174 ], [ -99.425422427985495, 19.437663065279974 ], [ -99.439076774239822, 19.505365957296878 ], [ -99.436323038896674, 19.483646213457884 ], [ -99.427081328355754, 19.556515461252808 ], [ -99.426782983838891, 19.442772001548853 ], [ -99.424065277798263, 19.433832140576893 ], [ -99.42814362799588, 19.44788092313226 ], [ -99.421718510298206, 19.568030211923816 ], [ -99.412322832136667, 19.584666122784462 ], [ -99.421351173371363, 19.426170252299638 ], [ -99.405603149175406, 19.593627461860663 ], [ -99.439083672049094, 19.507921984013084 ], [ -99.402912524608126, 19.596189523336033 ], [ -99.413664722332982, 19.582107021342498 ], [ -99.437698089182845, 19.493867091207342 ], [ -99.424068595462018, 19.435110166638534 ], [ -99.431095315624972, 19.545003773065819 ], [ -99.419997502803582, 19.42361731708921 ], [ -99.439111274141027, 19.518146083640033 ], [ -99.439090570943762, 19.510478010005581 ], [ -99.406945217948788, 19.591068409707205 ], [ -99.439107822929628, 19.516868071820085 ], [ -99.439097470923926, 19.513034035274291 ], [ -99.439100921321085, 19.514312047637205 ], [ -99.405599947983916, 19.592349455174357 ], [ -99.432429785230553, 19.539888513297782 ], [ -99.40963246193138, 19.587228282493662 ], [ -99.433597285234043, 19.472150520711434 ], [ -99.436329885197111, 19.486202247243931 ], [ -99.420000786778104, 19.424895345259255 ], [ -99.422714805880119, 19.432557256384918 ], [ -99.428150332632299, 19.450436969761391 ], [ -99.421715186622606, 19.566752204223366 ], [ -99.436449870039368, 19.530932721392556 ], [ -99.41097441543819, 19.584669200639354 ], [ -99.400215495906551, 19.596195531632176 ], [ -99.424075231574491, 19.437666218220837 ], [ -99.415003297897258, 19.57826990279667 ], [ -99.428416012057752, 19.55140023343931 ], [ -99.436333308751614, 19.487480263865837 ], [ -99.433600684697112, 19.473428539778912 ], [ -99.402906164045447, 19.593633509656232 ], [ -99.428153685346885, 19.451714992805279 ], [ -99.429514452674383, 19.456823896851251 ], [ -99.425435745520517, 19.442775165386312 ], [ -99.398866981183602, 19.596198520648553 ], [ -99.417686849235551, 19.573151649971937 ], [ -99.432239640410202, 19.468319680831438 ], [ -99.422721419869319, 19.435113309134117 ], [ -99.413658197110308, 19.579551007111004 ], [ -99.43633673257564, 19.488758280306982 ], [ -99.410971173459231, 19.583391193542877 ], [ -99.433604084427941, 19.474706558665748 ], [ -99.427074601022682, 19.553959444195065 ], [ -99.405593546354353, 19.589793441257246 ], [ -99.404248275887241, 19.591074476820953 ], [ -99.42543907556059, 19.444053189961949 ], [ -99.415000025293935, 19.576991895445591 ], [ -99.420010640256265, 19.428729428687987 ], [ -99.417300076785196, 19.422345499336103 ], [ -99.422724727255144, 19.436391335238241 ], [ -99.426799689395963, 19.449162121501779 ], [ -99.436340156669203, 19.490036296567339 ], [ -99.416341811721509, 19.574432773851761 ], [ -99.418656968393009, 19.426176484205207 ], [ -99.433607484426531, 19.475984577371928 ], [ -99.401554501840891, 19.592358511100464 ], [ -99.429521182118975, 19.459379940502306 ], [ -99.420013925267199, 19.430007456137051 ], [ -99.410967931734675, 19.582113186264973 ], [ -99.404245085838525, 19.589796469558379 ], [ -99.424085187705785, 19.44150029424171 ], [ -99.437777179857235, 19.523261397505252 ], [ -99.398860684481591, 19.59364250570184 ], [ -99.436343581032332, 19.491314312646931 ], [ -99.409622767142608, 19.583394261100324 ], [ -99.421708540054283, 19.564196188278444 ], [ -99.414996752947474, 19.575713887913111 ], [ -99.437722145109106, 19.502813194559614 ], [ -99.412309823207124, 19.579554094177183 ], [ -99.430885437825211, 19.465766848550519 ], [ -99.40827758127881, 19.584675326105078 ], [ -99.392121308625931, 19.59493530598899 ], [ -99.421374244015794, 19.435116441631436 ], [ -99.406932374141576, 19.585956381277096 ], [ -99.437773738156125, 19.521983386178555 ], [ -99.437725582751838, 19.504091208600773 ], [ -99.426806373462682, 19.451718168219955 ], [ -99.396163696869479, 19.593648452633651 ], [ -99.39885753650104, 19.592364497956243 ], [ -99.432249805507041, 19.472153739801218 ], [ -99.434978877047953, 19.48492747186156 ], [ -99.428167098848078, 19.456827083176123 ], [ -99.417309865516017, 19.426179585168015 ], [ -99.40020286091989, 19.591083501854538 ], [ -99.429527912624224, 19.461935983431257 ], [ -99.415956257368748, 19.423626618657973 ], [ -99.437770296725631, 19.520705374670818 ], [ -99.424388310834289, 19.557799827509204 ], [ -99.390769718708441, 19.593660225460376 ], [ -99.401548164056848, 19.589802495907975 ], [ -99.408274360572435, 19.583397318577127 ], [ -99.412306571612788, 19.578276086571805 ], [ -99.423046784846818, 19.560359008722525 ], [ -99.406929163819584, 19.58467837371591 ], [ -99.396160570173365, 19.59237044446931 ], [ -99.40558394579331, 19.585959419020526 ], [ -99.398854388767433, 19.591086490029156 ], [ -99.437766855565755, 19.519427362982061 ], [ -99.421380837968286, 19.437672494103548 ], [ -99.437739336027803, 19.509203262956351 ], [ -99.422737959406888, 19.441503437851349 ], [ -99.394812086641181, 19.592373402597307 ], [ -99.430892192102178, 19.468322889221007 ], [ -99.4186700657784, 19.431288595244609 ], [ -99.41364841119659, 19.575716984403151 ], [ -99.432422979912985, 19.537332493339012 ], [ -99.426813058583164, 19.454274214216294 ], [ -99.390766634581269, 19.592382216467069 ], [ -99.38941815007631, 19.592385134252222 ], [ -99.420027067902282, 19.435119564130492 ], [ -99.437749653825293, 19.513037301823267 ], [ -99.425726442215662, 19.553962627554327 ], [ -99.382675723951493, 19.592399571891836 ], [ -99.437753093632224, 19.514315314416994 ], [ -99.425455729699493, 19.450443310134055 ], [ -99.408271140118785, 19.582119310867746 ], [ -99.402890267004267, 19.587243472280637 ], [ -99.424098466211376, 19.446612393077618 ], [ -99.398851241280767, 19.589808481920603 ], [ -99.404235517193939, 19.585962446681865 ], [ -99.41499020902512, 19.573157872303987 ], [ -99.42953464419017, 19.464492025638034 ], [ -99.394808970831733, 19.591095394043187 ], [ -99.426816401538588, 19.455552236943749 ], [ -99.393460497696495, 19.591098341877888 ], [ -99.410958208087322, 19.578279163342696 ], [ -99.436436140762353, 19.525820678424282 ], [ -99.434989115993176, 19.488761522415231 ], [ -99.389415076832506, 19.591107124871982 ], [ -99.421387432960813, 19.440228545854325 ], [ -99.416331965107489, 19.570598750278606 ], [ -99.384021178975658, 19.591118694340434 ], [ -99.379975753083613, 19.591127265548756 ], [ -99.413645149737405, 19.574438976471072 ], [ -99.428177161749204, 19.460661149059021 ], [ -99.432259973006154, 19.475987797145326 ], [ -99.433624488436408, 19.482374668192652 ], [ -99.398848094041057, 19.588530473630591 ], [ -99.408267919917861, 19.580841302976939 ], [ -99.420033640774733, 19.437675617045379 ], [ -99.406922743931332, 19.582122358049233 ], [ -99.405577546674692, 19.583403403288781 ], [ -99.41326209246121, 19.423632769744234 ], [ -99.425723089561572, 19.552684618529025 ], [ -99.421390730847122, 19.441506571459179 ], [ -99.414986937449186, 19.571879864227355 ], [ -99.392108930033785, 19.589823270477542 ], [ -99.419015352070474, 19.565480476466472 ], [ -99.389412003829818, 19.589829115310302 ], [ -99.428180516578237, 19.461939170658944 ], [ -99.43509848193824, 19.529657960370649 ], [ -99.382669684115356, 19.589843550916612 ], [ -99.378624289436985, 19.589852091268263 ], [ -99.374578892648898, 19.589860540860567 ], [ -99.417326185216197, 19.432569724616354 ], [ -99.431078352031165, 19.538613724296738 ], [ -99.411911789097104, 19.42235780063595 ], [ -99.420036927599739, 19.438953643232331 ], [ -99.430902325513102, 19.472156948872236 ], [ -99.413265323775036, 19.424910799010441 ], [ -99.421698572158803, 19.560362163001198 ], [ -99.409609844307511, 19.578282230035789 ], [ -99.413641888534229, 19.57316096835762 ], [ -99.427061149526835, 19.548847407904589 ], [ -99.408264699969664, 19.579563294904712 ], [ -99.422751195732559, 19.446615537578563 ], [ -99.406919534365045, 19.580844349943757 ], [ -99.429737084780655, 19.541172955633229 ], [ -99.41191500962465, 19.42363583029946 ], [ -99.400190229897717, 19.585971469173302 ], [ -99.428399147926029, 19.545010186937137 ], [ -99.420040214683937, 19.440231669238944 ], [ -99.412296818360943, 19.574442062667259 ], [ -99.386712025179406, 19.588556909653907 ], [ -99.385363571875459, 19.588559796571854 ], [ -99.381318210535497, 19.588568396823906 ], [ -99.377272847070856, 19.588576906323141 ], [ -99.373227481504088, 19.588585325069349 ], [ -99.369182113857704, 19.588593653062336 ], [ -99.366488092833663, 19.589877167766321 ], [ -99.363794028567611, 19.591160642723281 ], [ -99.36109992106114, 19.59244407792465 ], [ -99.358405770315841, 19.593727473361838 ], [ -99.355711576333277, 19.5950108290263 ], [ -99.353017339115056, 19.596294144909439 ], [ -99.350323058662724, 19.597577421002693 ], [ -99.347628734977889, 19.598860657297504 ], [ -99.344934368062141, 19.600143853785262 ], [ -99.342239957917045, 19.601427010457439 ], [ -99.339545504544205, 19.602710127305436 ], [ -99.336851007945185, 19.603993204320687 ], [ -99.334156468121591, 19.605276241494632 ], [ -99.331461885075001, 19.60655923881869 ], [ -99.328767258807019, 19.607842196284285 ], [ -99.32607258931921, 19.609125113882868 ], [ -99.327418636308366, 19.60784465219194 ], [ -99.328764661993048, 19.606564180569922 ], [ -99.332807867745203, 19.605278737429209 ], [ -99.328762065382691, 19.605286164674116 ], [ -99.335502418633652, 19.603995720264439 ], [ -99.331456649455717, 19.604003207541187 ], [ -99.327410878430271, 19.604010603986062 ], [ -99.336848347846342, 19.602715189113855 ], [ -99.332802611237071, 19.602722706138756 ], [ -99.328756872772843, 19.60273013233823 ], [ -99.340891390742627, 19.601429566410925 ], [ -99.336845687956114, 19.601437173725586 ], [ -99.332799983292148, 19.601444690221392 ], [ -99.32875427677331, 19.601452115898159 ], [ -99.343585811960011, 19.600146429739326 ], [ -99.339540142380315, 19.600154097060042 ], [ -99.335494470908245, 19.600161673568422 ], [ -99.331448797566324, 19.600169159264279 ], [ -99.327403122377106, 19.600176554147431 ], [ -99.34493164470868, 19.598865839111522 ], [ -99.340886007704981, 19.598873536161118 ], [ -99.336840368801433, 19.598881142404821 ], [ -99.332794728020602, 19.598888657842455 ], [ -99.328749085385027, 19.598896082473846 ], [ -99.34897452471256, 19.59758003694931 ], [ -99.344928921568837, 19.597587824256362 ], [ -99.340883316502797, 19.597595520764099 ], [ -99.336837709536994, 19.59760312647234 ], [ -99.332792100693965, 19.597610641380907 ], [ -99.328746489996263, 19.597618065489613 ], [ -99.326046841283627, 19.596344946940469 ], [ -99.350320293156358, 19.596299406698542 ], [ -99.346274722593478, 19.59630722372162 ], [ -99.342229150100849, 19.596314949951832 ], [ -99.338183575700995, 19.596322585389007 ], [ -99.334137999416484, 19.596330130032957 ], [ -99.330092421269853, 19.596337583883507 ], [ -99.327392783811362, 19.595064485156577 ], [ -99.35301455253726, 19.595016130794345 ], [ -99.348969015205938, 19.59502400779127 ], [ -99.344923475929903, 19.595031794001841 ], [ -99.340877934731679, 19.595039489425897 ], [ -99.336832391633834, 19.595047094063233 ], [ -99.332786846658905, 19.595054607913678 ], [ -99.330087210222374, 19.593781549355249 ], [ -99.326041694099459, 19.593788911375423 ], [ -99.355708768687435, 19.593732815103099 ], [ -99.351663264595089, 19.593740752065262 ], [ -99.347617758543052, 19.593748598247604 ], [ -99.343572250553891, 19.593756353649933 ], [ -99.339526740650129, 19.593764018272061 ], [ -99.335481228854334, 19.593771592113818 ], [ -99.332781593448061, 19.592498573721013 ], [ -99.328736110476797, 19.592505995739092 ], [ -99.359751431444593, 19.592446773821962 ], [ -99.355705961261847, 19.592454800998503 ], [ -99.351660489096957, 19.592462737401807 ], [ -99.347615014972462, 19.592470583031666 ], [ -99.343569538910899, 19.592478337887911 ], [ -99.339524060934821, 19.592486001970347 ], [ -99.335478581066752, 19.592493575278798 ], [ -99.332778967151725, 19.591220556352674 ], [ -99.3287335161058, 19.591227977848106 ], [ -99.362445550040647, 19.591163358601104 ], [ -99.358400113116687, 19.591171445723525 ], [ -99.354354674195648, 19.591179442079216 ], [ -99.35030923330001, 19.591187347667994 ], [ -99.346263790452369, 19.591195162489665 ], [ -99.342218345675263, 19.59120288654405 ], [ -99.338172898991203, 19.591210519830959 ], [ -99.33547328611472, 19.589937541064735 ], [ -99.331427868225319, 19.58994502254523 ], [ -99.327382448489161, 19.589952413264157 ], [ -99.363791157737793, 19.589882629392804 ], [ -99.359745753406855, 19.589890746199121 ], [ -99.355700347071377, 19.589898772245167 ], [ -99.351654938753896, 19.589906707530751 ], [ -99.347609528476951, 19.589914552055685 ], [ -99.343564116263082, 19.589922305819783 ], [ -99.339518702134811, 19.589929968822865 ], [ -99.336819100525688, 19.588657009866729 ], [ -99.332773715177169, 19.588664521072026 ], [ -99.328728327974403, 19.5886719415222 ], [ -99.367833657517338, 19.588596408892577 ], [ -99.363788287133218, 19.58860461588095 ], [ -99.359742914722077, 19.588612732115639 ], [ -99.35569754030648, 19.588620757596448 ], [ -99.351652163908938, 19.588628692323191 ], [ -99.347606785552017, 19.58863653629567 ], [ -99.343561405258228, 19.588644289513709 ], [ -99.339516023050123, 19.58865195197712 ], [ -99.336816442929674, 19.587378992483444 ], [ -99.332771089498905, 19.587386503159721 ], [ -99.328725734214004, 19.587393923087294 ], [ -99.339513344175643, 19.587373934950055 ], [ -99.436374412431817, 19.502816449226447 ], [ -99.426826431985688, 19.45938630404315 ], [ -99.425719737170851, 19.551406609322491 ], [ -99.410564716537792, 19.422360850982841 ], [ -99.419012050164184, 19.564202467960609 ], [ -99.398841800302378, 19.585974456506218 ], [ -99.342210244580855, 19.587368837084039 ], [ -99.402880731772711, 19.583409447677759 ], [ -99.433757349604036, 19.532217221444654 ], [ -99.409606614232587, 19.577004221816125 ], [ -99.436425846637789, 19.521986644296916 ], [ -99.420353670959614, 19.561643316040854 ], [ -99.404225950801603, 19.582128422172339 ], [ -99.408261480274163, 19.578285286651081 ], [ -99.405571148560355, 19.580847386831326 ], [ -99.423036787440992, 19.556524982480923 ], [ -99.390754300491949, 19.587270178679308 ], [ -99.410567926533986, 19.423638880862747 ], [ -99.436381266819808, 19.505372477588022 ], [ -99.430909082450825, 19.474712987736602 ], [ -99.418689719605752, 19.43895675639515 ], [ -99.429733702936289, 19.539894945471612 ], [ -99.382663645226913, 19.587287529215693 ], [ -99.378618314384937, 19.587296068364449 ], [ -99.374572981433388, 19.587304516766629 ], [ -99.370527646394819, 19.587312874422047 ], [ -99.366482309291726, 19.587321141330499 ], [ -99.362436970146689, 19.587329317491786 ], [ -99.358391628982204, 19.587337402905714 ], [ -99.354346285820853, 19.58734539757209 ], [ -99.350300940685145, 19.587353301490733 ], [ -99.346255593597633, 19.587361114661441 ], [ -99.422757815460812, 19.449171586359753 ], [ -99.412293567787344, 19.573164054336317 ], [ -99.409217643725228, 19.422363891338492 ], [ -99.436384694418308, 19.506650491497467 ], [ -99.415982283578927, 19.433850844250156 ], [ -99.327374699125784, 19.586118357441087 ], [ -99.428190582651467, 19.465773234375408 ], [ -99.43227353340896, 19.481099871074807 ], [ -99.431074960112198, 19.537335713999436 ], [ -99.410948486729282, 19.574445138787787 ], [ -99.328723140657104, 19.586115904471093 ], [ -99.418692996147854, 19.440234782622451 ], [ -99.393448079460256, 19.585986305016544 ], [ -99.411924672731899, 19.427469918208732 ], [ -99.404222762504617, 19.580850413639652 ], [ -99.39209964863872, 19.585989241938748 ], [ -99.422761125716306, 19.450449610479719 ], [ -99.389402786268249, 19.585995085536659 ], [ -99.388054354720992, 19.585997992212345 ], [ -99.38670592293353, 19.586000888805838 ], [ -99.385357490906642, 19.586003775317142 ], [ -99.382660626138033, 19.586009518093128 ], [ -99.378615327210511, 19.586018056640441 ], [ -99.374570026173487, 19.586026504447585 ], [ -99.370524723049513, 19.586034861514346 ], [ -99.3664794178611, 19.586043127840533 ], [ -99.362434110630801, 19.58605130342595 ], [ -99.358388801381153, 19.586059388270396 ], [ -99.354343490134681, 19.586067382373688 ], [ -99.350298176913938, 19.586075285735632 ], [ -99.346252861741462, 19.586083098356035 ], [ -99.342207544639777, 19.586090820234723 ], [ -99.338162225631436, 19.586098451371495 ], [ -99.334116904738963, 19.586105991766178 ], [ -99.331417408479751, 19.584832949833817 ], [ -99.327372116410004, 19.584840338470826 ], [ -99.334114268835151, 19.584827973666918 ], [ -99.338159557814876, 19.584820433803351 ], [ -99.42411839182212, 19.454280535918933 ], [ -99.436394978831871, 19.510484532140286 ], [ -99.420050077491723, 19.444065746176619 ], [ -99.435009601139015, 19.496429618641564 ], [ -99.436398407509131, 19.511762545326029 ], [ -99.433753937813989, 19.530939210697127 ], [ -99.433641499142013, 19.488764754495513 ], [ -99.421691928199735, 19.557806145243234 ], [ -99.436408695159244, 19.515596583797507 ], [ -99.401529156670989, 19.582134445975598 ], [ -99.411927894275877, 19.428747947151376 ], [ -99.39883550755134, 19.5834184386561 ], [ -99.429554845253094, 19.472160147924487 ], [ -99.39479339545089, 19.584705348550838 ], [ -99.430915840452954, 19.477269025878375 ], [ -99.415988792697888, 19.436406898845483 ], [ -99.435013016270617, 19.497707634046453 ], [ -99.39344497551015, 19.584708295347625 ], [ -99.327369533896885, 19.583562319319292 ], [ -99.414977124262307, 19.568045838909335 ], [ -99.435088217183505, 19.525823927184515 ], [ -99.389399714229867, 19.584717075249269 ], [ -99.386702872169678, 19.584722878109694 ], [ -99.385354450780085, 19.584725764417676 ], [ -99.381309185183298, 19.58473436285264 ], [ -99.377263917462088, 19.584742870553953 ], [ -99.37321864763895, 19.584751287521417 ], [ -99.369173375736437, 19.584759613754827 ], [ -99.365128101777088, 19.584767849253993 ], [ -99.361082825783427, 19.58477599401871 ], [ -99.357037547778006, 19.584784048048789 ], [ -99.35299226778335, 19.584792011344042 ], [ -99.34894698582201, 19.584799883904264 ], [ -99.409600154843304, 19.57444820483266 ], [ -99.328717954153788, 19.583559866694856 ], [ -99.432280315212253, 19.483655906955395 ], [ -99.40825504164124, 19.575729269599641 ], [ -99.409227242877066, 19.426197981084645 ], [ -99.435016431671002, 19.498985649270498 ], [ -99.414638360864899, 19.435131954143873 ], [ -99.330066374207206, 19.583557403989335 ], [ -99.422767747010141, 19.45300565817832 ], [ -99.407876948778792, 19.424922982143805 ], [ -99.410580769051506, 19.428750998580259 ], [ -99.42034704772027, 19.55908729820203 ], [ -99.424371599331963, 19.551409782169888 ], [ -99.3314147940563, 19.583554931202748 ], [ -99.42705106367869, 19.54501337878396 ], [ -99.433750526292144, 19.529661199768515 ], [ -99.421688606611539, 19.556528136092343 ], [ -99.402871198785704, 19.579575421442104 ], [ -99.428389032626654, 19.541176156861496 ], [ -99.392093462255673, 19.583433222005773 ], [ -99.421413823332898, 19.450452745642409 ], [ -99.390745052465064, 19.583436148433503 ], [ -99.388048232158994, 19.583441971046703 ], [ -99.384002999900375, 19.583450629360708 ], [ -99.379957765502354, 19.583459196947597 ], [ -99.375912528987485, 19.58346767380716 ], [ -99.37186729037829, 19.583476059939191 ], [ -99.367822049697295, 19.583484355343508 ], [ -99.363776806967053, 19.583492560019888 ], [ -99.359731562210101, 19.583500673968153 ], [ -99.355686315448949, 19.583508697188112 ], [ -99.351641066706165, 19.583516629679561 ], [ -99.347595816004258, 19.583524471442328 ], [ -99.343550563365795, 19.583532222476205 ], [ -99.339505308813273, 19.583539882781029 ], [ -99.335460052369271, 19.583547452356598 ], [ -99.332760588846, 19.582274429697662 ], [ -99.328715361207372, 19.582281847534848 ], [ -99.335457406243194, 19.582269434071115 ], [ -99.339502630779506, 19.582261865028777 ], [ -99.415995302843555, 19.438962952719557 ], [ -99.342199446087633, 19.582256768598953 ], [ -99.400177602839449, 19.580859433589083 ], [ -99.422771058048497, 19.454283681756934 ], [ -99.426843154667608, 19.465776412264994 ], [ -99.405561553271667, 19.577013360784601 ], [ -99.420059942632577, 19.447899821490864 ], [ -99.42412835816161, 19.458114604903358 ], [ -99.408251822703804, 19.574451260801862 ], [ -99.411937560432619, 19.432582032897805 ], [ -99.409233643573842, 19.428754040014351 ], [ -99.418706104899982, 19.445346885728057 ], [ -99.413291183463883, 19.435135026651469 ], [ -99.432287098083563, 19.486211942113091 ], [ -99.417352310125992, 19.442793938358353 ], [ -99.414644849417101, 19.437688008815687 ], [ -99.435026679484892, 19.502819693857525 ], [ -99.410587191830018, 19.431307056357625 ], [ -99.406533033302281, 19.426204033109908 ], [ -99.422774369347806, 19.45556170515508 ], [ -99.347593074155284, 19.582246454775724 ], [ -99.420343736490693, 19.557809289010695 ], [ -99.403832507298375, 19.423653983799703 ], [ -99.389393570876294, 19.58216105413031 ], [ -99.388045171238318, 19.582163960191792 ], [ -99.38669677136015, 19.582166856173227 ], [ -99.411940782993156, 19.433860061119418 ], [ -99.382651570292751, 19.58217548363708 ], [ -99.378606367093553, 19.58218402038014 ], [ -99.374561161785067, 19.582192466402201 ], [ -99.370515954389845, 19.582200821703054 ], [ -99.366470744930439, 19.582209086282511 ], [ -99.362425533429345, 19.582217260140368 ], [ -99.358380319909131, 19.582225343276434 ], [ -99.35433510439232, 19.582233335690511 ], [ -99.350289886901436, 19.582241237382419 ], [ -99.330061167246797, 19.581001365835032 ], [ -99.397480828489421, 19.580865396492328 ], [ -99.421685285284227, 19.555250126760193 ], [ -99.404213199114878, 19.577016386953201 ], [ -99.331409565824856, 19.580998893396828 ], [ -99.407886517843721, 19.428757071453646 ], [ -99.414648094076981, 19.438966035881126 ], [ -99.416001814015985, 19.441519005872305 ], [ -99.41497058342172, 19.565489821123972 ], [ -99.417657223039953, 19.561649574700532 ], [ -99.428207364727825, 19.472163336957962 ], [ -99.332757964197754, 19.580996410878974 ], [ -99.429726940044844, 19.537338924604917 ], [ -99.433658516544526, 19.49515483627928 ], [ -99.411944005807868, 19.435138089160745 ], [ -99.409240045280498, 19.431310098223111 ], [ -99.334106362364679, 19.580993918281489 ], [ -99.429568317933374, 19.47727222583644 ], [ -99.393435665121146, 19.580874265252469 ], [ -99.418712660826444, 19.447902936198567 ], [ -99.413625586358123, 19.56677092507001 ], [ -99.38939049956106, 19.580883043298755 ], [ -99.388042110557862, 19.580885949155515 ], [ -99.417358843928795, 19.445349989990397 ], [ -99.346241936460231, 19.580971031321347 ], [ -99.34219674699392, 19.580978751024464 ], [ -99.338151555621238, 19.580986380011232 ], [ -99.385345331831687, 19.580891730630981 ], [ -99.381300161955551, 19.580900327248933 ], [ -99.377254989955205, 19.580908833152414 ], [ -99.373209815853187, 19.580917248341208 ], [ -99.369164639672007, 19.580925572815136 ], [ -99.365119461434219, 19.580933806573988 ], [ -99.361074281162331, 19.580941949617557 ], [ -99.357029098878897, 19.58095000194567 ], [ -99.352983914606469, 19.580957963558124 ], [ -99.410593615621792, 19.433863113413953 ], [ -99.435040347000211, 19.507931750774564 ], [ -99.402488569756812, 19.424935005394328 ], [ -99.405189096758861, 19.427485074330246 ], [ -99.427044341100597, 19.542457358464269 ], [ -99.435071114638589, 19.519433868253302 ], [ -99.428210721936324, 19.473441356932646 ], [ -99.420340425521189, 19.556531279638101 ], [ -99.420069810106696, 19.451733895181405 ], [ -99.432405971298593, 19.530942440272341 ], [ -99.423023461230557, 19.551412944954489 ], [ -99.410935528479271, 19.569333103508765 ], [ -99.413300885054554, 19.438969109042255 ], [ -99.407892898478494, 19.431313130092398 ], [ -99.418715939177304, 19.449180961163218 ], [ -99.409590467660635, 19.570614177997211 ], [ -99.410596827897677, 19.435141141671703 ], [ -99.401516490051563, 19.577022409059026 ], [ -99.417362111216562, 19.446628015535847 ], [ -99.432297274393235, 19.490045993494054 ], [ -99.398822925011899, 19.578306400779024 ], [ -99.433665325380929, 19.497710867727154 ], [ -99.403841980811023, 19.427488075572253 ], [ -99.393432562145222, 19.579596254857975 ], [ -99.411950452199832, 19.437694144702522 ], [ -99.38938742848687, 19.57960503228583 ], [ -99.386690671508106, 19.579610833511264 ], [ -99.382645534246905, 19.579619459759545 ], [ -99.378600394854075, 19.579627995299816 ], [ -99.374555253352099, 19.579636440131868 ], [ -99.370510109763543, 19.57964479425549 ], [ -99.366464964110932, 19.579653057670505 ], [ -99.362419816416804, 19.579661230376697 ], [ -99.358374666703696, 19.579669312373881 ], [ -99.35432951499412, 19.579677303661864 ], [ -99.350284361310642, 19.579685204240452 ], [ -99.346239205675758, 19.579693014109463 ], [ -99.342194048112034, 19.579700733268709 ], [ -99.338148888641982, 19.579708361717998 ], [ -99.334103727288152, 19.579715899457156 ], [ -99.33005856407307, 19.579723346486009 ], [ -99.326013399019274, 19.579730702804365 ], [ -99.328707583589008, 19.578447788967345 ], [ -99.332752715519192, 19.578440372697866 ], [ -99.336797845595711, 19.578432865724409 ], [ -99.340842973796015, 19.578425268047145 ], [ -99.327356624370992, 19.577172220842979 ], [ -99.402861668043016, 19.575741393573907 ], [ -99.42838229041844, 19.538620135905269 ], [ -99.407896089173349, 19.432591159141403 ], [ -99.413304119428162, 19.440247136145217 ], [ -99.430936120846667, 19.484937135967357 ], [ -99.431064785954732, 19.533501682020798 ], [ -99.427040980207735, 19.541179348032667 ], [ -99.418719217786602, 19.450458985947453 ], [ -99.40249486461407, 19.427491066820131 ], [ -99.414657829591846, 19.442800115995421 ], [ -99.398447282880426, 19.424943917908802 ], [ -99.4173653787619, 19.447906040900897 ], [ -99.346236475105599, 19.578414996716312 ], [ -99.330053358338503, 19.577167307244267 ], [ -99.412277318746675, 19.566774009961311 ], [ -99.409249649734136, 19.435144184184324 ], [ -99.399797504991099, 19.426218988288536 ], [ -99.34758484989932, 19.578412403688208 ], [ -99.410932289552534, 19.568055094235643 ], [ -99.394777826179961, 19.578315298523172 ], [ -99.433672135289115, 19.500266898451699 ], [ -99.401513324018012, 19.575744399376436 ], [ -99.406897074453198, 19.571898288126423 ], [ -99.420076389719185, 19.454289943406238 ], [ -99.348933224477889, 19.578409800581952 ], [ -99.422787617154867, 19.460673796942789 ], [ -99.406548931582506, 19.432594181228747 ], [ -99.430939501843866, 19.48621515368303 ], [ -99.403848297731784, 19.430044135852896 ], [ -99.414964043608236, 19.562933802613369 ], [ -99.332750091488862, 19.57716235333546 ], [ -99.350281598840468, 19.578407187397556 ], [ -99.417650642283775, 19.559093555979107 ], [ -99.386687621941121, 19.578332821908241 ], [ -99.383990885271174, 19.578338582413199 ], [ -99.379945778485776, 19.57834714758598 ], [ -99.375900669583814, 19.578355622057007 ], [ -99.371855558587839, 19.578364005826067 ], [ -99.367810445520362, 19.578372298892969 ], [ -99.363765330403936, 19.578380501257509 ], [ -99.359720213261099, 19.578388612919493 ], [ -99.355675094114346, 19.578396633878732 ], [ -99.351629972986231, 19.578404564135035 ], [ -99.417368646564839, 19.449184066085554 ], [ -99.425699628356426, 19.543738550277777 ], [ -99.399800631476069, 19.427497019333497 ], [ -99.33409845775553, 19.577159861264789 ], [ -99.411956899608555, 19.440250199523046 ], [ -99.389017604938218, 19.424964364029876 ], [ -99.400164979744517, 19.575747395102539 ], [ -99.401150885435143, 19.428772078727913 ], [ -99.407902471318096, 19.435147216698603 ], [ -99.379587915237181, 19.42498432050439 ], [ -99.413310588940519, 19.442803189810121 ], [ -99.335446823815388, 19.577157359116612 ], [ -99.406552111991004, 19.433872210311783 ], [ -99.398453514536698, 19.427499980598981 ], [ -99.405201773740814, 19.432597193319157 ], [ -99.43230745310639, 19.493880043248097 ], [ -99.414664321214531, 19.445356168503174 ], [ -99.418725775780516, 19.453015034974616 ], [ -99.424358234855376, 19.546297742636284 ], [ -99.416018096439757, 19.44790913559785 ], [ -99.417371914625363, 19.450462091089793 ], [ -99.399803758207668, 19.428775050198265 ], [ -99.409256053965777, 19.437700240590381 ], [ -99.397106397351493, 19.427502931870301 ], [ -99.390367755020179, 19.426239505814145 ], [ -99.432399169724434, 19.52838641777798 ], [ -99.406893866901711, 19.570620278569919 ], [ -99.386326429975213, 19.426248149137244 ], [ -99.401154022948973, 19.43005010920173 ], [ -99.382285102785346, 19.426256702518739 ], [ -99.378243773473002, 19.42626516595843 ], [ -99.433682352161142, 19.504100943182088 ], [ -99.409584010806256, 19.568058159200202 ], [ -99.428378919711733, 19.537342125155437 ], [ -99.389381287061525, 19.577049009715907 ], [ -99.38668457261349, 19.577054810123879 ], [ -99.383987857208083, 19.577060570222951 ], [ -99.379942782319588, 19.577069134792229 ], [ -99.375897705314586, 19.577077608666144 ], [ -99.371852626215656, 19.577085991844484 ], [ -99.367807545045309, 19.577094284327053 ], [ -99.36376246182607, 19.577102486113649 ], [ -99.359717376580505, 19.577110597204086 ], [ -99.355672289331096, 19.57711861759817 ], [ -99.351627200100395, 19.577126547295698 ], [ -99.347582108910956, 19.577134386296496 ], [ -99.343537015785273, 19.577142134600372 ], [ -99.339491920745928, 19.577149792207134 ], [ -99.336792533948042, 19.575876827876254 ], [ -99.33274746766449, 19.575884333791837 ], [ -99.328702399527401, 19.575891749016222 ], [ -99.34083759835552, 19.575869231269657 ], [ -99.327351461979021, 19.574616180183931 ], [ -99.413313824079282, 19.444081216372041 ], [ -99.328699807801769, 19.574613728768856 ], [ -99.432310846544937, 19.495158059471187 ], [ -99.414960774086651, 19.561655793086118 ], [ -99.397468290455322, 19.575753356325421 ], [ -99.430946264636873, 19.488771188572162 ], [ -99.422794242624434, 19.463229841753584 ], [ -99.433685758321133, 19.505378957730468 ], [ -99.418729055165159, 19.454293059217537 ], [ -99.400161824589986, 19.574469385027484 ], [ -99.417375182943502, 19.451740115913605 ], [ -99.389023689124897, 19.427520429620646 ], [ -99.387676570242306, 19.427523310932699 ], [ -99.384982331760469, 19.427529043574161 ], [ -99.382288092328636, 19.427534736238712 ], [ -99.378246731414151, 19.427543200278695 ], [ -99.374205368399572, 19.427551574370302 ], [ -99.396119945441313, 19.575756321822183 ], [ -99.433689164749111, 19.506656972097943 ], [ -99.425509067066443, 19.470891664363879 ], [ -99.348927721452128, 19.575853765984121 ], [ -99.432314240250548, 19.496436075513461 ], [ -99.403857774981574, 19.433878224922108 ], [ -99.405208113731788, 19.435153251732114 ], [ -99.332744844046061, 19.574606314067005 ], [ -99.350276074550564, 19.575851153167978 ], [ -99.43239576933837, 19.527108406259195 ], [ -99.40150699269644, 19.57318837946719 ], [ -99.43094964643268, 19.490049205745592 ], [ -99.399810012410811, 19.431331111387145 ], [ -99.397112608920665, 19.430058994258303 ], [ -99.390373860755645, 19.428795570634446 ], [ -99.406890659602027, 19.569342268832088 ], [ -99.334093189050051, 19.574603822347534 ], [ -99.410925812461969, 19.565499075145457 ], [ -99.416024611206524, 19.450465186225333 ], [ -99.433695978409119, 19.509213000290185 ], [ -99.388029870237858, 19.575773903196815 ], [ -99.38533317657317, 19.575779683043042 ], [ -99.38128813428952, 19.575788277238441 ], [ -99.377243089881972, 19.575796780744934 ], [ -99.373198043373037, 19.57580519356231 ], [ -99.369152994785239, 19.575813515690374 ], [ -99.36510794414113, 19.575821747128927 ], [ -99.361062891463234, 19.575829887877767 ], [ -99.357017836774091, 19.575837937936711 ], [ -99.352972780096209, 19.575845897305559 ], [ -99.382291082107756, 19.428812769778514 ], [ -99.378249689588657, 19.428821234418809 ], [ -99.374208294969392, 19.428829609104337 ], [ -99.401160298719091, 19.432606169608668 ], [ -99.429588534912753, 19.48494033728424 ], [ -99.432317634223295, 19.497714091374917 ], [ -99.335441533847273, 19.574601320551974 ], [ -99.402510606102666, 19.43388121723078 ], [ -99.426869924663478, 19.476000576029907 ], [ -99.433719834662625, 19.518159093263449 ], [ -99.425512402884863, 19.472169684968538 ], [ -99.394418331675411, 19.430064867651492 ], [ -99.41332029512202, 19.446637268954785 ], [ -99.336789878436875, 19.574598808680349 ], [ -99.433716425822197, 19.516881080524449 ], [ -99.417644062561195, 19.556537536532609 ], [ -99.399813139882397, 19.432609141711243 ], [ -99.39037691398461, 19.430073602774314 ], [ -99.420089552055828, 19.4594020376903 ], [ -99.386335494126229, 19.430082247936603 ], [ -99.338138222818046, 19.574596286732646 ], [ -99.380946930982077, 19.430093634880695 ], [ -99.376905506153278, 19.430102070134275 ], [ -99.372864079231718, 19.43011041542664 ], [ -99.409265662207247, 19.441534323847158 ], [ -99.401163436975409, 19.433884199541783 ], [ -99.422800869138115, 19.465785885842223 ], [ -99.417381720352665, 19.454296165019908 ], [ -99.413612549224453, 19.561658887176108 ], [ -99.407915238627794, 19.44025932964955 ], [ -99.402513755145392, 19.435159246772169 ], [ -99.406564836133526, 19.438984324841112 ], [ -99.39342015267674, 19.574484211466405 ], [ -99.405214454722795, 19.437709309423969 ], [ -99.426873272099144, 19.477278595687711 ], [ -99.390723482201153, 19.574490071511665 ], [ -99.425515738966013, 19.473447705392573 ], [ -99.389375146600216, 19.574492986420623 ], [ -99.351621654981628, 19.574570513073283 ], [ -99.347576627579642, 19.574578350969354 ], [ -99.343531598241555, 19.574586098181282 ], [ -99.386678474676202, 19.574498786011162 ], [ -99.383981801794903, 19.574504545298478 ], [ -99.379936790692682, 19.574513108660778 ], [ -99.375891777474124, 19.574521581340495 ], [ -99.371846762161766, 19.574529963337422 ], [ -99.367801744778149, 19.574538254651355 ], [ -99.363756725345795, 19.574546455282103 ], [ -99.359711703887243, 19.574554565229469 ], [ -99.355666680425003, 19.574562584493258 ], [ -99.41629915980657, 19.557818659914798 ], [ -99.397118821469803, 19.432615055925453 ], [ -99.389032817204892, 19.43135452665544 ], [ -99.431054614196199, 19.529667648412207 ], [ -99.384991365019488, 19.431363142441793 ], [ -99.380949910696359, 19.431371668260962 ], [ -99.376908454257958, 19.431380104112741 ], [ -99.372866995726667, 19.43138844999693 ], [ -99.368825535124998, 19.431396705913333 ], [ -99.409577554965722, 19.565502139677911 ], [ -99.42301013920698, 19.546300904528469 ], [ -99.401166575479252, 19.435162229294626 ], [ -99.416031127000394, 19.453021236131121 ], [ -99.402848963876849, 19.570629353877276 ], [ -99.418738894869946, 19.458127130863492 ], [ -99.422804182786535, 19.46706390761571 ], [ -99.429595276028593, 19.48749637298782 ], [ -99.400155515023911, 19.571913364333351 ], [ -99.432327817744195, 19.501548137874277 ], [ -99.396113699160566, 19.573200300232653 ], [ -99.391730181711068, 19.43262676438987 ], [ -99.399819395565586, 19.435165201818695 ], [ -99.41764077308747, 19.555259526537483 ], [ -99.390383021165093, 19.432629666513435 ], [ -99.387688699351372, 19.432635440769456 ], [ -99.42551907530995, 19.474725725635988 ], [ -99.382300052860245, 19.432646869316862 ], [ -99.378258565512326, 19.432655335758128 ], [ -99.374217076063999, 19.432663712225487 ], [ -99.370175584537705, 19.43267199871875 ], [ -99.394765375161626, 19.573203255236432 ], [ -99.414680554749836, 19.45174629661577 ], [ -99.413609290580837, 19.560380877249411 ], [ -99.393417050918359, 19.573206200165163 ], [ -99.424348214253968, 19.542463711083577 ], [ -99.427030899113717, 19.537345315650985 ], [ -99.392068726431631, 19.573209135018843 ], [ -99.407921623792916, 19.442815385043129 ], [ -99.394427587643023, 19.43389896113143 ], [ -99.418742175288529, 19.45940515438452 ], [ -99.432385569784145, 19.523274370616519 ], [ -99.385327100374909, 19.573223658161105 ], [ -99.381282121872488, 19.573232251145289 ], [ -99.377237141246297, 19.573240753453337 ], [ -99.37319215851889, 19.573249165085056 ], [ -99.369147173712776, 19.573257486040248 ], [ -99.365102186850493, 19.573265716318698 ], [ -99.361057197954565, 19.573273855920228 ], [ -99.357012207047532, 19.573281904844638 ], [ -99.352967214151903, 19.57328986309173 ], [ -99.34892221929023, 19.573297730661331 ], [ -99.344877222485025, 19.573305507553233 ], [ -99.340832223758838, 19.573313193767266 ], [ -99.336787223134181, 19.573320789303239 ], [ -99.334087921171687, 19.572047782705472 ], [ -99.330042949320756, 19.572055226586308 ], [ -99.335436244709598, 19.572045281262529 ], [ -99.339481214074397, 19.572037716485784 ], [ -99.342177859268489, 19.572032622928095 ], [ -99.330040347576983, 19.570777205968849 ], [ -99.331388661104242, 19.570774734924083 ], [ -99.418982344673623, 19.552700383249935 ], [ -99.393080417043137, 19.43390188345624 ], [ -99.43096317627824, 19.495161272631556 ], [ -99.406884245758064, 19.566786248812473 ], [ -99.399822523777217, 19.436443231602034 ], [ -99.389038903791629, 19.433910590444281 ], [ -99.387691732226614, 19.433913472778137 ], [ -99.413330003599327, 19.450471346475986 ], [ -99.397458889512833, 19.571919324296029 ], [ -99.382303043582809, 19.433924902135924 ], [ -99.378261524620285, 19.433933369177527 ], [ -99.374220003557298, 19.433941746238851 ], [ -99.370178480416271, 19.433950033319693 ], [ -99.366136955219616, 19.433958230419858 ], [ -99.426879967761394, 19.479834634461337 ], [ -99.420323874574194, 19.550141230056465 ], [ -99.401172853229511, 19.437718288259518 ], [ -99.395777854347727, 19.435174059400506 ], [ -99.414683802224729, 19.453024321697036 ], [ -99.398475333077101, 19.436446194337758 ], [ -99.402523203763749, 19.438993334314684 ], [ -99.420099426531337, 19.463236106508113 ], [ -99.416037643821468, 19.455577285315147 ], [ -99.403873575381581, 19.440268369765395 ], [ -99.35161611073336, 19.572014478125922 ], [ -99.418745455965606, 19.460683177725045 ], [ -99.417391528398696, 19.458130237325935 ], [ -99.422810810866523, 19.469619950620974 ], [ -99.417637483872113, 19.553981516361116 ], [ -99.389041947445051, 19.435188622068356 ], [ -99.352964431507431, 19.572011845712968 ], [ -99.383653217597114, 19.435200092230442 ], [ -99.379611667722685, 19.435208589867909 ], [ -99.375570115740217, 19.435216997518783 ], [ -99.37152856167215, 19.435225315182858 ], [ -99.367487005540937, 19.435233542859937 ], [ -99.33678191315407, 19.570764750005427 ], [ -99.424344874578409, 19.541185700203677 ], [ -99.432378771417859, 19.520718345949572 ], [ -99.401497497577736, 19.569354348243298 ], [ -99.424168247086286, 19.473450864593264 ], [ -99.390717321445152, 19.571934047901934 ], [ -99.389369007102871, 19.571936962400056 ], [ -99.3866723776962, 19.571942761173183 ], [ -99.382627431793523, 19.571951383774973 ], [ -99.378582483759658, 19.571959915707087 ], [ -99.374537533617143, 19.571968356969332 ], [ -99.37049258138849, 19.571976707561493 ], [ -99.366447627096207, 19.571984967483385 ], [ -99.362402670762876, 19.571993136734804 ], [ -99.358357712410992, 19.572001215315552 ], [ -99.432344795621972, 19.507938211755874 ], [ -99.429710037466549, 19.530948869268574 ], [ -99.398478450994872, 19.437724224150866 ], [ -99.394433759504892, 19.436455022550206 ], [ -99.407928009964976, 19.445371439715338 ], [ -99.406881039213744, 19.5655082385307 ], [ -99.393086567826288, 19.436457945289433 ], [ -99.406577564290089, 19.444096436485495 ], [ -99.405227139705374, 19.442821422644055 ], [ -99.432375372635647, 19.519440333344576 ], [ -99.390392183742264, 19.436463760770437 ], [ -99.416292601837355, 19.555262639666648 ], [ -99.399828780940595, 19.438999290627887 ], [ -99.387697798694717, 19.436469536254805 ], [ -99.385003412690267, 19.436475271742477 ], [ -99.380961831903988, 19.436483799980042 ], [ -99.376920249002083, 19.436492238224702 ], [ -99.372878664007061, 19.436500586476249 ], [ -99.368837076941304, 19.436508844734494 ], [ -99.36479548782728, 19.436517012999229 ], [ -99.402842613289636, 19.568073332940987 ], [ -99.420320565164843, 19.548863219596473 ], [ -99.421662043296948, 19.546304056360682 ], [ -99.428368809180981, 19.533508091819222 ], [ -99.328689442933566, 19.569501645967573 ], [ -99.40117913196994, 19.440274346503262 ], [ -99.426886664478232, 19.48239067251226 ], [ -99.39848156915852, 19.439002253783702 ], [ -99.409281680994283, 19.447924459001605 ], [ -99.394436845800882, 19.437733052989206 ], [ -99.414690297942428, 19.455580371318263 ], [ -99.394759151118393, 19.570647232505081 ], [ -99.404187707749713, 19.566792307809525 ], [ -99.424341535165269, 19.539907689142634 ], [ -99.411985925532335, 19.45175243728783 ], [ -99.343523473520591, 19.570752042193515 ], [ -99.417634194915138, 19.55270350600351 ], [ -99.389048035472044, 19.437744684775801 ], [ -99.387700832287592, 19.437747567722774 ], [ -99.420106010811821, 19.46579215148402 ], [ -99.383659221302196, 19.437756156564376 ], [ -99.379617608186166, 19.437764655406827 ], [ -99.375575992961942, 19.437773064249917 ], [ -99.371534375651962, 19.437781383093455 ], [ -99.367492756278693, 19.437789611937237 ], [ -99.363451134864547, 19.437797750781073 ], [ -99.331386048937119, 19.569496714299639 ], [ -99.401494333035103, 19.568076337472696 ], [ -99.430976710383945, 19.500273336624605 ], [ -99.354309959008745, 19.570731185851702 ], [ -99.350265028572252, 19.570739082533958 ], [ -99.346220096184879, 19.570746888551362 ], [ -99.385321025130551, 19.57066763255396 ], [ -99.381276110399341, 19.570676224326956 ], [ -99.377231193544503, 19.570684725436603 ], [ -99.373186274588619, 19.570693135882699 ], [ -99.36914135355417, 19.570701455665045 ], [ -99.365096430463694, 19.570709684783441 ], [ -99.361051505339717, 19.570717823237697 ], [ -99.357006578204789, 19.570725871027605 ], [ -99.410635394971678, 19.450477466699343 ], [ -99.395787144857522, 19.439008150093734 ], [ -99.3327343516317, 19.569494233355787 ], [ -99.418975746304795, 19.550144362431627 ], [ -99.409284885509464, 19.449202485491384 ], [ -99.423000150436565, 19.542466872306484 ], [ -99.424174898907083, 19.476006905346701 ], [ -99.414693546185234, 19.456858395858195 ], [ -99.403883058612195, 19.4441024545077 ], [ -99.391745506576413, 19.439016919554675 ], [ -99.390398293331458, 19.439019822707198 ], [ -99.410912861332037, 19.560387034789539 ], [ -99.41198915190634, 19.453030462804168 ], [ -99.387703866119708, 19.439025599010492 ], [ -99.399835039090846, 19.441555348932553 ], [ -99.386356652154547, 19.439028472161258 ], [ -99.383662223509845, 19.43903418846098 ], [ -99.379620578769263, 19.439042687905935 ], [ -99.375578931920415, 19.43905109734515 ], [ -99.371537282985756, 19.439059416778431 ], [ -99.367495631987708, 19.439067646205579 ], [ -99.363453978948712, 19.439075785626397 ], [ -99.425682878251621, 19.537348496091557 ], [ -99.420109303341135, 19.467070173701146 ], [ -99.418755299547982, 19.464517246663544 ], [ -99.410638610541739, 19.451755492612559 ], [ -99.422820754944638, 19.473454013774436 ], [ -99.398487806223471, 19.441558312508484 ], [ -99.336779258476653, 19.569486730084758 ], [ -99.414944430329712, 19.555265742730825 ], [ -99.393407747104106, 19.569372165173554 ], [ -99.398797771781517, 19.568082316319586 ], [ -99.390711161656355, 19.56937802356698 ], [ -99.389362868569378, 19.569380937654287 ], [ -99.388014575241456, 19.569383841668632 ], [ -99.385317987866074, 19.569389619478457 ], [ -99.381273105016703, 19.569398210645883 ], [ -99.377228220043804, 19.569406711156343 ], [ -99.373183332969901, 19.569415121009641 ], [ -99.369138443817533, 19.569423440205583 ], [ -99.365093552609196, 19.569431668743963 ], [ -99.361048659367455, 19.569439806624583 ], [ -99.357003764114822, 19.569447853847258 ], [ -99.352958866873806, 19.569455810411789 ], [ -99.348913967666959, 19.569463676317991 ], [ -99.344869066516807, 19.569471451565679 ], [ -99.340824163445845, 19.569479136154659 ], [ -99.33812489524685, 19.568206188923817 ], [ -99.334080020904835, 19.568213721883534 ], [ -99.33003514470218, 19.568221164190465 ], [ -99.339473186276805, 19.568203657792203 ], [ -99.342169767705684, 19.568198565311473 ], [ -99.330032543571136, 19.566943143029555 ], [ -99.346214638258829, 19.568190851046701 ], [ -99.429703278295165, 19.528392845866385 ], [ -99.389054124459278, 19.440300746762212 ], [ -99.334077387896045, 19.566935701247246 ], [ -99.40658711304205, 19.447930518325158 ], [ -99.386359675683579, 19.440306503472389 ], [ -99.385012450937708, 19.440309366825517 ], [ -99.380970775277859, 19.440317896876973 ], [ -99.376929097502185, 19.440326336916392 ], [ -99.372887417633137, 19.440334686943554 ], [ -99.368845735693156, 19.440342946958264 ], [ -99.364804051704681, 19.44035111696034 ], [ -99.36076236569015, 19.440359196949572 ], [ -99.41199237853462, 19.454308488140072 ], [ -99.416050680545453, 19.460689381517582 ], [ -99.350259506883731, 19.568183046129672 ], [ -99.420112596129854, 19.468348195737722 ], [ -99.417404609400776, 19.463242331207148 ], [ -99.41064182636525, 19.453033518345361 ], [ -99.398490925124818, 19.442836341600419 ], [ -99.413346189497275, 19.456861472069551 ], [ -99.412254580804458, 19.557827940221287 ], [ -99.402538956428799, 19.445383476612765 ], [ -99.431034277874843, 19.521999576306257 ], [ -99.393098872303213, 19.441570066792639 ], [ -99.352956084884639, 19.56817779248939 ], [ -99.40014289886345, 19.566801320769251 ], [ -99.396101209540817, 19.568088254877736 ], [ -99.338122230360355, 19.566928168818528 ], [ -99.387709934501643, 19.44158166104512 ], [ -99.385015464162009, 19.441587398159339 ], [ -99.382320992871982, 19.44159309526545 ], [ -99.378279284169537, 19.441601565909295 ], [ -99.374237573366145, 19.441609946534577 ], [ -99.370195860484273, 19.4416182371411 ], [ -99.366154145546346, 19.441626437728665 ], [ -99.362112428574846, 19.44163454829707 ], [ -99.358070709592155, 19.441642568846127 ], [ -99.424181551775703, 19.478562945377561 ], [ -99.354304373557895, 19.568175150560592 ], [ -99.411995605417218, 19.455586513295536 ], [ -99.394752928052355, 19.568091209048514 ], [ -99.339470510764443, 19.566925637865346 ], [ -99.429699899108002, 19.527114833893702 ], [ -99.431030889420612, 19.520721563654988 ], [ -99.420115889177978, 19.469626217593717 ], [ -99.410645042442255, 19.454311543897735 ], [ -99.398494044272056, 19.444114370512033 ], [ -99.328681671418209, 19.565667581964483 ], [ -99.425679529020428, 19.536070484710908 ], [ -99.418761863228951, 19.467073291719867 ], [ -99.385314950840041, 19.568111606221681 ], [ -99.381270099870008, 19.568120196783539 ], [ -99.377225246776533, 19.568128696694821 ], [ -99.373180391582139, 19.568137105955337 ], [ -99.369135534309336, 19.568145424564872 ], [ -99.365090674980664, 19.568153652523243 ], [ -99.361045813618631, 19.568161789830249 ], [ -99.417627617776219, 19.550147484744663 ], [ -99.401488004695182, 19.565520315387609 ], [ -99.422993492564359, 19.539910849919373 ], [ -99.409294500570709, 19.4530365638783 ], [ -99.390407459522052, 19.442853914260283 ], [ -99.431027501232847, 19.519443550822707 ], [ -99.403892544086077, 19.447936537626919 ], [ -99.428261111801177, 19.492611634871675 ], [ -99.382323985245876, 19.442871126822812 ], [ -99.378282244911389, 19.442879598067066 ], [ -99.374240502475871, 19.442887979286375 ], [ -99.370198757961802, 19.442896270480542 ], [ -99.366157011391607, 19.442904471649367 ], [ -99.362115262787739, 19.442912582792651 ], [ -99.358073512172652, 19.442920603910213 ], [ -99.40794397980099, 19.451761573239359 ], [ -99.405243001560294, 19.449211560111536 ], [ -99.431003791378302, 19.510497455929439 ], [ -99.424184878602972, 19.479840965122005 ], [ -99.418969148972621, 19.547588340888506 ], [ -99.431024113311523, 19.518165537809438 ], [ -99.406871421091395, 19.561674206597679 ], [ -99.401194833153482, 19.446664488957104 ], [ -99.420310638496687, 19.545029187129362 ], [ -99.402833089278431, 19.564239300176805 ], [ -99.431017338268163, 19.515609511239941 ], [ -99.408216431066265, 19.560393152058246 ], [ -99.410648258772724, 19.455589569269666 ], [ -99.416282766815044, 19.551428607935154 ], [ -99.409561419799417, 19.559112087699621 ], [ -99.402545259233747, 19.447939532269615 ], [ -99.413352665642506, 19.459417521043797 ], [ -99.346211909617168, 19.566912832022606 ], [ -99.409297706096396, 19.454314589646433 ], [ -99.387716003840623, 19.444137722358615 ], [ -99.334074755093965, 19.565657680429801 ], [ -99.40389570640923, 19.449214564972607 ], [ -99.380979720767556, 19.444151992151575 ], [ -99.376937948095659, 19.444160433985822 ], [ -99.372896173330162, 19.444168785788683 ], [ -99.368854396493489, 19.44417704755995 ], [ -99.364812617608123, 19.444185219299431 ], [ -99.360770836696489, 19.444193301006926 ], [ -99.356729053781038, 19.444201292682258 ], [ -99.399847558352306, 19.44666746337807 ], [ -99.406596664052486, 19.45176459854142 ], [ -99.347560188748318, 19.566910240638745 ], [ -99.392053274427951, 19.566819074758872 ], [ -99.335423025498187, 19.565655179868333 ], [ -99.412002059945394, 19.458142563065088 ], [ -99.356998136597682, 19.566891818942942 ], [ -99.352953303113893, 19.56689977438581 ], [ -99.348908467664415, 19.566907639183125 ], [ -99.414937894623932, 19.552709721320003 ], [ -99.383963641258703, 19.566836466173974 ], [ -99.37991882145522, 19.566845025915566 ], [ -99.375873999535884, 19.566853495012911 ], [ -99.371829175523203, 19.566861873465804 ], [ -99.367784349439702, 19.566870161274053 ], [ -99.36373952130792, 19.56687835843746 ], [ -99.359694691150352, 19.566886464955822 ], [ -99.40119797413297, 19.447942516906842 ], [ -99.398500283304358, 19.446670427794263 ], [ -99.336771295694845, 19.565652669235757 ], [ -99.40552319470622, 19.561677240276261 ], [ -99.428267834946922, 19.495167668857693 ], [ -99.39176083748508, 19.445407070212635 ], [ -99.390413571520398, 19.445409974394185 ], [ -99.397443226194781, 19.565529267287449 ], [ -99.389066305314756, 19.445412868571616 ], [ -99.387719038869008, 19.445415752744918 ], [ -99.409300911874737, 19.455592615234131 ], [ -99.383677238099409, 19.445424345239971 ], [ -99.379635435198708, 19.445432847697585 ], [ -99.375593630189357, 19.445441260117558 ], [ -99.37155182309381, 19.445449582499695 ], [ -99.367510013934506, 19.445457814843795 ], [ -99.363468202733912, 19.445465957149661 ], [ -99.359426389514468, 19.445474009417108 ], [ -99.355384574298611, 19.44548197164594 ], [ -99.403898868981685, 19.450492592137902 ], [ -99.422834017370946, 19.478566095450372 ], [ -99.405249348053033, 19.451767613835901 ], [ -99.328679081319891, 19.564389560267859 ], [ -99.339467835462145, 19.565647617757321 ], [ -99.396094966201659, 19.56553223111252 ], [ -99.424191533043455, 19.482397004068876 ], [ -99.42835533218161, 19.528396044835606 ], [ -99.401201115360067, 19.449220544676219 ], [ -99.429689763140431, 19.523280796889363 ], [ -99.398503403189409, 19.447948456164855 ], [ -99.330027341921721, 19.564387100164328 ], [ -99.393111180661464, 19.446682185411102 ], [ -99.402551563032475, 19.450495587205008 ], [ -99.390416627880995, 19.446688004190662 ], [ -99.420125769878823, 19.473460282078186 ], [ -99.385027519435226, 19.446699521691752 ], [ -99.380985685602923, 19.44670805476655 ], [ -99.37694384965441, 19.4467164977974 ], [ -99.372902011612126, 19.446724850784101 ], [ -99.368860171498554, 19.446733113726445 ], [ -99.364818329336117, 19.446741286624242 ], [ -99.360776485147255, 19.446749369477299 ], [ -99.35673463895445, 19.446757362285421 ], [ -99.352692790780139, 19.44676526504842 ], [ -99.392050184755064, 19.565541062163035 ], [ -99.413359142808474, 19.461973569296106 ], [ -99.418771710689626, 19.470907357950153 ], [ -99.409304117905734, 19.456870640641387 ], [ -99.386657139433822, 19.565552695905751 ], [ -99.382612352927751, 19.565561315469051 ], [ -99.378567564290876, 19.565569844394624 ], [ -99.374522773545721, 19.565578282682274 ], [ -99.37047798071481, 19.565586630331794 ], [ -99.366433185820654, 19.565594887342993 ], [ -99.362388388885805, 19.565603053715677 ], [ -99.358343589932758, 19.565611129449639 ], [ -99.354298788984039, 19.565619114544695 ], [ -99.350253986062199, 19.565627009000654 ], [ -99.346209181189749, 19.565634812817329 ], [ -99.34350993657074, 19.564361945256881 ], [ -99.339465160369912, 19.564369597468154 ], [ -99.335420382278613, 19.564377159046046 ], [ -99.344858194880345, 19.56435937437907 ], [ -99.331372991177531, 19.563106608460238 ], [ -99.327328241243137, 19.563113988250493 ], [ -99.348902968525508, 19.564351601323562 ], [ -99.399853819463644, 19.449223519518753 ], [ -99.417621041670628, 19.547591462761012 ], [ -99.422837333630355, 19.479844115417741 ], [ -99.401481677349011, 19.562964292577405 ], [ -99.395808831262045, 19.447954355400892 ], [ -99.421645449701856, 19.539914000639691 ], [ -99.427014102571732, 19.530955258059151 ], [ -99.401204256834788, 19.450498572265229 ], [ -99.429645868237316, 19.506666617714352 ], [ -99.398506523320421, 19.449226484355098 ], [ -99.413589744092903, 19.552712813882902 ], [ -99.428351963593897, 19.527118032637034 ], [ -99.426913461893022, 19.492614817487251 ], [ -99.402554715304532, 19.451773614402118 ], [ -99.410657909285106, 19.459423644302749 ], [ -99.406865010268575, 19.559118184402667 ], [ -99.429683007156939, 19.520724771314679 ], [ -99.385030533847598, 19.447977552124076 ], [ -99.380988668373305, 19.447986085803578 ], [ -99.376946800782733, 19.447994529432741 ], [ -99.372904931098333, 19.448002883011373 ], [ -99.368863059342544, 19.448011146539269 ], [ -99.364821185537835, 19.448019320016243 ], [ -99.360779309706643, 19.448027403442087 ], [ -99.356737431871409, 19.448035396816618 ], [ -99.352695552054598, 19.448043300139648 ], [ -99.328673901733339, 19.561833516331291 ], [ -99.420129063964637, 19.474738303211808 ], [ -99.412244839798063, 19.553993907613823 ], [ -99.403905194874483, 19.4530486459273 ], [ -99.413362381774235, 19.463251593151504 ], [ -99.416276211421049, 19.548872585874779 ], [ -99.405255695546302, 19.454323666838643 ], [ -99.410899914269905, 19.555274991533398 ], [ -99.422840650150917, 19.481122135204433 ], [ -99.395811930296929, 19.449232384009154 ], [ -99.394743595285405, 19.564257172504064 ], [ -99.401207398557148, 19.451776599673835 ], [ -99.412011743645209, 19.461976636365872 ], [ -99.414716291053281, 19.46580456258404 ], [ -99.343507229818471, 19.56308392532609 ], [ -99.39204709532477, 19.564263049385943 ], [ -99.429676252235907, 19.518168745015981 ], [ -99.398785201089453, 19.562970269738514 ], [ -99.386654092499171, 19.56427468230849 ], [ -99.382609337864906, 19.564283301264116 ], [ -99.378564581099923, 19.564291829588406 ], [ -99.374519822226731, 19.564300267281169 ], [ -99.370475061267854, 19.564308614342188 ], [ -99.366430298245817, 19.564316870771282 ], [ -99.362385533183144, 19.564325036568238 ], [ -99.421486482705063, 19.478569235500824 ], [ -99.422986835738541, 19.537354826807732 ], [ -99.428348595271018, 19.525840020257409 ], [ -99.389075443477552, 19.449246958035367 ], [ -99.410661126629591, 19.460701668952826 ], [ -99.386380847062995, 19.449252717602114 ], [ -99.38233895065467, 19.449261281905176 ], [ -99.37829705212252, 19.449269756151597 ], [ -99.374255151488967, 19.449278140341161 ], [ -99.37021324877648, 19.449286434473681 ], [ -99.366171344007498, 19.44929463854896 ], [ -99.362129437204473, 19.449302752566798 ], [ -99.358087528389888, 19.449310776527 ], [ -99.354045617586138, 19.449318710429377 ], [ -99.35000370481572, 19.449326554273746 ], [ -99.429666121846324, 19.51433470421059 ], [ -99.397162336759322, 19.450507467404471 ], [ -99.40390835819484, 19.454326672551389 ], [ -99.413365620995222, 19.46452961682639 ], [ -99.420300714168206, 19.541195153031744 ], [ -99.405516805125146, 19.559121217653434 ], [ -99.407959955931943, 19.458151702253083 ], [ -99.425559131936623, 19.490061954464643 ], [ -99.413586487240437, 19.551434802687517 ], [ -99.347551972236289, 19.563076183027505 ], [ -99.424201516669228, 19.486231061133978 ], [ -99.39851276432033, 19.451782540194447 ], [ -99.412014972053882, 19.463254660438476 ], [ -99.396088723842908, 19.562976206622238 ], [ -99.348900219279884, 19.563073582122051 ], [ -99.391773106563946, 19.450519187493235 ], [ -99.428345227212958, 19.524562007696748 ], [ -99.389078490012068, 19.450524987495942 ], [ -99.421489788396599, 19.479847255690398 ], [ -99.3836892540332, 19.450536467417724 ], [ -99.3796473245595, 19.450544972285634 ], [ -99.375605392976851, 19.450553387090377 ], [ -99.371563459307708, 19.450561711831764 ], [ -99.36752152357451, 19.450569946509585 ], [ -99.363479585799737, 19.450578091123653 ], [ -99.359437646005802, 19.450586145673768 ], [ -99.355395704215184, 19.450594110159741 ], [ -99.351353760450323, 19.450601984581386 ], [ -99.347311814733686, 19.450609768938516 ], [ -99.410664344227598, 19.461979693422428 ], [ -99.4160735047016, 19.469635542922173 ], [ -99.39474048485161, 19.562979159960062 ], [ -99.338111572906683, 19.561816086585971 ], [ -99.425562471697404, 19.491339972359047 ], [ -99.417427511076326, 19.472188488548696 ], [ -99.328671312245135, 19.560555494091368 ], [ -99.418781560477612, 19.474741422555148 ], [ -99.406612587422657, 19.458154728626869 ], [ -99.361034432857494, 19.563049720840944 ], [ -99.3569896969788, 19.563057765227562 ], [ -99.352944959112079, 19.563065718987996 ], [ -99.389347526452227, 19.562990872617597 ], [ -99.387999286248032, 19.562993775608497 ], [ -99.383954564198305, 19.563002424164733 ], [ -99.379909840010413, 19.563010982096088 ], [ -99.375865113706894, 19.563019449402368 ], [ -99.371820385310258, 19.563027826083371 ], [ -99.36777565484303, 19.563036112138892 ], [ -99.363730922327719, 19.563044307568742 ], [ -99.424204845068545, 19.487509079794254 ], [ -99.394470811122304, 19.451791375918198 ], [ -99.330019540979194, 19.560553034508164 ], [ -99.345967208242357, 19.45189037917952 ], [ -99.340808048514461, 19.561811016037961 ], [ -99.393123492901566, 19.451794301144169 ], [ -99.390428855732964, 19.45180012157315 ], [ -99.387734217600396, 19.451805901971476 ], [ -99.385039578510515, 19.451811642339063 ], [ -99.380997618095336, 19.451820177832708 ], [ -99.376955655563634, 19.451828623256873 ], [ -99.372913690937892, 19.451836978611357 ], [ -99.368871724240535, 19.451845243895967 ], [ -99.364829755494029, 19.451853419110506 ], [ -99.360787784720813, 19.451861504254776 ], [ -99.35674581194337, 19.451869499328595 ], [ -99.352703837184123, 19.451877404331757 ], [ -99.331367769509058, 19.560550564856666 ], [ -99.397433831155197, 19.561695230906974 ], [ -99.397168557150877, 19.453063523301807 ], [ -99.428294738114403, 19.505391797568929 ], [ -99.416076766322945, 19.470913565257764 ], [ -99.332715997833887, 19.560548085136887 ], [ -99.343504523278739, 19.561805905214165 ], [ -99.405265218662379, 19.458157744989535 ], [ -99.413372100202835, 19.467085663634585 ], [ -99.416269657057043, 19.546316563089654 ], [ -99.396085603031167, 19.561698194105219 ], [ -99.400127134234012, 19.560411262235245 ], [ -99.42420817372988, 19.488787098273797 ], [ -99.401216825210113, 19.455610680817259 ], [ -99.344852760342505, 19.561803334698858 ], [ -99.410893442264083, 19.552718968817945 ], [ -99.394737374662057, 19.56170114723481 ], [ -99.412021429634336, 19.465810708042142 ], [ -99.389084583801591, 19.453081045876001 ], [ -99.386389924088306, 19.453086806667081 ], [ -99.382347932731676, 19.453095372790692 ], [ -99.378305939250978, 19.453103848838513 ], [ -99.374263943668666, 19.453112234810348 ], [ -99.370221946007192, 19.453120530705988 ], [ -99.366179946289023, 19.453128736525237 ], [ -99.362137944536585, 19.453136852267907 ], [ -99.358095940772344, 19.453144877933799 ], [ -99.35405393501874, 19.453152813522728 ], [ -99.350011927298254, 19.453160659034495 ], [ -99.345969917633326, 19.453168414468919 ], [ -99.346200997192881, 19.561800754114625 ], [ -99.41761117944958, 19.543757428426705 ], [ -99.397171667714389, 19.454341550979883 ], [ -99.390692688092628, 19.561709946211611 ], [ -99.389344458751566, 19.561712859066525 ], [ -99.386647999347588, 19.561718654570267 ], [ -99.382603308449447, 19.561727272310584 ], [ -99.378558615420729, 19.561735799432338 ], [ -99.37451392028396, 19.561744235935347 ], [ -99.370469223061647, 19.561752581819391 ], [ -99.366424523776331, 19.561760837084286 ], [ -99.362379822450535, 19.561769001729825 ], [ -99.358335119106755, 19.56177707575582 ], [ -99.354290413767558, 19.561785059162077 ], [ -99.350245706455411, 19.561792951948412 ], [ -99.347546495636848, 19.560520143714303 ], [ -99.343501816951573, 19.560527884921125 ], [ -99.339457136353488, 19.560535535513917 ], [ -99.348894721436309, 19.56051754317561 ], [ -99.335409811475728, 19.55926507394576 ], [ -99.331365158982337, 19.559272542783241 ], [ -99.351591172386804, 19.560512311893625 ], [ -99.398778917223964, 19.560414245360416 ], [ -99.39986947656098, 19.455613656713766 ], [ -99.40391784965189, 19.458160751341083 ], [ -99.428304831169015, 19.509225842851396 ], [ -99.395824328879485, 19.45434449663847 ], [ -99.420142242902529, 19.479850385939972 ], [ -99.327317926182388, 19.558001898237727 ], [ -99.354287622467155, 19.560507040338912 ], [ -99.406618958527758, 19.46071077939791 ], [ -99.417434056731963, 19.474744531878226 ], [ -99.418788128296015, 19.477297464722078 ], [ -99.401219967923097, 19.45688870750423 ], [ -99.405510416547656, 19.556565194305648 ], [ -99.330014341371793, 19.557996989831935 ], [ -99.428328390894677, 19.518171942178203 ], [ -99.413579974303033, 19.548878779753171 ], [ -99.342150894803169, 19.559252424532257 ], [ -99.356984071670666, 19.560501728511507 ], [ -99.387740290768164, 19.45436196039962 ], [ -99.386392950240392, 19.454364835994674 ], [ -99.382350927229339, 19.45437340272515 ], [ -99.378308902094147, 19.454381879373464 ], [ -99.37426687485727, 19.454390265939402 ], [ -99.370224845541131, 19.454398562422764 ], [ -99.366182814168226, 19.454406768823361 ], [ -99.362140780760996, 19.454414885140991 ], [ -99.358098745341891, 19.454422911375463 ], [ -99.354056707933353, 19.454430847526584 ], [ -99.428318292280977, 19.514337900695242 ], [ -99.42832165822081, 19.515615914703858 ], [ -99.42029409924892, 19.538639129394301 ], [ -99.397174778523066, 19.455619578477556 ], [ -99.343499110836902, 19.559249864446965 ], [ -99.400123982050857, 19.559133249984693 ], [ -99.399872608720926, 19.456891683611545 ], [ -99.410673998542848, 19.465813765748187 ], [ -99.408200354061819, 19.55400309537827 ], [ -99.395827429135934, 19.455622524344818 ], [ -99.409545290967984, 19.552722031190083 ], [ -99.422857236671348, 19.487512231427573 ], [ -99.417607892559161, 19.542479416619621 ], [ -99.413378580431399, 19.469641709720602 ], [ -99.418949363195424, 19.539920271911036 ], [ -99.418791412593166, 19.478575485534591 ], [ -99.401223110883748, 19.458166734010764 ], [ -99.425575833369678, 19.49645204212889 ], [ -99.426940276187366, 19.502838950892531 ], [ -99.389341391291808, 19.560434845334232 ], [ -99.386644953130656, 19.560440640429334 ], [ -99.382600294096804, 19.560449257562006 ], [ -99.378555632932475, 19.560457784082512 ], [ -99.37451096966015, 19.560466219990648 ], [ -99.370466304302383, 19.560474565286228 ], [ -99.366421636881682, 19.560482819969032 ], [ -99.414921559851308, 19.546319664621887 ], [ -99.391785379511802, 19.455631301888008 ], [ -99.389090678551767, 19.455637103534546 ], [ -99.385048625312422, 19.455645730930829 ], [ -99.381006569933888, 19.455654268238693 ], [ -99.376964512438605, 19.455662715457933 ], [ -99.372922452849039, 19.455671072588363 ], [ -99.368880391187673, 19.455679339629768 ], [ -99.364838327476917, 19.45568751658195 ], [ -99.360796261739239, 19.455695603444727 ], [ -99.356754193997105, 19.455703600217898 ], [ -99.352712124272969, 19.455711506901277 ], [ -99.34867005258927, 19.455719323494677 ], [ -99.344627978968475, 19.4557270499979 ], [ -99.341935940527705, 19.457010186241465 ], [ -99.344630678446762, 19.457005084928156 ], [ -99.402573634155104, 19.459441773796069 ], [ -99.425659439160796, 19.528402412624029 ], [ -99.327315347923488, 19.556723875281865 ], [ -99.421635496674014, 19.536079965033455 ], [ -99.40392417853667, 19.460716802965308 ], [ -99.33810358201309, 19.557982023009846 ], [ -99.397427569025027, 19.559139205747101 ], [ -99.413576718218067, 19.547600768014224 ], [ -99.41608655272853, 19.474747631181028 ], [ -99.34867278372765, 19.456997357877601 ], [ -99.409326567197809, 19.465816813438881 ], [ -99.407975938359002, 19.464541826755276 ], [ -99.413381820928549, 19.470919732492767 ], [ -99.330011741874372, 19.556718967222231 ], [ -99.40122625409208, 19.459444760336858 ], [ -99.426946982398945, 19.505394982435487 ], [ -99.412231855359863, 19.548881861600194 ], [ -99.400120830115256, 19.557855237552907 ], [ -99.391788448353353, 19.456909330035717 ], [ -99.390441087440749, 19.456912236069726 ], [ -99.387746364893303, 19.456918018106222 ], [ -99.385051641388401, 19.456923760100658 ], [ -99.381009554350442, 19.456932298013278 ], [ -99.376967465195648, 19.456940745830906 ], [ -99.372925373946501, 19.45694910355332 ], [ -99.368883280625454, 19.456957371180337 ], [ -99.36484118525496, 19.456965548711761 ], [ -99.360799087857473, 19.456973636147382 ], [ -99.356756988455459, 19.456981633487029 ], [ -99.352714887071372, 19.456989540730493 ], [ -99.402576788166655, 19.460719799730178 ], [ -99.394731155015663, 19.559145121240622 ], [ -99.354284831385954, 19.559229021334598 ], [ -99.342148199521048, 19.557974403696463 ], [ -99.425582515783418, 19.499008075929037 ], [ -99.332708135008573, 19.556714018897946 ], [ -99.41491829366673, 19.545041652738732 ], [ -99.392034740029388, 19.559150996465181 ], [ -99.362374112614788, 19.559212966166768 ], [ -99.358329472998022, 19.559221039054162 ], [ -99.410680436020826, 19.468369813062733 ], [ -99.387990115732961, 19.559159733797596 ], [ -99.383945489276059, 19.559168380524515 ], [ -99.379900860681246, 19.55917693664572 ], [ -99.375856229971021, 19.55918540216102 ], [ -99.371811597167905, 19.559193777070213 ], [ -99.367766962294425, 19.559202061373085 ], [ -99.395833630381858, 19.458178579216263 ], [ -99.416089815377617, 19.476025652794242 ], [ -99.405277919653031, 19.463269846664328 ], [ -99.406628517068143, 19.46454485420087 ], [ -99.42698724183353, 19.520731156496836 ], [ -99.41338506168097, 19.472197755084359 ], [ -99.418797981963408, 19.481131526617666 ], [ -99.39313888866144, 19.458184441751957 ], [ -99.391791517436772, 19.458187358003013 ], [ -99.390444145970235, 19.458190264242866 ], [ -99.339243859238479, 19.458293282981511 ], [ -99.350022893633025, 19.458272796191356 ], [ -99.345980757332796, 19.458280553823577 ], [ -99.341938619110309, 19.458288221352742 ], [ -99.38774940231491, 19.458196046688926 ], [ -99.383707285038724, 19.458204645273796 ], [ -99.379665165630698, 19.458213153757416 ], [ -99.37562304411324, 19.458221572139585 ], [ -99.371580920508876, 19.458229900420108 ], [ -99.367538794839987, 19.458238138598777 ], [ -99.363496667129084, 19.458246286675401 ], [ -99.359454537398605, 19.458254344649792 ], [ -99.35541240567099, 19.458262312521747 ], [ -99.405504028973652, 19.554009170232987 ], [ -99.336752723164011, 19.556706520915412 ], [ -99.40257994242674, 19.461997825483824 ], [ -99.424314829306837, 19.529683594134148 ], [ -99.328660956325777, 19.555443403320936 ], [ -99.425652744646428, 19.525846387146547 ], [ -99.399882006681864, 19.460725763222232 ], [ -99.338100918800265, 19.556704001455632 ], [ -99.403930508418895, 19.463272853867643 ], [ -99.410683655140176, 19.469647836449195 ], [ -99.402810875309356, 19.555293217382943 ], [ -99.330009142581119, 19.555440944431467 ], [ -99.426977173412183, 19.516897115424264 ], [ -99.405281095526234, 19.464547871631808 ], [ -99.410883736161708, 19.548884933385768 ], [ -99.394489350078175, 19.45945954286276 ], [ -99.394728045558793, 19.557867107971695 ], [ -99.401232541251844, 19.462000812447663 ], [ -99.413388302688659, 19.473475777495366 ], [ -99.331357328632308, 19.555438475476542 ], [ -99.391794586762046, 19.45946538578989 ], [ -99.389099822478414, 19.459471188669369 ], [ -99.386405057233958, 19.459476951501138 ], [ -99.382362907580259, 19.459485520659182 ], [ -99.378320755802122, 19.459493999709526 ], [ -99.374278601921986, 19.459502388651984 ], [ -99.370236445962306, 19.459510687486333 ], [ -99.366194287945561, 19.459518896212387 ], [ -99.362152127894177, 19.459527014829952 ], [ -99.358109965830636, 19.459535043338832 ], [ -99.35406780177739, 19.459542981738828 ], [ -99.350025635756907, 19.459550830029777 ], [ -99.345983467791612, 19.459558588211461 ], [ -99.341941297903986, 19.459566256283715 ], [ -99.337899126116497, 19.459573834246346 ], [ -99.339249174815023, 19.460849353380151 ], [ -99.343291377639403, 19.460841744842114 ], [ -99.392031651811948, 19.557872982781948 ], [ -99.42151293552692, 19.488793391958282 ], [ -99.385290663214946, 19.557887493642898 ], [ -99.381246067189608, 19.557896079360543 ], [ -99.377201469041395, 19.557904574478727 ], [ -99.373156868792904, 19.557912978997262 ], [ -99.369112266466587, 19.557921292915939 ], [ -99.365067662084982, 19.557929516234562 ], [ -99.361023055670643, 19.557937648952937 ], [ -99.35697844724605, 19.557945691070877 ], [ -99.352933836833728, 19.557953642588178 ], [ -99.350234670013606, 19.556680873342891 ], [ -99.346190088195911, 19.55668867330861 ], [ -99.342145504450627, 19.556696382679583 ], [ -99.425592541376218, 19.502842125273048 ], [ -99.404155866052875, 19.554012192563842 ], [ -99.420287485369315, 19.536083105032379 ], [ -99.397187224209588, 19.460731686663987 ], [ -99.348680978434246, 19.460831459944416 ], [ -99.339446440605315, 19.555423450372849 ], [ -99.335401885552557, 19.555431008219113 ], [ -99.399885139829237, 19.462003789398221 ], [ -99.424311492255214, 19.52840558144322 ], [ -99.356975635365018, 19.556667672078884 ], [ -99.410686874513118, 19.470925859655093 ], [ -99.420158722413404, 19.486240485285244 ], [ -99.405500835562947, 19.552731157924843 ], [ -99.358323827776104, 19.556665001627973 ], [ -99.39449244075648, 19.460737570055372 ], [ -99.406634890683677, 19.467100903166983 ], [ -99.407985530837834, 19.468375899290532 ], [ -99.334051069177036, 19.554155484923083 ], [ -99.330006543492019, 19.554162921459653 ], [ -99.336557008872461, 19.462132410958862 ], [ -99.359672019965473, 19.556662321111041 ], [ -99.425646051184671, 19.523290360944941 ], [ -99.391797656329189, 19.460743413396326 ], [ -99.354070575784846, 19.460821014841045 ], [ -99.387755477876226, 19.460752103313084 ], [ -99.38640808457869, 19.460754979926723 ], [ -99.382365903258091, 19.460763549691684 ], [ -99.378323719812983, 19.460772029342564 ], [ -99.374281534265791, 19.460780418879164 ], [ -99.370239346638996, 19.460788718301284 ], [ -99.366197156955039, 19.46079692760873 ], [ -99.3621549652364, 19.460805046801294 ], [ -99.358112771505517, 19.460813075878796 ], [ -99.422873829721965, 19.493902323132534 ], [ -99.335399243993166, 19.554152985948107 ], [ -99.402807702882072, 19.554015204830357 ], [ -99.402586251692554, 19.46455387644966 ], [ -99.347535545018332, 19.555408062914523 ], [ -99.339251832917455, 19.462127388308986 ], [ -99.41204080848145, 19.473478846520077 ], [ -99.394724936346137, 19.556589094521573 ], [ -99.348883728339516, 19.555405463109317 ], [ -99.424308155465937, 19.527127568571245 ], [ -99.425602569335908, 19.506676172989383 ], [ -99.425642704848514, 19.52201234757262 ], [ -99.327307614361757, 19.552889805328011 ], [ -99.392028563837059, 19.556594968917519 ], [ -99.389332190357834, 19.556600803050124 ], [ -99.385287628334581, 19.556609478755135 ], [ -99.381243064166057, 19.556618063867283 ], [ -99.377198497874758, 19.556626558386377 ], [ -99.373153929483223, 19.556634962312199 ], [ -99.369109359013962, 19.556643275644561 ], [ -99.416099604866702, 19.479859716550116 ], [ -99.405287448023287, 19.467103921025252 ], [ -99.398766352453663, 19.555302194429487 ], [ -99.330003944607085, 19.552884898306804 ], [ -99.417453699886039, 19.482412657531768 ], [ -99.398540860996803, 19.46328478254112 ], [ -99.393148129029626, 19.462018523951595 ], [ -99.424238143475392, 19.500289256455186 ], [ -99.413566951498041, 19.543766731710392 ], [ -99.401459539462067, 19.554018207032513 ], [ -99.389105919630538, 19.462027244523796 ], [ -99.385063708069424, 19.462035874975879 ], [ -99.381021494368753, 19.462044415307634 ], [ -99.376979278550948, 19.462052865518856 ], [ -99.372937060638492, 19.462061225609354 ], [ -99.368894840653837, 19.46206949557892 ], [ -99.364852618619437, 19.462077675427359 ], [ -99.36081039455776, 19.462085765154484 ], [ -99.356768168491257, 19.462093764760091 ], [ -99.352725940442383, 19.462101674243993 ], [ -99.348683710433619, 19.462109493606011 ], [ -99.344641478487404, 19.462117222845954 ], [ -99.341949335551647, 19.463400359994626 ], [ -99.337907068753594, 19.463407939567425 ], [ -99.33386480007789, 19.463415429011285 ], [ -99.347339021656182, 19.46339011369729 ], [ -99.332519982501893, 19.464695940915949 ], [ -99.348686442648273, 19.463387527087242 ], [ -99.405497642403091, 19.551453145435513 ], [ -99.402589406698297, 19.465831901661844 ], [ -99.333867416365578, 19.464693464287979 ], [ -99.412044039179818, 19.47475686896772 ], [ -99.39989140686464, 19.464559841208764 ], [ -99.420165316034428, 19.488796523758456 ], [ -99.343488288503494, 19.554137780739417 ], [ -99.334048438441855, 19.552877462294763 ], [ -99.403940005112659, 19.467106928867427 ], [ -99.422880468770927, 19.496458358549155 ], [ -99.35272870432955, 19.463379707171477 ], [ -99.336562283473725, 19.464688480986883 ], [ -99.400111375793713, 19.554021199170311 ], [ -99.344836461849667, 19.554135211311564 ], [ -99.394498622843713, 19.46329362389924 ], [ -99.418811123807956, 19.486243606615737 ], [ -99.409532392463191, 19.547609982720786 ], [ -99.327305036912833, 19.551611781648003 ], [ -99.398543984079907, 19.464562808566267 ], [ -99.33790971671651, 19.464685974313763 ], [ -99.393151209637779, 19.463296550990574 ], [ -99.394721827377694, 19.555311080890252 ], [ -99.391803796189123, 19.463299468067877 ], [ -99.358321005497658, 19.555386982643203 ], [ -99.387761554395084, 19.463308159215504 ], [ -99.383719310446423, 19.463316760236559 ], [ -99.379677064365595, 19.463325271130834 ], [ -99.375634816175065, 19.463333691898136 ], [ -99.371592565897288, 19.463342022538264 ], [ -99.36755031355473, 19.463350263051005 ], [ -99.363508059169831, 19.463358413436175 ], [ -99.359465802765072, 19.463366473693579 ], [ -99.328653191521212, 19.551609333342128 ], [ -99.393373651862873, 19.555314022913635 ], [ -99.365061911119867, 19.555373480350827 ], [ -99.361017368417407, 19.555381611922133 ], [ -99.390677300103974, 19.555319876765036 ], [ -99.386632770655055, 19.555328582053626 ], [ -99.382588239053405, 19.555337196755815 ], [ -99.378543705321576, 19.555345720871397 ], [ -99.374499169482064, 19.555354154400174 ], [ -99.370454631557408, 19.555362497341942 ], [ -99.397196561049114, 19.464565765909061 ], [ -99.402592561952616, 19.46710992669351 ], [ -99.330001345926277, 19.551606874972933 ], [ -99.422883788687315, 19.497736375986275 ], [ -99.422963545087271, 19.528408740212381 ], [ -99.399894540752683, 19.465837866843309 ], [ -99.339441093991269, 19.55286740671589 ], [ -99.331349500127217, 19.551604406540399 ], [ -99.421526168186787, 19.493905465849725 ], [ -99.350229153092812, 19.554124832953519 ], [ -99.418814409915825, 19.487521626163517 ], [ -99.394501714252669, 19.464571650550475 ], [ -99.416250000144018, 19.538648490386585 ], [ -99.344646879784349, 19.464673290722779 ], [ -99.417460249666689, 19.484968697971002 ], [ -99.393154290488681, 19.464574577849085 ], [ -99.406644452990051, 19.470934975262178 ], [ -99.391806866481943, 19.464577495132957 ], [ -99.342137420509388, 19.552862318542509 ], [ -99.389112017743571, 19.464583299656436 ], [ -99.356773759830702, 19.464649829314403 ], [ -99.35273146843447, 19.464657739918582 ], [ -99.348689175078192, 19.464665560388099 ], [ -99.386417168044247, 19.464589064120862 ], [ -99.382374891707983, 19.464597635706617 ], [ -99.378332613246968, 19.464606117159157 ], [ -99.374290332683643, 19.464614508478263 ], [ -99.370248050040516, 19.464622809663744 ], [ -99.366205765339984, 19.464631020715398 ], [ -99.362163478604543, 19.464639141633029 ], [ -99.358121189856647, 19.464647172416452 ], [ -99.424251470177396, 19.505401322056894 ], [ -99.396066883306872, 19.554030115197467 ] ] } }
]
}
