{
"type": "FeatureCollection",
"name": "route",
"crs": { "type": "name", "properties": { "name": "urn:ogc:def:crs:OGC:1.3:CRS84" } },
"features": [
{ "type": "Feature", "properties": { }, "geometry": { "type": "LineString", "coordinates": [ [ -99.401254544678096, 19.422536712065757 ], [ -99.404112123194423, 19.422530375856287 ], [ -99.406969700589016, 19.422523994685665 ], [ -99.409827276853974, 19.422517568553957 ], [ -99.412684851981297, 19.422511097461239 ], [ -99.415542425963125, 19.422504581407601 ], [ -99.4183999987915, 19.422498020393103 ], [ -99.421257570458465, 19.422491414417845 ], [ -99.424115140956133, 19.422484763481876 ], [ -99.42697271027653, 19.422478067585299 ], [ -99.429830278411757, 19.422471326728182 ], [ -99.432687845353882, 19.42246454091061 ], [ -99.432695022059903, 19.425175643704666 ], [ -99.429837407724804, 19.425182430543408 ], [ -99.426979792196477, 19.425189172414939 ], [ -99.424122175482893, 19.425195869319158 ], [ -99.421264557591968, 19.425202521255997 ], [ -99.418406938531646, 19.425209128225376 ], [ -99.415549318309829, 19.425215690227212 ], [ -99.412691696934488, 19.425222207261438 ], [ -99.40983407441351, 19.425228679327969 ], [ -99.406976450754868, 19.425235106426726 ], [ -99.404118825966478, 19.425241488557628 ], [ -99.401261200056254, 19.425247825720611 ], [ -99.398403573032155, 19.425254117915596 ], [ -99.395545944902111, 19.425260365142506 ], [ -99.392688315674036, 19.425266567401266 ], [ -99.389830685355889, 19.425272724691808 ], [ -99.386973053955572, 19.425278837014051 ], [ -99.384115421481027, 19.425284904367924 ], [ -99.3812577879402, 19.425290926753359 ], [ -99.378400153341005, 19.425296904170281 ], [ -99.372691063468665, 19.428019846105631 ], [ -99.375548747563414, 19.42801395774006 ], [ -99.378406430615584, 19.428008024399073 ], [ -99.381264112617245, 19.428002046082728 ], [ -99.384121793560467, 19.427996022791117 ], [ -99.386979473437322, 19.427989954524289 ], [ -99.389837152239863, 19.42798384128233 ], [ -99.392694829960163, 19.427977683065311 ], [ -99.395552506590292, 19.4279714798733 ], [ -99.398410182122319, 19.427965231706381 ], [ -99.401267856548316, 19.427958938564618 ], [ -99.404125529860337, 19.427952600448087 ], [ -99.406983202050455, 19.427946217356869 ], [ -99.409840873110738, 19.427939789291035 ], [ -99.412698543033258, 19.427933316250659 ], [ -99.415556211810085, 19.427926798235831 ], [ -99.41841387943326, 19.427920235246606 ], [ -99.421271545894882, 19.42791362728309 ], [ -99.424129211187008, 19.427906974345341 ], [ -99.426986875301708, 19.427900276433441 ], [ -99.429844538231038, 19.427893533547472 ], [ -99.432702199967082, 19.427886745687516 ], [ -99.432709379075462, 19.430597846859076 ], [ -99.429851669930571, 19.43060463574027 ], [ -99.426993959592281, 19.430611379640716 ], [ -99.42413624806855, 19.430618078560322 ], [ -99.421278535367293, 19.430624732499009 ], [ -99.41842082149644, 19.430631341456703 ], [ -99.415563106463949, 19.430637905433336 ], [ -99.412705390277736, 19.430644424428806 ], [ -99.40984767294573, 19.430650898443055 ], [ -99.406989954475875, 19.430657327476002 ], [ -99.404132234876101, 19.430663711527565 ], [ -99.401274514154338, 19.430670050597669 ], [ -99.398416792318514, 19.430676344686244 ], [ -99.395559069376588, 19.430682593793218 ], [ -99.392701345336448, 19.430688797918499 ], [ -99.389843620206079, 19.43069495706203 ], [ -99.386985893993369, 19.430701071223737 ], [ -99.384128166706276, 19.430707140403534 ], [ -99.381270438352743, 19.430713164601361 ], [ -99.378412708940672, 19.43071914381715 ], [ -99.375554978478021, 19.43072507805082 ], [ -99.372697246972706, 19.430730967302299 ], [ -99.369839514432684, 19.430736811571524 ], [ -99.366987870567399, 19.433453732995929 ], [ -99.369845651552879, 19.433447932836625 ], [ -99.372703431511482, 19.433442087688221 ], [ -99.375561210435293, 19.433436197550797 ], [ -99.378418988316355, 19.433430262424427 ], [ -99.381276765146765, 19.433424282309165 ], [ -99.384134540918566, 19.433418257205101 ], [ -99.386992315623829, 19.433412187112289 ], [ -99.389850089254608, 19.433406072030813 ], [ -99.392707861803018, 19.433399911960738 ], [ -99.395565633261072, 19.433393706902145 ], [ -99.398423403620853, 19.433387456855101 ], [ -99.40128117287442, 19.433381161819689 ], [ -99.404138941013855, 19.433374821795972 ], [ -99.406996708031215, 19.433368436784036 ], [ -99.409854473918585, 19.433362006783948 ], [ -99.412712238668007, 19.433355531795801 ], [ -99.415570002271551, 19.433349011819647 ], [ -99.418427764721287, 19.433342446855583 ], [ -99.421285526009285, 19.433335836903677 ], [ -99.424143286127602, 19.433329181964009 ], [ -99.427001045068323, 19.433322482036665 ], [ -99.429858802823489, 19.433315737121717 ], [ -99.432716559385184, 19.433308947219246 ], [ -99.435574314745466, 19.433302112329336 ], [ -99.435581543681224, 19.43601321084995 ], [ -99.432723740896307, 19.436020046767933 ], [ -99.429865936909877, 19.43602683769171 ], [ -99.427008131729892, 19.436033583621196 ], [ -99.424150325364266, 19.436040284556309 ], [ -99.421292517820945, 19.436046940496986 ], [ -99.418434709107856, 19.436053551443131 ], [ -99.41557689923296, 19.436060117394668 ], [ -99.412719088204142, 19.436066638351523 ], [ -99.409861276029375, 19.436073114313619 ], [ -99.407003462716574, 19.436079545280876 ], [ -99.404145648273683, 19.436085931253221 ], [ -99.401287832708647, 19.436092272230567 ], [ -99.39843001602938, 19.436098568212859 ], [ -99.395572198243812, 19.436104819200001 ], [ -99.392714379359887, 19.436111025191934 ], [ -99.389856559385549, 19.436117186188572 ], [ -99.386998738328742, 19.436123302189852 ], [ -99.384140916197353, 19.436129373195701 ], [ -99.381283092999382, 19.436135399206041 ], [ -99.378425268742703, 19.4361413802208 ], [ -99.375567443435273, 19.436147316239911 ], [ -99.37270961708505, 19.436153207263303 ], [ -99.369851789699936, 19.436159053290904 ], [ -99.366993961287875, 19.436164854322648 ], [ -99.36413613185681, 19.436170610358463 ], [ -99.361284298284872, 19.438887443638738 ], [ -99.364142176161693, 19.438881731739993 ], [ -99.367000053027368, 19.438875974838481 ], [ -99.369857928873941, 19.438870172934276 ], [ -99.372715803693495, 19.438864326027449 ], [ -99.375573677478087, 19.438858434118053 ], [ -99.378431550219801, 19.438852497206177 ], [ -99.381289421910679, 19.438846515291882 ], [ -99.384147292542792, 19.438840488375249 ], [ -99.38700516210821, 19.438834416456334 ], [ -99.389863030598988, 19.438828299535221 ], [ -99.392720898007198, 19.438822137611979 ], [ -99.39557876432491, 19.438815930686683 ], [ -99.398436629544179, 19.438809678759402 ], [ -99.40129449365709, 19.438803381830212 ], [ -99.404152356655672, 19.438797039899192 ], [ -99.407010218532008, 19.438790652966414 ], [ -99.409868079278183, 19.438784221031955 ], [ -99.41272593888624, 19.438777744095894 ], [ -99.415583797348248, 19.438771222158298 ], [ -99.418441654656277, 19.438764655219259 ], [ -99.421299510802385, 19.438758043278842 ], [ -99.42415736577864, 19.438751386337131 ], [ -99.4270152195771, 19.438744684394205 ], [ -99.429873072189849, 19.438737937450149 ], [ -99.432730923608929, 19.438731145505034 ], [ -99.43558877382641, 19.438724308558946 ], [ -99.438453901629515, 19.44142852247435 ], [ -99.435596005181139, 19.441435405456239 ], [ -99.432738107523136, 19.441442243430465 ], [ -99.429880208663462, 19.44144903639695 ], [ -99.42702230861002, 19.441455784355615 ], [ -99.424164407370782, 19.441462487306374 ], [ -99.421306504953662, 19.441469145249147 ], [ -99.418448601366606, 19.44147575818387 ], [ -99.415590696617528, 19.441482326110449 ], [ -99.412732790714387, 19.441488849028815 ], [ -99.409874883665125, 19.441495326938877 ], [ -99.407016975477646, 19.441501759840573 ], [ -99.404159066159906, 19.441508147733817 ], [ -99.401301155719835, 19.441514490618534 ], [ -99.398443244165364, 19.441520788494653 ], [ -99.395585331504449, 19.4415270413621 ], [ -99.392727417745007, 19.441533249220797 ], [ -99.389869502894982, 19.441539412070664 ], [ -99.387011586962316, 19.441545529911643 ], [ -99.384153669954912, 19.441551602743647 ], [ -99.381295751880742, 19.441557630566617 ], [ -99.378437832747721, 19.441563613380474 ], [ -99.375579912563794, 19.441569551185143 ], [ -99.372721991336903, 19.441575443980557 ], [ -99.369864069074964, 19.441581291766642 ], [ -99.367006145785936, 19.44158709454334 ], [ -99.364148221477734, 19.441592852310574 ], [ -99.361290296158302, 19.441598565068276 ], [ -99.358432369835583, 19.441604232816378 ], [ -99.3555803464929, 19.444320977871001 ], [ -99.358438321261687, 19.444315354287117 ], [ -99.361296295035018, 19.444309685686797 ], [ -99.364154267804992, 19.444303972070117 ], [ -99.367012239563678, 19.444298213437133 ], [ -99.369870210303091, 19.444292409787913 ], [ -99.372728180015343, 19.444286561122542 ], [ -99.375586148692477, 19.444280667441067 ], [ -99.378444116326548, 19.444274728743576 ], [ -99.381302082909642, 19.444268745030136 ], [ -99.384160048433799, 19.444262716300813 ], [ -99.387018012891119, 19.444256642555679 ], [ -99.389875976273629, 19.44425052379481 ], [ -99.392733938573414, 19.444244360018278 ], [ -99.395591899782517, 19.444238151226156 ], [ -99.39844985989302, 19.444231897418515 ], [ -99.401307818896981, 19.444225598595434 ], [ -99.404165776786456, 19.444219254756984 ], [ -99.40702373355353, 19.444212865903243 ], [ -99.409881689190243, 19.444206432034285 ], [ -99.412739643688681, 19.444199953150189 ], [ -99.4155975970409, 19.444193429251023 ], [ -99.418455549238942, 19.444186860336877 ], [ -99.421313500274891, 19.444180246407829 ], [ -99.424171450140818, 19.444173587463947 ], [ -99.427029398828779, 19.444166883505311 ], [ -99.42988734633083, 19.444160134532016 ], [ -99.432745292639041, 19.444153340544126 ], [ -99.435603237745482, 19.444146501541727 ], [ -99.438461181642211, 19.4441396175249 ], [ -99.438468462872549, 19.446850711763521 ], [ -99.435610471519539, 19.446857596815313 ], [ -99.432752478956715, 19.446864436845917 ], [ -99.429894485192037, 19.446871231855244 ], [ -99.427036490233419, 19.446877981843212 ], [ -99.424178494088821, 19.446884686809749 ], [ -99.421320496766157, 19.446891346754764 ], [ -99.418462498273371, 19.446897961678186 ], [ -99.415604498618407, 19.446904531579925 ], [ -99.412746497809195, 19.446911056459921 ], [ -99.409888495853664, 19.446917536318082 ], [ -99.407030492759773, 19.446923971154337 ], [ -99.404172488535437, 19.446930360968604 ], [ -99.4013144831886, 19.446936705760812 ], [ -99.398456476727205, 19.446943005530891 ], [ -99.395598469159182, 19.446949260278753 ], [ -99.392740460492476, 19.44695547000433 ], [ -99.389882450735016, 19.446961634707556 ], [ -99.387024439894731, 19.446967754388346 ], [ -99.384166427979565, 19.446973829046634 ], [ -99.381308414997477, 19.446979858682337 ], [ -99.378450400956368, 19.446985843295401 ], [ -99.375592385864195, 19.44699178288575 ], [ -99.372734369728889, 19.446997677453293 ], [ -99.369876352558407, 19.447003526997989 ], [ -99.367018334360651, 19.447009331519748 ], [ -99.364160315143565, 19.447015091018514 ], [ -99.361302294915106, 19.447020805494205 ], [ -99.358444273683219, 19.447026474946771 ], [ -99.355586251455804, 19.447032099376127 ], [ -99.352728228240821, 19.44703767878222 ], [ -99.349876015063288, 19.449754335529647 ], [ -99.352734086724638, 19.449748800314929 ], [ -99.355592157406264, 19.449743220070108 ], [ -99.358450227100249, 19.449737594795248 ], [ -99.361308295798651, 19.449731924490415 ], [ -99.364166363493524, 19.449726209155681 ], [ -99.36702443017694, 19.449720448791112 ], [ -99.369882495840969, 19.449714643396771 ], [ -99.372740560477652, 19.449708792972736 ], [ -99.375598624079046, 19.449702897519078 ], [ -99.37845668663725, 19.449696957035851 ], [ -99.38131474814432, 19.449690971523143 ], [ -99.384172808592268, 19.449684940981026 ], [ -99.387030867973223, 19.449678865409552 ], [ -99.389888926279198, 19.449672744808812 ], [ -99.392746983502292, 19.449666579178871 ], [ -99.395605039634546, 19.449660368519801 ], [ -99.398463094668017, 19.449654112831684 ], [ -99.401321148594789, 19.449647812114584 ], [ -99.404179201406905, 19.449641466368586 ], [ -99.407037253096448, 19.449635075593758 ], [ -99.409895303655446, 19.449628639790173 ], [ -99.412753353075999, 19.449622158957915 ], [ -99.415611401350162, 19.449615633097061 ], [ -99.418469448469978, 19.449609062207692 ], [ -99.42132749442753, 19.449602446289873 ], [ -99.424185539214875, 19.449595785343689 ], [ -99.427043582824055, 19.449589079369218 ], [ -99.429901625247169, 19.449582328366546 ], [ -99.432759666476258, 19.44957553233575 ], [ -99.435617706503393, 19.449568691276916 ], [ -99.438475745320616, 19.449561805190104 ], [ -99.441341114058005, 19.452265965648085 ], [ -99.438483028986539, 19.452272897804576 ], [ -99.435624942697146, 19.452279784926422 ], [ -99.432766855197755, 19.452286627013528 ], [ -99.429908766496325, 19.452293424065829 ], [ -99.427050676600786, 19.452300176083234 ], [ -99.424192585519066, 19.452306883065667 ], [ -99.42133449325911, 19.452313545013048 ], [ -99.418476399828862, 19.452320161925297 ], [ -99.415618305236251, 19.452326733802334 ], [ -99.412760209489221, 19.452333260644082 ], [ -99.409902112595702, 19.452339742450466 ], [ -99.407044014563638, 19.452346179221404 ], [ -99.404185915400959, 19.452352570956823 ], [ -99.401327815115621, 19.452358917656642 ], [ -99.398469713715542, 19.452365219320797 ], [ -99.395611611208665, 19.452371475949203 ], [ -99.392753507602947, 19.452377687541791 ], [ -99.389895402906305, 19.452383854098478 ], [ -99.387037297126668, 19.452389975619202 ], [ -99.384179190272008, 19.452396052103879 ], [ -99.381321082350226, 19.45240208355245 ], [ -99.378462973369295, 19.452408069964836 ], [ -99.375604863337131, 19.452414011340963 ], [ -99.372746752261676, 19.452419907680767 ], [ -99.369888640150862, 19.452425758984166 ], [ -99.367030527012631, 19.452431565251111 ], [ -99.364172412854941, 19.452437326481512 ], [ -99.361314297685709, 19.452443042675316 ], [ -99.358456181512878, 19.452448713832446 ], [ -99.355598064344377, 19.452454339952837 ], [ -99.352739946188166, 19.452459921036418 ], [ -99.349881827052172, 19.452465457083132 ], [ -99.347023706944313, 19.452470948092905 ], [ -99.344171303867867, 19.455187516451613 ], [ -99.347029472422363, 19.455182069660356 ], [ -99.349887640012881, 19.455176577825334 ], [ -99.352745806631489, 19.455171040946603 ], [ -99.355603972270217, 19.455165459024229 ], [ -99.358462136921162, 19.455159832058278 ], [ -99.361320300576367, 19.455154160048821 ], [ -99.364178463227887, 19.455148442995934 ], [ -99.367036624867808, 19.455142680899662 ], [ -99.369894785488171, 19.455136873760093 ], [ -99.372752945081047, 19.455131021577287 ], [ -99.375611103638477, 19.455125124351312 ], [ -99.378469261152546, 19.45511918208225 ], [ -99.381327417615324, 19.455113194770163 ], [ -99.384185573018826, 19.455107162415121 ], [ -99.387043727355163, 19.455101085017201 ], [ -99.389901880616378, 19.455094962576467 ], [ -99.392760032794513, 19.455088795092998 ], [ -99.395618183881652, 19.45508258256687 ], [ -99.398476333869866, 19.455076324998142 ], [ -99.401334482751182, 19.455070022386909 ], [ -99.404192630517684, 19.455063674733236 ], [ -99.407050777161444, 19.455057282037195 ], [ -99.409908922674504, 19.455050844298864 ], [ -99.412767067048918, 19.455044361518329 ], [ -99.415625210276758, 19.455037833695645 ], [ -99.418483352350108, 19.455031260830918 ], [ -99.421341493260996, 19.455024642924212 ], [ -99.424199633001507, 19.455017979975597 ], [ -99.427057771563696, 19.455011271985168 ], [ -99.429915908939591, 19.45500451895299 ], [ -99.432774045121306, 19.454997720879156 ], [ -99.435632180100868, 19.454990877763745 ], [ -99.438490313870375, 19.454983989606827 ], [ -99.441348446421841, 19.454977056408499 ], [ -99.441355780011634, 19.457688146356563 ], [ -99.438497599972223, 19.457695080596768 ], [ -99.4356394187147, 19.457701969788786 ], [ -99.432781236246996, 19.457708813932541 ], [ -99.429923052577081, 19.45771561302794 ], [ -99.427064867712858, 19.457722367074911 ], [ -99.42420668166227, 19.457729076073377 ], [ -99.421348494433275, 19.457735740023253 ], [ -99.418490306033803, 19.457742358924456 ], [ -99.415632116471798, 19.457748932776916 ], [ -99.412773925755189, 19.457755461580547 ], [ -99.409915733891935, 19.457761945335275 ], [ -99.407057540889937, 19.457768384041024 ], [ -99.404199346757181, 19.457774777697718 ], [ -99.401341151501569, 19.457781126305274 ], [ -99.398482955131058, 19.457787429863622 ], [ -99.395624757653579, 19.457793688372689 ], [ -99.392766559077089, 19.457799901832399 ], [ -99.389908359409503, 19.457806070242675 ], [ -99.387050158658781, 19.457812193603445 ], [ -99.384191956832851, 19.457818271914647 ], [ -99.381333753939657, 19.457824305176192 ], [ -99.37847554998713, 19.457830293388014 ], [ -99.375617344983212, 19.457836236550044 ], [ -99.372759138935848, 19.457842134662208 ], [ -99.369900931852968, 19.457847987724438 ], [ -99.367042723742529, 19.457853795736671 ], [ -99.364184514612461, 19.457859558698829 ], [ -99.361326304470694, 19.457865276610839 ], [ -99.358468093325186, 19.45787094947265 ], [ -99.355609881183852, 19.457876577284178 ], [ -99.352751668054651, 19.457882160045365 ], [ -99.349893453945526, 19.457887697756146 ], [ -99.347035238864393, 19.457893190416449 ], [ -99.34417702281921, 19.457898638026215 ], [ -99.34131880581792, 19.457904040585369 ], [ -99.338466212778442, 19.460620520473793 ], [ -99.341324478226667, 19.460615162160305 ], [ -99.344182742726673, 19.460609758789388 ], [ -99.347041006270473, 19.460604310361088 ], [ -99.349899268850152, 19.460598816875482 ], [ -99.352757530457765, 19.460593278332631 ], [ -99.35561579108537, 19.460587694732599 ], [ -99.358474050725007, 19.46058206607546 ], [ -99.361332309368777, 19.460576392361272 ], [ -99.364190567008706, 19.460570673590102 ], [ -99.367048823636878, 19.460564909762031 ], [ -99.369907079245337, 19.460559100877113 ], [ -99.372765333826166, 19.460553246935429 ], [ -99.375623587371393, 19.46054734793703 ], [ -99.378481839873089, 19.460541403882015 ], [ -99.38134009132331, 19.460535414770426 ], [ -99.384198341714139, 19.460529380602352 ], [ -99.387056591037606, 19.460523301377851 ], [ -99.389914839285794, 19.46051717709701 ], [ -99.392773086450745, 19.460511007759898 ], [ -99.395631332524545, 19.460504793366585 ], [ -99.39848957749922, 19.460498533917136 ], [ -99.401347821366855, 19.460492229411646 ], [ -99.404206064119506, 19.460485879850175 ], [ -99.407064305749216, 19.460479485232799 ], [ -99.409922546248069, 19.460473045559599 ], [ -99.41278078560812, 19.460466560830646 ], [ -99.415639023821413, 19.460460031046033 ], [ -99.418497260880031, 19.460453456205816 ], [ -99.42135549677603, 19.460446836310084 ], [ -99.424213731501453, 19.460440171358915 ], [ -99.427071965048356, 19.460433461352387 ], [ -99.429930197408837, 19.46042670629058 ], [ -99.432788428574924, 19.460419906173577 ], [ -99.435646658538687, 19.460413061001454 ], [ -99.438504887292183, 19.460406170774295 ], [ -99.441363114827482, 19.46039923549219 ], [ -99.44422134113664, 19.460392255155199 ], [ -99.444228724682347, 19.463103342429584 ], [ -99.441370450869456, 19.463110323815272 ], [ -99.438512175830354, 19.463117260139331 ], [ -99.435653899572941, 19.463124151401658 ], [ -99.432795622105161, 19.463130997602182 ], [ -99.429937343434986, 19.463137798740821 ], [ -99.427079063570318, 19.463144554817493 ], [ -99.424220782519129, 19.463151265832117 ], [ -99.421362500289334, 19.463157931784611 ], [ -99.418504216888891, 19.4631645526749 ], [ -99.415645932325731, 19.463171128502903 ], [ -99.412787646607796, 19.463177659268545 ], [ -99.409929359743032, 19.463184144971745 ], [ -99.407071071739367, 19.463190585612427 ], [ -99.404212782604759, 19.463196981190514 ], [ -99.401354492347124, 19.463203331705934 ], [ -99.398496200974421, 19.463209637158602 ], [ -99.395637908494592, 19.463215897548448 ], [ -99.392779614915582, 19.463222112875403 ], [ -99.389921320245293, 19.463228283139383 ], [ -99.387063024491709, 19.463234408340327 ], [ -99.384204727662762, 19.463240488478149 ], [ -99.381346429766381, 19.463246523552787 ], [ -99.37848813081051, 19.463252513564164 ], [ -99.375629830803092, 19.463258458512211 ], [ -99.372771529752058, 19.463264358396852 ], [ -99.369913227665364, 19.463270213218031 ], [ -99.367054924550942, 19.463276022975663 ], [ -99.364196620416735, 19.463281787669679 ], [ -99.361338315270686, 19.463287507300027 ], [ -99.35848000912074, 19.463293181866618 ], [ -99.355621701974812, 19.463298811369395 ], [ -99.352763393840874, 19.463304395808297 ], [ -99.349905084726842, 19.463309935183247 ], [ -99.347046774640674, 19.463315429494184 ], [ -99.344188463590314, 19.463320878741044 ], [ -99.341330151583676, 19.463326282923759 ], [ -99.338471838628735, 19.463331642042263 ], [ -99.335613524733404, 19.463336956096498 ], [ -99.332755209905656, 19.463342225086397 ], [ -99.332760741666803, 19.466053347433096 ], [ -99.335619104009368, 19.466048077651685 ], [ -99.338477465419402, 19.466042762799173 ], [ -99.341335825889004, 19.466037402875617 ], [ -99.344194185410217, 19.466031997881082 ], [ -99.347052543975096, 19.466026547815641 ], [ -99.349910901575683, 19.466021052679345 ], [ -99.352769258204063, 19.466015512472264 ], [ -99.355627613852278, 19.466009927194474 ], [ -99.358485968512412, 19.466004296846027 ], [ -99.361344322176492, 19.465998621426998 ], [ -99.364202674836605, 19.465992900937454 ], [ -99.367061026484791, 19.465987135377457 ], [ -99.369919377113121, 19.465981324747084 ], [ -99.372777726713636, 19.465975469046398 ], [ -99.375636075278393, 19.465969568275472 ], [ -99.378494422799477, 19.465963622434373 ], [ -99.381352769268929, 19.465957631523178 ], [ -99.384211114678834, 19.465951595541952 ], [ -99.387069459021205, 19.465945514490762 ], [ -99.389927802288113, 19.465939388369698 ], [ -99.392786144471657, 19.465933217178819 ], [ -99.395644485563849, 19.465927000918192 ], [ -99.398502825556761, 19.465920739587911 ], [ -99.401361164442477, 19.465914433188036 ], [ -99.404219502213024, 19.465908081718645 ], [ -99.407077838860459, 19.465901685179812 ], [ -99.409936174376881, 19.465895243571612 ], [ -99.412794508754303, 19.465888756894135 ], [ -99.415652841984809, 19.465882225147439 ], [ -99.418511174060455, 19.465875648331618 ], [ -99.421369504973313, 19.465869026446732 ], [ -99.424227834715396, 19.465862359492878 ], [ -99.42708616327883, 19.465855647470129 ], [ -99.429944490655615, 19.46584889037856 ], [ -99.432802816837835, 19.465842088218256 ], [ -99.435661141817548, 19.4658352409893 ], [ -99.438519465586808, 19.465828348691762 ], [ -99.4413777881377, 19.465821411325734 ], [ -99.444236109462238, 19.465814428891299 ], [ -99.4442434954764, 19.468525514540254 ], [ -99.441385126632255, 19.468532498023468 ], [ -99.438526756561672, 19.468539436431495 ], [ -99.435668385272606, 19.468546329764276 ], [ -99.432810012773004, 19.468553178021704 ], [ -99.429951639070808, 19.468559981203708 ], [ -99.427093264173948, 19.468566739310205 ], [ -99.424234888090368, 19.468573452341118 ], [ -99.421376510828011, 19.468580120296362 ], [ -99.418518132394837, 19.468586743175866 ], [ -99.41565975279876, 19.468593320979544 ], [ -99.412801372047738, 19.468599853707321 ], [ -99.409942990149716, 19.46860634135912 ], [ -99.407084607112608, 19.468612783934859 ], [ -99.404226222944388, 19.468619181434466 ], [ -99.401367837652984, 19.46862553385786 ], [ -99.398509451246326, 19.468631841204974 ], [ -99.395651063732373, 19.468638103475723 ], [ -99.392792675119068, 19.468644320670037 ], [ -99.389934285414327, 19.468650492787845 ], [ -99.387075894626122, 19.468656619829073 ], [ -99.384217502762397, 19.468662701793651 ], [ -99.381359109831067, 19.468668738681497 ], [ -99.37850071584009, 19.468674730492541 ], [ -99.375642320797397, 19.468680677226715 ], [ -99.372783924710944, 19.468686578883958 ], [ -99.369925527588663, 19.468692435464177 ], [ -99.36706712943851, 19.468698246967325 ], [ -99.364208730268402, 19.468704013393321 ], [ -99.361350330086296, 19.468709734742102 ], [ -99.35849192890015, 19.468715411013591 ], [ -99.355633526717867, 19.468721042207729 ], [ -99.352775123547417, 19.468726628324443 ], [ -99.349916719396745, 19.468732169363676 ], [ -99.347058314273767, 19.468737665325357 ], [ -99.344199908186454, 19.468743116209414 ], [ -99.341341501142722, 19.46874852201579 ], [ -99.338483093150529, 19.468753882744419 ], [ -99.335624684217819, 19.46875919839524 ], [ -99.332766274352537, 19.468764468968182 ], [ -99.332771807962899, 19.471475589691572 ], [ -99.335630265358873, 19.471470318327068 ], [ -99.338488721822188, 19.471465001877917 ], [ -99.3413471773449, 19.47145964034419 ], [ -99.344205631919081, 19.47145423372594 ], [ -99.347064085536786, 19.471448782023241 ], [ -99.349922538190086, 19.471443285236155 ], [ -99.352780989870993, 19.471437743364746 ], [ -99.355639440571622, 19.471432156409076 ], [ -99.358497890283985, 19.471426524369221 ], [ -99.361356339000153, 19.471420847245238 ], [ -99.364214786712196, 19.471415125037201 ], [ -99.367073233412157, 19.471409357745177 ], [ -99.36993167909209, 19.471403545369228 ], [ -99.372790123744082, 19.471397687909437 ], [ -99.375648567360159, 19.47139178536586 ], [ -99.378507009932406, 19.471385837738577 ], [ -99.381365451452851, 19.471379845027656 ], [ -99.38422389191355, 19.471373807233157 ], [ -99.387082331306601, 19.471367724355169 ], [ -99.389940769624019, 19.471361596393752 ], [ -99.392799206857902, 19.471355423348985 ], [ -99.395657643000263, 19.471349205220942 ], [ -99.398516078043173, 19.471342942009695 ], [ -99.401374511978716, 19.471336633715318 ], [ -99.404232944798935, 19.471330280337881 ], [ -99.40709137649587, 19.471323881877474 ], [ -99.409949807061608, 19.471317438334157 ], [ -99.412808236488175, 19.47131094970802 ], [ -99.41566666476767, 19.471304415999121 ], [ -99.418525091892107, 19.471297837207562 ], [ -99.42138351785357, 19.471291213333409 ], [ -99.424241942644102, 19.471284544376733 ], [ -99.427100366255786, 19.47127783033763 ], [ -99.429958788680651, 19.471271071216165 ], [ -99.43281720991078, 19.471264267012433 ], [ -99.435675629938203, 19.471257417726498 ], [ -99.438534048755002, 19.471250523358453 ], [ -99.441392466353221, 19.471243583908379 ], [ -99.444250882724916, 19.471236599376358 ], [ -99.44710929786217, 19.471229569762468 ], [ -99.447116733880563, 19.473940652730008 ], [ -99.444258271207914, 19.473947683399512 ], [ -99.441399807300712, 19.47395466898038 ], [ -99.438541342166914, 19.473961609472525 ], [ -99.435682875814436, 19.473968504875877 ], [ -99.432824408251236, 19.473975355190344 ], [ -99.429965939485257, 19.473982160415844 ], [ -99.427107469524429, 19.473988920552298 ], [ -99.424248998376711, 19.473995635599636 ], [ -99.421390526050047, 19.474002305557757 ], [ -99.418532052552351, 19.474008930426599 ], [ -99.415673577891596, 19.47401551020608 ], [ -99.412815102075712, 19.474022044896117 ], [ -99.409956625112656, 19.474028534496632 ], [ -99.407098147010359, 19.474034979007559 ], [ -99.40423966777675, 19.474041378428804 ], [ -99.401381187419787, 19.474047732760308 ], [ -99.398522705947428, 19.474054042001978 ], [ -99.395664223367589, 19.474060306153756 ], [ -99.392805739688214, 19.474066525215559 ], [ -99.38994725491726, 19.47407269918731 ], [ -99.387088769062672, 19.47407882806894 ], [ -99.384230282132393, 19.47408491186038 ], [ -99.381371794134353, 19.474090950561553 ], [ -99.378513305076495, 19.474096944172388 ], [ -99.375654814966779, 19.474102892692809 ], [ -99.37279632381312, 19.474108796122746 ], [ -99.369937831623488, 19.474114654462142 ], [ -99.36707933840583, 19.474120467710911 ], [ -99.364220844168059, 19.474126235868994 ], [ -99.361362348918135, 19.474131958936315 ], [ -99.358503852664015, 19.474137636912815 ], [ -99.355645355413614, 19.474143269798418 ], [ -99.352786857174891, 19.474148857593065 ], [ -99.34992835795579, 19.47415440029668 ], [ -99.347069857764239, 19.474159897909203 ], [ -99.344211356608213, 19.474165350430571 ], [ -99.341352854495625, 19.474170757860712 ], [ -99.33849435143442, 19.474176120199569 ], [ -99.335635847432556, 19.474181437447069 ], [ -99.332777342497977, 19.47418670960316 ], [ -99.329918836638612, 19.474191936667776 ], [ -99.32992432455184, 19.476903056552317 ], [ -99.33278287795784, 19.47689782870286 ], [ -99.335641430438969, 19.47689255575516 ], [ -99.338499981987326, 19.476887237709274 ], [ -99.341358532594938, 19.476881874565265 ], [ -99.344217082253877, 19.476876466323201 ], [ -99.347075630956184, 19.476871012983146 ], [ -99.349934178693928, 19.476865514545153 ], [ -99.352792725459153, 19.476859971009304 ], [ -99.355651271243929, 19.476854382375656 ], [ -99.358509816040311, 19.476848748644279 ], [ -99.361368359840341, 19.476843069815239 ], [ -99.364226902636076, 19.476837345888597 ], [ -99.367085444419601, 19.476831576864431 ], [ -99.369943985182942, 19.476825762742802 ], [ -99.372802524918157, 19.47681990352379 ], [ -99.375661063617315, 19.476813999207451 ], [ -99.378519601272458, 19.476808049793863 ], [ -99.381378137875672, 19.476802055283095 ], [ -99.384236673418982, 19.476796015675216 ], [ -99.387095207894461, 19.476789930970305 ], [ -99.389953741294164, 19.476783801168427 ], [ -99.392812273610133, 19.476777626269651 ], [ -99.395670804834438, 19.476771406274064 ], [ -99.398529334959136, 19.476765141181733 ], [ -99.401387863976282, 19.476758830992729 ], [ -99.404246391877919, 19.476752475707134 ], [ -99.407104918656117, 19.476746075325014 ], [ -99.409963444302946, 19.476739629846456 ], [ -99.412821968810434, 19.476733139271531 ], [ -99.415680492170665, 19.476726603600316 ], [ -99.418539014375668, 19.476720022832886 ], [ -99.421397535417512, 19.476713396969327 ], [ -99.424256055288268, 19.476706726009713 ], [ -99.427114573979964, 19.476700009954122 ], [ -99.429973091484698, 19.476693248802643 ], [ -99.432831607794483, 19.476686442555341 ], [ -99.435690122901391, 19.476679591212307 ], [ -99.438548636797492, 19.476672694773619 ], [ -99.441407149474827, 19.476665753239363 ], [ -99.444265660925453, 19.476658766609617 ], [ -99.447124171141439, 19.476651734884463 ], [ -99.449990166169485, 19.479355738342829 ], [ -99.447131609644913, 19.479362816225755 ], [ -99.444273051877644, 19.479369849006584 ], [ -99.441414492875623, 19.479376836685244 ], [ -99.438555932646821, 19.479383779261639 ], [ -99.435697371199169, 19.479390676735694 ], [ -99.432838808540595, 19.479397529107334 ], [ -99.429980244679058, 19.479404336376465 ], [ -99.427121679622502, 19.479411098543007 ], [ -99.424263113378871, 19.479417815606894 ], [ -99.421404545956108, 19.479424487568025 ], [ -99.418545977362143, 19.479431114426333 ], [ -99.415687407604935, 19.479437696181741 ], [ -99.412828836692427, 19.479444232834169 ], [ -99.409970264632562, 19.479450724383529 ], [ -99.407111691433286, 19.479457170829757 ], [ -99.404253117102542, 19.479463572172772 ], [ -99.401394541648258, 19.479469928412502 ], [ -99.398535965078395, 19.479476239548859 ], [ -99.395677387400909, 19.479482505581782 ], [ -99.392818808623716, 19.479488726511185 ], [ -99.389960228754759, 19.479494902337002 ], [ -99.387101647802027, 19.479501033059154 ], [ -99.384243065773404, 19.479507118677578 ], [ -99.381384482676879, 19.479513159192191 ], [ -99.37852589852038, 19.479519154602926 ], [ -99.375667313311851, 19.479525104909708 ], [ -99.372808727059237, 19.479531010112467 ], [ -99.369950139770495, 19.479536870211142 ], [ -99.367091551453541, 19.479542685205654 ], [ -99.364232962116333, 19.47954845509593 ], [ -99.361374371766814, 19.479554179881912 ], [ -99.358515780412958, 19.479559859563523 ], [ -99.355657188062651, 19.479565494140701 ], [ -99.352798594723893, 19.479571083613383 ], [ -99.349940000404587, 19.479576627981491 ], [ -99.347081405112704, 19.479582127244971 ], [ -99.344222808856173, 19.479587581403745 ], [ -99.341364211642954, 19.479592990457757 ], [ -99.338505613480962, 19.479598354406949 ], [ -99.335647014378182, 19.479603673251237 ], [ -99.332788414342531, 19.479608946990577 ], [ -99.329929813381966, 19.479614175624892 ], [ -99.329935303129062, 19.482325293885427 ], [ -99.33279395165215, 19.482320064466208 ], [ -99.335652599250253, 19.482314789935209 ], [ -99.338511245915413, 19.482309470292488 ], [ -99.341369891639715, 19.482304105538095 ], [ -99.344228536415173, 19.48229869567211 ], [ -99.347087180233856, 19.482293240694585 ], [ -99.349945823087836, 19.482287740605596 ], [ -99.35280446496914, 19.482282195405194 ], [ -99.355663105869851, 19.482276605093464 ], [ -99.358521745782014, 19.482270969670452 ], [ -99.361380384697668, 19.482265289136237 ], [ -99.364239022608899, 19.482259563490889 ], [ -99.367097659507735, 19.482253792734465 ], [ -99.369956295386231, 19.48224797686705 ], [ -99.372814930236473, 19.482242115888695 ], [ -99.375673564050487, 19.482236209799481 ], [ -99.378532196820331, 19.482230258599472 ], [ -99.381390828538073, 19.482224262288746 ], [ -99.384249459195757, 19.48221822086737 ], [ -99.387108088785439, 19.482212134335413 ], [ -99.389966717299174, 19.482206002692951 ], [ -99.392825344729033, 19.482199825940057 ], [ -99.395683971067058, 19.482193604076805 ], [ -99.398542596305305, 19.482187337103269 ], [ -99.401401220435815, 19.482181025019518 ], [ -99.404259843450674, 19.482174667825632 ], [ -99.40711846534191, 19.482168265521693 ], [ -99.409977086101591, 19.482161818107759 ], [ -99.412835705721776, 19.482155325583928 ], [ -99.415694324194519, 19.482148787950262 ], [ -99.418552941511862, 19.482142205206841 ], [ -99.421411557665877, 19.482135577353748 ], [ -99.424270172648619, 19.482128904391065 ], [ -99.427128786452116, 19.482122186318858 ], [ -99.429987399068452, 19.48211542313722 ], [ -99.432846010489683, 19.482108614846226 ], [ -99.435704620707853, 19.482101761445954 ], [ -99.438563229715015, 19.482094862936492 ], [ -99.441421837503228, 19.482087919317919 ], [ -99.44428044406456, 19.482080930590321 ], [ -99.447139049391055, 19.482073896753768 ], [ -99.449997653474782, 19.482066817808363 ], [ -99.45000514203079, 19.484777896460489 ], [ -99.447146490379993, 19.484784976468422 ], [ -99.444287837486328, 19.484792011360721 ], [ -99.441429183357727, 19.484799001137304 ], [ -99.43857052800216, 19.484805945798083 ], [ -99.435711871427543, 19.484812845342979 ], [ -99.43285321364182, 19.484819699771922 ], [ -99.429994554652964, 19.484826509084812 ], [ -99.42713589446889, 19.48483327328157 ], [ -99.424277233097555, 19.484839992362136 ], [ -99.421418570546933, 19.484846666326408 ], [ -99.41855990682491, 19.484853295174315 ], [ -99.415701241939487, 19.484859878905773 ], [ -99.41284257589858, 19.48486641752071 ], [ -99.409983908710132, 19.484872911019053 ], [ -99.407125240382101, 19.484879359400708 ], [ -99.404266570922431, 19.484885762665609 ], [ -99.401407900339038, 19.48489212081369 ], [ -99.398549228639922, 19.484898433844851 ], [ -99.395690555832985, 19.484904701759039 ], [ -99.392831881926199, 19.484910924556168 ], [ -99.389973206927493, 19.484917102236174 ], [ -99.387114530844812, 19.484923234798966 ], [ -99.384255853686099, 19.484929322244486 ], [ -99.381397175459313, 19.48493536457266 ], [ -99.378538496172396, 19.48494136178341 ], [ -99.37567981583328, 19.484947313876667 ], [ -99.372821134449921, 19.484953220852361 ], [ -99.369962452030265, 19.484959082710425 ], [ -99.367103768582254, 19.484964899450784 ], [ -99.364245084113847, 19.484970671073381 ], [ -99.361386398632959, 19.484976397578123 ], [ -99.358527712147577, 19.484982078964965 ], [ -99.355669024665602, 19.484987715233828 ], [ -99.352810336195006, 19.484993306384645 ], [ -99.349951646743733, 19.484998852417359 ], [ -99.347092956319742, 19.485004353331895 ], [ -99.344234264930932, 19.48500980912819 ], [ -99.341375572585292, 19.485015219806176 ], [ -99.338516879290751, 19.485020585365792 ], [ -99.335658185055266, 19.485025905806982 ], [ -99.332799489886767, 19.485031181129667 ], [ -99.329940793793213, 19.485036411333795 ], [ -99.329946285374476, 19.487747527969923 ], [ -99.33280502904644, 19.487742296980858 ], [ -99.335663771793278, 19.487737020866458 ], [ -99.338522513607032, 19.487731699626792 ], [ -99.341381254479771, 19.487726333261914 ], [ -99.344239994403537, 19.487720921771899 ], [ -99.347098733370387, 19.487715465156807 ], [ -99.349957471372377, 19.487709963416702 ], [ -99.352816208401549, 19.487704416551647 ], [ -99.355674944449973, 19.487698824561718 ], [ -99.358533679509691, 19.487693187446972 ], [ -99.361392413572759, 19.487687505207479 ], [ -99.364251146631247, 19.487681777843306 ], [ -99.367109878677198, 19.487676005354519 ], [ -99.369968609702639, 19.487670187741191 ], [ -99.372827339699668, 19.487664325003394 ], [ -99.375686068660315, 19.48765841714118 ], [ -99.378544796576634, 19.487652464154646 ], [ -99.381403523440696, 19.487646466043842 ], [ -99.384262249244514, 19.487640422808845 ], [ -99.387120973980188, 19.487634334449734 ], [ -99.38997969763976, 19.487628200966572 ], [ -99.392838420215284, 19.487622022359439 ], [ -99.39569714169879, 19.487615798628401 ], [ -99.398555862082361, 19.487609529773536 ], [ -99.40141458135804, 19.48760321579492 ], [ -99.404273299517868, 19.487596856692623 ], [ -99.40713201655393, 19.487590452466723 ], [ -99.409990732458255, 19.487584003117309 ], [ -99.412849447222897, 19.487577508644435 ], [ -99.415708160839941, 19.487570969048193 ], [ -99.418566873301401, 19.48756438432866 ], [ -99.421425584599348, 19.487557754485906 ], [ -99.424284294725837, 19.487551079520017 ], [ -99.427143003672924, 19.487544359431066 ], [ -99.430001711432666, 19.487537594219148 ], [ -99.432860417997119, 19.487530783884328 ], [ -99.435719123358311, 19.48752392842669 ], [ -99.438577827508325, 19.487517027846319 ], [ -99.441436530439205, 19.487510082143292 ], [ -99.44429523214302, 19.487503091317699 ], [ -99.447153932611798, 19.487496055369615 ], [ -99.450012631837609, 19.487488974299129 ], [ -99.452878868453126, 19.490192924062018 ], [ -99.450020122895367, 19.490200051324184 ], [ -99.447161376086584, 19.49020713345725 ], [ -99.444302628034748, 19.490214170461154 ], [ -99.441443878747776, 19.490221162335793 ], [ -99.43858512823364, 19.490228109081094 ], [ -99.435726376500284, 19.490235010696971 ], [ -99.432867623555651, 19.490241867183343 ], [ -99.430008869407686, 19.490248678540127 ], [ -99.427150114064318, 19.490255444767243 ], [ -99.424291357533519, 19.490262165864607 ], [ -99.42143259982322, 19.490268841832144 ], [ -99.418573840941391, 19.490275472669779 ], [ -99.41571508089595, 19.490282058377421 ], [ -99.412856319694853, 19.490288598955001 ], [ -99.409997557346045, 19.490295094402434 ], [ -99.407138793857484, 19.490301544719649 ], [ -99.4042800292371, 19.490307949906562 ], [ -99.401421263492864, 19.490314309963111 ], [ -99.398562496632692, 19.490320624889208 ], [ -99.395703728664543, 19.490326894684774 ], [ -99.392844959596346, 19.490333119349753 ], [ -99.389986189436101, 19.490339298884056 ], [ -99.387127418191696, 19.490345433287608 ], [ -99.384268645871117, 19.490351522560349 ], [ -99.38140987248228, 19.490357566702198 ], [ -99.378551098033157, 19.490363565713078 ], [ -99.375692322531663, 19.490369519592928 ], [ -99.372833545985799, 19.490375428341672 ], [ -99.369974768403452, 19.490381291959245 ], [ -99.367115989792609, 19.490387110445567 ], [ -99.364257210161199, 19.490392883800578 ], [ -99.361398429517166, 19.490398612024194 ], [ -99.358539647868469, 19.490404295116374 ], [ -99.35568086522305, 19.490409933077032 ], [ -99.352822081588855, 19.490415525906098 ], [ -99.349963296973826, 19.490421073603521 ], [ -99.347104511385908, 19.490426576169217 ], [ -99.344245724833058, 19.490432033603138 ], [ -99.341386937323236, 19.490437445905204 ], [ -99.338528148864341, 19.490442813075358 ], [ -99.335669359464376, 19.490448135113539 ], [ -99.332810569131254, 19.490453412019679 ], [ -99.329951777872935, 19.490458643793708 ], [ -99.329957271288635, 19.493169758805063 ], [ -99.332816110141252, 19.493164526246041 ], [ -99.335674948068615, 19.493159248548135 ], [ -99.338533785062751, 19.493153925711422 ], [ -99.34139262111573, 19.493148557735953 ], [ -99.344251456219581, 19.493143144621811 ], [ -99.347110290366373, 19.493137686369046 ], [ -99.349969123548163, 19.493132182977725 ], [ -99.352827955756979, 19.493126634447911 ], [ -99.35568678698489, 19.493121040779673 ], [ -99.358545617223967, 19.493115401973082 ], [ -99.361404446466238, 19.493109718028197 ], [ -99.36426327470376, 19.493103988945091 ], [ -99.367122101928587, 19.493098214723826 ], [ -99.369980928132776, 19.493092395364481 ], [ -99.372839753308384, 19.493086530867117 ], [ -99.375698577447437, 19.493080621231808 ], [ -99.378557400542022, 19.493074666458618 ], [ -99.381416222584164, 19.493068666547625 ], [ -99.384275043565935, 19.493062621498893 ], [ -99.387133863479391, 19.493056531312504 ], [ -99.38999268231656, 19.493050395988529 ], [ -99.392851500069511, 19.493044215527032 ], [ -99.395710316730302, 19.493037989928084 ], [ -99.398569132290973, 19.493031719191777 ], [ -99.401427946743595, 19.493025403318171 ], [ -99.404286760080211, 19.493019042307346 ], [ -99.407145572292862, 19.493012636159371 ], [ -99.410004383373604, 19.493006184874329 ], [ -99.412863193314507, 19.492999688452301 ], [ -99.415722002107614, 19.492993146893355 ], [ -99.418580809744981, 19.492986560197576 ], [ -99.421439616218649, 19.492979928365038 ], [ -99.424298421520689, 19.492973251395817 ], [ -99.427157225643143, 19.492966529289994 ], [ -99.430016028578066, 19.492959762047654 ], [ -99.432874830317516, 19.492952949668879 ], [ -99.43573363085352, 19.492946092153744 ], [ -99.438592430178176, 19.492939189502327 ], [ -99.441451228283512, 19.492932241714719 ], [ -99.44431002516157, 19.492925248790996 ], [ -99.447168820804421, 19.492918210731247 ], [ -99.450027615204121, 19.49291112753555 ], [ -99.452886408352711, 19.492903999203989 ], [ -99.452893949511335, 19.495615073532161 ], [ -99.45003510876397, 19.495622202933145 ], [ -99.447176266765425, 19.495629287191495 ], [ -99.444317423523628, 19.495636326307128 ], [ -99.441458579046511, 19.495643320279967 ], [ -99.438599733342031, 19.49565026910992 ], [ -99.435740886418145, 19.495657172796903 ], [ -99.432882038282798, 19.495664031340841 ], [ -99.430023188943935, 19.49567084474165 ], [ -99.427164338409497, 19.495677612999241 ], [ -99.424305486687444, 19.495684336113548 ], [ -99.421446633785706, 19.495691014084482 ], [ -99.418587779712269, 19.49569764691196 ], [ -99.415728924475019, 19.495704234595909 ], [ -99.412870068081958, 19.49571077713626 ], [ -99.410011210541015, 19.495717274532918 ], [ -99.407152351860134, 19.495723726785812 ], [ -99.404293492047259, 19.495730133894867 ], [ -99.401434631110348, 19.495736495860008 ], [ -99.398575769057331, 19.495742812681154 ], [ -99.395716905896194, 19.495749084358238 ], [ -99.392858041634838, 19.495755310891173 ], [ -99.38999917628125, 19.495761492279897 ], [ -99.387140309843346, 19.49576762852433 ], [ -99.384281442329083, 19.495773719624403 ], [ -99.381422573746434, 19.495779765580039 ], [ -99.378563704103314, 19.495785766391172 ], [ -99.375704833407681, 19.495791722057731 ], [ -99.372845961667494, 19.495797632579634 ], [ -99.369987088890682, 19.495803497956821 ], [ -99.367128215085202, 19.495809318189217 ], [ -99.364269340259014, 19.495815093276764 ], [ -99.361410464420047, 19.495820823219379 ], [ -99.358551587576272, 19.495826508016997 ], [ -99.355692709735607, 19.495832147669553 ], [ -99.352833830906008, 19.495837742176981 ], [ -99.349974951095447, 19.495843291539213 ], [ -99.347116070311841, 19.495848795756189 ], [ -99.344257188563162, 19.495854254827833 ], [ -99.341398305857339, 19.495859668754083 ], [ -99.338539422202331, 19.495865037534877 ], [ -99.335680537606081, 19.495870361170155 ], [ -99.332821652076547, 19.495875639659847 ], [ -99.329962765621659, 19.495880873003895 ], [ -99.329968260872079, 19.4985919863901 ], [ -99.332827194937167, 19.498586752261005 ], [ -99.33568612807683, 19.498581472979499 ], [ -99.338545060283138, 19.498576148545638 ], [ -99.341403991548134, 19.498570778959483 ], [ -99.344262921863859, 19.498565364221097 ], [ -99.347121851222383, 19.498559904330556 ], [ -99.349980779615763, 19.498554399287904 ], [ -99.352839707036011, 19.498548849093218 ], [ -99.355698633475228, 19.498543253746575 ], [ -99.35855755892544, 19.498537613248025 ], [ -99.36141648337869, 19.498531927597643 ], [ -99.364275406827048, 19.498526196795495 ], [ -99.367134329262555, 19.498520420841647 ], [ -99.369993250677268, 19.498514599736168 ], [ -99.372852171063229, 19.49850873347912 ], [ -99.375711090412494, 19.498502822070595 ], [ -99.378570008717119, 19.498496865510646 ], [ -99.381428925969161, 19.498490863799343 ], [ -99.384287842160646, 19.49848481693677 ], [ -99.387146757283659, 19.498478724922983 ], [ -99.390005671330229, 19.498472587758066 ], [ -99.392864584292411, 19.498466405442084 ], [ -99.395723496162276, 19.498460177975115 ], [ -99.398582406931851, 19.498453905357238 ], [ -99.401441316593193, 19.498447587588522 ], [ -99.404300225138357, 19.49844122466904 ], [ -99.4071591325594, 19.498434816598866 ], [ -99.410018038848364, 19.498428363378089 ], [ -99.412876943997304, 19.498421865006769 ], [ -99.415735847998278, 19.498415321485002 ], [ -99.418594750843326, 19.498408732812841 ], [ -99.421453652524519, 19.498402098990386 ], [ -99.424312553033886, 19.498395420017708 ], [ -99.427171452363481, 19.498388695894882 ], [ -99.430030350505376, 19.498381926622002 ], [ -99.432889247451598, 19.498375112199135 ], [ -99.435748143194218, 19.498368252626364 ], [ -99.438607037725291, 19.498361347903771 ], [ -99.441465931036859, 19.498354398031449 ], [ -99.444324823120965, 19.498347403009461 ], [ -99.447183713969679, 19.498340362837904 ], [ -99.450042603575042, 19.498333277516863 ], [ -99.452901491929111, 19.498326147046413 ], [ -99.455760379023928, 19.498318971426649 ], [ -99.455767970315506, 19.50103004305063 ], [ -99.452909035606112, 19.501037219746667 ], [ -99.450050099637394, 19.501044351286613 ], [ -99.447191162417283, 19.501051437670377 ], [ -99.444332223953722, 19.501058478897889 ], [ -99.44147328425467, 19.501065474969053 ], [ -99.438614343328069, 19.501072425883795 ], [ -99.435755401181865, 19.501079331642018 ], [ -99.432896457824015, 19.501086192243651 ], [ -99.430037513262477, 19.501093007688617 ], [ -99.42717856750518, 19.501099777976822 ], [ -99.42431962056007, 19.501106503108193 ], [ -99.421460672435117, 19.501113183082655 ], [ -99.418601723138252, 19.501119817900111 ], [ -99.415742772677433, 19.501126407560502 ], [ -99.412883821060618, 19.501132952063735 ], [ -99.410024868295721, 19.501139451409745 ], [ -99.407165914390731, 19.501145905598445 ], [ -99.404306959353576, 19.501152314629763 ], [ -99.401448003192215, 19.501158678503614 ], [ -99.398589045914576, 19.501164997219941 ], [ -99.395730087528634, 19.501171270778645 ], [ -99.39287112804233, 19.501177499179672 ], [ -99.39001216746361, 19.50118368242293 ], [ -99.387153205800416, 19.501189820508369 ], [ -99.384294243060694, 19.50119591343589 ], [ -99.381435279252429, 19.501201961205439 ], [ -99.378576314383508, 19.501207963816935 ], [ -99.375717348461933, 19.501213921270306 ], [ -99.372858381495647, 19.501219833565493 ], [ -99.369999413492579, 19.50122570070241 ], [ -99.367140444460688, 19.501231522680996 ], [ -99.364281474407917, 19.501237299501184 ], [ -99.361422503342226, 19.501243031162893 ], [ -99.358563531271557, 19.501248717666073 ], [ -99.355704558203854, 19.501254359010641 ], [ -99.35284558414709, 19.501259955196534 ], [ -99.34998660910918, 19.501265506223689 ], [ -99.347127633098097, 19.50127101209204 ], [ -99.344268656121784, 19.501276472801518 ], [ -99.341409678188185, 19.501281888352057 ], [ -99.338550699305259, 19.501287258743599 ], [ -99.335691719480948, 19.50129258397607 ], [ -99.332832738723212, 19.501297864049423 ], [ -99.32997375703998, 19.501303098963575 ], [ -99.329979254125405, 19.504014210724247 ], [ -99.332838283434725, 19.504008975024995 ], [ -99.335697311818507, 19.504003694159785 ], [ -99.338556339268763, 19.50399836812867 ], [ -99.341415365777578, 19.503992996931721 ], [ -99.344274391336981, 19.503987580568992 ], [ -99.347133415939041, 19.503982119040565 ], [ -99.349992439575786, 19.503976612346481 ], [ -99.352851462239272, 19.503971060486826 ], [ -99.35571048392157, 19.503965463461661 ], [ -99.358569504614707, 19.503959821271042 ], [ -99.361428524310753, 19.503954133915052 ], [ -99.364287543001723, 19.503948401393743 ], [ -99.367146560679714, 19.503942623707196 ], [ -99.370005577336727, 19.503936800855474 ], [ -99.372864592964845, 19.503930932838649 ], [ -99.375723607556111, 19.503925019656787 ], [ -99.378582621102581, 19.503919061309958 ], [ -99.381441633596296, 19.503913057798233 ], [ -99.384300645029313, 19.503907009121686 ], [ -99.387159655393674, 19.503900915280393 ], [ -99.390018664681435, 19.503894776274418 ], [ -99.392877672884651, 19.503888592103838 ], [ -99.395736679995366, 19.503882362768728 ], [ -99.398595686005621, 19.503876088269156 ], [ -99.401454690907485, 19.503869768605202 ], [ -99.404313694693002, 19.50386340377694 ], [ -99.407172697354241, 19.503856993784453 ], [ -99.410031698883202, 19.503850538627802 ], [ -99.412890699271969, 19.503844038307072 ], [ -99.415749698512599, 19.503837492822349 ], [ -99.418608696597133, 19.503830902173686 ], [ -99.421467693517613, 19.503824266361189 ], [ -99.42432668926611, 19.503817585384922 ], [ -99.427185683834665, 19.503810859244968 ], [ -99.430044677215321, 19.503804087941408 ], [ -99.432903669400133, 19.503797271474323 ], [ -99.435762660381158, 19.503790409843784 ], [ -99.438621650150424, 19.503783503049885 ], [ -99.441480638700014, 19.503776551092709 ], [ -99.444339626021971, 19.503769553972326 ], [ -99.447198612108338, 19.503762511688826 ], [ -99.450057596951154, 19.503755424242296 ], [ -99.452916580542492, 19.503748291632821 ], [ -99.455775562874379, 19.503741113860485 ], [ -99.458642185395504, 19.506444959837882 ], [ -99.455783156700633, 19.506452183856105 ], [ -99.452924126738282, 19.506459362704785 ], [ -99.450065095516379, 19.506466496383833 ], [ -99.447206063042913, 19.506473584893158 ], [ -99.444347029325812, 19.506480628232676 ], [ -99.44148799437302, 19.506487626402304 ], [ -99.438628958192496, 19.506494579401956 ], [ -99.435769920792183, 19.50650148723156 ], [ -99.432910882180039, 19.506508349891028 ], [ -99.430051842364009, 19.506515167380279 ], [ -99.427192801352049, 19.506521939699226 ], [ -99.42433375915212, 19.506528666847792 ], [ -99.421474715772121, 19.506535348825906 ], [ -99.418615671220067, 19.506541985633476 ], [ -99.415756625503874, 19.506548577270426 ], [ -99.412897578631487, 19.506555123736678 ], [ -99.410038530610876, 19.506561625032163 ], [ -99.407179481449973, 19.506568081156797 ], [ -99.404320431156734, 19.506574492110495 ], [ -99.401461379739132, 19.506580857893191 ], [ -99.398602327205083, 19.506587178504798 ], [ -99.395743273562545, 19.506593453945261 ], [ -99.392884218819489, 19.506599684214489 ], [ -99.390025162983832, 19.506605869312413 ], [ -99.387166106063546, 19.506612009238964 ], [ -99.384307048066589, 19.506618103994057 ], [ -99.381447989000876, 19.506624153577629 ], [ -99.378588928874407, 19.506630157989612 ], [ -99.3757298676951, 19.50663611722992 ], [ -99.372870805470896, 19.50664203129849 ], [ -99.370011742209769, 19.506647900195258 ], [ -99.367152677919677, 19.506653723920142 ], [ -99.36429361260852, 19.506659502473081 ], [ -99.361434546284315, 19.506665235854008 ], [ -99.358575478954961, 19.506670924062846 ], [ -99.355716410628432, 19.506676567099532 ], [ -99.352857341312685, 19.506682164964001 ], [ -99.34999827101565, 19.506687717656192 ], [ -99.347139199745286, 19.506693225176022 ], [ -99.344280127509535, 19.506698687523436 ], [ -99.34142105431637, 19.506704104698372 ], [ -99.338561980173722, 19.50670947670076 ], [ -99.335702905089548, 19.506714803530535 ], [ -99.332843829071805, 19.506720085187638 ], [ -99.329984752128425, 19.506725321672004 ], [ -99.329990251049125, 19.509436431806762 ], [ -99.332849375634495, 19.50943119453725 ], [ -99.335708499294185, 19.509425912088229 ], [ -99.338567622020207, 19.509420584459761 ], [ -99.341426743804632, 19.509415211651909 ], [ -99.344285864639531, 19.509409793664741 ], [ -99.347144984516902, 19.509404330498317 ], [ -99.35000410342883, 19.509398822152701 ], [ -99.352863221367357, 19.509393268627964 ], [ -99.355722338324526, 19.509387669924166 ], [ -99.358581454292406, 19.509382026041379 ], [ -99.36144056926301, 19.509376336979667 ], [ -99.36429968322841, 19.509370602739093 ], [ -99.367158796180675, 19.509364823319732 ], [ -99.370017908111805, 19.509358998721659 ], [ -99.372877019013885, 19.50935312894493 ], [ -99.375736128878955, 19.509347213989617 ], [ -99.378595237699059, 19.509341253855794 ], [ -99.381454345466253, 19.509335248543536 ], [ -99.384313452172577, 19.509329198052907 ], [ -99.387172557810089, 19.509323102383977 ], [ -99.390031662370845, 19.509316961536832 ], [ -99.392890765846886, 19.50931077551153 ], [ -99.395749868230254, 19.509304544308154 ], [ -99.398608969513006, 19.509298267926777 ], [ -99.401468069687184, 19.509291946367465 ], [ -99.404327168744857, 19.509285579630305 ], [ -99.407186266678053, 19.50927916771537 ], [ -99.410045363478829, 19.509272710622728 ], [ -99.412904459139227, 19.509266208352461 ], [ -99.415763553651317, 19.509259660904647 ], [ -99.418622647007126, 19.509253068279364 ], [ -99.421481739198725, 19.509246430476693 ], [ -99.424340830218142, 19.509239747496707 ], [ -99.427199920057433, 19.509233019339494 ], [ -99.430059008708639, 19.509226246005127 ], [ -99.432918096163831, 19.509219427493679 ], [ -99.435777182415038, 19.509212563805253 ], [ -99.438636267454328, 19.509205654939912 ], [ -99.441495351273744, 19.509198700897741 ], [ -99.444354433865328, 19.509191701678834 ], [ -99.447213515221137, 19.509184657283257 ], [ -99.450072595333211, 19.509177567711106 ], [ -99.452931674193607, 19.509170432962463 ], [ -99.455790751794382, 19.509163253037411 ], [ -99.458649828127577, 19.509156027936033 ], [ -99.458657472135158, 19.511867095219745 ], [ -99.455798348155696, 19.511874321404299 ], [ -99.452939222908569, 19.511881502405757 ], [ -99.45008009640172, 19.51188863822404 ], [ -99.44722096864308, 19.511895728859049 ], [ -99.444361839640621, 19.511902774310713 ], [ -99.4415027094023, 19.511909774578942 ], [ -99.438643577936048, 19.511916729663657 ], [ -99.435784445249837, 19.511923639564763 ], [ -99.432925311351596, 19.511930504282194 ], [ -99.430066176249284, 19.511937323815857 ], [ -99.427207039950872, 19.511944098165685 ], [ -99.424347902464291, 19.511950827331574 ], [ -99.42148876379747, 19.511957511313472 ], [ -99.41862962395841, 19.511964150111275 ], [ -99.41577048295504, 19.511970743724923 ], [ -99.412911340795304, 19.511977292154317 ], [ -99.410052197487161, 19.511983795399406 ], [ -99.407193053038554, 19.511990253460084 ], [ -99.404333907457442, 19.511996666336302 ], [ -99.401474760751768, 19.512003034027952 ], [ -99.398615612929504, 19.512009356534985 ], [ -99.395756463998595, 19.51201563385731 ], [ -99.392897313966955, 19.512021865994871 ], [ -99.390038162842586, 19.512028052947574 ], [ -99.387179010633417, 19.512034194715355 ], [ -99.384319857347393, 19.512040291298138 ], [ -99.381460702992484, 19.512046342695854 ], [ -99.378601547576622, 19.512052348908423 ], [ -99.375742391107764, 19.512058309935785 ], [ -99.372883233593882, 19.512064225777866 ], [ -99.370024075042892, 19.512070096434584 ], [ -99.367164915462766, 19.51207592190589 ], [ -99.364305754861462, 19.51208170219169 ], [ -99.36144659324691, 19.512087437291939 ], [ -99.358587430627097, 19.512093127206551 ], [ -99.355728267009937, 19.51209877193547 ], [ -99.352869102403389, 19.512104371478614 ], [ -99.350009936815425, 19.51210992583594 ], [ -99.347150770253975, 19.512115435007363 ], [ -99.344291602727012, 19.512120898992823 ], [ -99.341432434242464, 19.512126317792255 ], [ -99.338573264808304, 19.512131691405592 ], [ -99.335714094432447, 19.512137019832778 ], [ -99.332854923122895, 19.512142303073745 ], [ -99.329995750887576, 19.512147541128424 ], [ -99.330001251643836, 19.514858649636889 ], [ -99.332860471537074, 19.514853410797013 ], [ -99.335719690504447, 19.514848126764079 ], [ -99.338578908538054, 19.514842797538154 ], [ -99.341438125629907, 19.514837423119307 ], [ -99.344297341772062, 19.514832003507586 ], [ -99.347156556956577, 19.514826538703065 ], [ -99.350015771175492, 19.514821028705807 ], [ -99.352874984420851, 19.514815473515874 ], [ -99.355734196684722, 19.514809873133341 ], [ -99.358593407959106, 19.514804227558269 ], [ -99.361452618236115, 19.514798536790728 ], [ -99.364311827507748, 19.514792800830779 ], [ -99.367171035766063, 19.514787019678501 ], [ -99.370030243003129, 19.514781193333953 ], [ -99.372889449210959, 19.51477532179721 ], [ -99.375748654381624, 19.514769405068332 ], [ -99.378607858507181, 19.514763443147405 ], [ -99.381467061579656, 19.51475743603449 ], [ -99.384326263591106, 19.514751383729664 ], [ -99.387185464533573, 19.514745286232991 ], [ -99.390044664399127, 19.514739143544549 ], [ -99.392903863179782, 19.514732955664407 ], [ -99.395763060867608, 19.514726722592648 ], [ -99.398622257454662, 19.514720444329335 ], [ -99.40148145293297, 19.514714120874547 ], [ -99.404340647294589, 19.514707752228361 ], [ -99.407199840531561, 19.514701338390854 ], [ -99.410059032635942, 19.514694879362093 ], [ -99.412918223599789, 19.514688375142171 ], [ -99.415777413415128, 19.514681825731145 ], [ -99.418636602074017, 19.514675231129111 ], [ -99.42149578956851, 19.514668591336136 ], [ -99.424354975890651, 19.514661906352309 ], [ -99.427214161032481, 19.514655176177701 ], [ -99.430073344986056, 19.514648400812394 ], [ -99.432932527743432, 19.514641580256466 ], [ -99.435791709296637, 19.514634714510006 ], [ -99.438650889637742, 19.514627803573092 ], [ -99.441510068758774, 19.514620847445801 ], [ -99.444369246651789, 19.514613846128217 ], [ -99.447228423308857, 19.514606799620434 ], [ -99.450087598721993, 19.514599707922521 ], [ -99.452946772883251, 19.514592571034576 ], [ -99.455805945784704, 19.514585388956672 ], [ -99.458665117418363, 19.514578161688902 ], [ -99.461531981997325, 19.517281953795841 ], [ -99.458672763977319, 19.517289227343419 ], [ -99.455813544681476, 19.517296455694442 ], [ -99.452954324117755, 19.517303638848819 ], [ -99.450095102294142, 19.517310776806472 ], [ -99.447235879218539, 19.517317869567311 ], [ -99.444376654898932, 19.517324917131255 ], [ -99.441517429343264, 19.517331919498215 ], [ -99.438658202559481, 19.51733887666812 ], [ -99.435798974555567, 19.517345788640871 ], [ -99.432939745339425, 19.517352655416399 ], [ -99.430080514919041, 19.517359476994613 ], [ -99.427221283302345, 19.517366253375439 ], [ -99.424362050497322, 19.517372984558797 ], [ -99.421502816511889, 19.517379670544596 ], [ -99.418643581354019, 19.517386311332771 ], [ -99.415784345031653, 19.517392906923227 ], [ -99.412925107552766, 19.517399457315896 ], [ -99.410065868925273, 19.517405962510708 ], [ -99.407206629157159, 19.517412422507572 ], [ -99.404347388256369, 19.517418837306412 ], [ -99.401488146230861, 19.517425206907152 ], [ -99.39862890308855, 19.517431531309725 ], [ -99.395769658837438, 19.51743781051405 ], [ -99.392910413485453, 19.517444044520051 ], [ -99.390051167040539, 19.517450233327654 ], [ -99.38719191951067, 19.517456376936785 ], [ -99.384332670903788, 19.517462475347376 ], [ -99.381473421227852, 19.517468528559348 ], [ -99.37861417049082, 19.517474536572635 ], [ -99.375754918700622, 19.517480499387165 ], [ -99.372895665865215, 19.517486417002861 ], [ -99.370036411992572, 19.51749228941965 ], [ -99.367177157090623, 19.517498116637473 ], [ -99.364317901167325, 19.517503898656262 ], [ -99.361458644230652, 19.517509635475935 ], [ -99.358599386288546, 19.517515327096437 ], [ -99.355740127348952, 19.517520973517687 ], [ -99.352880867419827, 19.517526574739634 ], [ -99.350021606509117, 19.517532130762195 ], [ -99.347162344624778, 19.517537641585317 ], [ -99.344303081774768, 19.517543107208926 ], [ -99.341443817967047, 19.517548527632957 ], [ -99.338584553209557, 19.517553902857355 ], [ -99.335725287510243, 19.517559232882046 ], [ -99.332866020877077, 19.517564517706969 ], [ -99.330006753317988, 19.517569757332065 ], [ -99.330012255910106, 19.520280864213866 ], [ -99.332871571142988, 19.520275623803524 ], [ -99.335730885449891, 19.520270338186581 ], [ -99.338590198822857, 19.520265007363097 ], [ -99.341449511253941, 19.520259631333133 ], [ -99.344308822735201, 19.520254210096759 ], [ -99.347168133258648, 19.520248743654033 ], [ -99.350027442816355, 19.520243232005026 ], [ -99.352886751400362, 19.520237675149801 ], [ -99.355746059002712, 19.520232073088422 ], [ -99.35860536561546, 19.520226425820958 ], [ -99.36146467123065, 19.520220733347479 ], [ -99.364323975840321, 19.520214995668045 ], [ -99.367183279436517, 19.520209212782731 ], [ -99.370042582011308, 19.520203384691602 ], [ -99.372901883556708, 19.520197511394723 ], [ -99.375761184064785, 19.520191592892179 ], [ -99.378620483527598, 19.520185629184027 ], [ -99.381479781937159, 19.520179620270341 ], [ -99.384339079285539, 19.520173566151193 ], [ -99.387198375564779, 19.520167466826656 ], [ -99.390057670766936, 19.520161322296801 ], [ -99.392916964884023, 19.520155132561705 ], [ -99.395776257908111, 19.520148897621439 ], [ -99.398635549831269, 19.520142617476068 ], [ -99.401494840645498, 19.520136292125681 ], [ -99.404354130342867, 19.520129921570351 ], [ -99.407213418915447, 19.520123505810147 ], [ -99.410072706355251, 19.520117044845147 ], [ -99.412931992654322, 19.520110538675429 ], [ -99.415791277804729, 19.520103987301081 ], [ -99.418650561798501, 19.52009739072216 ], [ -99.421509844627707, 19.520090748938756 ], [ -99.424369126284375, 19.52008406195095 ], [ -99.427228406760563, 19.52007732975882 ], [ -99.43008768604831, 19.520070552362441 ], [ -99.43294696413966, 19.520063729761905 ], [ -99.435806241026683, 19.520056861957283 ], [ -99.438665516701406, 19.520049948948653 ], [ -99.441524791155871, 19.520042990736108 ], [ -99.444384064382135, 19.520035987319726 ], [ -99.447243336372239, 19.520028938699589 ], [ -99.450102607118239, 19.520021844875789 ], [ -99.452961876612179, 19.520014705848396 ], [ -99.455821144846112, 19.520007521617508 ], [ -99.458680411812068, 19.520000292183198 ], [ -99.461539677502103, 19.519993017545566 ], [ -99.46154737429076, 19.52270408048042 ], [ -99.458688060922753, 19.522711356208145 ], [ -99.455828746278712, 19.52271858672577 ], [ -99.452969430366622, 19.522725772033208 ], [ -99.450110113194413, 19.522732912130369 ], [ -99.447250794770042, 19.522740007017177 ], [ -99.444391475101483, 19.522747056693536 ], [ -99.441532154196679, 19.522754061159372 ], [ -99.438672832063546, 19.522761020414595 ], [ -99.435813508710098, 19.522767934459122 ], [ -99.432954184144251, 19.522774803292879 ], [ -99.430094858373977, 19.52278162691578 ], [ -99.427235531407206, 19.522788405327741 ], [ -99.424376203251924, 19.522795138528682 ], [ -99.421516873916062, 19.522801826518528 ], [ -99.418657543407576, 19.522808469297189 ], [ -99.415798211734426, 19.522815066864592 ], [ -99.412938878904541, 19.522821619220661 ], [ -99.410079544925935, 19.522828126365319 ], [ -99.407220209806482, 19.522834588298483 ], [ -99.404360873554211, 19.522841005020084 ], [ -99.401501536177008, 19.522847376530038 ], [ -99.398642197682889, 19.522853702828268 ], [ -99.395782858079755, 19.522859983914707 ], [ -99.392923517375593, 19.522866219789275 ], [ -99.39006417557836, 19.522872410451892 ], [ -99.387204832695986, 19.522878555902501 ], [ -99.384345488736429, 19.522884656141013 ], [ -99.381486143707647, 19.52289071116736 ], [ -99.378626797617613, 19.522896720981475 ], [ -99.375767450474257, 19.522902685583286 ], [ -99.37290810228555, 19.522908604972713 ], [ -99.370048753059422, 19.522914479149691 ], [ -99.367189402803845, 19.522920308114152 ], [ -99.364330051526764, 19.522926091866029 ], [ -99.36147069923615, 19.522931830405245 ], [ -99.358611345939934, 19.522937523731745 ], [ -99.355751991646088, 19.522943171845444 ], [ -99.352892636362554, 19.522948774746283 ], [ -99.350033280097293, 19.5229543324342 ], [ -99.347173922858261, 19.522959844909121 ], [ -99.344314564653416, 19.522965312170985 ], [ -99.341455205490689, 19.522970734219722 ], [ -99.338595845378052, 19.522976111055282 ], [ -99.335736484323462, 19.52298144267758 ], [ -99.332877122334878, 19.522986729086572 ], [ -99.33001775942023, 19.522991970282185 ], [ -99.33002326384846, 19.525703075536931 ], [ -99.332882674452819, 19.525697833556027 ], [ -99.335742084131056, 19.525692546354968 ], [ -99.338601492875227, 19.525687213933818 ], [ -99.341460900677347, 19.525681836292645 ], [ -99.3443203075295, 19.525676413431512 ], [ -99.347179713423699, 19.52567094535048 ], [ -99.350039118352015, 19.525665432049621 ], [ -99.352898522306489, 19.525659873528987 ], [ -99.35575792527915, 19.52565426978866 ], [ -99.358617327262053, 19.525648620828687 ], [ -99.36147672824724, 19.525642926649162 ], [ -99.364336128226753, 19.525637187250126 ], [ -99.367195527192649, 19.525631402631667 ], [ -99.370054925136984, 19.525625572793842 ], [ -99.372914322051784, 19.525619697736726 ], [ -99.375773717929079, 19.525613777460393 ], [ -99.378633112760951, 19.5256078119649 ], [ -99.381492506539431, 19.525601801250328 ], [ -99.384351899256544, 19.525595745316739 ], [ -99.387211290904361, 19.525589644164224 ], [ -99.390070681474924, 19.525583497792841 ], [ -99.392930070960261, 19.525577306202667 ], [ -99.395789459352443, 19.525571069393767 ], [ -99.398648846643482, 19.525564787366232 ], [ -99.401508232825478, 19.52555846012012 ], [ -99.404367617890415, 19.525552087655516 ], [ -99.407227001830378, 19.525545669972495 ], [ -99.41008638463741, 19.525539207071134 ], [ -99.412945766303551, 19.525532698951505 ], [ -99.41580514682083, 19.525526145613686 ], [ -99.418664526181303, 19.525519547057758 ], [ -99.42152390437704, 19.525512903283797 ], [ -99.424383281400054, 19.525506214291887 ], [ -99.427242657242402, 19.525499480082104 ], [ -99.430102031896126, 19.525492700654528 ], [ -99.432961405353282, 19.525485876009238 ], [ -99.435820777605912, 19.52547900614632 ], [ -99.438680148646057, 19.525472091065851 ], [ -99.441539518465774, 19.525465130767916 ], [ -99.444398887057091, 19.525458125252598 ], [ -99.447258254412063, 19.525451074519971 ], [ -99.450117620522747, 19.525443978570134 ], [ -99.45297698538117, 19.525436837403166 ], [ -99.455836348979389, 19.525429651019152 ], [ -99.458695711309446, 19.52542241941817 ], [ -99.461555072363382, 19.525415142600313 ], [ -99.464414432133253, 19.525407820565668 ], [ -99.464422179183742, 19.528118880773565 ], [ -99.461562771720082, 19.528126203905153 ], [ -99.458703362972244, 19.528133481813171 ], [ -99.455843952948214, 19.528140714497539 ], [ -99.452984541655923, 19.528147901958175 ], [ -99.450125129103313, 19.528155044194985 ], [ -99.447265715298371, 19.52816214120789 ], [ -99.444406300249028, 19.528169192996806 ], [ -99.441546883963255, 19.528176199561646 ], [ -99.438687466448982, 19.528183160902326 ], [ -99.435828047714196, 19.528190077018767 ], [ -99.432968627766826, 19.528196947910885 ], [ -99.430109206614844, 19.5282037735786 ], [ -99.427249784266195, 19.528210554021818 ], [ -99.424390360728836, 19.52821728924048 ], [ -99.421530936010726, 19.528223979234493 ], [ -99.418671510119793, 19.528230624003779 ], [ -99.41581208306404, 19.528237223548256 ], [ -99.412952654851381, 19.52824377786785 ], [ -99.410093225489803, 19.528250286962486 ], [ -99.407233794987221, 19.528256750832082 ], [ -99.404374363351636, 19.528263169476556 ], [ -99.401514930590963, 19.528269542895838 ], [ -99.398655496713175, 19.528275871089857 ], [ -99.395796061726244, 19.52828215405853 ], [ -99.392936625638086, 19.52828839180178 ], [ -99.390077188456686, 19.528294584319543 ], [ -99.38721775018999, 19.52830073161174 ], [ -99.38435831084594, 19.528306833678293 ], [ -99.381498870432537, 19.528312890519135 ], [ -99.378639428957669, 19.528318902134192 ], [ -99.37577998642935, 19.528324868523399 ], [ -99.372920542855496, 19.528330789686674 ], [ -99.370061098244079, 19.52833666562395 ], [ -99.367201652603057, 19.528342496335167 ], [ -99.364342205940375, 19.528348281820239 ], [ -99.361482758264003, 19.52835402207911 ], [ -99.358623309581873, 19.528359717111712 ], [ -99.355763859901955, 19.528365366917967 ], [ -99.35290440923221, 19.528370971497814 ], [ -99.350044957580593, 19.52837653085119 ], [ -99.34718550495505, 19.52838204497802 ], [ -99.344326051363524, 19.528387513878247 ], [ -99.341466596814001, 19.5283929375518 ], [ -99.338607141314398, 19.528398315998615 ], [ -99.335747684872715, 19.528403649218628 ], [ -99.332888227496881, 19.52840893721179 ], [ -99.330028769194854, 19.528414179978014 ], [ -99.330034275459482, 19.531125283605331 ], [ -99.332893781467135, 19.531120040053761 ], [ -99.33575328654851, 19.531114751268486 ], [ -99.338612790695692, 19.531109417249574 ], [ -99.341472293900694, 19.531104037997085 ], [ -99.344331796155558, 19.531098613511087 ], [ -99.347191297452341, 19.53109314379164 ], [ -99.350050797783084, 19.531087628838812 ], [ -99.352910297139815, 19.531082068652672 ], [ -99.355769795514618, 19.53107646323328 ], [ -99.358629292899494, 19.531070812580701 ], [ -99.361488789286497, 19.531065116695011 ], [ -99.364348284667685, 19.531059375576277 ], [ -99.367207779035098, 19.531053589224552 ], [ -99.370067272380794, 19.531047757639925 ], [ -99.372926764696786, 19.531041880822453 ], [ -99.375786255975129, 19.531035958772211 ], [ -99.37864574620788, 19.531029991489266 ], [ -99.381505235387081, 19.531023978973689 ], [ -99.384364723504746, 19.531017921225558 ], [ -99.387224210552972, 19.531011818244941 ], [ -99.390083696523746, 19.531005670031902 ], [ -99.392943181409166, 19.530999476586523 ], [ -99.395802665201245, 19.530993237908884 ], [ -99.398662147892026, 19.530986953999051 ], [ -99.401521629473578, 19.530980624857097 ], [ -99.404381109937901, 19.530974250483101 ], [ -99.407240589277095, 19.530967830877135 ], [ -99.410100067483171, 19.530961366039282 ], [ -99.412959544548158, 19.530954855969615 ], [ -99.415819020464141, 19.530948300668207 ], [ -99.418678495223133, 19.530941700135148 ], [ -99.421537968817205, 19.530935054370499 ], [ -99.424397441238384, 19.530928363374358 ], [ -99.427256912478711, 19.530921627146789 ], [ -99.43011638253023, 19.530914845687882 ], [ -99.432975851385009, 19.530908018997717 ], [ -99.435835319035064, 19.530901147076367 ], [ -99.43869478547245, 19.53089422992392 ], [ -99.441554250689236, 19.530887267540464 ], [ -99.444413714677424, 19.530880259926072 ], [ -99.447273177429082, 19.530873207080827 ], [ -99.450132638936239, 19.530866109004815 ], [ -99.452992099190979, 19.530858965698133 ], [ -99.455851558185302, 19.530851777160848 ], [ -99.458711015911277, 19.530844543393052 ], [ -99.461570472360933, 19.530837264394833 ], [ -99.464429927526339, 19.530829940166274 ], [ -99.464437677161158, 19.533540998743707 ], [ -99.461578174286061, 19.533548324069269 ], [ -99.458718670126615, 19.533555604157723 ], [ -99.45585916469075, 19.533562839008979 ], [ -99.452999657986439, 19.53357002862295 ], [ -99.450140150021625, 19.53357717299955 ], [ -99.447280640804266, 19.533584272138693 ], [ -99.444421130342334, 19.533591326040298 ], [ -99.441561618643775, 19.533598334704276 ], [ -99.438702105716544, 19.533605298130553 ], [ -99.435842591568601, 19.533612216319035 ], [ -99.43298307620789, 19.533619089269646 ], [ -99.430123559642382, 19.533625916982302 ], [ -99.427264041880022, 19.533632699456927 ], [ -99.424404522928768, 19.533639436693431 ], [ -99.421545002796577, 19.533646128691739 ], [ -99.418685481491423, 19.533652775451777 ], [ -99.41582595902122, 19.533659376973457 ], [ -99.412966435393969, 19.5336659332567 ], [ -99.410106910617586, 19.533672444301434 ], [ -99.407247384700071, 19.533678910107589 ], [ -99.40438785764934, 19.533685330675063 ], [ -99.401528329473379, 19.533691706003804 ], [ -99.398668800180118, 19.533698036093725 ], [ -99.395809269777544, 19.533704320944757 ], [ -99.392949738273586, 19.533710560556816 ], [ -99.390090205676202, 19.533716754929838 ], [ -99.387230671993365, 19.53372290406374 ], [ -99.384371137233018, 19.533729007958453 ], [ -99.381511601403133, 19.533735066613907 ], [ -99.378652064511641, 19.53374108003003 ], [ -99.375792526566514, 19.533747048206735 ], [ -99.372932987575723, 19.533752971143979 ], [ -99.370073447547185, 19.533758848841671 ], [ -99.3672139064889, 19.533764681299747 ], [ -99.364354364408783, 19.533770468518135 ], [ -99.361494821314835, 19.533776210496768 ], [ -99.358635277214972, 19.533781907235582 ], [ -99.355775732117166, 19.533787558734499 ], [ -99.35291618602939, 19.533793164993465 ], [ -99.350056638959572, 19.533798726012403 ], [ -99.347197090915685, 19.533804241791252 ], [ -99.344337541905688, 19.533809712329948 ], [ -99.341477991937523, 19.533815137628416 ], [ -99.33861844101915, 19.533820517686603 ], [ -99.335758889158555, 19.533825852504439 ], [ -99.332899336363653, 19.533831142081855 ], [ -99.330039782642416, 19.533836386418798 ], [ -99.330045290743726, 19.536547488418311 ], [ -99.332904892186505, 19.536542243295973 ], [ -99.335764492702864, 19.536536952926376 ], [ -99.338624092284874, 19.536531617309599 ], [ -99.341483690924548, 19.536526236445692 ], [ -99.34434328861397, 19.536520810334725 ], [ -99.347202885345155, 19.536515338976759 ], [ -99.350062481110129, 19.536509822371869 ], [ -99.352922075900977, 19.536504260520104 ], [ -99.355781669709714, 19.536498653421543 ], [ -99.358641262528394, 19.536493001076245 ], [ -99.361500854349046, 19.536487303484282 ], [ -99.364360445163726, 19.536481560645726 ], [ -99.36722003496449, 19.536475772560635 ], [ -99.370079623743351, 19.536469939229089 ], [ -99.372939211492366, 19.536464060651145 ], [ -99.375798798203576, 19.536458136826884 ], [ -99.378658383869038, 19.536452167756376 ], [ -99.381517968480765, 19.53644615343968 ], [ -99.384377552030827, 19.53644009387688 ], [ -99.387237134511253, 19.536433989068037 ], [ -99.390096715914112, 19.536427839013239 ], [ -99.392956296231404, 19.536421643712547 ], [ -99.395815875455199, 19.536415403166032 ], [ -99.398675453577539, 19.536409117373783 ], [ -99.401535030590466, 19.536402786335863 ], [ -99.404394606486022, 19.536396410052351 ], [ -99.407254181256249, 19.536389988523325 ], [ -99.410113754893175, 19.536383521748849 ], [ -99.412973327388869, 19.536377009729016 ], [ -99.415832898735374, 19.536370452463895 ], [ -99.418692468924704, 19.536363849953567 ], [ -99.421552037948928, 19.536357202198108 ], [ -99.424411605800088, 19.5363505091976 ], [ -99.427271172470213, 19.536343770952119 ], [ -99.430130737951373, 19.536336987461752 ], [ -99.432990302235581, 19.536330158726575 ], [ -99.435849865314893, 19.536323284746665 ], [ -99.438709427181351, 19.536316365522115 ], [ -99.441568987827011, 19.536309401052989 ], [ -99.444428547243888, 19.536302391339387 ], [ -99.44728810542405, 19.536295336381393 ], [ -99.450147662359541, 19.536288236179075 ], [ -99.453007218042387, 19.536281090732533 ], [ -99.455866772464631, 19.536273900041845 ], [ -99.458726325618358, 19.536266664107092 ], [ -99.461585877495551, 19.536259382928368 ], [ -99.464445428088297, 19.536252056505763 ], [ -99.467304977388622, 19.53624468483935 ], [ -99.467312777333689, 19.538955740682074 ], [ -99.464453180307856, 19.538963113452336 ], [ -99.461593581989504, 19.53897044097203 ], [ -99.458733982386605, 19.538977723241054 ], [ -99.455874381507087, 19.538984960259327 ], [ -99.453014779358924, 19.538992152026776 ], [ -99.450155175950073, 19.538999298543303 ], [ -99.447295571288507, 19.539006399808823 ], [ -99.444435965382169, 19.539013455823248 ], [ -99.44157635823899, 19.539020466586503 ], [ -99.43871674986697, 19.539027432098507 ], [ -99.435857140274038, 19.53903435235917 ], [ -99.432997529468167, 19.539041227368404 ], [ -99.430137917457301, 19.539048057126138 ], [ -99.427278304249398, 19.539054841632296 ], [ -99.424418689852445, 19.53906158088677 ], [ -99.421559074274356, 19.539068274889512 ], [ -99.418699457523118, 19.539074923640428 ], [ -99.415839839606676, 19.539081527139434 ], [ -99.412980220532987, 19.539088085386457 ], [ -99.410120600310009, 19.539094598381425 ], [ -99.4072609789457, 19.539101066124246 ], [ -99.404401356448034, 19.539107488614853 ], [ -99.401541732824938, 19.539113865853174 ], [ -99.398682108084387, 19.539120197839122 ], [ -99.395822482234337, 19.53912648457263 ], [ -99.392962855282732, 19.539132726053619 ], [ -99.39010322723756, 19.539138922282017 ], [ -99.387243598106764, 19.539145073257746 ], [ -99.384383967898273, 19.539151178980738 ], [ -99.381524336620089, 19.539157239450919 ], [ -99.378664704280141, 19.539163254668214 ], [ -99.3758050708864, 19.539169224632555 ], [ -99.372945436446827, 19.539175149343869 ], [ -99.370085800969363, 19.539181028802087 ], [ -99.367226164461968, 19.539186863007135 ], [ -99.364366526932614, 19.539192651958949 ], [ -99.361506888389258, 19.539198395657465 ], [ -99.35864724883983, 19.539204094102598 ], [ -99.355787608292317, 19.53920974729429 ], [ -99.352927966754677, 19.539215355232482 ], [ -99.35006832423484, 19.539220917917095 ], [ -99.347208680740792, 19.539226435348063 ], [ -99.344349036280491, 19.539231907525327 ], [ -99.341489390861867, 19.539237334448821 ], [ -99.338629744492891, 19.539242716118476 ], [ -99.335770097181538, 19.539248052534234 ], [ -99.332910448935749, 19.539253343696018 ], [ -99.330050799763484, 19.539258589603783 ], [ -99.33005630970176, 19.541969689975119 ], [ -99.332916006611484, 19.541964443281902 ], [ -99.335775702594646, 19.541959151327887 ], [ -99.338635397643316, 19.541953814113135 ], [ -99.341495091749522, 19.541948431637707 ], [ -99.344354784905306, 19.541943003901668 ], [ -99.34721447710271, 19.541937530905074 ], [ -99.350074168333776, 19.541932012648001 ], [ -99.352933858590546, 19.541926449130514 ], [ -99.355793547865062, 19.541920840352674 ], [ -99.358653236149365, 19.541915186314551 ], [ -99.361512923435498, 19.541909487016213 ], [ -99.364372609715502, 19.541903742457723 ], [ -99.36723229498142, 19.541897952639154 ], [ -99.370091979225307, 19.541892117560572 ], [ -99.372951662439164, 19.541886237222048 ], [ -99.375811344615073, 19.541880311623654 ], [ -99.378671025745064, 19.541874340765457 ], [ -99.381530705821177, 19.541868324647528 ], [ -99.384390384835442, 19.541862263269941 ], [ -99.387250062779913, 19.541856156632772 ], [ -99.390109739646647, 19.541850004736077 ], [ -99.392969415427658, 19.541843807579944 ], [ -99.395829090115015, 19.541837565164453 ], [ -99.398688763700719, 19.54183127748966 ], [ -99.401548436176853, 19.541824944555643 ], [ -99.404408107535446, 19.541818566362494 ], [ -99.407267777768539, 19.541812142910274 ], [ -99.410127446868174, 19.541805674199065 ], [ -99.412987114826393, 19.54179916022894 ], [ -99.41584678163521, 19.54179260099998 ], [ -99.418706447286723, 19.541785996512257 ], [ -99.421566111772947, 19.541779346765857 ], [ -99.424425775085908, 19.541772651760862 ], [ -99.427285437217662, 19.541765911497336 ], [ -99.430145098160267, 19.541759125975375 ], [ -99.433004757905735, 19.54175229519505 ], [ -99.435864416446123, 19.541745419156452 ], [ -99.438724073773471, 19.541738497859651 ], [ -99.441583729879838, 19.541731531304738 ], [ -99.444443384757236, 19.541724519491794 ], [ -99.447303038397735, 19.541717462420898 ], [ -99.450162690793363, 19.541710360092139 ], [ -99.453022341936148, 19.541703212505595 ], [ -99.455881991818174, 19.541696019661366 ], [ -99.458741640431441, 19.541688781559518 ], [ -99.461601287768019, 19.541681498200155 ], [ -99.464460933819922, 19.541674169583352 ], [ -99.467320578579233, 19.541666795709197 ], [ -99.467328381125341, 19.544377849920625 ], [ -99.464468688624606, 19.544385224898704 ], [ -99.461608994831181, 19.54439255461266 ], [ -99.458749299752995, 19.5443998390624 ], [ -99.455889603398006, 19.544407078247843 ], [ -99.453029905774173, 19.544414272168904 ], [ -99.450170206889467, 19.54442142082549 ], [ -99.447310506751833, 19.544428524217519 ], [ -99.444450805369243, 19.54443558234491 ], [ -99.441591102749641, 19.544442595207581 ], [ -99.438731398900984, 19.54444956280544 ], [ -99.43587169383126, 19.544456485138411 ], [ -99.433011987548383, 19.544463362206411 ], [ -99.430152280060341, 19.544470194009349 ], [ -99.427292571375091, 19.544476980547163 ], [ -99.424432861500577, 19.544483721819752 ], [ -99.421573150444772, 19.544490417827049 ], [ -99.418713438215633, 19.544497068568969 ], [ -99.415853724821105, 19.544503674045433 ], [ -99.412994010269159, 19.544510234256364 ], [ -99.41013429456774, 19.54451674920168 ], [ -99.407274577724834, 19.544523218881306 ], [ -99.404414859748371, 19.544529643295171 ], [ -99.401555140646323, 19.544536022443193 ], [ -99.398695420426648, 19.544542356325291 ], [ -99.395835699097304, 19.544548644941397 ], [ -99.392975976666236, 19.544554888291433 ], [ -99.390116253141429, 19.544561086375328 ], [ -99.387256528530827, 19.544567239193004 ], [ -99.384396802842403, 19.544573346744393 ], [ -99.381537076084086, 19.544579409029417 ], [ -99.378677348263849, 19.544585426048002 ], [ -99.37581761938965, 19.544591397800087 ], [ -99.372957889469475, 19.54459732428559 ], [ -99.370098158511226, 19.544603205504448 ], [ -99.367238426522931, 19.544609041456592 ], [ -99.364378693512478, 19.544614832141942 ], [ -99.361518959487881, 19.544620577560437 ], [ -99.358659224457071, 19.544626277712005 ], [ -99.355799488428019, 19.544631932596587 ], [ -99.35293975140867, 19.544637542214108 ], [ -99.350080013406995, 19.544643106564497 ], [ -99.347220274430953, 19.544648625647699 ], [ -99.344360534488501, 19.544654099463639 ], [ -99.341500793587599, 19.544659528012257 ], [ -99.338641051736204, 19.544664911293491 ], [ -99.335781308942259, 19.544670249307266 ], [ -99.332921565213752, 19.544675542053529 ], [ -99.330061820558626, 19.544680789532215 ], [ -99.327202074984839, 19.544685991743258 ], [ -99.32720753900692, 19.547397091264742 ], [ -99.330067332334139, 19.54739188827498 ], [ -99.332927124742639, 19.547386640010796 ], [ -99.33578691622445, 19.54738134647226 ], [ -99.338646706771613, 19.547376007659427 ], [ -99.341506496376155, 19.54737062357238 ], [ -99.344366285030162, 19.547365194211153 ], [ -99.347226072725618, 19.547359719575834 ], [ -99.350085859454595, 19.547354199666479 ], [ -99.352945645209118, 19.547348634483154 ], [ -99.35580542998126, 19.547343024025928 ], [ -99.358665213763018, 19.547337368294873 ], [ -99.361524996546464, 19.547331667290038 ], [ -99.364384778323625, 19.54732592101151 ], [ -99.367244559086529, 19.547320129459344 ], [ -99.370104338827261, 19.547314292633622 ], [ -99.372964117537805, 19.547308410534402 ], [ -99.375823895210246, 19.547302483161754 ], [ -99.378683671836583, 19.547296510515761 ], [ -99.381543447408916, 19.547290492596485 ], [ -99.384403221919229, 19.547284429403987 ], [ -99.387262995359578, 19.547278320938364 ], [ -99.390122767722019, 19.547272167199669 ], [ -99.392982538998581, 19.547265968187979 ], [ -99.395842309181305, 19.547259723903373 ], [ -99.398702078262232, 19.547253434345926 ], [ -99.40156184623342, 19.547247099515701 ], [ -99.404421613086882, 19.54724071941278 ], [ -99.407281378814673, 19.547234294037249 ], [ -99.410141143408822, 19.547227823389171 ], [ -99.413000906861384, 19.547221307468629 ], [ -99.415860669164402, 19.547214746275703 ], [ -99.418720430309904, 19.547208139810461 ], [ -99.421580190289944, 19.547201488072997 ], [ -99.424439949096538, 19.547194791063372 ], [ -99.427299706721769, 19.547188048781674 ], [ -99.430159463157636, 19.54718126122799 ], [ -99.433019218396211, 19.547174428402389 ], [ -99.435878972429521, 19.547167550304962 ], [ -99.438738725249593, 19.547160626935785 ], [ -99.441598476848483, 19.547153658294942 ], [ -99.444458227218249, 19.547146644382522 ], [ -99.447317976350902, 19.547139585198597 ], [ -99.450177724238486, 19.547132480743258 ], [ -99.45303747087307, 19.547125331016581 ], [ -99.455897216246669, 19.547118136018664 ], [ -99.458756960351337, 19.54711089574959 ], [ -99.461616703179104, 19.547103610209437 ], [ -99.46447644472201, 19.5470962793983 ], [ -99.467336184972112, 19.547088903316258 ], [ -99.464484202112232, 19.549807333082047 ], [ -99.461624412811886, 19.549814664990407 ], [ -99.458764622226582, 19.549821951621002 ], [ -99.455904830364275, 19.549829192973746 ], [ -99.453045037232954, 19.549836389048558 ], [ -99.450185242840547, 19.549843539845348 ], [ -99.447325447195027, 19.549850645364028 ], [ -99.444465650304352, 19.549857705604516 ], [ -99.44160585217648, 19.549864720566735 ], [ -99.438746052819369, 19.54987169025059 ], [ -99.435886252240991, 19.549878614656006 ], [ -99.433026450449304, 19.549885493782899 ], [ -99.430166647452239, 19.549892327631181 ], [ -99.427306843257796, 19.549899116200784 ], [ -99.424447037873904, 19.549905859491609 ], [ -99.421587231308536, 19.549912557503593 ], [ -99.418727423569663, 19.549919210236645 ], [ -99.415867614665217, 19.549925817690692 ], [ -99.413007804603183, 19.549932379865659 ], [ -99.41014799339149, 19.549938896761446 ], [ -99.40728818103814, 19.549945368378008 ], [ -99.404428367551063, 19.549951794715245 ], [ -99.40156855293823, 19.549958175773092 ], [ -99.398708737207585, 19.549964511551462 ], [ -99.395848920367115, 19.549970802050289 ], [ -99.392989102424764, 19.549977047269493 ], [ -99.390129283388475, 19.54998324720901 ], [ -99.38726946326625, 19.54998940186875 ], [ -99.384409642066004, 19.54999551124865 ], [ -99.381549819795737, 19.550001575348638 ], [ -99.378689996463393, 19.550007594168637 ], [ -99.375830172076903, 19.550013567708572 ], [ -99.372970346644266, 19.550019495968385 ], [ -99.370110520173441, 19.550025378947996 ], [ -99.367250692672357, 19.550031216647337 ], [ -99.364390864149001, 19.55003700906634 ], [ -99.361531034611332, 19.550042756204924 ], [ -99.358671204067306, 19.550048458063042 ], [ -99.355811372524869, 19.550054114640616 ], [ -99.352951539991992, 19.550059725937576 ], [ -99.350091706476633, 19.550065291953857 ], [ -99.347231871986764, 19.550070812689395 ], [ -99.344372036530331, 19.550076288144119 ], [ -99.341512200115304, 19.550081718317966 ], [ -99.338652362749627, 19.550087103210874 ], [ -99.335792524441288, 19.55009244282278 ], [ -99.332932685198216, 19.550097737153621 ], [ -99.330072845028383, 19.550102986203321 ], [ -99.327213003939761, 19.550108189971837 ], [ -99.32721846978346, 19.552819287864434 ], [ -99.330078358641444, 19.552814083317152 ], [ -99.332938246580554, 19.552808833481897 ], [ -99.335798133592832, 19.552803538358731 ], [ -99.338658019670333, 19.552798197947723 ], [ -99.341517904805073, 19.552792812248939 ], [ -99.344377788989121, 19.552787381262437 ], [ -99.347237672214476, 19.552781904988283 ], [ -99.350097554473209, 19.552776383426529 ], [ -99.352957435757332, 19.552770816577269 ], [ -99.355817316058904, 19.552765204440544 ], [ -99.358677195369978, 19.552759547016443 ], [ -99.361537073682555, 19.552753844305013 ], [ -99.36439695098872, 19.552748096306328 ], [ -99.367256827280471, 19.552742303020462 ], [ -99.370116702549865, 19.552736464447477 ], [ -99.372976576788943, 19.552730580587451 ], [ -99.375836449989734, 19.552724651440442 ], [ -99.378696322144279, 19.552718677006528 ], [ -99.381556193244649, 19.552712657285781 ], [ -99.384416063282842, 19.55270659227827 ], [ -99.387275932250915, 19.552700481984068 ], [ -99.390135800140911, 19.552694326403252 ], [ -99.392995666944842, 19.552688125535887 ], [ -99.395855532654792, 19.552681879382053 ], [ -99.398715397262777, 19.552675587941817 ], [ -99.401575260760836, 19.552669251215264 ], [ -99.404435123141013, 19.552662869202457 ], [ -99.407294984395321, 19.552656441903487 ], [ -99.410154844515844, 19.55264996931842 ], [ -99.413014703494596, 19.552643451447334 ], [ -99.415874561323619, 19.552636888290312 ], [ -99.418734417994969, 19.552630279847424 ], [ -99.421594273500659, 19.552623626118756 ], [ -99.424454127832746, 19.552616927104381 ], [ -99.427313980983257, 19.552610182804383 ], [ -99.430173832944234, 19.552603393218845 ], [ -99.433033683707734, 19.552596558347837 ], [ -99.435893533265798, 19.552589678191445 ], [ -99.438753381610439, 19.552582752749757 ], [ -99.441613228733701, 19.552575782022856 ], [ -99.444473074627638, 19.552568766010822 ], [ -99.447332919284307, 19.552561704713732 ], [ -99.450192762695693, 19.552554598131664 ], [ -99.453052604853895, 19.552547446264729 ], [ -99.455912445750911, 19.552540249112987 ], [ -99.458772285378799, 19.552533006676537 ], [ -99.461632123729601, 19.552525718955458 ], [ -99.458779949808132, 19.555244060916092 ], [ -99.455920062406676, 19.555251304436283 ], [ -99.45306017373602, 19.555258502664991 ], [ -99.45020028380408, 19.555265655602117 ], [ -99.447340392618827, 19.555272763247586 ], [ -99.444480500188249, 19.555279825601311 ], [ -99.441620606520274, 19.555286842663211 ], [ -99.438760711622876, 19.555293814433199 ], [ -99.435900815503999, 19.555300740911193 ], [ -99.433040918171642, 19.555307622097107 ], [ -99.430181019633736, 19.555314457990871 ], [ -99.427321119898252, 19.555321248592385 ], [ -99.424461218973136, 19.555327993901582 ], [ -99.421601316866386, 19.555334693918383 ], [ -99.41874141358592, 19.555341348642699 ], [ -99.415881509139723, 19.55534795807446 ], [ -99.413021603535753, 19.555354522213573 ], [ -99.410161696781969, 19.555361041059975 ], [ -99.407301788886329, 19.555367514613589 ], [ -99.40444187985679, 19.555373942874326 ], [ -99.401581969701326, 19.555380325842123 ], [ -99.398722058427893, 19.555386663516888 ], [ -99.395862146044436, 19.555392955898554 ], [ -99.393002232558956, 19.555399202987054 ], [ -99.390142317979368, 19.555405404782299 ], [ -99.387282402313659, 19.555411561284227 ], [ -99.384422485569786, 19.555417672492759 ], [ -99.381562567755722, 19.555423738407825 ], [ -99.378702648879397, 19.555429759029352 ], [ -99.375842728948797, 19.555435734357264 ], [ -99.37298280797188, 19.555441664391491 ], [ -99.370122885956604, 19.555447549131969 ], [ -99.367262962910928, 19.555453388578623 ], [ -99.364403038842809, 19.555459182731383 ], [ -99.361543113760234, 19.555464931590187 ], [ -99.358683187671119, 19.555470635154954 ], [ -99.355823260583463, 19.555476293425627 ], [ -99.352963332505226, 19.555481906402132 ], [ -99.350103403444351, 19.555487474084416 ], [ -99.34724347340881, 19.555492996472392 ], [ -99.344383542406561, 19.555498473566008 ], [ -99.341523610445563, 19.555503905365192 ], [ -99.338663677533773, 19.555509291869885 ], [ -99.335803743679179, 19.555514633080023 ], [ -99.332943808889709, 19.555519928995537 ], [ -99.330083873173351, 19.55552517961636 ], [ -99.327223936538047, 19.555530384942447 ], [ -99.327229404203621, 19.558241481205776 ], [ -99.330089388624202, 19.558236275100867 ], [ -99.332949372125768, 19.558231023694439 ], [ -99.335809354700373, 19.558225726986553 ], [ -99.338669336340047, 19.558220384977261 ], [ -99.34152931703683, 19.558214997666639 ], [ -99.344389296782751, 19.558209565054742 ], [ -99.347249275569851, 19.558204087141643 ], [ -99.350109253390173, 19.558198563927405 ], [ -99.352969230235743, 19.558192995412096 ], [ -99.355829206098619, 19.558187381595769 ], [ -99.358689180970828, 19.558181722478505 ], [ -99.361549154844411, 19.558176018060362 ], [ -99.364409127711383, 19.558170268341417 ], [ -99.367269099563828, 19.558164473321735 ], [ -99.370129070393745, 19.55815863300138 ], [ -99.372989040193175, 19.558152747380426 ], [ -99.375849008954191, 19.55814681645894 ], [ -99.37870897666879, 19.558140840236998 ], [ -99.381568943329029, 19.55813481871467 ], [ -99.384428908926949, 19.558128751892021 ], [ -99.38728887345458, 19.558122639769131 ], [ -99.390148836903961, 19.558116482346065 ], [ -99.393008799267136, 19.558110279622905 ], [ -99.395868760536146, 19.558104031599719 ], [ -99.398728720703019, 19.558097738276587 ], [ -99.401588679759797, 19.558091399653573 ], [ -99.404448637698508, 19.558085015730761 ], [ -99.407308594511221, 19.558078586508227 ], [ -99.410168550189937, 19.558072111986039 ], [ -99.413028504726711, 19.55806559216429 ], [ -99.415888458113599, 19.55805902704304 ], [ -99.418748410342616, 19.558052416622381 ], [ -99.421608361405802, 19.558045760902388 ], [ -99.4244683112952, 19.558039059883132 ], [ -99.427328260002852, 19.558032313564699 ], [ -99.4301882075208, 19.558025521947172 ], [ -99.433048153841085, 19.558018685030625 ], [ -99.435908098955707, 19.558011802815145 ], [ -99.438768042856751, 19.558004875300814 ], [ -99.441627985536243, 19.55799790248771 ], [ -99.444487926986213, 19.557990884375926 ], [ -99.447347867198701, 19.557983820965525 ], [ -99.45020780616575, 19.557976712256611 ], [ -99.453067743879402, 19.557969558249265 ], [ -99.455927680331669, 19.557962358943559 ], [ -99.458787615514638, 19.557955114339592 ], [ -99.455935299526004, 19.560673412634703 ], [ -99.453075315284138, 19.560680613017439 ], [ -99.450215329780832, 19.560687768095047 ], [ -99.447355343024014, 19.560694877867444 ], [ -99.444495355021672, 19.560701942334536 ], [ -99.441635365781735, 19.560708961496257 ], [ -99.438775375312204, 19.560715935352505 ], [ -99.435915383621008, 19.560722863903212 ], [ -99.433055390716149, 19.560729747148287 ], [ -99.430195396605541, 19.560736585087657 ], [ -99.427335401297185, 19.560743377721224 ], [ -99.424475404799011, 19.560750125048916 ], [ -99.421615407119006, 19.560756827070666 ], [ -99.418755408265127, 19.560763483786374 ], [ -99.415895408245333, 19.56077009519597 ], [ -99.413035407067596, 19.560776661299379 ], [ -99.410175404739846, 19.560783182096515 ], [ -99.407315401270083, 19.560789657587296 ], [ -99.404455396666251, 19.560796087771664 ], [ -99.401595390936308, 19.560802472649524 ], [ -99.398735384088241, 19.560808812220806 ], [ -99.395875376129965, 19.560815106485443 ], [ -99.393015367069495, 19.560821355443348 ], [ -99.390155356914761, 19.560827559094449 ], [ -99.387295345673749, 19.560833717438683 ], [ -99.384435333354389, 19.560839830475963 ], [ -99.381575319964668, 19.560845898206225 ], [ -99.378715305512543, 19.560851920629393 ], [ -99.375855290005973, 19.56085789774539 ], [ -99.372995273452915, 19.560863829554155 ], [ -99.370135255861356, 19.560869716055617 ], [ -99.367275237239227, 19.560875557249695 ], [ -99.364415217594527, 19.560881353136327 ], [ -99.361555196935171, 19.560887103715448 ], [ -99.358695175269162, 19.560892808986988 ], [ -99.355835152604442, 19.560898468950867 ], [ -99.352975128948984, 19.560904083607035 ], [ -99.350115104310746, 19.560909652955417 ], [ -99.347255078697685, 19.560915176995945 ], [ -99.344395052117761, 19.560920655728555 ], [ -99.34153502457896, 19.560926089153181 ], [ -99.338674996089225, 19.560931477269762 ], [ -99.335814966656528, 19.560936820078229 ], [ -99.332954936288814, 19.56094211757852 ], [ -99.330094904994056, 19.56094736977057 ], [ -99.327234872780224, 19.560952576654326 ], [ -99.32724034226797, 19.563663671288005 ], [ -99.330100422282996, 19.56365846362538 ], [ -99.332960501378892, 19.563653210647672 ], [ -99.335820579547658, 19.563647912354956 ], [ -99.338680656781364, 19.563642568747277 ], [ -99.341540733072009, 19.56363717982472 ], [ -99.344400808411663, 19.563631745587333 ], [ -99.347260882792355, 19.563626266035186 ], [ -99.350120956206126, 19.563620741168339 ], [ -99.35298102864499, 19.563615170986871 ], [ -99.355841100101003, 19.563609555490835 ], [ -99.358701170566192, 19.563603894680305 ], [ -99.361561240032614, 19.563598188555346 ], [ -99.364421308492282, 19.563592437116029 ], [ -99.367281375937239, 19.563586640362413 ], [ -99.370141442359525, 19.563580798294574 ], [ -99.373001507751184, 19.563574910912582 ], [ -99.375861572104242, 19.563568978216509 ], [ -99.378721635410741, 19.563563000206422 ], [ -99.381581697662696, 19.563556976882388 ], [ -99.384441758852191, 19.563550908244487 ], [ -99.387301818971224, 19.563544794292788 ], [ -99.390161878011853, 19.563538635027363 ], [ -99.393021935966104, 19.563532430448287 ], [ -99.39588199282602, 19.563526180555627 ], [ -99.398742048583628, 19.563519885349461 ], [ -99.401602103230971, 19.56351354482987 ], [ -99.40446215676009, 19.563507158996927 ], [ -99.407322209163013, 19.563500727850712 ], [ -99.410182260431782, 19.563494251391287 ], [ -99.413042310558453, 19.563487729618736 ], [ -99.415902359535025, 19.56348116253314 ], [ -99.418762407353569, 19.563474550134579 ], [ -99.421622454006098, 19.563467892423127 ], [ -99.424482499484668, 19.563461189398858 ], [ -99.427342543781307, 19.563454441061864 ], [ -99.430202586888058, 19.563447647412215 ], [ -99.433062628796932, 19.56344080845 ], [ -99.435922669500016, 19.563433924175293 ], [ -99.438782708989308, 19.563426994588184 ], [ -99.44164274725685, 19.563420019688746 ], [ -99.444502784294698, 19.563412999477073 ], [ -99.447362820094867, 19.563405933953238 ], [ -99.450222854649397, 19.563398823117332 ], [ -99.453082887950359, 19.563391666969434 ], [ -99.450230380771586, 19.56610987732337 ], [ -99.447370298411343, 19.566116989222824 ], [ -99.444510214805376, 19.566124055803428 ], [ -99.441650129961673, 19.566131077065101 ], [ -99.438790043888133, 19.566138053007755 ], [ -99.435929956592787, 19.566144983631307 ], [ -99.43306986808355, 19.566151868935677 ], [ -99.430209778368408, 19.566158708920774 ], [ -99.427349687455319, 19.566165503586529 ], [ -99.424489595352242, 19.566172252932859 ], [ -99.421629502067148, 19.566178956959675 ], [ -99.418769407608011, 19.566185615666907 ], [ -99.415909311982759, 19.566192229054469 ], [ -99.413049215199393, 19.566198797122279 ], [ -99.410189117265858, 19.566205319870274 ], [ -99.407329018190097, 19.566211797298369 ], [ -99.404468917980125, 19.566218229406481 ], [ -99.401608816643858, 19.566224616194535 ], [ -99.398748714189281, 19.566230957662462 ], [ -99.395888610624368, 19.566237253810183 ], [ -99.393028505957062, 19.566243504637615 ], [ -99.390168400195321, 19.566249710144699 ], [ -99.387308293347132, 19.56625587033135 ], [ -99.384448185420453, 19.566261985197503 ], [ -99.381588076423242, 19.566268054743073 ], [ -99.378727966363456, 19.566274078967997 ], [ -99.375867855249069, 19.566280057872202 ], [ -99.373007743088039, 19.566285991455622 ], [ -99.370147629888336, 19.566291879718168 ], [ -99.367287515657907, 19.56629772265979 ], [ -99.36442740040475, 19.56630352028041 ], [ -99.361567284136783, 19.566309272579961 ], [ -99.358707166862018, 19.566314979558371 ], [ -99.355847048588387, 19.566320641215576 ], [ -99.352986929323862, 19.566326257551506 ], [ -99.3501268090764, 19.566331828566096 ], [ -99.347266687853974, 19.566337354259286 ], [ -99.344406565664542, 19.566342834630998 ], [ -99.341546442516076, 19.566348269681164 ], [ -99.338686318416535, 19.566353659409732 ], [ -99.33582619337389, 19.566359003816643 ], [ -99.332966067396086, 19.566364302901817 ], [ -99.330105940491094, 19.566369556665194 ], [ -99.327245812666888, 19.566374765106719 ], [ -99.327251283977063, 19.569085858110373 ], [ -99.330111459618408, 19.56908064888993 ], [ -99.332971634340453, 19.569075394340842 ], [ -99.335831808135254, 19.569070094463193 ], [ -99.338691980994824, 19.569064749257031 ], [ -99.34155215291122, 19.569059358722424 ], [ -99.344412323876469, 19.569053922859442 ], [ -99.347272493882585, 19.569048441668137 ], [ -99.350132662921638, 19.569042915148582 ], [ -99.352992830985656, 19.569037343300849 ], [ -99.355852998066666, 19.569031726124997 ], [ -99.358713164156697, 19.569026063621092 ], [ -99.361573329247804, 19.569020355789196 ], [ -99.364433493332001, 19.569014602629395 ], [ -99.36729365640133, 19.569008804141738 ], [ -99.370153818447847, 19.569002960326305 ], [ -99.373013979463565, 19.568997071183162 ], [ -99.375874139440526, 19.568991136712381 ], [ -99.378734298370773, 19.568985156914032 ], [ -99.381594456246333, 19.568979131788186 ], [ -99.384454613059233, 19.568973061334912 ], [ -99.387314768801531, 19.568966945554287 ], [ -99.390174923465253, 19.568960784446375 ], [ -99.393035077042427, 19.568954578011262 ], [ -99.395895229525095, 19.568948326249014 ], [ -99.398755380905286, 19.568942029159704 ], [ -99.401615531175054, 19.568935686743416 ], [ -99.404475680326414, 19.56892929900021 ], [ -99.407335828351435, 19.568922865930176 ], [ -99.410195975242104, 19.568916387533392 ], [ -99.41305612099049, 19.568909863809917 ], [ -99.415916265588621, 19.568903294759849 ], [ -99.418776409028538, 19.568896680383254 ], [ -99.421636551302271, 19.568890020680218 ], [ -99.424496692401846, 19.568883315650808 ], [ -99.427356832319319, 19.56887656529512 ], [ -99.430216971046718, 19.568869769613229 ], [ -99.433077108576072, 19.568862928605206 ], [ -99.435937244899435, 19.568856042271143 ], [ -99.438797380008822, 19.568849110611122 ], [ -99.441657513896274, 19.568842133625211 ], [ -99.444517646553848, 19.568835111313518 ], [ -99.447377777973557, 19.56882804367611 ], [ -99.450237908147429, 19.568820930713066 ], [ -99.44738525878158, 19.571539097312986 ], [ -99.444525079540171, 19.571546166007238 ], [ -99.441664899060783, 19.571553189368995 ], [ -99.438804717351431, 19.571560167398182 ], [ -99.435944534420045, 19.571567100094711 ], [ -99.433084350274612, 19.571573987458507 ], [ -99.430224164923061, 19.571580829489477 ], [ -99.427363978373393, 19.571587626187544 ], [ -99.424503790633565, 19.571594377552632 ], [ -99.421643601711523, 19.571601083584653 ], [ -99.418783411615252, 19.571607744283536 ], [ -99.41592322035271, 19.571614359649189 ], [ -99.413063027931841, 19.571620929681547 ], [ -99.410202834360661, 19.571627454380526 ], [ -99.407342639647069, 19.571633933746043 ], [ -99.404482443799097, 19.571640367778031 ], [ -99.401622246824658, 19.571646756476405 ], [ -99.39876204873174, 19.571653099841097 ], [ -99.3959018495283, 19.571659397872025 ], [ -99.393041649222312, 19.571665650569113 ], [ -99.390181447821718, 19.571671857932287 ], [ -99.387321245334505, 19.571678019961482 ], [ -99.384461041768645, 19.571684136656611 ], [ -99.381600837132069, 19.571690208017618 ], [ -99.378740631432777, 19.57169623404442 ], [ -99.375880424678726, 19.571702214736945 ], [ -99.373020216877862, 19.571708150095123 ], [ -99.37016000803817, 19.571714040118884 ], [ -99.367299798167593, 19.571719884808154 ], [ -99.36443958727412, 19.571725684162871 ], [ -99.361579375365707, 19.571731438182965 ], [ -99.358719162450299, 19.571737146868362 ], [ -99.355858948535911, 19.571742810218993 ], [ -99.352998733630457, 19.571748428234802 ], [ -99.350138517741925, 19.57175400091571 ], [ -99.347278300878273, 19.571759528261659 ], [ -99.344418083047486, 19.571765010272571 ], [ -99.341557864257496, 19.571770446948399 ], [ -99.338697644516287, 19.571775838289064 ], [ -99.335837423831833, 19.571781184294512 ], [ -99.332977202212078, 19.571786484964665 ], [ -99.330116979665007, 19.571791740299474 ], [ -99.327256756198565, 19.571796950298868 ], [ -99.327262229331453, 19.574508041672122 ], [ -99.330122500630964, 19.574502830893749 ], [ -99.332982771011032, 19.574497574773186 ], [ -99.335843040463715, 19.574492273310497 ], [ -99.338703308981025, 19.574486926505752 ], [ -99.341563576555004, 19.574481534358995 ], [ -99.344423843177694, 19.574476096870306 ], [ -99.347284108841123, 19.574470614039743 ], [ -99.350144373537333, 19.574465085867377 ], [ -99.353004637258337, 19.574459512353268 ], [ -99.355864899996206, 19.574453893497491 ], [ -99.358725161742939, 19.574448229300099 ], [ -99.361585422490577, 19.574442519761163 ], [ -99.364445682231178, 19.574436764880762 ], [ -99.367305940956754, 19.574430964658951 ], [ -99.370166198659334, 19.574425119095814 ], [ -99.373026455330972, 19.574419228191402 ], [ -99.375886710963712, 19.574413291945795 ], [ -99.378746965549553, 19.574407310359074 ], [ -99.381607219080564, 19.574401283431289 ], [ -99.384467471548732, 19.574395211162532 ], [ -99.387327722946154, 19.57438909355286 ], [ -99.390187973264815, 19.574382930602347 ], [ -99.393048222496773, 19.574376722311083 ], [ -99.395908470634055, 19.57437046867912 ], [ -99.398768717668702, 19.574364169706545 ], [ -99.401628963592742, 19.574357825393427 ], [ -99.404489208398218, 19.574351435739846 ], [ -99.407349452077142, 19.574345000745879 ], [ -99.410209694621585, 19.574338520411597 ], [ -99.413069936023547, 19.574331994737079 ], [ -99.415930176275097, 19.574325423722406 ], [ -99.418790415368235, 19.574318807367657 ], [ -99.421650653295018, 19.574312145672902 ], [ -99.424510890047472, 19.57430543863823 ], [ -99.42737112561764, 19.574298686263713 ], [ -99.430231359997535, 19.574291888549435 ], [ -99.433091593179213, 19.574285045495483 ], [ -99.435951825154717, 19.574278157101926 ], [ -99.438812055916074, 19.574271223368854 ], [ -99.441672285455283, 19.574264244296355 ], [ -99.444532513764429, 19.574257219884498 ], [ -99.441679673079861, 19.576975298407184 ], [ -99.438819395702822, 19.576982278523037 ], [ -99.43595911710355, 19.576989213292684 ], [ -99.433098837290032, 19.576996102716034 ], [ -99.43023855627024, 19.577002946793009 ], [ -99.427378274052131, 19.577009745523522 ], [ -99.424517990643679, 19.577016498907497 ], [ -99.421657706052827, 19.577023206944855 ], [ -99.418797420287575, 19.577029869635517 ], [ -99.415937133355882, 19.577036486979395 ], [ -99.413076845265692, 19.577043058976411 ], [ -99.410216556024977, 19.577049585626504 ], [ -99.40735626564171, 19.577056066929575 ], [ -99.404495974123861, 19.57706250288556 ], [ -99.401635681479391, 19.577068893494378 ], [ -99.39877538771627, 19.577075238755949 ], [ -99.395915092842458, 19.577081538670203 ], [ -99.393054796865911, 19.577087793237069 ], [ -99.390194499794617, 19.577094002456462 ], [ -99.38733420163652, 19.577100166328318 ], [ -99.384473902399606, 19.577106284852558 ], [ -99.381613602091846, 19.577112358029108 ], [ -99.378753300721172, 19.577118385857897 ], [ -99.375892998295569, 19.577124368338858 ], [ -99.373032694823024, 19.577130305471911 ], [ -99.370172390311467, 19.577136197256994 ], [ -99.367312084768898, 19.577142043694035 ], [ -99.364451778203261, 19.577147844782964 ], [ -99.361591470622514, 19.577153600523705 ], [ -99.358731162034644, 19.577159310916194 ], [ -99.355870852447623, 19.577164975960372 ], [ -99.353010541869381, 19.577170595656163 ], [ -99.350150230307918, 19.577176170003494 ], [ -99.347289917771192, 19.577181699002317 ], [ -99.344429604267162, 19.577187182652541 ], [ -99.3415692898038, 19.577192620954126 ], [ -99.338708974389064, 19.57719801390699 ], [ -99.335848658030955, 19.577203361511078 ], [ -99.332988340737373, 19.577208663766324 ], [ -99.330128022516362, 19.577213920672662 ], [ -99.327267703375824, 19.577219132230027 ], [ -99.327273178331708, 19.579930221972493 ], [ -99.330133545321246, 19.579925009636096 ], [ -99.332993911391213, 19.579919751943955 ], [ -99.33585427653361, 19.579914448896133 ], [ -99.338714640740534, 19.579909100492685 ], [ -99.341575004003971, 19.579903706733681 ], [ -99.344435366315963, 19.579898267619186 ], [ -99.347295727668552, 19.579892783149251 ], [ -99.35015608805378, 19.57988725332396 ], [ -99.353016447463659, 19.579881678143373 ], [ -99.355876805890219, 19.579876057607553 ], [ -99.358737163325529, 19.579870391716568 ], [ -99.361597519761574, 19.579864680470482 ], [ -99.364457875190425, 19.579858923869374 ], [ -99.367318229604095, 19.579853121913303 ], [ -99.37017858299464, 19.579847274602336 ], [ -99.37303893535406, 19.579841381936546 ], [ -99.375899286674411, 19.579835443916011 ], [ -99.37875963694772, 19.579829460540793 ], [ -99.381619986166015, 19.579823431810965 ], [ -99.384480334321339, 19.579817357726593 ], [ -99.387340681405732, 19.579811238287757 ], [ -99.390201027411209, 19.57980507349453 ], [ -99.393061372329811, 19.579798863346983 ], [ -99.395921716153566, 19.579792607845185 ], [ -99.398782058874531, 19.57978630698922 ], [ -99.401642400484704, 19.57977996077916 ], [ -99.404502740976142, 19.579773569215075 ], [ -99.407363080340872, 19.579767132297047 ], [ -99.410223418570922, 19.579760650025147 ], [ -99.413083755658349, 19.579754122399461 ], [ -99.415944091595151, 19.579747549420055 ], [ -99.418804426373384, 19.579740931087013 ], [ -99.421664759985063, 19.579734267400422 ], [ -99.424525092422272, 19.579727558360347 ], [ -99.427385423676967, 19.579720803966879 ], [ -99.430245753741261, 19.57971400422009 ], [ -99.433106082607125, 19.579707159120066 ], [ -99.435966410266616, 19.579700268666887 ], [ -99.438826736711775, 19.579693332860639 ], [ -99.44168706193463, 19.579686351701397 ], [ -99.438834078943046, 19.582404386381555 ], [ -99.435973704644027, 19.582411323224456 ], [ -99.433113329130578, 19.582418214707491 ], [ -99.430252952410669, 19.582425060830602 ], [ -99.427392574492259, 19.582431861593697 ], [ -99.424532195383321, 19.58243861699669 ], [ -99.421671815091827, 19.582445327039512 ], [ -99.41881143362572, 19.582451991722078 ], [ -99.415951050992987, 19.582458611044302 ], [ -99.413090667201601, 19.582465185006122 ], [ -99.410230282259519, 19.58247171360744 ], [ -99.407369896174686, 19.582478196848196 ], [ -99.40450950895513, 19.582484634728303 ], [ -99.401649120608752, 19.582491027247684 ], [ -99.398788731143554, 19.582497374406266 ], [ -99.395928340567508, 19.582503676203974 ], [ -99.393067948888543, 19.582509932640729 ], [ -99.390207556114675, 19.582516143716457 ], [ -99.387347162253846, 19.582522309431091 ], [ -99.38448676731403, 19.582528429784553 ], [ -99.38162637130317, 19.58253450477677 ], [ -99.378765974229267, 19.58254053440767 ], [ -99.37590557610028, 19.58254651867718 ], [ -99.373045176924165, 19.582552457585226 ], [ -99.370184776708896, 19.582558351131741 ], [ -99.367324375462445, 19.582564199316664 ], [ -99.364463973192784, 19.582570002139914 ], [ -99.361603569907842, 19.582575759601422 ], [ -99.358743165615635, 19.582581471701122 ], [ -99.355882760324107, 19.582587138438942 ], [ -99.353022354041244, 19.582592759814819 ], [ -99.350161946774975, 19.582598335828692 ], [ -99.347301538533287, 19.582603866480479 ], [ -99.344441129324167, 19.582609351770135 ], [ -99.341580719155573, 19.582614791697576 ], [ -99.338720308035448, 19.582620186262744 ], [ -99.335859895971794, 19.582625535465578 ], [ -99.332999482972568, 19.582630839306013 ], [ -99.330139069045714, 19.582636097783983 ], [ -99.327278654199233, 19.582641310899426 ], [ -99.327284130978398, 19.585352399010727 ], [ -99.330144593689823, 19.585347185116209 ], [ -99.333005055481522, 19.585341925852386 ], [ -99.33586551634555, 19.585336621219323 ], [ -99.338725976273935, 19.585331271217083 ], [ -99.341586435258691, 19.585325875845719 ], [ -99.34444689329186, 19.585320435105306 ], [ -99.347307350365483, 19.585314948995908 ], [ -99.350167806471589, 19.585309417517585 ], [ -99.353028261602191, 19.585303840670413 ], [ -99.355888715749344, 19.585298218454444 ], [ -99.358749168905064, 19.585292550869756 ], [ -99.361609621061405, 19.58528683791641 ], [ -99.364470072210381, 19.585281079594481 ], [ -99.36733052234402, 19.585275275904028 ], [ -99.370190971454349, 19.585269426845127 ], [ -99.373051419533439, 19.585263532417851 ], [ -99.375911866573276, 19.585257592622259 ], [ -99.378772312565914, 19.585251607458428 ], [ -99.381632757503382, 19.585245576926436 ], [ -99.384493201377722, 19.585239501026344 ], [ -99.387353644180948, 19.585233379758229 ], [ -99.3902140859051, 19.585227213122156 ], [ -99.393074526542222, 19.585221001118214 ], [ -99.395934966084312, 19.585214743746462 ], [ -99.39879540452344, 19.585208441006991 ], [ -99.401655841851635, 19.585202092899852 ], [ -99.40451627806091, 19.585195699425146 ], [ -99.407376713143293, 19.585189260582929 ], [ -99.410237147090825, 19.585182776373291 ], [ -99.413097579895549, 19.585176246796305 ], [ -99.415958011549492, 19.585169671852043 ], [ -99.418818442044696, 19.58516305154059 ], [ -99.42167887137316, 19.585156385862021 ], [ -99.424539299526955, 19.585149674816424 ], [ -99.427399726498081, 19.585142918403864 ], [ -99.430260152278592, 19.585136116624437 ], [ -99.433120576860503, 19.585129269478212 ], [ -99.43598100023587, 19.58512237696527 ], [ -99.435988297042243, 19.587833429889262 ], [ -99.433127825796987, 19.587840323432125 ], [ -99.430267353345101, 19.587847171601499 ], [ -99.427406879694516, 19.587853974397301 ], [ -99.424546404853217, 19.587860731819447 ], [ -99.421685928829191, 19.587867443867864 ], [ -99.418825451630383, 19.587874110542469 ], [ -99.415964973264749, 19.587880731843178 ], [ -99.413104493740292, 19.587887307769911 ], [ -99.410244013064968, 19.587893838322596 ], [ -99.407383531246722, 19.587900323501152 ], [ -99.404523048293555, 19.587906763305501 ], [ -99.401662564213424, 19.587913157735574 ], [ -99.398802079014288, 19.587919506791291 ], [ -99.395941592704119, 19.587925810472566 ], [ -99.393081105290889, 19.587932068779338 ], [ -99.390220616782571, 19.587938281711523 ], [ -99.387360127187122, 19.58794444926906 ], [ -99.384499636512516, 19.587950571451856 ], [ -99.381639144766737, 19.587956648259858 ], [ -99.378778651957717, 19.587962679692982 ], [ -99.375918158093469, 19.587968665751156 ], [ -99.373057663181925, 19.587974606434315 ], [ -99.370197167231083, 19.587980501742383 ], [ -99.367336670248875, 19.587986351675294 ], [ -99.3644761722433, 19.587992156232971 ], [ -99.361615673222317, 19.587997915415357 ], [ -99.358755173193899, 19.588003629222371 ], [ -99.355894672166016, 19.588009297653951 ], [ -99.353034170146614, 19.58801492071003 ], [ -99.350173667143679, 19.588020498390545 ], [ -99.347313163165197, 19.588026030695421 ], [ -99.344452658219112, 19.588031517624593 ], [ -99.341592152313396, 19.588036959178005 ], [ -99.338731645456022, 19.588042355355583 ], [ -99.335871137654948, 19.588047706157269 ], [ -99.333010628918174, 19.588053011582993 ], [ -99.330150119253645, 19.588058271632693 ], [ -99.327289608669318, 19.588063486306307 ], [ -99.327295087272049, 19.590774572786074 ], [ -99.330155645737236, 19.590769357333333 ], [ -99.333016203282583, 19.590764096497733 ], [ -99.335876759900074, 19.590758790279317 ], [ -99.338737315581795, 19.590753438678174 ], [ -99.341597870319745, 19.590748041694351 ], [ -99.344458424105966, 19.590742599327918 ], [ -99.347318976932499, 19.590737111578942 ], [ -99.350179528791344, 19.590731578447485 ], [ -99.353040079674557, 19.590725999933614 ], [ -99.355900629574165, 19.590720376037389 ], [ -99.358761178482197, 19.590714706758888 ], [ -99.36162172639068, 19.590708992098175 ], [ -99.364482273291642, 19.590703232055315 ], [ -99.367342819177125, 19.590697426630371 ], [ -99.375924450660946, 19.59067973806378 ], [ -99.378784992404789, 19.590673751111225 ], [ -99.381645533093305, 19.590667718776952 ], [ -99.384506072718523, 19.590661641061015 ], [ -99.387366611272469, 19.590655517963501 ], [ -99.390227148747158, 19.590649349484476 ], [ -99.393087685134645, 19.59064313562401 ], [ -99.395948220426973, 19.590636876382192 ], [ -99.398808754616141, 19.590630571759078 ], [ -99.401669287694205, 19.590624221754755 ], [ -99.404529819653177, 19.590617826369293 ], [ -99.407390350485102, 19.590611385602774 ], [ -99.410250880181991, 19.590604899455261 ], [ -99.413111408735901, 19.590598367926848 ], [ -99.415971936138845, 19.590591791017605 ], [ -99.418832462382866, 19.59058516872761 ], [ -99.421692987459991, 19.590578501056939 ], [ -99.424553511362234, 19.590571788005683 ], [ -99.427414034081664, 19.590565029573909 ], [ -99.430274555610282, 19.590558225761704 ], [ -99.433135075940129, 19.590551376569145 ], [ -99.430281759074234, 19.593269279104952 ], [ -99.427421189659626, 19.593276083933592 ], [ -99.424560619054105, 19.593282843375025 ], [ -99.421700047265674, 19.593289557429163 ], [ -99.41883947430226, 19.593296226095926 ], [ -99.415978900171879, 19.593302849375242 ], [ -99.413118324882475, 19.593309427267027 ], [ -99.410257748442021, 19.5933159597712 ], [ -99.407397170858488, 19.59332244688769 ], [ -99.404536592139848, 19.593328888616409 ], [ -99.401676012294075, 19.593335284957288 ], [ -99.398815431329126, 19.59334163591026 ], [ -99.395954849252973, 19.59334794147523 ], [ -99.393094266073604, 19.59335420165214 ], [ -99.390233681798961, 19.593360416440905 ], [ -99.387373096437031, 19.593366585841455 ], [ -99.36162778056655, 19.593420067964757 ], [ -99.358767184770045, 19.593425783479205 ], [ -99.355906587973919, 19.593431453604651 ], [ -99.353045990186132, 19.59343707834104 ], [ -99.350185391414655, 19.593442657688303 ], [ -99.347324791667475, 19.59344819164637 ], [ -99.34446419095255, 19.59345368021517 ], [ -99.341603589277852, 19.593459123394656 ], [ -99.338742986651354, 19.593464521184746 ], [ -99.335882383081, 19.593469873585384 ], [ -99.333021778574803, 19.593475180596496 ], [ -99.330161173140695, 19.593480442218034 ], [ -99.327300566786676, 19.593485658449925 ], [ -99.327306047213256, 19.596196743297778 ], [ -99.33016670146408, 19.596191526286709 ], [ -99.333027354794908, 19.596186263879215 ], [ -99.335888007197795, 19.596180956075361 ], [ -99.338748658664727, 19.59617560287521 ], [ -99.341609309187746, 19.596170204278824 ], [ -99.344469958758893, 19.596164760286268 ], [ -99.347330607370196, 19.596159270897605 ], [ -99.350191255013669, 19.59615373611291 ], [ -99.353051901681368, 19.59614815593223 ], [ -99.355912547365307, 19.596142530355646 ], [ -99.398822109153315, 19.596052699244741 ], [ -99.401682738013122, 19.596046347343101 ], [ -99.404543365753668, 19.596039950046762 ], [ -99.407403992366994, 19.596033507355809 ], [ -99.410264617845129, 19.596027019270313 ], [ -99.413125242180101, 19.596020485790341 ], [ -99.415985865363922, 19.596013906915992 ], [ -99.418846487388649, 19.596007282647324 ], [ -99.421707108246295, 19.596000612984426 ], [ -99.424567727928888, 19.595993897927382 ], [ -99.427428346428471, 19.595987137476261 ], [ -99.427435504388313, 19.598698190201812 ], [ -99.424574837986682, 19.598704951662654 ], [ -99.42171417040197, 19.598711667722647 ], [ -99.418853501642104, 19.598718338381705 ], [ -99.415992831715073, 19.59872496363975 ], [ -99.413132160628848, 19.598731543496708 ], [ -99.410271488391402, 19.5987380779525 ], [ -99.407410815010707, 19.598744567007046 ], [ -99.350197119588486, 19.598864813721207 ], [ -99.347336424040734, 19.598870349332568 ], [ -99.344475727525094, 19.598875839541108 ], [ -99.34161503004951, 19.598881284346767 ], [ -99.338754331621999, 19.598886683749477 ], [ -99.335893632250503, 19.59889203774917 ], [ -99.333032931942995, 19.598897346345783 ], [ -99.330172230707461, 19.598902609539255 ], [ -99.327311528551846, 19.598907827329523 ], [ -99.327317010802545, 19.601618910545074 ], [ -99.330177760870896, 19.601613691975587 ], [ -99.333038510019108, 19.601608427996098 ], [ -99.335899258239237, 19.601603118606697 ], [ -99.338760005523255, 19.601597763807444 ], [ -99.341620751863246, 19.601592363598385 ], [ -99.344481497251195, 19.601586917979596 ], [ -99.418860517062726, 19.601429393298975 ], [ -99.421721233732782, 19.601422721643715 ], [ -99.424581949227601, 19.601416004580752 ], [ -99.338765680368581, 19.604308843049019 ], [ -99.335904885164027, 19.604314198647867 ], [ -99.333044089023346, 19.604319508830084 ], [ -99.330183291954484, 19.604324773595589 ], [ -99.327322493965397, 19.604329992944336 ], [ -99.327327978040501, 19.607041074527213 ], [ -99.330188823958252, 19.607035854399196 ], [ -99.333049668955752, 19.607030588847628 ], [ -99.327333463027898, 19.609752155293616 ] ] } }
]
}
