<?xml version="1.0" encoding="UTF-8"?>
<kml xmlns="http://www.opengis.net/kml/2.2" xmlns:gx="http://www.google.com/kml/ext/2.2">
    <Document id="1">
        <Style id="4">
            <LineStyle id="5">
                <colorMode>normal</colorMode>
                <width>3</width>
            </LineStyle>
        </Style>
        <Placemark id="3">
            <name>route</name>
            <styleUrl>#4</styleUrl>
            <LineString id="2">
                <altitudeMode>clampToGround</altitudeMode>
                <coordinates>-99.4012545446781,19.422536712065757,0.0 -99.40411212319442,19.422530375856287,0.0 -99.40696970058902,19.422523994685665,0.0 -99.40982727685397,19.422517568553957,0.0 -99.4126848519813,19.42251109746124,0.0 -99.41554242596312,19.4225045814076,0.0 -99.4183999987915,19.422498020393103,0.0 -99.42125757045847,19.422491414417845,0.0 -99.42411514095613,19.422484763481876,0.0 -99.42697271027653,19.4224780675853,0.0 -99.42983027841176,19.422471326728182,0.0 -99.43268784535388,19.42246454091061,0.0 -99.4326950220599,19.425175643704666,0.0 -99.4298374077248,19.42518243054341,0.0 -99.42697979219648,19.42518917241494,0.0 -99.42412217548289,19.425195869319158,0.0 -99.42126455759197,19.425202521255997,0.0 -99.41840693853165,19.425209128225376,0.0 -99.41554931830983,19.425215690227212,0.0 -99.41269169693449,19.425222207261438,0.0 -99.40983407441351,19.42522867932797,0.0 -99.40697645075487,19.425235106426726,0.0 -99.40411882596648,19.425241488557628,0.0 -99.40126120005625,19.42524782572061,0.0 -99.39840357303216,19.425254117915596,0.0 -99.39554594490211,19.425260365142506,0.0 -99.39268831567404,19.425266567401266,0.0 -99.38983068535589,19.42527272469181,0.0 -99.38697305395557,19.42527883701405,0.0 -99.38411542148103,19.425284904367924,0.0 -99.3812577879402,19.42529092675336,0.0 -99.378400153341,19.42529690417028,0.0 -99.37269106346866,19.42801984610563,0.0 -99.37554874756341,19.42801395774006,0.0 -99.37840643061558,19.428008024399073,0.0 -99.38126411261725,19.428002046082728,0.0 -99.38412179356047,19.427996022791117,0.0 -99.38697947343732,19.42798995452429,0.0 -99.38983715223986,19.42798384128233,0.0 -99.39269482996016,19.42797768306531,0.0 -99.39555250659029,19.4279714798733,0.0 -99.39841018212232,19.42796523170638,0.0 -99.40126785654832,19.42795893856462,0.0 -99.40412552986034,19.427952600448087,0.0 -99.40698320205045,19.42794621735687,0.0 -99.40984087311074,19.427939789291035,0.0 -99.41269854303326,19.42793331625066,0.0 -99.41555621181008,19.42792679823583,0.0 -99.41841387943326,19.427920235246606,0.0 -99.42127154589488,19.42791362728309,0.0 -99.42412921118701,19.42790697434534,0.0 -99.42698687530171,19.42790027643344,0.0 -99.42984453823104,19.427893533547472,0.0 -99.43270219996708,19.427886745687516,0.0 -99.43270937907546,19.430597846859076,0.0 -99.42985166993057,19.43060463574027,0.0 -99.42699395959228,19.430611379640716,0.0 -99.42413624806855,19.43061807856032,0.0 -99.42127853536729,19.43062473249901,0.0 -99.41842082149644,19.430631341456703,0.0 -99.41556310646395,19.430637905433336,0.0 -99.41270539027774,19.430644424428806,0.0 -99.40984767294573,19.430650898443055,0.0 -99.40698995447588,19.430657327476002,0.0 -99.4041322348761,19.430663711527565,0.0 -99.40127451415434,19.43067005059767,0.0 -99.39841679231851,19.430676344686244,0.0 -99.39555906937659,19.430682593793218,0.0 -99.39270134533645,19.4306887979185,0.0 -99.38984362020608,19.43069495706203,0.0 -99.38698589399337,19.430701071223737,0.0 -99.38412816670628,19.430707140403534,0.0 -99.38127043835274,19.43071316460136,0.0 -99.37841270894067,19.43071914381715,0.0 -99.37555497847802,19.43072507805082,0.0 -99.3726972469727,19.4307309673023,0.0 -99.36983951443268,19.430736811571524,0.0 -99.3669878705674,19.43345373299593,0.0 -99.36984565155288,19.433447932836625,0.0 -99.37270343151148,19.43344208768822,0.0 -99.3755612104353,19.433436197550797,0.0 -99.37841898831635,19.433430262424427,0.0 -99.38127676514677,19.433424282309165,0.0 -99.38413454091857,19.4334182572051,0.0 -99.38699231562383,19.43341218711229,0.0 -99.38985008925461,19.433406072030813,0.0 -99.39270786180302,19.433399911960738,0.0 -99.39556563326107,19.433393706902145,0.0 -99.39842340362085,19.4333874568551,0.0 -99.40128117287442,19.43338116181969,0.0 -99.40413894101385,19.433374821795972,0.0 -99.40699670803122,19.433368436784036,0.0 -99.40985447391859,19.43336200678395,0.0 -99.412712238668,19.4333555317958,0.0 -99.41557000227155,19.433349011819647,0.0 -99.41842776472129,19.433342446855583,0.0 -99.42128552600929,19.433335836903677,0.0 -99.4241432861276,19.43332918196401,0.0 -99.42700104506832,19.433322482036665,0.0 -99.42985880282349,19.433315737121717,0.0 -99.43271655938518,19.433308947219246,0.0 -99.43557431474547,19.433302112329336,0.0 -99.43558154368122,19.43601321084995,0.0 -99.43272374089631,19.436020046767933,0.0 -99.42986593690988,19.43602683769171,0.0 -99.42700813172989,19.436033583621196,0.0 -99.42415032536427,19.43604028455631,0.0 -99.42129251782094,19.436046940496986,0.0 -99.41843470910786,19.43605355144313,0.0 -99.41557689923296,19.436060117394668,0.0 -99.41271908820414,19.436066638351523,0.0 -99.40986127602937,19.43607311431362,0.0 -99.40700346271657,19.436079545280876,0.0 -99.40414564827368,19.43608593125322,0.0 -99.40128783270865,19.436092272230567,0.0 -99.39843001602938,19.43609856821286,0.0 -99.39557219824381,19.4361048192,0.0 -99.39271437935989,19.436111025191934,0.0 -99.38985655938555,19.43611718618857,0.0 -99.38699873832874,19.436123302189852,0.0 -99.38414091619735,19.4361293731957,0.0 -99.38128309299938,19.43613539920604,0.0 -99.3784252687427,19.4361413802208,0.0 -99.37556744343527,19.43614731623991,0.0 -99.37270961708505,19.436153207263303,0.0 -99.36985178969994,19.436159053290904,0.0 -99.36699396128787,19.436164854322648,0.0 -99.36413613185681,19.436170610358463,0.0 -99.36128429828487,19.438887443638738,0.0 -99.36414217616169,19.438881731739993,0.0 -99.36700005302737,19.43887597483848,0.0 -99.36985792887394,19.438870172934276,0.0 -99.3727158036935,19.43886432602745,0.0 -99.37557367747809,19.438858434118053,0.0 -99.3784315502198,19.438852497206177,0.0 -99.38128942191068,19.438846515291882,0.0 -99.38414729254279,19.43884048837525,0.0 -99.38700516210821,19.438834416456334,0.0 -99.38986303059899,19.43882829953522,0.0 -99.3927208980072,19.43882213761198,0.0 -99.39557876432491,19.438815930686683,0.0 -99.39843662954418,19.4388096787594,0.0 -99.40129449365709,19.438803381830212,0.0 -99.40415235665567,19.438797039899192,0.0 -99.40701021853201,19.438790652966414,0.0 -99.40986807927818,19.438784221031955,0.0 -99.41272593888624,19.438777744095894,0.0 -99.41558379734825,19.438771222158298,0.0 -99.41844165465628,19.43876465521926,0.0 -99.42129951080238,19.438758043278842,0.0 -99.42415736577864,19.43875138633713,0.0 -99.4270152195771,19.438744684394205,0.0 -99.42987307218985,19.43873793745015,0.0 -99.43273092360893,19.438731145505034,0.0 -99.43558877382641,19.438724308558946,0.0 -99.43845390162952,19.44142852247435,0.0 -99.43559600518114,19.44143540545624,0.0 -99.43273810752314,19.441442243430465,0.0 -99.42988020866346,19.44144903639695,0.0 -99.42702230861002,19.441455784355615,0.0 -99.42416440737078,19.441462487306374,0.0 -99.42130650495366,19.441469145249147,0.0 -99.4184486013666,19.44147575818387,0.0 -99.41559069661753,19.44148232611045,0.0 -99.41273279071439,19.441488849028815,0.0 -99.40987488366513,19.441495326938877,0.0 -99.40701697547765,19.441501759840573,0.0 -99.4041590661599,19.441508147733817,0.0 -99.40130115571984,19.441514490618534,0.0 -99.39844324416536,19.441520788494653,0.0 -99.39558533150445,19.4415270413621,0.0 -99.39272741774501,19.441533249220797,0.0 -99.38986950289498,19.441539412070664,0.0 -99.38701158696232,19.441545529911643,0.0 -99.38415366995491,19.441551602743647,0.0 -99.38129575188074,19.441557630566617,0.0 -99.37843783274772,19.441563613380474,0.0 -99.3755799125638,19.441569551185143,0.0 -99.3727219913369,19.441575443980557,0.0 -99.36986406907496,19.441581291766642,0.0 -99.36700614578594,19.44158709454334,0.0 -99.36414822147773,19.441592852310574,0.0 -99.3612902961583,19.441598565068276,0.0 -99.35843236983558,19.441604232816378,0.0 -99.3555803464929,19.444320977871,0.0 -99.35843832126169,19.444315354287117,0.0 -99.36129629503502,19.444309685686797,0.0 -99.36415426780499,19.444303972070117,0.0 -99.36701223956368,19.444298213437133,0.0 -99.36987021030309,19.444292409787913,0.0 -99.37272818001534,19.444286561122542,0.0 -99.37558614869248,19.444280667441067,0.0 -99.37844411632655,19.444274728743576,0.0 -99.38130208290964,19.444268745030136,0.0 -99.3841600484338,19.444262716300813,0.0 -99.38701801289112,19.44425664255568,0.0 -99.38987597627363,19.44425052379481,0.0 -99.39273393857341,19.444244360018278,0.0 -99.39559189978252,19.444238151226156,0.0 -99.39844985989302,19.444231897418515,0.0 -99.40130781889698,19.444225598595434,0.0 -99.40416577678646,19.444219254756984,0.0 -99.40702373355353,19.444212865903243,0.0 -99.40988168919024,19.444206432034285,0.0 -99.41273964368868,19.44419995315019,0.0 -99.4155975970409,19.444193429251023,0.0 -99.41845554923894,19.444186860336877,0.0 -99.42131350027489,19.44418024640783,0.0 -99.42417145014082,19.444173587463947,0.0 -99.42702939882878,19.44416688350531,0.0 -99.42988734633083,19.444160134532016,0.0 -99.43274529263904,19.444153340544126,0.0 -99.43560323774548,19.444146501541727,0.0 -99.43846118164221,19.4441396175249,0.0 -99.43846846287255,19.44685071176352,0.0 -99.43561047151954,19.446857596815313,0.0 -99.43275247895671,19.446864436845917,0.0 -99.42989448519204,19.446871231855244,0.0 -99.42703649023342,19.446877981843212,0.0 -99.42417849408882,19.44688468680975,0.0 -99.42132049676616,19.446891346754764,0.0 -99.41846249827337,19.446897961678186,0.0 -99.4156044986184,19.446904531579925,0.0 -99.4127464978092,19.44691105645992,0.0 -99.40988849585366,19.446917536318082,0.0 -99.40703049275977,19.446923971154337,0.0 -99.40417248853544,19.446930360968604,0.0 -99.4013144831886,19.446936705760812,0.0 -99.3984564767272,19.44694300553089,0.0 -99.39559846915918,19.446949260278753,0.0 -99.39274046049248,19.44695547000433,0.0 -99.38988245073502,19.446961634707556,0.0 -99.38702443989473,19.446967754388346,0.0 -99.38416642797957,19.446973829046634,0.0 -99.38130841499748,19.446979858682337,0.0 -99.37845040095637,19.4469858432954,0.0 -99.3755923858642,19.44699178288575,0.0 -99.37273436972889,19.446997677453293,0.0 -99.3698763525584,19.44700352699799,0.0 -99.36701833436065,19.447009331519748,0.0 -99.36416031514356,19.447015091018514,0.0 -99.3613022949151,19.447020805494205,0.0 -99.35844427368322,19.44702647494677,0.0 -99.3555862514558,19.447032099376127,0.0 -99.35272822824082,19.44703767878222,0.0 -99.34987601506329,19.449754335529647,0.0 -99.35273408672464,19.44974880031493,0.0 -99.35559215740626,19.449743220070108,0.0 -99.35845022710025,19.44973759479525,0.0 -99.36130829579865,19.449731924490415,0.0 -99.36416636349352,19.44972620915568,0.0 -99.36702443017694,19.449720448791112,0.0 -99.36988249584097,19.44971464339677,0.0 -99.37274056047765,19.449708792972736,0.0 -99.37559862407905,19.449702897519078,0.0 -99.37845668663725,19.44969695703585,0.0 -99.38131474814432,19.449690971523143,0.0 -99.38417280859227,19.449684940981026,0.0 -99.38703086797322,19.449678865409552,0.0 -99.3898889262792,19.44967274480881,0.0 -99.39274698350229,19.44966657917887,0.0 -99.39560503963455,19.4496603685198,0.0 -99.39846309466802,19.449654112831684,0.0 -99.40132114859479,19.449647812114584,0.0 -99.4041792014069,19.449641466368586,0.0 -99.40703725309645,19.449635075593758,0.0 -99.40989530365545,19.449628639790173,0.0 -99.412753353076,19.449622158957915,0.0 -99.41561140135016,19.44961563309706,0.0 -99.41846944846998,19.449609062207692,0.0 -99.42132749442753,19.449602446289873,0.0 -99.42418553921488,19.44959578534369,0.0 -99.42704358282406,19.44958907936922,0.0 -99.42990162524717,19.449582328366546,0.0 -99.43275966647626,19.44957553233575,0.0 -99.4356177065034,19.449568691276916,0.0 -99.43847574532062,19.449561805190104,0.0 -99.441341114058,19.452265965648085,0.0 -99.43848302898654,19.452272897804576,0.0 -99.43562494269715,19.45227978492642,0.0 -99.43276685519776,19.452286627013528,0.0 -99.42990876649633,19.45229342406583,0.0 -99.42705067660079,19.452300176083234,0.0 -99.42419258551907,19.452306883065667,0.0 -99.42133449325911,19.452313545013048,0.0 -99.41847639982886,19.452320161925297,0.0 -99.41561830523625,19.452326733802334,0.0 -99.41276020948922,19.45233326064408,0.0 -99.4099021125957,19.452339742450466,0.0 -99.40704401456364,19.452346179221404,0.0 -99.40418591540096,19.452352570956823,0.0 -99.40132781511562,19.452358917656642,0.0 -99.39846971371554,19.452365219320797,0.0 -99.39561161120866,19.452371475949203,0.0 -99.39275350760295,19.45237768754179,0.0 -99.3898954029063,19.45238385409848,0.0 -99.38703729712667,19.4523899756192,0.0 -99.38417919027201,19.45239605210388,0.0 -99.38132108235023,19.45240208355245,0.0 -99.3784629733693,19.452408069964836,0.0 -99.37560486333713,19.452414011340963,0.0 -99.37274675226168,19.452419907680767,0.0 -99.36988864015086,19.452425758984166,0.0 -99.36703052701263,19.45243156525111,0.0 -99.36417241285494,19.452437326481512,0.0 -99.36131429768571,19.452443042675316,0.0 -99.35845618151288,19.452448713832446,0.0 -99.35559806434438,19.452454339952837,0.0 -99.35273994618817,19.452459921036418,0.0 -99.34988182705217,19.452465457083132,0.0 -99.34702370694431,19.452470948092905,0.0 -99.34417130386787,19.455187516451613,0.0 -99.34702947242236,19.455182069660356,0.0 -99.34988764001288,19.455176577825334,0.0 -99.35274580663149,19.455171040946603,0.0 -99.35560397227022,19.45516545902423,0.0 -99.35846213692116,19.45515983205828,0.0 -99.36132030057637,19.45515416004882,0.0 -99.36417846322789,19.455148442995934,0.0 -99.36703662486781,19.455142680899662,0.0 -99.36989478548817,19.455136873760093,0.0 -99.37275294508105,19.455131021577287,0.0 -99.37561110363848,19.455125124351312,0.0 -99.37846926115255,19.45511918208225,0.0 -99.38132741761532,19.455113194770163,0.0 -99.38418557301883,19.45510716241512,0.0 -99.38704372735516,19.4551010850172,0.0 -99.38990188061638,19.455094962576467,0.0 -99.39276003279451,19.455088795092998,0.0 -99.39561818388165,19.45508258256687,0.0 -99.39847633386987,19.455076324998142,0.0 -99.40133448275118,19.45507002238691,0.0 -99.40419263051768,19.455063674733236,0.0 -99.40705077716144,19.455057282037195,0.0 -99.4099089226745,19.455050844298864,0.0 -99.41276706704892,19.45504436151833,0.0 -99.41562521027676,19.455037833695645,0.0 -99.41848335235011,19.455031260830918,0.0 -99.421341493261,19.45502464292421,0.0 -99.4241996330015,19.455017979975597,0.0 -99.4270577715637,19.455011271985168,0.0 -99.42991590893959,19.45500451895299,0.0 -99.4327740451213,19.454997720879156,0.0 -99.43563218010087,19.454990877763745,0.0 -99.43849031387037,19.454983989606827,0.0 -99.44134844642184,19.4549770564085,0.0 -99.44135578001163,19.457688146356563,0.0 -99.43849759997222,19.457695080596768,0.0 -99.4356394187147,19.457701969788786,0.0 -99.432781236247,19.45770881393254,0.0 -99.42992305257708,19.45771561302794,0.0 -99.42706486771286,19.45772236707491,0.0 -99.42420668166227,19.457729076073377,0.0 -99.42134849443327,19.457735740023253,0.0 -99.4184903060338,19.457742358924456,0.0 -99.4156321164718,19.457748932776916,0.0 -99.41277392575519,19.457755461580547,0.0 -99.40991573389194,19.457761945335275,0.0 -99.40705754088994,19.457768384041024,0.0 -99.40419934675718,19.45777477769772,0.0 -99.40134115150157,19.457781126305274,0.0 -99.39848295513106,19.45778742986362,0.0 -99.39562475765358,19.45779368837269,0.0 -99.39276655907709,19.4577999018324,0.0 -99.3899083594095,19.457806070242675,0.0 -99.38705015865878,19.457812193603445,0.0 -99.38419195683285,19.457818271914647,0.0 -99.38133375393966,19.457824305176192,0.0 -99.37847554998713,19.457830293388014,0.0 -99.37561734498321,19.457836236550044,0.0 -99.37275913893585,19.457842134662208,0.0 -99.36990093185297,19.45784798772444,0.0 -99.36704272374253,19.45785379573667,0.0 -99.36418451461246,19.45785955869883,0.0 -99.3613263044707,19.45786527661084,0.0 -99.35846809332519,19.45787094947265,0.0 -99.35560988118385,19.45787657728418,0.0 -99.35275166805465,19.457882160045365,0.0 -99.34989345394553,19.457887697756146,0.0 -99.3470352388644,19.45789319041645,0.0 -99.34417702281921,19.457898638026215,0.0 -99.34131880581792,19.45790404058537,0.0 -99.33846621277844,19.460620520473793,0.0 -99.34132447822667,19.460615162160305,0.0 -99.34418274272667,19.46060975878939,0.0 -99.34704100627047,19.460604310361088,0.0 -99.34989926885015,19.460598816875482,0.0 -99.35275753045777,19.46059327833263,0.0 -99.35561579108537,19.4605876947326,0.0 -99.35847405072501,19.46058206607546,0.0 -99.36133230936878,19.460576392361272,0.0 -99.3641905670087,19.4605706735901,0.0 -99.36704882363688,19.46056490976203,0.0 -99.36990707924534,19.460559100877113,0.0 -99.37276533382617,19.46055324693543,0.0 -99.3756235873714,19.46054734793703,0.0 -99.37848183987309,19.460541403882015,0.0 -99.38134009132331,19.460535414770426,0.0 -99.38419834171414,19.460529380602352,0.0 -99.3870565910376,19.46052330137785,0.0 -99.3899148392858,19.46051717709701,0.0 -99.39277308645075,19.460511007759898,0.0 -99.39563133252454,19.460504793366585,0.0 -99.39848957749922,19.460498533917136,0.0 -99.40134782136685,19.460492229411646,0.0 -99.4042060641195,19.460485879850175,0.0 -99.40706430574922,19.4604794852328,0.0 -99.40992254624807,19.4604730455596,0.0 -99.41278078560812,19.460466560830646,0.0 -99.41563902382141,19.460460031046033,0.0 -99.41849726088003,19.460453456205816,0.0 -99.42135549677603,19.460446836310084,0.0 -99.42421373150145,19.460440171358915,0.0 -99.42707196504836,19.460433461352387,0.0 -99.42993019740884,19.46042670629058,0.0 -99.43278842857492,19.460419906173577,0.0 -99.43564665853869,19.460413061001454,0.0 -99.43850488729218,19.460406170774295,0.0 -99.44136311482748,19.46039923549219,0.0 -99.44422134113664,19.4603922551552,0.0 -99.44422872468235,19.463103342429584,0.0 -99.44137045086946,19.463110323815272,0.0 -99.43851217583035,19.46311726013933,0.0 -99.43565389957294,19.463124151401658,0.0 -99.43279562210516,19.463130997602182,0.0 -99.42993734343499,19.46313779874082,0.0 -99.42707906357032,19.463144554817493,0.0 -99.42422078251913,19.463151265832117,0.0 -99.42136250028933,19.46315793178461,0.0 -99.41850421688889,19.4631645526749,0.0 -99.41564593232573,19.463171128502903,0.0 -99.4127876466078,19.463177659268545,0.0 -99.40992935974303,19.463184144971745,0.0 -99.40707107173937,19.463190585612427,0.0 -99.40421278260476,19.463196981190514,0.0 -99.40135449234712,19.463203331705934,0.0 -99.39849620097442,19.463209637158602,0.0 -99.39563790849459,19.463215897548448,0.0 -99.39277961491558,19.463222112875403,0.0 -99.38992132024529,19.463228283139383,0.0 -99.38706302449171,19.463234408340327,0.0 -99.38420472766276,19.46324048847815,0.0 -99.38134642976638,19.463246523552787,0.0 -99.37848813081051,19.463252513564164,0.0 -99.37562983080309,19.46325845851221,0.0 -99.37277152975206,19.463264358396852,0.0 -99.36991322766536,19.46327021321803,0.0 -99.36705492455094,19.463276022975663,0.0 -99.36419662041673,19.46328178766968,0.0 -99.36133831527069,19.463287507300027,0.0 -99.35848000912074,19.463293181866618,0.0 -99.35562170197481,19.463298811369395,0.0 -99.35276339384087,19.463304395808297,0.0 -99.34990508472684,19.463309935183247,0.0 -99.34704677464067,19.463315429494184,0.0 -99.34418846359031,19.463320878741044,0.0 -99.34133015158368,19.46332628292376,0.0 -99.33847183862873,19.463331642042263,0.0 -99.3356135247334,19.463336956096498,0.0 -99.33275520990566,19.463342225086397,0.0 -99.3327607416668,19.466053347433096,0.0 -99.33561910400937,19.466048077651685,0.0 -99.3384774654194,19.466042762799173,0.0 -99.341335825889,19.466037402875617,0.0 -99.34419418541022,19.466031997881082,0.0 -99.3470525439751,19.46602654781564,0.0 -99.34991090157568,19.466021052679345,0.0 -99.35276925820406,19.466015512472264,0.0 -99.35562761385228,19.466009927194474,0.0 -99.35848596851241,19.466004296846027,0.0 -99.36134432217649,19.465998621426998,0.0 -99.3642026748366,19.465992900937454,0.0 -99.36706102648479,19.465987135377457,0.0 -99.36991937711312,19.465981324747084,0.0 -99.37277772671364,19.4659754690464,0.0 -99.3756360752784,19.465969568275472,0.0 -99.37849442279948,19.465963622434373,0.0 -99.38135276926893,19.465957631523178,0.0 -99.38421111467883,19.465951595541952,0.0 -99.3870694590212,19.465945514490762,0.0 -99.38992780228811,19.465939388369698,0.0 -99.39278614447166,19.46593321717882,0.0 -99.39564448556385,19.465927000918192,0.0 -99.39850282555676,19.46592073958791,0.0 -99.40136116444248,19.465914433188036,0.0 -99.40421950221302,19.465908081718645,0.0 -99.40707783886046,19.465901685179812,0.0 -99.40993617437688,19.465895243571612,0.0 -99.4127945087543,19.465888756894135,0.0 -99.41565284198481,19.46588222514744,0.0 -99.41851117406046,19.465875648331618,0.0 -99.42136950497331,19.465869026446732,0.0 -99.4242278347154,19.465862359492878,0.0 -99.42708616327883,19.46585564747013,0.0 -99.42994449065561,19.46584889037856,0.0 -99.43280281683784,19.465842088218256,0.0 -99.43566114181755,19.4658352409893,0.0 -99.43851946558681,19.465828348691762,0.0 -99.4413777881377,19.465821411325734,0.0 -99.44423610946224,19.4658144288913,0.0 -99.4442434954764,19.468525514540254,0.0 -99.44138512663226,19.468532498023468,0.0 -99.43852675656167,19.468539436431495,0.0 -99.4356683852726,19.468546329764276,0.0 -99.432810012773,19.468553178021704,0.0 -99.42995163907081,19.468559981203708,0.0 -99.42709326417395,19.468566739310205,0.0 -99.42423488809037,19.46857345234112,0.0 -99.42137651082801,19.468580120296362,0.0 -99.41851813239484,19.468586743175866,0.0 -99.41565975279876,19.468593320979544,0.0 -99.41280137204774,19.46859985370732,0.0 -99.40994299014972,19.46860634135912,0.0 -99.40708460711261,19.46861278393486,0.0 -99.40422622294439,19.468619181434466,0.0 -99.40136783765298,19.46862553385786,0.0 -99.39850945124633,19.468631841204974,0.0 -99.39565106373237,19.468638103475723,0.0 -99.39279267511907,19.468644320670037,0.0 -99.38993428541433,19.468650492787845,0.0 -99.38707589462612,19.468656619829073,0.0 -99.3842175027624,19.46866270179365,0.0 -99.38135910983107,19.468668738681497,0.0 -99.37850071584009,19.46867473049254,0.0 -99.3756423207974,19.468680677226715,0.0 -99.37278392471094,19.468686578883958,0.0 -99.36992552758866,19.468692435464177,0.0 -99.36706712943851,19.468698246967325,0.0 -99.3642087302684,19.46870401339332,0.0 -99.3613503300863,19.468709734742102,0.0 -99.35849192890015,19.46871541101359,0.0 -99.35563352671787,19.46872104220773,0.0 -99.35277512354742,19.468726628324443,0.0 -99.34991671939675,19.468732169363676,0.0 -99.34705831427377,19.468737665325357,0.0 -99.34419990818645,19.468743116209414,0.0 -99.34134150114272,19.46874852201579,0.0 -99.33848309315053,19.46875388274442,0.0 -99.33562468421782,19.46875919839524,0.0 -99.33276627435254,19.468764468968182,0.0 -99.3327718079629,19.471475589691572,0.0 -99.33563026535887,19.471470318327068,0.0 -99.33848872182219,19.471465001877917,0.0 -99.3413471773449,19.47145964034419,0.0 -99.34420563191908,19.47145423372594,0.0 -99.34706408553679,19.47144878202324,0.0 -99.34992253819009,19.471443285236155,0.0 -99.352780989871,19.471437743364746,0.0 -99.35563944057162,19.471432156409076,0.0 -99.35849789028399,19.47142652436922,0.0 -99.36135633900015,19.471420847245238,0.0 -99.3642147867122,19.4714151250372,0.0 -99.36707323341216,19.471409357745177,0.0 -99.36993167909209,19.471403545369228,0.0 -99.37279012374408,19.471397687909437,0.0 -99.37564856736016,19.47139178536586,0.0 -99.3785070099324,19.471385837738577,0.0 -99.38136545145285,19.471379845027656,0.0 -99.38422389191355,19.471373807233157,0.0 -99.3870823313066,19.47136772435517,0.0 -99.38994076962402,19.471361596393752,0.0 -99.3927992068579,19.471355423348985,0.0 -99.39565764300026,19.471349205220942,0.0 -99.39851607804317,19.471342942009695,0.0 -99.40137451197872,19.471336633715318,0.0 -99.40423294479893,19.47133028033788,0.0 -99.40709137649587,19.471323881877474,0.0 -99.40994980706161,19.471317438334157,0.0 -99.41280823648817,19.47131094970802,0.0 -99.41566666476767,19.47130441599912,0.0 -99.4185250918921,19.471297837207562,0.0 -99.42138351785357,19.47129121333341,0.0 -99.4242419426441,19.471284544376733,0.0 -99.42710036625579,19.47127783033763,0.0 -99.42995878868065,19.471271071216165,0.0 -99.43281720991078,19.471264267012433,0.0 -99.4356756299382,19.4712574177265,0.0 -99.438534048755,19.471250523358453,0.0 -99.44139246635322,19.47124358390838,0.0 -99.44425088272492,19.471236599376358,0.0 -99.44710929786217,19.471229569762468,0.0 -99.44711673388056,19.473940652730008,0.0 -99.44425827120791,19.473947683399512,0.0 -99.44139980730071,19.47395466898038,0.0 -99.43854134216691,19.473961609472525,0.0 -99.43568287581444,19.473968504875877,0.0 -99.43282440825124,19.473975355190344,0.0 -99.42996593948526,19.473982160415844,0.0 -99.42710746952443,19.473988920552298,0.0 -99.42424899837671,19.473995635599636,0.0 -99.42139052605005,19.474002305557757,0.0 -99.41853205255235,19.4740089304266,0.0 -99.4156735778916,19.47401551020608,0.0 -99.41281510207571,19.474022044896117,0.0 -99.40995662511266,19.474028534496632,0.0 -99.40709814701036,19.47403497900756,0.0 -99.40423966777675,19.474041378428804,0.0 -99.40138118741979,19.474047732760308,0.0 -99.39852270594743,19.474054042001978,0.0 -99.39566422336759,19.474060306153756,0.0 -99.39280573968821,19.47406652521556,0.0 -99.38994725491726,19.47407269918731,0.0 -99.38708876906267,19.47407882806894,0.0 -99.38423028213239,19.47408491186038,0.0 -99.38137179413435,19.474090950561553,0.0 -99.3785133050765,19.474096944172388,0.0 -99.37565481496678,19.47410289269281,0.0 -99.37279632381312,19.474108796122746,0.0 -99.36993783162349,19.47411465446214,0.0 -99.36707933840583,19.47412046771091,0.0 -99.36422084416806,19.474126235868994,0.0 -99.36136234891814,19.474131958936315,0.0 -99.35850385266401,19.474137636912815,0.0 -99.35564535541361,19.474143269798418,0.0 -99.35278685717489,19.474148857593065,0.0 -99.34992835795579,19.47415440029668,0.0 -99.34706985776424,19.474159897909203,0.0 -99.34421135660821,19.47416535043057,0.0 -99.34135285449563,19.474170757860712,0.0 -99.33849435143442,19.47417612019957,0.0 -99.33563584743256,19.47418143744707,0.0 -99.33277734249798,19.47418670960316,0.0 -99.32991883663861,19.474191936667776,0.0 -99.32992432455184,19.476903056552317,0.0 -99.33278287795784,19.47689782870286,0.0 -99.33564143043897,19.47689255575516,0.0 -99.33849998198733,19.476887237709274,0.0 -99.34135853259494,19.476881874565265,0.0 -99.34421708225388,19.4768764663232,0.0 -99.34707563095618,19.476871012983146,0.0 -99.34993417869393,19.476865514545153,0.0 -99.35279272545915,19.476859971009304,0.0 -99.35565127124393,19.476854382375656,0.0 -99.35850981604031,19.47684874864428,0.0 -99.36136835984034,19.47684306981524,0.0 -99.36422690263608,19.476837345888597,0.0 -99.3670854444196,19.47683157686443,0.0 -99.36994398518294,19.476825762742802,0.0 -99.37280252491816,19.47681990352379,0.0 -99.37566106361731,19.47681399920745,0.0 -99.37851960127246,19.476808049793863,0.0 -99.38137813787567,19.476802055283095,0.0 -99.38423667341898,19.476796015675216,0.0 -99.38709520789446,19.476789930970305,0.0 -99.38995374129416,19.476783801168427,0.0 -99.39281227361013,19.47677762626965,0.0 -99.39567080483444,19.476771406274064,0.0 -99.39852933495914,19.476765141181733,0.0 -99.40138786397628,19.47675883099273,0.0 -99.40424639187792,19.476752475707134,0.0 -99.40710491865612,19.476746075325014,0.0 -99.40996344430295,19.476739629846456,0.0 -99.41282196881043,19.47673313927153,0.0 -99.41568049217067,19.476726603600316,0.0 -99.41853901437567,19.476720022832886,0.0 -99.42139753541751,19.476713396969327,0.0 -99.42425605528827,19.476706726009713,0.0 -99.42711457397996,19.476700009954122,0.0 -99.4299730914847,19.476693248802643,0.0 -99.43283160779448,19.47668644255534,0.0 -99.43569012290139,19.476679591212307,0.0 -99.43854863679749,19.47667269477362,0.0 -99.44140714947483,19.476665753239363,0.0 -99.44426566092545,19.476658766609617,0.0 -99.44712417114144,19.476651734884463,0.0 -99.44999016616948,19.47935573834283,0.0 -99.44713160964491,19.479362816225755,0.0 -99.44427305187764,19.479369849006584,0.0 -99.44141449287562,19.479376836685244,0.0 -99.43855593264682,19.47938377926164,0.0 -99.43569737119917,19.479390676735694,0.0 -99.4328388085406,19.479397529107334,0.0 -99.42998024467906,19.479404336376465,0.0 -99.4271216796225,19.479411098543007,0.0 -99.42426311337887,19.479417815606894,0.0 -99.42140454595611,19.479424487568025,0.0 -99.41854597736214,19.479431114426333,0.0 -99.41568740760493,19.47943769618174,0.0 -99.41282883669243,19.47944423283417,0.0 -99.40997026463256,19.47945072438353,0.0 -99.40711169143329,19.479457170829757,0.0 -99.40425311710254,19.479463572172772,0.0 -99.40139454164826,19.479469928412502,0.0 -99.3985359650784,19.47947623954886,0.0 -99.39567738740091,19.47948250558178,0.0 -99.39281880862372,19.479488726511185,0.0 -99.38996022875476,19.479494902337002,0.0 -99.38710164780203,19.479501033059154,0.0 -99.3842430657734,19.479507118677578,0.0 -99.38138448267688,19.47951315919219,0.0 -99.37852589852038,19.479519154602926,0.0 -99.37566731331185,19.47952510490971,0.0 -99.37280872705924,19.479531010112467,0.0 -99.3699501397705,19.47953687021114,0.0 -99.36709155145354,19.479542685205654,0.0 -99.36423296211633,19.47954845509593,0.0 -99.36137437176681,19.479554179881912,0.0 -99.35851578041296,19.479559859563523,0.0 -99.35565718806265,19.4795654941407,0.0 -99.3527985947239,19.479571083613383,0.0 -99.34994000040459,19.47957662798149,0.0 -99.3470814051127,19.47958212724497,0.0 -99.34422280885617,19.479587581403745,0.0 -99.34136421164295,19.479592990457757,0.0 -99.33850561348096,19.47959835440695,0.0 -99.33564701437818,19.479603673251237,0.0 -99.33278841434253,19.479608946990577,0.0 -99.32992981338197,19.479614175624892,0.0 -99.32993530312906,19.482325293885427,0.0 -99.33279395165215,19.482320064466208,0.0 -99.33565259925025,19.48231478993521,0.0 -99.33851124591541,19.48230947029249,0.0 -99.34136989163972,19.482304105538095,0.0 -99.34422853641517,19.48229869567211,0.0 -99.34708718023386,19.482293240694585,0.0 -99.34994582308784,19.482287740605596,0.0 -99.35280446496914,19.482282195405194,0.0 -99.35566310586985,19.482276605093464,0.0 -99.35852174578201,19.482270969670452,0.0 -99.36138038469767,19.482265289136237,0.0 -99.3642390226089,19.48225956349089,0.0 -99.36709765950773,19.482253792734465,0.0 -99.36995629538623,19.48224797686705,0.0 -99.37281493023647,19.482242115888695,0.0 -99.37567356405049,19.48223620979948,0.0 -99.37853219682033,19.482230258599472,0.0 -99.38139082853807,19.482224262288746,0.0 -99.38424945919576,19.48221822086737,0.0 -99.38710808878544,19.482212134335413,0.0 -99.38996671729917,19.48220600269295,0.0 -99.39282534472903,19.482199825940057,0.0 -99.39568397106706,19.482193604076805,0.0 -99.3985425963053,19.48218733710327,0.0 -99.40140122043582,19.482181025019518,0.0 -99.40425984345067,19.482174667825632,0.0 -99.40711846534191,19.482168265521693,0.0 -99.40997708610159,19.48216181810776,0.0 -99.41283570572178,19.48215532558393,0.0 -99.41569432419452,19.482148787950262,0.0 -99.41855294151186,19.48214220520684,0.0 -99.42141155766588,19.48213557735375,0.0 -99.42427017264862,19.482128904391065,0.0 -99.42712878645212,19.482122186318858,0.0 -99.42998739906845,19.48211542313722,0.0 -99.43284601048968,19.482108614846226,0.0 -99.43570462070785,19.482101761445954,0.0 -99.43856322971502,19.482094862936492,0.0 -99.44142183750323,19.48208791931792,0.0 -99.44428044406456,19.48208093059032,0.0 -99.44713904939105,19.482073896753768,0.0 -99.44999765347478,19.482066817808363,0.0 -99.45000514203079,19.48477789646049,0.0 -99.44714649037999,19.484784976468422,0.0 -99.44428783748633,19.48479201136072,0.0 -99.44142918335773,19.484799001137304,0.0 -99.43857052800216,19.484805945798083,0.0 -99.43571187142754,19.48481284534298,0.0 -99.43285321364182,19.484819699771922,0.0 -99.42999455465296,19.48482650908481,0.0 -99.42713589446889,19.48483327328157,0.0 -99.42427723309756,19.484839992362136,0.0 -99.42141857054693,19.48484666632641,0.0 -99.41855990682491,19.484853295174315,0.0 -99.41570124193949,19.484859878905773,0.0 -99.41284257589858,19.48486641752071,0.0 -99.40998390871013,19.484872911019053,0.0 -99.4071252403821,19.484879359400708,0.0 -99.40426657092243,19.48488576266561,0.0 -99.40140790033904,19.48489212081369,0.0 -99.39854922863992,19.48489843384485,0.0 -99.39569055583299,19.48490470175904,0.0 -99.3928318819262,19.484910924556168,0.0 -99.3899732069275,19.484917102236174,0.0 -99.38711453084481,19.484923234798966,0.0 -99.3842558536861,19.484929322244486,0.0 -99.38139717545931,19.48493536457266,0.0 -99.3785384961724,19.48494136178341,0.0 -99.37567981583328,19.484947313876667,0.0 -99.37282113444992,19.48495322085236,0.0 -99.36996245203026,19.484959082710425,0.0 -99.36710376858225,19.484964899450784,0.0 -99.36424508411385,19.48497067107338,0.0 -99.36138639863296,19.484976397578123,0.0 -99.35852771214758,19.484982078964965,0.0 -99.3556690246656,19.484987715233828,0.0 -99.352810336195,19.484993306384645,0.0 -99.34995164674373,19.48499885241736,0.0 -99.34709295631974,19.485004353331895,0.0 -99.34423426493093,19.48500980912819,0.0 -99.34137557258529,19.485015219806176,0.0 -99.33851687929075,19.485020585365792,0.0 -99.33565818505527,19.48502590580698,0.0 -99.33279948988677,19.485031181129667,0.0 -99.32994079379321,19.485036411333795,0.0 -99.32994628537448,19.487747527969923,0.0 -99.33280502904644,19.48774229698086,0.0 -99.33566377179328,19.487737020866458,0.0 -99.33852251360703,19.487731699626792,0.0 -99.34138125447977,19.487726333261914,0.0 -99.34423999440354,19.4877209217719,0.0 -99.34709873337039,19.487715465156807,0.0 -99.34995747137238,19.4877099634167,0.0 -99.35281620840155,19.487704416551647,0.0 -99.35567494444997,19.48769882456172,0.0 -99.35853367950969,19.487693187446972,0.0 -99.36139241357276,19.48768750520748,0.0 -99.36425114663125,19.487681777843306,0.0 -99.3671098786772,19.48767600535452,0.0 -99.36996860970264,19.48767018774119,0.0 -99.37282733969967,19.487664325003394,0.0 -99.37568606866031,19.48765841714118,0.0 -99.37854479657663,19.487652464154646,0.0 -99.3814035234407,19.48764646604384,0.0 -99.38426224924451,19.487640422808845,0.0 -99.38712097398019,19.487634334449734,0.0 -99.38997969763976,19.487628200966572,0.0 -99.39283842021528,19.48762202235944,0.0 -99.39569714169879,19.4876157986284,0.0 -99.39855586208236,19.487609529773536,0.0 -99.40141458135804,19.48760321579492,0.0 -99.40427329951787,19.487596856692623,0.0 -99.40713201655393,19.487590452466723,0.0 -99.40999073245825,19.48758400311731,0.0 -99.4128494472229,19.487577508644435,0.0 -99.41570816083994,19.487570969048193,0.0 -99.4185668733014,19.48756438432866,0.0 -99.42142558459935,19.487557754485906,0.0 -99.42428429472584,19.487551079520017,0.0 -99.42714300367292,19.487544359431066,0.0 -99.43000171143267,19.487537594219148,0.0 -99.43286041799712,19.487530783884328,0.0 -99.43571912335831,19.48752392842669,0.0 -99.43857782750833,19.48751702784632,0.0 -99.4414365304392,19.48751008214329,0.0 -99.44429523214302,19.4875030913177,0.0 -99.4471539326118,19.487496055369615,0.0 -99.45001263183761,19.48748897429913,0.0 -99.45287886845313,19.49019292406202,0.0 -99.45002012289537,19.490200051324184,0.0 -99.44716137608658,19.49020713345725,0.0 -99.44430262803475,19.490214170461154,0.0 -99.44144387874778,19.490221162335793,0.0 -99.43858512823364,19.490228109081094,0.0 -99.43572637650028,19.49023501069697,0.0 -99.43286762355565,19.490241867183343,0.0 -99.43000886940769,19.490248678540127,0.0 -99.42715011406432,19.490255444767243,0.0 -99.42429135753352,19.490262165864607,0.0 -99.42143259982322,19.490268841832144,0.0 -99.41857384094139,19.49027547266978,0.0 -99.41571508089595,19.49028205837742,0.0 -99.41285631969485,19.490288598955,0.0 -99.40999755734605,19.490295094402434,0.0 -99.40713879385748,19.49030154471965,0.0 -99.4042800292371,19.490307949906562,0.0 -99.40142126349286,19.49031430996311,0.0 -99.39856249663269,19.490320624889208,0.0 -99.39570372866454,19.490326894684774,0.0 -99.39284495959635,19.490333119349753,0.0 -99.3899861894361,19.490339298884056,0.0 -99.3871274181917,19.490345433287608,0.0 -99.38426864587112,19.49035152256035,0.0 -99.38140987248228,19.490357566702198,0.0 -99.37855109803316,19.49036356571308,0.0 -99.37569232253166,19.490369519592928,0.0 -99.3728335459858,19.49037542834167,0.0 -99.36997476840345,19.490381291959245,0.0 -99.36711598979261,19.490387110445567,0.0 -99.3642572101612,19.490392883800578,0.0 -99.36139842951717,19.490398612024194,0.0 -99.35853964786847,19.490404295116374,0.0 -99.35568086522305,19.490409933077032,0.0 -99.35282208158885,19.490415525906098,0.0 -99.34996329697383,19.49042107360352,0.0 -99.34710451138591,19.490426576169217,0.0 -99.34424572483306,19.49043203360314,0.0 -99.34138693732324,19.490437445905204,0.0 -99.33852814886434,19.490442813075358,0.0 -99.33566935946438,19.49044813511354,0.0 -99.33281056913125,19.49045341201968,0.0 -99.32995177787294,19.49045864379371,0.0 -99.32995727128863,19.493169758805063,0.0 -99.33281611014125,19.49316452624604,0.0 -99.33567494806861,19.493159248548135,0.0 -99.33853378506275,19.49315392571142,0.0 -99.34139262111573,19.493148557735953,0.0 -99.34425145621958,19.49314314462181,0.0 -99.34711029036637,19.493137686369046,0.0 -99.34996912354816,19.493132182977725,0.0 -99.35282795575698,19.49312663444791,0.0 -99.35568678698489,19.493121040779673,0.0 -99.35854561722397,19.493115401973082,0.0 -99.36140444646624,19.493109718028197,0.0 -99.36426327470376,19.49310398894509,0.0 -99.36712210192859,19.493098214723826,0.0 -99.36998092813278,19.49309239536448,0.0 -99.37283975330838,19.493086530867117,0.0 -99.37569857744744,19.493080621231808,0.0 -99.37855740054202,19.493074666458618,0.0 -99.38141622258416,19.493068666547625,0.0 -99.38427504356594,19.493062621498893,0.0 -99.38713386347939,19.493056531312504,0.0 -99.38999268231656,19.49305039598853,0.0 -99.39285150006951,19.493044215527032,0.0 -99.3957103167303,19.493037989928084,0.0 -99.39856913229097,19.493031719191777,0.0 -99.4014279467436,19.49302540331817,0.0 -99.40428676008021,19.493019042307346,0.0 -99.40714557229286,19.49301263615937,0.0 -99.4100043833736,19.49300618487433,0.0 -99.41286319331451,19.4929996884523,0.0 -99.41572200210761,19.492993146893355,0.0 -99.41858080974498,19.492986560197576,0.0 -99.42143961621865,19.49297992836504,0.0 -99.42429842152069,19.492973251395817,0.0 -99.42715722564314,19.492966529289994,0.0 -99.43001602857807,19.492959762047654,0.0 -99.43287483031752,19.49295294966888,0.0 -99.43573363085352,19.492946092153744,0.0 -99.43859243017818,19.492939189502327,0.0 -99.44145122828351,19.49293224171472,0.0 -99.44431002516157,19.492925248790996,0.0 -99.44716882080442,19.492918210731247,0.0 -99.45002761520412,19.49291112753555,0.0 -99.45288640835271,19.49290399920399,0.0 -99.45289394951133,19.49561507353216,0.0 -99.45003510876397,19.495622202933145,0.0 -99.44717626676542,19.495629287191495,0.0 -99.44431742352363,19.495636326307128,0.0 -99.44145857904651,19.495643320279967,0.0 -99.43859973334203,19.49565026910992,0.0 -99.43574088641815,19.495657172796903,0.0 -99.4328820382828,19.49566403134084,0.0 -99.43002318894393,19.49567084474165,0.0 -99.4271643384095,19.49567761299924,0.0 -99.42430548668744,19.49568433611355,0.0 -99.4214466337857,19.495691014084482,0.0 -99.41858777971227,19.49569764691196,0.0 -99.41572892447502,19.49570423459591,0.0 -99.41287006808196,19.49571077713626,0.0 -99.41001121054101,19.495717274532918,0.0 -99.40715235186013,19.495723726785812,0.0 -99.40429349204726,19.495730133894867,0.0 -99.40143463111035,19.495736495860008,0.0 -99.39857576905733,19.495742812681154,0.0 -99.3957169058962,19.495749084358238,0.0 -99.39285804163484,19.495755310891173,0.0 -99.38999917628125,19.495761492279897,0.0 -99.38714030984335,19.49576762852433,0.0 -99.38428144232908,19.495773719624403,0.0 -99.38142257374643,19.49577976558004,0.0 -99.37856370410331,19.495785766391172,0.0 -99.37570483340768,19.49579172205773,0.0 -99.3728459616675,19.495797632579634,0.0 -99.36998708889068,19.49580349795682,0.0 -99.3671282150852,19.495809318189217,0.0 -99.36426934025901,19.495815093276764,0.0 -99.36141046442005,19.49582082321938,0.0 -99.35855158757627,19.495826508016997,0.0 -99.3556927097356,19.495832147669553,0.0 -99.35283383090601,19.49583774217698,0.0 -99.34997495109545,19.495843291539213,0.0 -99.34711607031184,19.49584879575619,0.0 -99.34425718856316,19.495854254827833,0.0 -99.34139830585734,19.495859668754083,0.0 -99.33853942220233,19.495865037534877,0.0 -99.33568053760608,19.495870361170155,0.0 -99.33282165207655,19.495875639659847,0.0 -99.32996276562166,19.495880873003895,0.0 -99.32996826087208,19.4985919863901,0.0 -99.33282719493717,19.498586752261005,0.0 -99.33568612807683,19.4985814729795,0.0 -99.33854506028314,19.498576148545638,0.0 -99.34140399154813,19.498570778959483,0.0 -99.34426292186386,19.498565364221097,0.0 -99.34712185122238,19.498559904330556,0.0 -99.34998077961576,19.498554399287904,0.0 -99.35283970703601,19.49854884909322,0.0 -99.35569863347523,19.498543253746575,0.0 -99.35855755892544,19.498537613248025,0.0 -99.36141648337869,19.498531927597643,0.0 -99.36427540682705,19.498526196795495,0.0 -99.36713432926256,19.498520420841647,0.0 -99.36999325067727,19.49851459973617,0.0 -99.37285217106323,19.49850873347912,0.0 -99.3757110904125,19.498502822070595,0.0 -99.37857000871712,19.498496865510646,0.0 -99.38142892596916,19.498490863799343,0.0 -99.38428784216065,19.49848481693677,0.0 -99.38714675728366,19.498478724922983,0.0 -99.39000567133023,19.498472587758066,0.0 -99.39286458429241,19.498466405442084,0.0 -99.39572349616228,19.498460177975115,0.0 -99.39858240693185,19.498453905357238,0.0 -99.40144131659319,19.498447587588522,0.0 -99.40430022513836,19.49844122466904,0.0 -99.4071591325594,19.498434816598866,0.0 -99.41001803884836,19.49842836337809,0.0 -99.4128769439973,19.49842186500677,0.0 -99.41573584799828,19.498415321485002,0.0 -99.41859475084333,19.49840873281284,0.0 -99.42145365252452,19.498402098990386,0.0 -99.42431255303389,19.498395420017708,0.0 -99.42717145236348,19.49838869589488,0.0 -99.43003035050538,19.498381926622002,0.0 -99.4328892474516,19.498375112199135,0.0 -99.43574814319422,19.498368252626364,0.0 -99.43860703772529,19.49836134790377,0.0 -99.44146593103686,19.49835439803145,0.0 -99.44432482312097,19.49834740300946,0.0 -99.44718371396968,19.498340362837904,0.0 -99.45004260357504,19.498333277516863,0.0 -99.45290149192911,19.498326147046413,0.0 -99.45576037902393,19.49831897142665,0.0 -99.4557679703155,19.50103004305063,0.0 -99.45290903560611,19.501037219746667,0.0 -99.4500500996374,19.501044351286613,0.0 -99.44719116241728,19.501051437670377,0.0 -99.44433222395372,19.50105847889789,0.0 -99.44147328425467,19.501065474969053,0.0 -99.43861434332807,19.501072425883795,0.0 -99.43575540118186,19.501079331642018,0.0 -99.43289645782401,19.50108619224365,0.0 -99.43003751326248,19.501093007688617,0.0 -99.42717856750518,19.501099777976822,0.0 -99.42431962056007,19.501106503108193,0.0 -99.42146067243512,19.501113183082655,0.0 -99.41860172313825,19.50111981790011,0.0 -99.41574277267743,19.501126407560502,0.0 -99.41288382106062,19.501132952063735,0.0 -99.41002486829572,19.501139451409745,0.0 -99.40716591439073,19.501145905598445,0.0 -99.40430695935358,19.501152314629763,0.0 -99.40144800319221,19.501158678503614,0.0 -99.39858904591458,19.50116499721994,0.0 -99.39573008752863,19.501171270778645,0.0 -99.39287112804233,19.501177499179672,0.0 -99.39001216746361,19.50118368242293,0.0 -99.38715320580042,19.50118982050837,0.0 -99.3842942430607,19.50119591343589,0.0 -99.38143527925243,19.50120196120544,0.0 -99.37857631438351,19.501207963816935,0.0 -99.37571734846193,19.501213921270306,0.0 -99.37285838149565,19.501219833565493,0.0 -99.36999941349258,19.50122570070241,0.0 -99.36714044446069,19.501231522680996,0.0 -99.36428147440792,19.501237299501184,0.0 -99.36142250334223,19.501243031162893,0.0 -99.35856353127156,19.501248717666073,0.0 -99.35570455820385,19.50125435901064,0.0 -99.35284558414709,19.501259955196534,0.0 -99.34998660910918,19.50126550622369,0.0 -99.3471276330981,19.50127101209204,0.0 -99.34426865612178,19.501276472801518,0.0 -99.34140967818819,19.501281888352057,0.0 -99.33855069930526,19.5012872587436,0.0 -99.33569171948095,19.50129258397607,0.0 -99.33283273872321,19.501297864049423,0.0 -99.32997375703998,19.501303098963575,0.0 -99.3299792541254,19.504014210724247,0.0 -99.33283828343473,19.504008975024995,0.0 -99.3356973118185,19.504003694159785,0.0 -99.33855633926876,19.50399836812867,0.0 -99.34141536577758,19.50399299693172,0.0 -99.34427439133698,19.503987580568992,0.0 -99.34713341593904,19.503982119040565,0.0 -99.34999243957579,19.50397661234648,0.0 -99.35285146223927,19.503971060486826,0.0 -99.35571048392157,19.50396546346166,0.0 -99.3585695046147,19.503959821271042,0.0 -99.36142852431075,19.50395413391505,0.0 -99.36428754300172,19.503948401393743,0.0 -99.36714656067971,19.503942623707196,0.0 -99.37000557733673,19.503936800855474,0.0 -99.37286459296485,19.50393093283865,0.0 -99.37572360755611,19.503925019656787,0.0 -99.37858262110258,19.503919061309958,0.0 -99.3814416335963,19.503913057798233,0.0 -99.38430064502931,19.503907009121686,0.0 -99.38715965539367,19.503900915280393,0.0 -99.39001866468143,19.503894776274418,0.0 -99.39287767288465,19.503888592103838,0.0 -99.39573667999537,19.503882362768728,0.0 -99.39859568600562,19.503876088269156,0.0 -99.40145469090749,19.503869768605202,0.0 -99.404313694693,19.50386340377694,0.0 -99.40717269735424,19.503856993784453,0.0 -99.4100316988832,19.503850538627802,0.0 -99.41289069927197,19.503844038307072,0.0 -99.4157496985126,19.50383749282235,0.0 -99.41860869659713,19.503830902173686,0.0 -99.42146769351761,19.50382426636119,0.0 -99.42432668926611,19.503817585384922,0.0 -99.42718568383467,19.503810859244968,0.0 -99.43004467721532,19.503804087941408,0.0 -99.43290366940013,19.503797271474323,0.0 -99.43576266038116,19.503790409843784,0.0 -99.43862165015042,19.503783503049885,0.0 -99.44148063870001,19.50377655109271,0.0 -99.44433962602197,19.503769553972326,0.0 -99.44719861210834,19.503762511688826,0.0 -99.45005759695115,19.503755424242296,0.0 -99.45291658054249,19.50374829163282,0.0 -99.45577556287438,19.503741113860485,0.0 -99.4586421853955,19.506444959837882,0.0 -99.45578315670063,19.506452183856105,0.0 -99.45292412673828,19.506459362704785,0.0 -99.45006509551638,19.506466496383833,0.0 -99.44720606304291,19.506473584893158,0.0 -99.44434702932581,19.506480628232676,0.0 -99.44148799437302,19.506487626402304,0.0 -99.4386289581925,19.506494579401956,0.0 -99.43576992079218,19.50650148723156,0.0 -99.43291088218004,19.50650834989103,0.0 -99.43005184236401,19.50651516738028,0.0 -99.42719280135205,19.506521939699226,0.0 -99.42433375915212,19.506528666847792,0.0 -99.42147471577212,19.506535348825906,0.0 -99.41861567122007,19.506541985633476,0.0 -99.41575662550387,19.506548577270426,0.0 -99.41289757863149,19.50655512373668,0.0 -99.41003853061088,19.506561625032163,0.0 -99.40717948144997,19.506568081156797,0.0 -99.40432043115673,19.506574492110495,0.0 -99.40146137973913,19.50658085789319,0.0 -99.39860232720508,19.506587178504798,0.0 -99.39574327356254,19.50659345394526,0.0 -99.39288421881949,19.50659968421449,0.0 -99.39002516298383,19.506605869312413,0.0 -99.38716610606355,19.506612009238964,0.0 -99.38430704806659,19.506618103994057,0.0 -99.38144798900088,19.50662415357763,0.0 -99.37858892887441,19.506630157989612,0.0 -99.3757298676951,19.50663611722992,0.0 -99.3728708054709,19.50664203129849,0.0 -99.37001174220977,19.506647900195258,0.0 -99.36715267791968,19.50665372392014,0.0 -99.36429361260852,19.50665950247308,0.0 -99.36143454628431,19.50666523585401,0.0 -99.35857547895496,19.506670924062846,0.0 -99.35571641062843,19.506676567099532,0.0 -99.35285734131268,19.506682164964,0.0 -99.34999827101565,19.50668771765619,0.0 -99.34713919974529,19.506693225176022,0.0 -99.34428012750953,19.506698687523436,0.0 -99.34142105431637,19.506704104698372,0.0 -99.33856198017372,19.50670947670076,0.0 -99.33570290508955,19.506714803530535,0.0 -99.3328438290718,19.506720085187638,0.0 -99.32998475212842,19.506725321672004,0.0 -99.32999025104913,19.509436431806762,0.0 -99.3328493756345,19.50943119453725,0.0 -99.33570849929419,19.50942591208823,0.0 -99.33856762202021,19.50942058445976,0.0 -99.34142674380463,19.50941521165191,0.0 -99.34428586463953,19.50940979366474,0.0 -99.3471449845169,19.509404330498317,0.0 -99.35000410342883,19.5093988221527,0.0 -99.35286322136736,19.509393268627964,0.0 -99.35572233832453,19.509387669924166,0.0 -99.3585814542924,19.50938202604138,0.0 -99.36144056926301,19.509376336979667,0.0 -99.36429968322841,19.509370602739093,0.0 -99.36715879618068,19.509364823319732,0.0 -99.3700179081118,19.50935899872166,0.0 -99.37287701901388,19.50935312894493,0.0 -99.37573612887896,19.509347213989617,0.0 -99.37859523769906,19.509341253855794,0.0 -99.38145434546625,19.509335248543536,0.0 -99.38431345217258,19.509329198052907,0.0 -99.38717255781009,19.509323102383977,0.0 -99.39003166237084,19.509316961536832,0.0 -99.39289076584689,19.50931077551153,0.0 -99.39574986823025,19.509304544308154,0.0 -99.398608969513,19.509298267926777,0.0 -99.40146806968718,19.509291946367465,0.0 -99.40432716874486,19.509285579630305,0.0 -99.40718626667805,19.50927916771537,0.0 -99.41004536347883,19.509272710622728,0.0 -99.41290445913923,19.50926620835246,0.0 -99.41576355365132,19.509259660904647,0.0 -99.41862264700713,19.509253068279364,0.0 -99.42148173919873,19.509246430476693,0.0 -99.42434083021814,19.509239747496707,0.0 -99.42719992005743,19.509233019339494,0.0 -99.43005900870864,19.509226246005127,0.0 -99.43291809616383,19.50921942749368,0.0 -99.43577718241504,19.509212563805253,0.0 -99.43863626745433,19.50920565493991,0.0 -99.44149535127374,19.50919870089774,0.0 -99.44435443386533,19.509191701678834,0.0 -99.44721351522114,19.509184657283257,0.0 -99.45007259533321,19.509177567711106,0.0 -99.45293167419361,19.509170432962463,0.0 -99.45579075179438,19.50916325303741,0.0 -99.45864982812758,19.509156027936033,0.0 -99.45865747213516,19.511867095219745,0.0 -99.4557983481557,19.5118743214043,0.0 -99.45293922290857,19.511881502405757,0.0 -99.45008009640172,19.51188863822404,0.0 -99.44722096864308,19.51189572885905,0.0 -99.44436183964062,19.511902774310713,0.0 -99.4415027094023,19.511909774578942,0.0 -99.43864357793605,19.511916729663657,0.0 -99.43578444524984,19.511923639564763,0.0 -99.4329253113516,19.511930504282194,0.0 -99.43006617624928,19.511937323815857,0.0 -99.42720703995087,19.511944098165685,0.0 -99.42434790246429,19.511950827331574,0.0 -99.42148876379747,19.511957511313472,0.0 -99.41862962395841,19.511964150111275,0.0 -99.41577048295504,19.511970743724923,0.0 -99.4129113407953,19.511977292154317,0.0 -99.41005219748716,19.511983795399406,0.0 -99.40719305303855,19.511990253460084,0.0 -99.40433390745744,19.5119966663363,0.0 -99.40147476075177,19.512003034027952,0.0 -99.3986156129295,19.512009356534985,0.0 -99.3957564639986,19.51201563385731,0.0 -99.39289731396696,19.51202186599487,0.0 -99.39003816284259,19.512028052947574,0.0 -99.38717901063342,19.512034194715355,0.0 -99.38431985734739,19.51204029129814,0.0 -99.38146070299248,19.512046342695854,0.0 -99.37860154757662,19.512052348908423,0.0 -99.37574239110776,19.512058309935785,0.0 -99.37288323359388,19.512064225777866,0.0 -99.37002407504289,19.512070096434584,0.0 -99.36716491546277,19.51207592190589,0.0 -99.36430575486146,19.51208170219169,0.0 -99.36144659324691,19.51208743729194,0.0 -99.3585874306271,19.51209312720655,0.0 -99.35572826700994,19.51209877193547,0.0 -99.35286910240339,19.512104371478614,0.0 -99.35000993681543,19.51210992583594,0.0 -99.34715077025398,19.512115435007363,0.0 -99.34429160272701,19.512120898992823,0.0 -99.34143243424246,19.512126317792255,0.0 -99.3385732648083,19.512131691405592,0.0 -99.33571409443245,19.512137019832778,0.0 -99.3328549231229,19.512142303073745,0.0 -99.32999575088758,19.512147541128424,0.0 -99.33000125164384,19.51485864963689,0.0 -99.33286047153707,19.514853410797013,0.0 -99.33571969050445,19.51484812676408,0.0 -99.33857890853805,19.514842797538154,0.0 -99.3414381256299,19.514837423119307,0.0 -99.34429734177206,19.514832003507586,0.0 -99.34715655695658,19.514826538703065,0.0 -99.35001577117549,19.514821028705807,0.0 -99.35287498442085,19.514815473515874,0.0 -99.35573419668472,19.51480987313334,0.0 -99.3585934079591,19.51480422755827,0.0 -99.36145261823611,19.514798536790728,0.0 -99.36431182750775,19.51479280083078,0.0 -99.36717103576606,19.5147870196785,0.0 -99.37003024300313,19.514781193333953,0.0 -99.37288944921096,19.51477532179721,0.0 -99.37574865438162,19.514769405068332,0.0 -99.37860785850718,19.514763443147405,0.0 -99.38146706157966,19.51475743603449,0.0 -99.3843262635911,19.514751383729664,0.0 -99.38718546453357,19.51474528623299,0.0 -99.39004466439913,19.51473914354455,0.0 -99.39290386317978,19.514732955664407,0.0 -99.39576306086761,19.51472672259265,0.0 -99.39862225745466,19.514720444329335,0.0 -99.40148145293297,19.514714120874547,0.0 -99.40434064729459,19.51470775222836,0.0 -99.40719984053156,19.514701338390854,0.0 -99.41005903263594,19.514694879362093,0.0 -99.41291822359979,19.51468837514217,0.0 -99.41577741341513,19.514681825731145,0.0 -99.41863660207402,19.51467523112911,0.0 -99.42149578956851,19.514668591336136,0.0 -99.42435497589065,19.51466190635231,0.0 -99.42721416103248,19.5146551761777,0.0 -99.43007334498606,19.514648400812394,0.0 -99.43293252774343,19.514641580256466,0.0 -99.43579170929664,19.514634714510006,0.0 -99.43865088963774,19.51462780357309,0.0 -99.44151006875877,19.5146208474458,0.0 -99.44436924665179,19.514613846128217,0.0 -99.44722842330886,19.514606799620434,0.0 -99.45008759872199,19.51459970792252,0.0 -99.45294677288325,19.514592571034576,0.0 -99.4558059457847,19.51458538895667,0.0 -99.45866511741836,19.514578161688902,0.0 -99.46153198199733,19.51728195379584,0.0 -99.45867276397732,19.51728922734342,0.0 -99.45581354468148,19.517296455694442,0.0 -99.45295432411775,19.51730363884882,0.0 -99.45009510229414,19.51731077680647,0.0 -99.44723587921854,19.51731786956731,0.0 -99.44437665489893,19.517324917131255,0.0 -99.44151742934326,19.517331919498215,0.0 -99.43865820255948,19.51733887666812,0.0 -99.43579897455557,19.51734578864087,0.0 -99.43293974533943,19.5173526554164,0.0 -99.43008051491904,19.517359476994613,0.0 -99.42722128330234,19.51736625337544,0.0 -99.42436205049732,19.517372984558797,0.0 -99.42150281651189,19.517379670544596,0.0 -99.41864358135402,19.51738631133277,0.0 -99.41578434503165,19.517392906923227,0.0 -99.41292510755277,19.517399457315896,0.0 -99.41006586892527,19.517405962510708,0.0 -99.40720662915716,19.517412422507572,0.0 -99.40434738825637,19.517418837306412,0.0 -99.40148814623086,19.517425206907152,0.0 -99.39862890308855,19.517431531309725,0.0 -99.39576965883744,19.51743781051405,0.0 -99.39291041348545,19.51744404452005,0.0 -99.39005116704054,19.517450233327654,0.0 -99.38719191951067,19.517456376936785,0.0 -99.38433267090379,19.517462475347376,0.0 -99.38147342122785,19.51746852855935,0.0 -99.37861417049082,19.517474536572635,0.0 -99.37575491870062,19.517480499387165,0.0 -99.37289566586522,19.51748641700286,0.0 -99.37003641199257,19.51749228941965,0.0 -99.36717715709062,19.517498116637473,0.0 -99.36431790116733,19.517503898656262,0.0 -99.36145864423065,19.517509635475935,0.0 -99.35859938628855,19.517515327096437,0.0 -99.35574012734895,19.517520973517687,0.0 -99.35288086741983,19.517526574739634,0.0 -99.35002160650912,19.517532130762195,0.0 -99.34716234462478,19.517537641585317,0.0 -99.34430308177477,19.517543107208926,0.0 -99.34144381796705,19.517548527632957,0.0 -99.33858455320956,19.517553902857355,0.0 -99.33572528751024,19.517559232882046,0.0 -99.33286602087708,19.51756451770697,0.0 -99.33000675331799,19.517569757332065,0.0 -99.3300122559101,19.520280864213866,0.0 -99.33287157114299,19.520275623803524,0.0 -99.33573088544989,19.52027033818658,0.0 -99.33859019882286,19.520265007363097,0.0 -99.34144951125394,19.520259631333133,0.0 -99.3443088227352,19.52025421009676,0.0 -99.34716813325865,19.520248743654033,0.0 -99.35002744281636,19.520243232005026,0.0 -99.35288675140036,19.5202376751498,0.0 -99.35574605900271,19.520232073088422,0.0 -99.35860536561546,19.520226425820958,0.0 -99.36146467123065,19.52022073334748,0.0 -99.36432397584032,19.520214995668045,0.0 -99.36718327943652,19.52020921278273,0.0 -99.37004258201131,19.5202033846916,0.0 -99.37290188355671,19.520197511394723,0.0 -99.37576118406479,19.52019159289218,0.0 -99.3786204835276,19.520185629184027,0.0 -99.38147978193716,19.52017962027034,0.0 -99.38433907928554,19.520173566151193,0.0 -99.38719837556478,19.520167466826656,0.0 -99.39005767076694,19.5201613222968,0.0 -99.39291696488402,19.520155132561705,0.0 -99.39577625790811,19.52014889762144,0.0 -99.39863554983127,19.52014261747607,0.0 -99.4014948406455,19.52013629212568,0.0 -99.40435413034287,19.52012992157035,0.0 -99.40721341891545,19.520123505810147,0.0 -99.41007270635525,19.520117044845147,0.0 -99.41293199265432,19.52011053867543,0.0 -99.41579127780473,19.52010398730108,0.0 -99.4186505617985,19.52009739072216,0.0 -99.4215098446277,19.520090748938756,0.0 -99.42436912628438,19.52008406195095,0.0 -99.42722840676056,19.52007732975882,0.0 -99.43008768604831,19.52007055236244,0.0 -99.43294696413966,19.520063729761905,0.0 -99.43580624102668,19.520056861957283,0.0 -99.4386655167014,19.520049948948653,0.0 -99.44152479115587,19.52004299073611,0.0 -99.44438406438213,19.520035987319726,0.0 -99.44724333637224,19.52002893869959,0.0 -99.45010260711824,19.52002184487579,0.0 -99.45296187661218,19.520014705848396,0.0 -99.45582114484611,19.520007521617508,0.0 -99.45868041181207,19.520000292183198,0.0 -99.4615396775021,19.519993017545566,0.0 -99.46154737429076,19.52270408048042,0.0 -99.45868806092275,19.522711356208145,0.0 -99.45582874627871,19.52271858672577,0.0 -99.45296943036662,19.52272577203321,0.0 -99.45011011319441,19.52273291213037,0.0 -99.44725079477004,19.522740007017177,0.0 -99.44439147510148,19.522747056693536,0.0 -99.44153215419668,19.52275406115937,0.0 -99.43867283206355,19.522761020414595,0.0 -99.4358135087101,19.52276793445912,0.0 -99.43295418414425,19.52277480329288,0.0 -99.43009485837398,19.52278162691578,0.0 -99.4272355314072,19.52278840532774,0.0 -99.42437620325192,19.522795138528682,0.0 -99.42151687391606,19.522801826518528,0.0 -99.41865754340758,19.52280846929719,0.0 -99.41579821173443,19.52281506686459,0.0 -99.41293887890454,19.52282161922066,0.0 -99.41007954492594,19.52282812636532,0.0 -99.40722020980648,19.522834588298483,0.0 -99.40436087355421,19.522841005020084,0.0 -99.40150153617701,19.522847376530038,0.0 -99.39864219768289,19.522853702828268,0.0 -99.39578285807976,19.522859983914707,0.0 -99.39292351737559,19.522866219789275,0.0 -99.39006417557836,19.522872410451892,0.0 -99.38720483269599,19.5228785559025,0.0 -99.38434548873643,19.522884656141013,0.0 -99.38148614370765,19.52289071116736,0.0 -99.37862679761761,19.522896720981475,0.0 -99.37576745047426,19.522902685583286,0.0 -99.37290810228555,19.522908604972713,0.0 -99.37004875305942,19.52291447914969,0.0 -99.36718940280385,19.522920308114152,0.0 -99.36433005152676,19.52292609186603,0.0 -99.36147069923615,19.522931830405245,0.0 -99.35861134593993,19.522937523731745,0.0 -99.35575199164609,19.522943171845444,0.0 -99.35289263636255,19.522948774746283,0.0 -99.35003328009729,19.5229543324342,0.0 -99.34717392285826,19.52295984490912,0.0 -99.34431456465342,19.522965312170985,0.0 -99.34145520549069,19.522970734219722,0.0 -99.33859584537805,19.522976111055282,0.0 -99.33573648432346,19.52298144267758,0.0 -99.33287712233488,19.522986729086572,0.0 -99.33001775942023,19.522991970282185,0.0 -99.33002326384846,19.52570307553693,0.0 -99.33288267445282,19.525697833556027,0.0 -99.33574208413106,19.525692546354968,0.0 -99.33860149287523,19.525687213933818,0.0 -99.34146090067735,19.525681836292645,0.0 -99.3443203075295,19.525676413431512,0.0 -99.3471797134237,19.52567094535048,0.0 -99.35003911835202,19.52566543204962,0.0 -99.35289852230649,19.525659873528987,0.0 -99.35575792527915,19.52565426978866,0.0 -99.35861732726205,19.525648620828687,0.0 -99.36147672824724,19.525642926649162,0.0 -99.36433612822675,19.525637187250126,0.0 -99.36719552719265,19.525631402631667,0.0 -99.37005492513698,19.525625572793842,0.0 -99.37291432205178,19.525619697736726,0.0 -99.37577371792908,19.525613777460393,0.0 -99.37863311276095,19.5256078119649,0.0 -99.38149250653943,19.52560180125033,0.0 -99.38435189925654,19.52559574531674,0.0 -99.38721129090436,19.525589644164224,0.0 -99.39007068147492,19.52558349779284,0.0 -99.39293007096026,19.525577306202667,0.0 -99.39578945935244,19.525571069393767,0.0 -99.39864884664348,19.525564787366232,0.0 -99.40150823282548,19.52555846012012,0.0 -99.40436761789041,19.525552087655516,0.0 -99.40722700183038,19.525545669972495,0.0 -99.41008638463741,19.525539207071134,0.0 -99.41294576630355,19.525532698951505,0.0 -99.41580514682083,19.525526145613686,0.0 -99.4186645261813,19.52551954705776,0.0 -99.42152390437704,19.525512903283797,0.0 -99.42438328140005,19.525506214291887,0.0 -99.4272426572424,19.525499480082104,0.0 -99.43010203189613,19.525492700654528,0.0 -99.43296140535328,19.52548587600924,0.0 -99.43582077760591,19.52547900614632,0.0 -99.43868014864606,19.52547209106585,0.0 -99.44153951846577,19.525465130767916,0.0 -99.44439888705709,19.525458125252598,0.0 -99.44725825441206,19.52545107451997,0.0 -99.45011762052275,19.525443978570134,0.0 -99.45297698538117,19.525436837403166,0.0 -99.45583634897939,19.525429651019152,0.0 -99.45869571130945,19.52542241941817,0.0 -99.46155507236338,19.525415142600313,0.0 -99.46441443213325,19.52540782056567,0.0 -99.46442217918374,19.528118880773565,0.0 -99.46156277172008,19.528126203905153,0.0 -99.45870336297224,19.52813348181317,0.0 -99.45584395294821,19.52814071449754,0.0 -99.45298454165592,19.528147901958175,0.0 -99.45012512910331,19.528155044194985,0.0 -99.44726571529837,19.52816214120789,0.0 -99.44440630024903,19.528169192996806,0.0 -99.44154688396326,19.528176199561646,0.0 -99.43868746644898,19.528183160902326,0.0 -99.4358280477142,19.528190077018767,0.0 -99.43296862776683,19.528196947910885,0.0 -99.43010920661484,19.5282037735786,0.0 -99.4272497842662,19.52821055402182,0.0 -99.42439036072884,19.52821728924048,0.0 -99.42153093601073,19.528223979234493,0.0 -99.4186715101198,19.52823062400378,0.0 -99.41581208306404,19.528237223548256,0.0 -99.41295265485138,19.52824377786785,0.0 -99.4100932254898,19.528250286962486,0.0 -99.40723379498722,19.52825675083208,0.0 -99.40437436335164,19.528263169476556,0.0 -99.40151493059096,19.52826954289584,0.0 -99.39865549671318,19.528275871089857,0.0 -99.39579606172624,19.52828215405853,0.0 -99.39293662563809,19.52828839180178,0.0 -99.39007718845669,19.528294584319543,0.0 -99.38721775018999,19.52830073161174,0.0 -99.38435831084594,19.528306833678293,0.0 -99.38149887043254,19.528312890519135,0.0 -99.37863942895767,19.528318902134192,0.0 -99.37577998642935,19.5283248685234,0.0 -99.3729205428555,19.528330789686674,0.0 -99.37006109824408,19.52833666562395,0.0 -99.36720165260306,19.528342496335167,0.0 -99.36434220594037,19.52834828182024,0.0 -99.361482758264,19.52835402207911,0.0 -99.35862330958187,19.528359717111712,0.0 -99.35576385990196,19.528365366917967,0.0 -99.35290440923221,19.528370971497814,0.0 -99.3500449575806,19.52837653085119,0.0 -99.34718550495505,19.52838204497802,0.0 -99.34432605136352,19.528387513878247,0.0 -99.341466596814,19.5283929375518,0.0 -99.3386071413144,19.528398315998615,0.0 -99.33574768487271,19.528403649218628,0.0 -99.33288822749688,19.52840893721179,0.0 -99.33002876919485,19.528414179978014,0.0 -99.33003427545948,19.53112528360533,0.0 -99.33289378146713,19.53112004005376,0.0 -99.33575328654851,19.531114751268486,0.0 -99.33861279069569,19.531109417249574,0.0 -99.3414722939007,19.531104037997085,0.0 -99.34433179615556,19.531098613511087,0.0 -99.34719129745234,19.53109314379164,0.0 -99.35005079778308,19.53108762883881,0.0 -99.35291029713981,19.531082068652672,0.0 -99.35576979551462,19.53107646323328,0.0 -99.3586292928995,19.5310708125807,0.0 -99.3614887892865,19.53106511669501,0.0 -99.36434828466768,19.531059375576277,0.0 -99.3672077790351,19.531053589224552,0.0 -99.3700672723808,19.531047757639925,0.0 -99.37292676469679,19.531041880822453,0.0 -99.37578625597513,19.53103595877221,0.0 -99.37864574620788,19.531029991489266,0.0 -99.38150523538708,19.53102397897369,0.0 -99.38436472350475,19.53101792122556,0.0 -99.38722421055297,19.53101181824494,0.0 -99.39008369652375,19.531005670031902,0.0 -99.39294318140917,19.530999476586523,0.0 -99.39580266520124,19.530993237908884,0.0 -99.39866214789203,19.53098695399905,0.0 -99.40152162947358,19.530980624857097,0.0 -99.4043811099379,19.5309742504831,0.0 -99.4072405892771,19.530967830877135,0.0 -99.41010006748317,19.530961366039282,0.0 -99.41295954454816,19.530954855969615,0.0 -99.41581902046414,19.530948300668207,0.0 -99.41867849522313,19.53094170013515,0.0 -99.4215379688172,19.5309350543705,0.0 -99.42439744123838,19.530928363374358,0.0 -99.42725691247871,19.53092162714679,0.0 -99.43011638253023,19.53091484568788,0.0 -99.43297585138501,19.530908018997717,0.0 -99.43583531903506,19.530901147076367,0.0 -99.43869478547245,19.53089422992392,0.0 -99.44155425068924,19.530887267540464,0.0 -99.44441371467742,19.53088025992607,0.0 -99.44727317742908,19.530873207080827,0.0 -99.45013263893624,19.530866109004815,0.0 -99.45299209919098,19.530858965698133,0.0 -99.4558515581853,19.530851777160848,0.0 -99.45871101591128,19.53084454339305,0.0 -99.46157047236093,19.530837264394833,0.0 -99.46442992752634,19.530829940166274,0.0 -99.46443767716116,19.533540998743707,0.0 -99.46157817428606,19.53354832406927,0.0 -99.45871867012661,19.533555604157723,0.0 -99.45585916469075,19.53356283900898,0.0 -99.45299965798644,19.53357002862295,0.0 -99.45014015002162,19.53357717299955,0.0 -99.44728064080427,19.533584272138693,0.0 -99.44442113034233,19.5335913260403,0.0 -99.44156161864377,19.533598334704276,0.0 -99.43870210571654,19.533605298130553,0.0 -99.4358425915686,19.533612216319035,0.0 -99.43298307620789,19.533619089269646,0.0 -99.43012355964238,19.533625916982302,0.0 -99.42726404188002,19.533632699456927,0.0 -99.42440452292877,19.53363943669343,0.0 -99.42154500279658,19.53364612869174,0.0 -99.41868548149142,19.533652775451777,0.0 -99.41582595902122,19.533659376973457,0.0 -99.41296643539397,19.5336659332567,0.0 -99.41010691061759,19.533672444301434,0.0 -99.40724738470007,19.53367891010759,0.0 -99.40438785764934,19.533685330675063,0.0 -99.40152832947338,19.533691706003804,0.0 -99.39866880018012,19.533698036093725,0.0 -99.39580926977754,19.533704320944757,0.0 -99.39294973827359,19.533710560556816,0.0 -99.3900902056762,19.533716754929838,0.0 -99.38723067199336,19.53372290406374,0.0 -99.38437113723302,19.533729007958453,0.0 -99.38151160140313,19.533735066613907,0.0 -99.37865206451164,19.53374108003003,0.0 -99.37579252656651,19.533747048206735,0.0 -99.37293298757572,19.53375297114398,0.0 -99.37007344754718,19.53375884884167,0.0 -99.3672139064889,19.533764681299747,0.0 -99.36435436440878,19.533770468518135,0.0 -99.36149482131484,19.533776210496768,0.0 -99.35863527721497,19.533781907235582,0.0 -99.35577573211717,19.5337875587345,0.0 -99.35291618602939,19.533793164993465,0.0 -99.35005663895957,19.533798726012403,0.0 -99.34719709091569,19.533804241791252,0.0 -99.34433754190569,19.533809712329948,0.0 -99.34147799193752,19.533815137628416,0.0 -99.33861844101915,19.533820517686603,0.0 -99.33575888915856,19.53382585250444,0.0 -99.33289933636365,19.533831142081855,0.0 -99.33003978264242,19.5338363864188,0.0 -99.33004529074373,19.53654748841831,0.0 -99.3329048921865,19.536542243295973,0.0 -99.33576449270286,19.536536952926376,0.0 -99.33862409228487,19.5365316173096,0.0 -99.34148369092455,19.53652623644569,0.0 -99.34434328861397,19.536520810334725,0.0 -99.34720288534515,19.53651533897676,0.0 -99.35006248111013,19.53650982237187,0.0 -99.35292207590098,19.536504260520104,0.0 -99.35578166970971,19.536498653421543,0.0 -99.3586412625284,19.536493001076245,0.0 -99.36150085434905,19.536487303484282,0.0 -99.36436044516373,19.536481560645726,0.0 -99.36722003496449,19.536475772560635,0.0 -99.37007962374335,19.53646993922909,0.0 -99.37293921149237,19.536464060651145,0.0 -99.37579879820358,19.536458136826884,0.0 -99.37865838386904,19.536452167756376,0.0 -99.38151796848076,19.53644615343968,0.0 -99.38437755203083,19.53644009387688,0.0 -99.38723713451125,19.536433989068037,0.0 -99.39009671591411,19.53642783901324,0.0 -99.3929562962314,19.536421643712547,0.0 -99.3958158754552,19.536415403166032,0.0 -99.39867545357754,19.536409117373783,0.0 -99.40153503059047,19.536402786335863,0.0 -99.40439460648602,19.53639641005235,0.0 -99.40725418125625,19.536389988523325,0.0 -99.41011375489317,19.53638352174885,0.0 -99.41297332738887,19.536377009729016,0.0 -99.41583289873537,19.536370452463895,0.0 -99.4186924689247,19.536363849953567,0.0 -99.42155203794893,19.536357202198108,0.0 -99.42441160580009,19.5363505091976,0.0 -99.42727117247021,19.53634377095212,0.0 -99.43013073795137,19.536336987461752,0.0 -99.43299030223558,19.536330158726575,0.0 -99.43584986531489,19.536323284746665,0.0 -99.43870942718135,19.536316365522115,0.0 -99.44156898782701,19.53630940105299,0.0 -99.44442854724389,19.536302391339387,0.0 -99.44728810542405,19.536295336381393,0.0 -99.45014766235954,19.536288236179075,0.0 -99.45300721804239,19.536281090732533,0.0 -99.45586677246463,19.536273900041845,0.0 -99.45872632561836,19.536266664107092,0.0 -99.46158587749555,19.536259382928368,0.0 -99.4644454280883,19.536252056505763,0.0 -99.46730497738862,19.53624468483935,0.0 -99.46731277733369,19.538955740682074,0.0 -99.46445318030786,19.538963113452336,0.0 -99.4615935819895,19.53897044097203,0.0 -99.4587339823866,19.538977723241054,0.0 -99.45587438150709,19.538984960259327,0.0 -99.45301477935892,19.538992152026776,0.0 -99.45015517595007,19.538999298543303,0.0 -99.4472955712885,19.539006399808823,0.0 -99.44443596538217,19.539013455823248,0.0 -99.44157635823899,19.539020466586503,0.0 -99.43871674986697,19.539027432098507,0.0 -99.43585714027404,19.53903435235917,0.0 -99.43299752946817,19.539041227368404,0.0 -99.4301379174573,19.539048057126138,0.0 -99.4272783042494,19.539054841632296,0.0 -99.42441868985244,19.53906158088677,0.0 -99.42155907427436,19.539068274889512,0.0 -99.41869945752312,19.539074923640428,0.0 -99.41583983960668,19.539081527139434,0.0 -99.41298022053299,19.539088085386457,0.0 -99.41012060031001,19.539094598381425,0.0 -99.4072609789457,19.539101066124246,0.0 -99.40440135644803,19.539107488614853,0.0 -99.40154173282494,19.539113865853174,0.0 -99.39868210808439,19.53912019783912,0.0 -99.39582248223434,19.53912648457263,0.0 -99.39296285528273,19.53913272605362,0.0 -99.39010322723756,19.539138922282017,0.0 -99.38724359810676,19.539145073257746,0.0 -99.38438396789827,19.539151178980738,0.0 -99.38152433662009,19.53915723945092,0.0 -99.37866470428014,19.539163254668214,0.0 -99.3758050708864,19.539169224632555,0.0 -99.37294543644683,19.53917514934387,0.0 -99.37008580096936,19.539181028802087,0.0 -99.36722616446197,19.539186863007135,0.0 -99.36436652693261,19.53919265195895,0.0 -99.36150688838926,19.539198395657465,0.0 -99.35864724883983,19.539204094102598,0.0 -99.35578760829232,19.53920974729429,0.0 -99.35292796675468,19.539215355232482,0.0 -99.35006832423484,19.539220917917095,0.0 -99.34720868074079,19.539226435348063,0.0 -99.34434903628049,19.539231907525327,0.0 -99.34148939086187,19.53923733444882,0.0 -99.33862974449289,19.539242716118476,0.0 -99.33577009718154,19.539248052534234,0.0 -99.33291044893575,19.539253343696018,0.0 -99.33005079976348,19.539258589603783,0.0 -99.33005630970176,19.54196968997512,0.0 -99.33291600661148,19.541964443281902,0.0 -99.33577570259465,19.541959151327887,0.0 -99.33863539764332,19.541953814113135,0.0 -99.34149509174952,19.541948431637707,0.0 -99.3443547849053,19.541943003901668,0.0 -99.34721447710271,19.541937530905074,0.0 -99.35007416833378,19.541932012648,0.0 -99.35293385859055,19.541926449130514,0.0 -99.35579354786506,19.541920840352674,0.0 -99.35865323614937,19.54191518631455,0.0 -99.3615129234355,19.541909487016213,0.0 -99.3643726097155,19.541903742457723,0.0 -99.36723229498142,19.541897952639154,0.0 -99.37009197922531,19.54189211756057,0.0 -99.37295166243916,19.541886237222048,0.0 -99.37581134461507,19.541880311623654,0.0 -99.37867102574506,19.541874340765457,0.0 -99.38153070582118,19.541868324647528,0.0 -99.38439038483544,19.54186226326994,0.0 -99.38725006277991,19.54185615663277,0.0 -99.39010973964665,19.541850004736077,0.0 -99.39296941542766,19.541843807579944,0.0 -99.39582909011501,19.541837565164453,0.0 -99.39868876370072,19.54183127748966,0.0 -99.40154843617685,19.541824944555643,0.0 -99.40440810753545,19.541818566362494,0.0 -99.40726777776854,19.541812142910274,0.0 -99.41012744686817,19.541805674199065,0.0 -99.4129871148264,19.54179916022894,0.0 -99.41584678163521,19.54179260099998,0.0 -99.41870644728672,19.541785996512257,0.0 -99.42156611177295,19.541779346765857,0.0 -99.42442577508591,19.541772651760862,0.0 -99.42728543721766,19.541765911497336,0.0 -99.43014509816027,19.541759125975375,0.0 -99.43300475790574,19.54175229519505,0.0 -99.43586441644612,19.541745419156452,0.0 -99.43872407377347,19.54173849785965,0.0 -99.44158372987984,19.541731531304738,0.0 -99.44444338475724,19.541724519491794,0.0 -99.44730303839773,19.5417174624209,0.0 -99.45016269079336,19.54171036009214,0.0 -99.45302234193615,19.541703212505595,0.0 -99.45588199181817,19.541696019661366,0.0 -99.45874164043144,19.541688781559518,0.0 -99.46160128776802,19.541681498200155,0.0 -99.46446093381992,19.541674169583352,0.0 -99.46732057857923,19.541666795709197,0.0 -99.46732838112534,19.544377849920625,0.0 -99.4644686886246,19.544385224898704,0.0 -99.46160899483118,19.54439255461266,0.0 -99.458749299753,19.5443998390624,0.0 -99.455889603398,19.544407078247843,0.0 -99.45302990577417,19.544414272168904,0.0 -99.45017020688947,19.54442142082549,0.0 -99.44731050675183,19.54442852421752,0.0 -99.44445080536924,19.54443558234491,0.0 -99.44159110274964,19.54444259520758,0.0 -99.43873139890098,19.54444956280544,0.0 -99.43587169383126,19.54445648513841,0.0 -99.43301198754838,19.54446336220641,0.0 -99.43015228006034,19.54447019400935,0.0 -99.42729257137509,19.544476980547163,0.0 -99.42443286150058,19.544483721819752,0.0 -99.42157315044477,19.54449041782705,0.0 -99.41871343821563,19.54449706856897,0.0 -99.4158537248211,19.544503674045433,0.0 -99.41299401026916,19.544510234256364,0.0 -99.41013429456774,19.54451674920168,0.0 -99.40727457772483,19.544523218881306,0.0 -99.40441485974837,19.54452964329517,0.0 -99.40155514064632,19.544536022443193,0.0 -99.39869542042665,19.54454235632529,0.0 -99.3958356990973,19.544548644941397,0.0 -99.39297597666624,19.544554888291433,0.0 -99.39011625314143,19.544561086375328,0.0 -99.38725652853083,19.544567239193004,0.0 -99.3843968028424,19.544573346744393,0.0 -99.38153707608409,19.544579409029417,0.0 -99.37867734826385,19.544585426048002,0.0 -99.37581761938965,19.544591397800087,0.0 -99.37295788946948,19.54459732428559,0.0 -99.37009815851123,19.544603205504448,0.0 -99.36723842652293,19.544609041456592,0.0 -99.36437869351248,19.544614832141942,0.0 -99.36151895948788,19.544620577560437,0.0 -99.35865922445707,19.544626277712005,0.0 -99.35579948842802,19.544631932596587,0.0 -99.35293975140867,19.544637542214108,0.0 -99.350080013407,19.544643106564497,0.0 -99.34722027443095,19.5446486256477,0.0 -99.3443605344885,19.54465409946364,0.0 -99.3415007935876,19.544659528012257,0.0 -99.3386410517362,19.54466491129349,0.0 -99.33578130894226,19.544670249307266,0.0 -99.33292156521375,19.54467554205353,0.0 -99.33006182055863,19.544680789532215,0.0 -99.32720207498484,19.544685991743258,0.0 -99.32720753900692,19.54739709126474,0.0 -99.33006733233414,19.54739188827498,0.0 -99.33292712474264,19.547386640010796,0.0 -99.33578691622445,19.54738134647226,0.0 -99.33864670677161,19.547376007659427,0.0 -99.34150649637616,19.54737062357238,0.0 -99.34436628503016,19.547365194211153,0.0 -99.34722607272562,19.547359719575834,0.0 -99.3500858594546,19.54735419966648,0.0 -99.35294564520912,19.547348634483154,0.0 -99.35580542998126,19.547343024025928,0.0 -99.35866521376302,19.547337368294873,0.0 -99.36152499654646,19.547331667290038,0.0 -99.36438477832363,19.54732592101151,0.0 -99.36724455908653,19.547320129459344,0.0 -99.37010433882726,19.547314292633622,0.0 -99.3729641175378,19.547308410534402,0.0 -99.37582389521025,19.547302483161754,0.0 -99.37868367183658,19.54729651051576,0.0 -99.38154344740892,19.547290492596485,0.0 -99.38440322191923,19.547284429403987,0.0 -99.38726299535958,19.547278320938364,0.0 -99.39012276772202,19.54727216719967,0.0 -99.39298253899858,19.54726596818798,0.0 -99.3958423091813,19.547259723903373,0.0 -99.39870207826223,19.547253434345926,0.0 -99.40156184623342,19.5472470995157,0.0 -99.40442161308688,19.54724071941278,0.0 -99.40728137881467,19.54723429403725,0.0 -99.41014114340882,19.54722782338917,0.0 -99.41300090686138,19.54722130746863,0.0 -99.4158606691644,19.547214746275703,0.0 -99.4187204303099,19.54720813981046,0.0 -99.42158019028994,19.547201488072997,0.0 -99.42443994909654,19.547194791063372,0.0 -99.42729970672177,19.547188048781674,0.0 -99.43015946315764,19.54718126122799,0.0 -99.43301921839621,19.54717442840239,0.0 -99.43587897242952,19.547167550304962,0.0 -99.43873872524959,19.547160626935785,0.0 -99.44159847684848,19.547153658294942,0.0 -99.44445822721825,19.547146644382522,0.0 -99.4473179763509,19.547139585198597,0.0 -99.45017772423849,19.547132480743258,0.0 -99.45303747087307,19.54712533101658,0.0 -99.45589721624667,19.547118136018664,0.0 -99.45875696035134,19.54711089574959,0.0 -99.4616167031791,19.547103610209437,0.0 -99.46447644472201,19.5470962793983,0.0 -99.46733618497211,19.547088903316258,0.0 -99.46448420211223,19.549807333082047,0.0 -99.46162441281189,19.549814664990407,0.0 -99.45876462222658,19.549821951621002,0.0 -99.45590483036428,19.549829192973746,0.0 -99.45304503723295,19.549836389048558,0.0 -99.45018524284055,19.549843539845348,0.0 -99.44732544719503,19.549850645364028,0.0 -99.44446565030435,19.549857705604516,0.0 -99.44160585217648,19.549864720566735,0.0 -99.43874605281937,19.54987169025059,0.0 -99.43588625224099,19.549878614656006,0.0 -99.4330264504493,19.5498854937829,0.0 -99.43016664745224,19.54989232763118,0.0 -99.4273068432578,19.549899116200784,0.0 -99.4244470378739,19.54990585949161,0.0 -99.42158723130854,19.549912557503593,0.0 -99.41872742356966,19.549919210236645,0.0 -99.41586761466522,19.549925817690692,0.0 -99.41300780460318,19.54993237986566,0.0 -99.41014799339149,19.549938896761446,0.0 -99.40728818103814,19.54994536837801,0.0 -99.40442836755106,19.549951794715245,0.0 -99.40156855293823,19.549958175773092,0.0 -99.39870873720758,19.54996451155146,0.0 -99.39584892036711,19.54997080205029,0.0 -99.39298910242476,19.549977047269493,0.0 -99.39012928338848,19.54998324720901,0.0 -99.38726946326625,19.54998940186875,0.0 -99.384409642066,19.54999551124865,0.0 -99.38154981979574,19.550001575348638,0.0 -99.3786899964634,19.550007594168637,0.0 -99.3758301720769,19.55001356770857,0.0 -99.37297034664427,19.550019495968385,0.0 -99.37011052017344,19.550025378947996,0.0 -99.36725069267236,19.550031216647337,0.0 -99.364390864149,19.55003700906634,0.0 -99.36153103461133,19.550042756204924,0.0 -99.3586712040673,19.550048458063042,0.0 -99.35581137252487,19.550054114640616,0.0 -99.35295153999199,19.550059725937576,0.0 -99.35009170647663,19.550065291953857,0.0 -99.34723187198676,19.550070812689395,0.0 -99.34437203653033,19.55007628814412,0.0 -99.3415122001153,19.550081718317966,0.0 -99.33865236274963,19.550087103210874,0.0 -99.33579252444129,19.55009244282278,0.0 -99.33293268519822,19.55009773715362,0.0 -99.33007284502838,19.55010298620332,0.0 -99.32721300393976,19.550108189971837,0.0 -99.32721846978346,19.552819287864434,0.0 -99.33007835864144,19.552814083317152,0.0 -99.33293824658055,19.552808833481897,0.0 -99.33579813359283,19.55280353835873,0.0 -99.33865801967033,19.552798197947723,0.0 -99.34151790480507,19.55279281224894,0.0 -99.34437778898912,19.552787381262437,0.0 -99.34723767221448,19.552781904988283,0.0 -99.35009755447321,19.55277638342653,0.0 -99.35295743575733,19.55277081657727,0.0 -99.3558173160589,19.552765204440544,0.0 -99.35867719536998,19.552759547016443,0.0 -99.36153707368256,19.552753844305013,0.0 -99.36439695098872,19.552748096306328,0.0 -99.36725682728047,19.552742303020462,0.0 -99.37011670254986,19.552736464447477,0.0 -99.37297657678894,19.55273058058745,0.0 -99.37583644998973,19.552724651440442,0.0 -99.37869632214428,19.552718677006528,0.0 -99.38155619324465,19.55271265728578,0.0 -99.38441606328284,19.55270659227827,0.0 -99.38727593225092,19.55270048198407,0.0 -99.39013580014091,19.552694326403252,0.0 -99.39299566694484,19.552688125535887,0.0 -99.39585553265479,19.552681879382053,0.0 -99.39871539726278,19.552675587941817,0.0 -99.40157526076084,19.552669251215264,0.0 -99.40443512314101,19.552662869202457,0.0 -99.40729498439532,19.552656441903487,0.0 -99.41015484451584,19.55264996931842,0.0 -99.4130147034946,19.552643451447334,0.0 -99.41587456132362,19.552636888290312,0.0 -99.41873441799497,19.552630279847424,0.0 -99.42159427350066,19.552623626118756,0.0 -99.42445412783275,19.55261692710438,0.0 -99.42731398098326,19.552610182804383,0.0 -99.43017383294423,19.552603393218845,0.0 -99.43303368370773,19.552596558347837,0.0 -99.4358935332658,19.552589678191445,0.0 -99.43875338161044,19.552582752749757,0.0 -99.4416132287337,19.552575782022856,0.0 -99.44447307462764,19.552568766010822,0.0 -99.4473329192843,19.55256170471373,0.0 -99.45019276269569,19.552554598131664,0.0 -99.4530526048539,19.55254744626473,0.0 -99.45591244575091,19.552540249112987,0.0 -99.4587722853788,19.552533006676537,0.0 -99.4616321237296,19.552525718955458,0.0 -99.45877994980813,19.555244060916092,0.0 -99.45592006240668,19.555251304436283,0.0 -99.45306017373602,19.55525850266499,0.0 -99.45020028380408,19.555265655602117,0.0 -99.44734039261883,19.555272763247586,0.0 -99.44448050018825,19.55527982560131,0.0 -99.44162060652027,19.55528684266321,0.0 -99.43876071162288,19.5552938144332,0.0 -99.435900815504,19.555300740911193,0.0 -99.43304091817164,19.555307622097107,0.0 -99.43018101963374,19.55531445799087,0.0 -99.42732111989825,19.555321248592385,0.0 -99.42446121897314,19.55532799390158,0.0 -99.42160131686639,19.555334693918383,0.0 -99.41874141358592,19.5553413486427,0.0 -99.41588150913972,19.55534795807446,0.0 -99.41302160353575,19.555354522213573,0.0 -99.41016169678197,19.555361041059975,0.0 -99.40730178888633,19.55536751461359,0.0 -99.40444187985679,19.555373942874326,0.0 -99.40158196970133,19.555380325842123,0.0 -99.3987220584279,19.555386663516888,0.0 -99.39586214604444,19.555392955898554,0.0 -99.39300223255896,19.555399202987054,0.0 -99.39014231797937,19.5554054047823,0.0 -99.38728240231366,19.555411561284227,0.0 -99.38442248556979,19.55541767249276,0.0 -99.38156256775572,19.555423738407825,0.0 -99.3787026488794,19.55542975902935,0.0 -99.3758427289488,19.555435734357264,0.0 -99.37298280797188,19.55544166439149,0.0 -99.3701228859566,19.55544754913197,0.0 -99.36726296291093,19.555453388578623,0.0 -99.36440303884281,19.555459182731383,0.0 -99.36154311376023,19.555464931590187,0.0 -99.35868318767112,19.555470635154954,0.0 -99.35582326058346,19.555476293425627,0.0 -99.35296333250523,19.555481906402132,0.0 -99.35010340344435,19.555487474084416,0.0 -99.34724347340881,19.555492996472392,0.0 -99.34438354240656,19.555498473566008,0.0 -99.34152361044556,19.555503905365192,0.0 -99.33866367753377,19.555509291869885,0.0 -99.33580374367918,19.555514633080023,0.0 -99.33294380888971,19.555519928995537,0.0 -99.33008387317335,19.55552517961636,0.0 -99.32722393653805,19.555530384942447,0.0 -99.32722940420362,19.558241481205776,0.0 -99.3300893886242,19.558236275100867,0.0 -99.33294937212577,19.55823102369444,0.0 -99.33580935470037,19.558225726986553,0.0 -99.33866933634005,19.55822038497726,0.0 -99.34152931703683,19.55821499766664,0.0 -99.34438929678275,19.558209565054742,0.0 -99.34724927556985,19.558204087141643,0.0 -99.35010925339017,19.558198563927405,0.0 -99.35296923023574,19.558192995412096,0.0 -99.35582920609862,19.55818738159577,0.0 -99.35868918097083,19.558181722478505,0.0 -99.36154915484441,19.55817601806036,0.0 -99.36440912771138,19.558170268341417,0.0 -99.36726909956383,19.558164473321735,0.0 -99.37012907039374,19.55815863300138,0.0 -99.37298904019318,19.558152747380426,0.0 -99.37584900895419,19.55814681645894,0.0 -99.37870897666879,19.558140840236998,0.0 -99.38156894332903,19.55813481871467,0.0 -99.38442890892695,19.55812875189202,0.0 -99.38728887345458,19.55812263976913,0.0 -99.39014883690396,19.558116482346065,0.0 -99.39300879926714,19.558110279622905,0.0 -99.39586876053615,19.55810403159972,0.0 -99.39872872070302,19.558097738276587,0.0 -99.4015886797598,19.558091399653573,0.0 -99.40444863769851,19.55808501573076,0.0 -99.40730859451122,19.558078586508227,0.0 -99.41016855018994,19.55807211198604,0.0 -99.41302850472671,19.55806559216429,0.0 -99.4158884581136,19.55805902704304,0.0 -99.41874841034262,19.55805241662238,0.0 -99.4216083614058,19.558045760902388,0.0 -99.4244683112952,19.558039059883132,0.0 -99.42732826000285,19.5580323135647,0.0 -99.4301882075208,19.558025521947172,0.0 -99.43304815384109,19.558018685030625,0.0 -99.43590809895571,19.558011802815145,0.0 -99.43876804285675,19.558004875300814,0.0 -99.44162798553624,19.55799790248771,0.0 -99.44448792698621,19.557990884375926,0.0 -99.4473478671987,19.557983820965525,0.0 -99.45020780616575,19.55797671225661,0.0 -99.4530677438794,19.557969558249265,0.0 -99.45592768033167,19.55796235894356,0.0 -99.45878761551464,19.55795511433959,0.0 -99.455935299526,19.560673412634703,0.0 -99.45307531528414,19.56068061301744,0.0 -99.45021532978083,19.560687768095047,0.0 -99.44735534302401,19.560694877867444,0.0 -99.44449535502167,19.560701942334536,0.0 -99.44163536578174,19.560708961496257,0.0 -99.4387753753122,19.560715935352505,0.0 -99.43591538362101,19.560722863903212,0.0 -99.43305539071615,19.560729747148287,0.0 -99.43019539660554,19.560736585087657,0.0 -99.42733540129719,19.560743377721224,0.0 -99.42447540479901,19.560750125048916,0.0 -99.421615407119,19.560756827070666,0.0 -99.41875540826513,19.560763483786374,0.0 -99.41589540824533,19.56077009519597,0.0 -99.4130354070676,19.56077666129938,0.0 -99.41017540473985,19.560783182096515,0.0 -99.40731540127008,19.560789657587296,0.0 -99.40445539666625,19.560796087771664,0.0 -99.40159539093631,19.560802472649524,0.0 -99.39873538408824,19.560808812220806,0.0 -99.39587537612996,19.560815106485443,0.0 -99.3930153670695,19.56082135544335,0.0 -99.39015535691476,19.56082755909445,0.0 -99.38729534567375,19.560833717438683,0.0 -99.38443533335439,19.560839830475963,0.0 -99.38157531996467,19.560845898206225,0.0 -99.37871530551254,19.560851920629393,0.0 -99.37585529000597,19.56085789774539,0.0 -99.37299527345291,19.560863829554155,0.0 -99.37013525586136,19.560869716055617,0.0 -99.36727523723923,19.560875557249695,0.0 -99.36441521759453,19.560881353136327,0.0 -99.36155519693517,19.560887103715448,0.0 -99.35869517526916,19.56089280898699,0.0 -99.35583515260444,19.560898468950867,0.0 -99.35297512894898,19.560904083607035,0.0 -99.35011510431075,19.560909652955417,0.0 -99.34725507869769,19.560915176995945,0.0 -99.34439505211776,19.560920655728555,0.0 -99.34153502457896,19.56092608915318,0.0 -99.33867499608922,19.56093147726976,0.0 -99.33581496665653,19.56093682007823,0.0 -99.33295493628881,19.56094211757852,0.0 -99.33009490499406,19.56094736977057,0.0 -99.32723487278022,19.560952576654326,0.0 -99.32724034226797,19.563663671288005,0.0 -99.330100422283,19.56365846362538,0.0 -99.33296050137889,19.563653210647672,0.0 -99.33582057954766,19.563647912354956,0.0 -99.33868065678136,19.563642568747277,0.0 -99.34154073307201,19.56363717982472,0.0 -99.34440080841166,19.563631745587333,0.0 -99.34726088279236,19.563626266035186,0.0 -99.35012095620613,19.56362074116834,0.0 -99.35298102864499,19.56361517098687,0.0 -99.355841100101,19.563609555490835,0.0 -99.35870117056619,19.563603894680305,0.0 -99.36156124003261,19.563598188555346,0.0 -99.36442130849228,19.56359243711603,0.0 -99.36728137593724,19.563586640362413,0.0 -99.37014144235953,19.563580798294574,0.0 -99.37300150775118,19.563574910912582,0.0 -99.37586157210424,19.56356897821651,0.0 -99.37872163541074,19.563563000206422,0.0 -99.3815816976627,19.56355697688239,0.0 -99.38444175885219,19.563550908244487,0.0 -99.38730181897122,19.56354479429279,0.0 -99.39016187801185,19.563538635027363,0.0 -99.3930219359661,19.563532430448287,0.0 -99.39588199282602,19.563526180555627,0.0 -99.39874204858363,19.56351988534946,0.0 -99.40160210323097,19.56351354482987,0.0 -99.40446215676009,19.563507158996927,0.0 -99.40732220916301,19.563500727850712,0.0 -99.41018226043178,19.563494251391287,0.0 -99.41304231055845,19.563487729618736,0.0 -99.41590235953502,19.56348116253314,0.0 -99.41876240735357,19.56347455013458,0.0 -99.4216224540061,19.563467892423127,0.0 -99.42448249948467,19.563461189398858,0.0 -99.42734254378131,19.563454441061864,0.0 -99.43020258688806,19.563447647412215,0.0 -99.43306262879693,19.56344080845,0.0 -99.43592266950002,19.563433924175293,0.0 -99.43878270898931,19.563426994588184,0.0 -99.44164274725685,19.563420019688746,0.0 -99.4445027842947,19.563412999477073,0.0 -99.44736282009487,19.563405933953238,0.0 -99.4502228546494,19.563398823117332,0.0 -99.45308288795036,19.563391666969434,0.0 -99.45023038077159,19.56610987732337,0.0 -99.44737029841134,19.566116989222824,0.0 -99.44451021480538,19.566124055803428,0.0 -99.44165012996167,19.5661310770651,0.0 -99.43879004388813,19.566138053007755,0.0 -99.43592995659279,19.566144983631307,0.0 -99.43306986808355,19.566151868935677,0.0 -99.43020977836841,19.566158708920774,0.0 -99.42734968745532,19.56616550358653,0.0 -99.42448959535224,19.56617225293286,0.0 -99.42162950206715,19.566178956959675,0.0 -99.41876940760801,19.566185615666907,0.0 -99.41590931198276,19.56619222905447,0.0 -99.4130492151994,19.56619879712228,0.0 -99.41018911726586,19.566205319870274,0.0 -99.4073290181901,19.56621179729837,0.0 -99.40446891798013,19.56621822940648,0.0 -99.40160881664386,19.566224616194535,0.0 -99.39874871418928,19.566230957662462,0.0 -99.39588861062437,19.566237253810183,0.0 -99.39302850595706,19.566243504637615,0.0 -99.39016840019532,19.5662497101447,0.0 -99.38730829334713,19.56625587033135,0.0 -99.38444818542045,19.566261985197503,0.0 -99.38158807642324,19.566268054743073,0.0 -99.37872796636346,19.566274078967997,0.0 -99.37586785524907,19.566280057872202,0.0 -99.37300774308804,19.566285991455622,0.0 -99.37014762988834,19.566291879718168,0.0 -99.3672875156579,19.56629772265979,0.0 -99.36442740040475,19.56630352028041,0.0 -99.36156728413678,19.56630927257996,0.0 -99.35870716686202,19.56631497955837,0.0 -99.35584704858839,19.566320641215576,0.0 -99.35298692932386,19.566326257551506,0.0 -99.3501268090764,19.566331828566096,0.0 -99.34726668785397,19.566337354259286,0.0 -99.34440656566454,19.566342834630998,0.0 -99.34154644251608,19.566348269681164,0.0 -99.33868631841653,19.56635365940973,0.0 -99.33582619337389,19.566359003816643,0.0 -99.33296606739609,19.566364302901817,0.0 -99.3301059404911,19.566369556665194,0.0 -99.32724581266689,19.56637476510672,0.0 -99.32725128397706,19.569085858110373,0.0 -99.33011145961841,19.56908064888993,0.0 -99.33297163434045,19.569075394340842,0.0 -99.33583180813525,19.569070094463193,0.0 -99.33869198099482,19.56906474925703,0.0 -99.34155215291122,19.569059358722424,0.0 -99.34441232387647,19.569053922859442,0.0 -99.34727249388258,19.569048441668137,0.0 -99.35013266292164,19.569042915148582,0.0 -99.35299283098566,19.56903734330085,0.0 -99.35585299806667,19.569031726124997,0.0 -99.3587131641567,19.56902606362109,0.0 -99.3615733292478,19.569020355789196,0.0 -99.364433493332,19.569014602629395,0.0 -99.36729365640133,19.56900880414174,0.0 -99.37015381844785,19.569002960326305,0.0 -99.37301397946356,19.568997071183162,0.0 -99.37587413944053,19.56899113671238,0.0 -99.37873429837077,19.56898515691403,0.0 -99.38159445624633,19.568979131788186,0.0 -99.38445461305923,19.568973061334912,0.0 -99.38731476880153,19.568966945554287,0.0 -99.39017492346525,19.568960784446375,0.0 -99.39303507704243,19.56895457801126,0.0 -99.3958952295251,19.568948326249014,0.0 -99.39875538090529,19.568942029159704,0.0 -99.40161553117505,19.568935686743416,0.0 -99.40447568032641,19.56892929900021,0.0 -99.40733582835144,19.568922865930176,0.0 -99.4101959752421,19.568916387533392,0.0 -99.41305612099049,19.568909863809917,0.0 -99.41591626558862,19.56890329475985,0.0 -99.41877640902854,19.568896680383254,0.0 -99.42163655130227,19.568890020680218,0.0 -99.42449669240185,19.568883315650808,0.0 -99.42735683231932,19.56887656529512,0.0 -99.43021697104672,19.56886976961323,0.0 -99.43307710857607,19.568862928605206,0.0 -99.43593724489943,19.568856042271143,0.0 -99.43879738000882,19.568849110611122,0.0 -99.44165751389627,19.56884213362521,0.0 -99.44451764655385,19.56883511131352,0.0 -99.44737777797356,19.56882804367611,0.0 -99.45023790814743,19.568820930713066,0.0 -99.44738525878158,19.571539097312986,0.0 -99.44452507954017,19.571546166007238,0.0 -99.44166489906078,19.571553189368995,0.0 -99.43880471735143,19.571560167398182,0.0 -99.43594453442005,19.57156710009471,0.0 -99.43308435027461,19.571573987458507,0.0 -99.43022416492306,19.571580829489477,0.0 -99.42736397837339,19.571587626187544,0.0 -99.42450379063357,19.571594377552632,0.0 -99.42164360171152,19.571601083584653,0.0 -99.41878341161525,19.571607744283536,0.0 -99.41592322035271,19.57161435964919,0.0 -99.41306302793184,19.571620929681547,0.0 -99.41020283436066,19.571627454380526,0.0 -99.40734263964707,19.571633933746043,0.0 -99.4044824437991,19.57164036777803,0.0 -99.40162224682466,19.571646756476405,0.0 -99.39876204873174,19.571653099841097,0.0 -99.3959018495283,19.571659397872025,0.0 -99.39304164922231,19.571665650569113,0.0 -99.39018144782172,19.571671857932287,0.0 -99.3873212453345,19.57167801996148,0.0 -99.38446104176865,19.57168413665661,0.0 -99.38160083713207,19.571690208017618,0.0 -99.37874063143278,19.57169623404442,0.0 -99.37588042467873,19.571702214736945,0.0 -99.37302021687786,19.571708150095123,0.0 -99.37016000803817,19.571714040118884,0.0 -99.3672997981676,19.571719884808154,0.0 -99.36443958727412,19.57172568416287,0.0 -99.36157937536571,19.571731438182965,0.0 -99.3587191624503,19.57173714686836,0.0 -99.35585894853591,19.571742810218993,0.0 -99.35299873363046,19.5717484282348,0.0 -99.35013851774193,19.57175400091571,0.0 -99.34727830087827,19.57175952826166,0.0 -99.34441808304749,19.57176501027257,0.0 -99.3415578642575,19.5717704469484,0.0 -99.33869764451629,19.571775838289064,0.0 -99.33583742383183,19.57178118429451,0.0 -99.33297720221208,19.571786484964665,0.0 -99.33011697966501,19.571791740299474,0.0 -99.32725675619857,19.571796950298868,0.0 -99.32726222933145,19.57450804167212,0.0 -99.33012250063096,19.57450283089375,0.0 -99.33298277101103,19.574497574773186,0.0 -99.33584304046371,19.574492273310497,0.0 -99.33870330898102,19.574486926505752,0.0 -99.341563576555,19.574481534358995,0.0 -99.3444238431777,19.574476096870306,0.0 -99.34728410884112,19.574470614039743,0.0 -99.35014437353733,19.574465085867377,0.0 -99.35300463725834,19.57445951235327,0.0 -99.3558648999962,19.57445389349749,0.0 -99.35872516174294,19.5744482293001,0.0 -99.36158542249058,19.574442519761163,0.0 -99.36444568223118,19.574436764880762,0.0 -99.36730594095675,19.57443096465895,0.0 -99.37016619865933,19.574425119095814,0.0 -99.37302645533097,19.574419228191402,0.0 -99.37588671096371,19.574413291945795,0.0 -99.37874696554955,19.574407310359074,0.0 -99.38160721908056,19.57440128343129,0.0 -99.38446747154873,19.574395211162532,0.0 -99.38732772294615,19.57438909355286,0.0 -99.39018797326482,19.574382930602347,0.0 -99.39304822249677,19.574376722311083,0.0 -99.39590847063405,19.57437046867912,0.0 -99.3987687176687,19.574364169706545,0.0 -99.40162896359274,19.574357825393427,0.0 -99.40448920839822,19.574351435739846,0.0 -99.40734945207714,19.57434500074588,0.0 -99.41020969462159,19.574338520411597,0.0 -99.41306993602355,19.57433199473708,0.0 -99.4159301762751,19.574325423722406,0.0 -99.41879041536824,19.574318807367657,0.0 -99.42165065329502,19.574312145672902,0.0 -99.42451089004747,19.57430543863823,0.0 -99.42737112561764,19.574298686263713,0.0 -99.43023135999753,19.574291888549435,0.0 -99.43309159317921,19.574285045495483,0.0 -99.43595182515472,19.574278157101926,0.0 -99.43881205591607,19.574271223368854,0.0 -99.44167228545528,19.574264244296355,0.0 -99.44453251376443,19.574257219884498,0.0 -99.44167967307986,19.576975298407184,0.0 -99.43881939570282,19.576982278523037,0.0 -99.43595911710355,19.576989213292684,0.0 -99.43309883729003,19.576996102716034,0.0 -99.43023855627024,19.57700294679301,0.0 -99.42737827405213,19.577009745523522,0.0 -99.42451799064368,19.577016498907497,0.0 -99.42165770605283,19.577023206944855,0.0 -99.41879742028758,19.577029869635517,0.0 -99.41593713335588,19.577036486979395,0.0 -99.41307684526569,19.57704305897641,0.0 -99.41021655602498,19.577049585626504,0.0 -99.40735626564171,19.577056066929575,0.0 -99.40449597412386,19.57706250288556,0.0 -99.40163568147939,19.577068893494378,0.0 -99.39877538771627,19.57707523875595,0.0 -99.39591509284246,19.577081538670203,0.0 -99.39305479686591,19.57708779323707,0.0 -99.39019449979462,19.577094002456462,0.0 -99.38733420163652,19.577100166328318,0.0 -99.3844739023996,19.577106284852558,0.0 -99.38161360209185,19.577112358029108,0.0 -99.37875330072117,19.577118385857897,0.0 -99.37589299829557,19.577124368338858,0.0 -99.37303269482302,19.57713030547191,0.0 -99.37017239031147,19.577136197256994,0.0 -99.3673120847689,19.577142043694035,0.0 -99.36445177820326,19.577147844782964,0.0 -99.36159147062251,19.577153600523705,0.0 -99.35873116203464,19.577159310916194,0.0 -99.35587085244762,19.577164975960372,0.0 -99.35301054186938,19.577170595656163,0.0 -99.35015023030792,19.577176170003494,0.0 -99.34728991777119,19.577181699002317,0.0 -99.34442960426716,19.57718718265254,0.0 -99.3415692898038,19.577192620954126,0.0 -99.33870897438906,19.57719801390699,0.0 -99.33584865803095,19.577203361511078,0.0 -99.33298834073737,19.577208663766324,0.0 -99.33012802251636,19.577213920672662,0.0 -99.32726770337582,19.577219132230027,0.0 -99.32727317833171,19.579930221972493,0.0 -99.33013354532125,19.579925009636096,0.0 -99.33299391139121,19.579919751943955,0.0 -99.33585427653361,19.579914448896133,0.0 -99.33871464074053,19.579909100492685,0.0 -99.34157500400397,19.57990370673368,0.0 -99.34443536631596,19.579898267619186,0.0 -99.34729572766855,19.57989278314925,0.0 -99.35015608805378,19.57988725332396,0.0 -99.35301644746366,19.579881678143373,0.0 -99.35587680589022,19.579876057607553,0.0 -99.35873716332553,19.579870391716568,0.0 -99.36159751976157,19.579864680470482,0.0 -99.36445787519042,19.579858923869374,0.0 -99.3673182296041,19.579853121913303,0.0 -99.37017858299464,19.579847274602336,0.0 -99.37303893535406,19.579841381936546,0.0 -99.37589928667441,19.57983544391601,0.0 -99.37875963694772,19.579829460540793,0.0 -99.38161998616602,19.579823431810965,0.0 -99.38448033432134,19.579817357726593,0.0 -99.38734068140573,19.579811238287757,0.0 -99.39020102741121,19.57980507349453,0.0 -99.39306137232981,19.579798863346983,0.0 -99.39592171615357,19.579792607845185,0.0 -99.39878205887453,19.57978630698922,0.0 -99.4016424004847,19.57977996077916,0.0 -99.40450274097614,19.579773569215075,0.0 -99.40736308034087,19.579767132297047,0.0 -99.41022341857092,19.579760650025147,0.0 -99.41308375565835,19.57975412239946,0.0 -99.41594409159515,19.579747549420055,0.0 -99.41880442637338,19.579740931087013,0.0 -99.42166475998506,19.579734267400422,0.0 -99.42452509242227,19.579727558360347,0.0 -99.42738542367697,19.57972080396688,0.0 -99.43024575374126,19.57971400422009,0.0 -99.43310608260713,19.579707159120066,0.0 -99.43596641026662,19.579700268666887,0.0 -99.43882673671177,19.57969333286064,0.0 -99.44168706193463,19.579686351701397,0.0 -99.43883407894305,19.582404386381555,0.0 -99.43597370464403,19.582411323224456,0.0 -99.43311332913058,19.58241821470749,0.0 -99.43025295241067,19.5824250608306,0.0 -99.42739257449226,19.582431861593697,0.0 -99.42453219538332,19.58243861699669,0.0 -99.42167181509183,19.582445327039512,0.0 -99.41881143362572,19.582451991722078,0.0 -99.41595105099299,19.582458611044302,0.0 -99.4130906672016,19.58246518500612,0.0 -99.41023028225952,19.58247171360744,0.0 -99.40736989617469,19.582478196848196,0.0 -99.40450950895513,19.582484634728303,0.0 -99.40164912060875,19.582491027247684,0.0 -99.39878873114355,19.582497374406266,0.0 -99.39592834056751,19.582503676203974,0.0 -99.39306794888854,19.58250993264073,0.0 -99.39020755611467,19.582516143716457,0.0 -99.38734716225385,19.58252230943109,0.0 -99.38448676731403,19.582528429784553,0.0 -99.38162637130317,19.58253450477677,0.0 -99.37876597422927,19.58254053440767,0.0 -99.37590557610028,19.58254651867718,0.0 -99.37304517692417,19.582552457585226,0.0 -99.3701847767089,19.58255835113174,0.0 -99.36732437546245,19.582564199316664,0.0 -99.36446397319278,19.582570002139914,0.0 -99.36160356990784,19.582575759601422,0.0 -99.35874316561564,19.582581471701122,0.0 -99.3558827603241,19.582587138438942,0.0 -99.35302235404124,19.58259275981482,0.0 -99.35016194677497,19.582598335828692,0.0 -99.34730153853329,19.58260386648048,0.0 -99.34444112932417,19.582609351770135,0.0 -99.34158071915557,19.582614791697576,0.0 -99.33872030803545,19.582620186262744,0.0 -99.3358598959718,19.582625535465578,0.0 -99.33299948297257,19.582630839306013,0.0 -99.33013906904571,19.582636097783983,0.0 -99.32727865419923,19.582641310899426,0.0 -99.3272841309784,19.585352399010727,0.0 -99.33014459368982,19.58534718511621,0.0 -99.33300505548152,19.585341925852386,0.0 -99.33586551634555,19.585336621219323,0.0 -99.33872597627393,19.585331271217083,0.0 -99.34158643525869,19.58532587584572,0.0 -99.34444689329186,19.585320435105306,0.0 -99.34730735036548,19.585314948995908,0.0 -99.35016780647159,19.585309417517585,0.0 -99.35302826160219,19.585303840670413,0.0 -99.35588871574934,19.585298218454444,0.0 -99.35874916890506,19.585292550869756,0.0 -99.3616096210614,19.58528683791641,0.0 -99.36447007221038,19.58528107959448,0.0 -99.36733052234402,19.585275275904028,0.0 -99.37019097145435,19.585269426845127,0.0 -99.37305141953344,19.58526353241785,0.0 -99.37591186657328,19.58525759262226,0.0 -99.37877231256591,19.585251607458428,0.0 -99.38163275750338,19.585245576926436,0.0 -99.38449320137772,19.585239501026344,0.0 -99.38735364418095,19.58523337975823,0.0 -99.3902140859051,19.585227213122156,0.0 -99.39307452654222,19.585221001118214,0.0 -99.39593496608431,19.585214743746462,0.0 -99.39879540452344,19.58520844100699,0.0 -99.40165584185164,19.585202092899852,0.0 -99.40451627806091,19.585195699425146,0.0 -99.4073767131433,19.58518926058293,0.0 -99.41023714709083,19.58518277637329,0.0 -99.41309757989555,19.585176246796305,0.0 -99.41595801154949,19.585169671852043,0.0 -99.4188184420447,19.58516305154059,0.0 -99.42167887137316,19.58515638586202,0.0 -99.42453929952696,19.585149674816424,0.0 -99.42739972649808,19.585142918403864,0.0 -99.43026015227859,19.585136116624437,0.0 -99.4331205768605,19.585129269478212,0.0 -99.43598100023587,19.58512237696527,0.0 -99.43598829704224,19.587833429889262,0.0 -99.43312782579699,19.587840323432125,0.0 -99.4302673533451,19.5878471716015,0.0 -99.42740687969452,19.5878539743973,0.0 -99.42454640485322,19.587860731819447,0.0 -99.42168592882919,19.587867443867864,0.0 -99.41882545163038,19.58787411054247,0.0 -99.41596497326475,19.58788073184318,0.0 -99.41310449374029,19.58788730776991,0.0 -99.41024401306497,19.587893838322596,0.0 -99.40738353124672,19.587900323501152,0.0 -99.40452304829356,19.5879067633055,0.0 -99.40166256421342,19.587913157735574,0.0 -99.39880207901429,19.58791950679129,0.0 -99.39594159270412,19.587925810472566,0.0 -99.39308110529089,19.587932068779338,0.0 -99.39022061678257,19.587938281711523,0.0 -99.38736012718712,19.58794444926906,0.0 -99.38449963651252,19.587950571451856,0.0 -99.38163914476674,19.58795664825986,0.0 -99.37877865195772,19.587962679692982,0.0 -99.37591815809347,19.587968665751156,0.0 -99.37305766318192,19.587974606434315,0.0 -99.37019716723108,19.587980501742383,0.0 -99.36733667024887,19.587986351675294,0.0 -99.3644761722433,19.58799215623297,0.0 -99.36161567322232,19.587997915415357,0.0 -99.3587551731939,19.58800362922237,0.0 -99.35589467216602,19.58800929765395,0.0 -99.35303417014661,19.58801492071003,0.0 -99.35017366714368,19.588020498390545,0.0 -99.3473131631652,19.58802603069542,0.0 -99.34445265821911,19.588031517624593,0.0 -99.3415921523134,19.588036959178005,0.0 -99.33873164545602,19.588042355355583,0.0 -99.33587113765495,19.58804770615727,0.0 -99.33301062891817,19.588053011582993,0.0 -99.33015011925364,19.588058271632693,0.0 -99.32728960866932,19.588063486306307,0.0 -99.32729508727205,19.590774572786074,0.0 -99.33015564573724,19.590769357333333,0.0 -99.33301620328258,19.590764096497733,0.0 -99.33587675990007,19.590758790279317,0.0 -99.3387373155818,19.590753438678174,0.0 -99.34159787031975,19.59074804169435,0.0 -99.34445842410597,19.590742599327918,0.0 -99.3473189769325,19.590737111578942,0.0 -99.35017952879134,19.590731578447485,0.0 -99.35304007967456,19.590725999933614,0.0 -99.35590062957417,19.59072037603739,0.0 -99.3587611784822,19.590714706758888,0.0 -99.36162172639068,19.590708992098175,0.0 -99.36448227329164,19.590703232055315,0.0 -99.36734281917713,19.59069742663037,0.0 -99.37592445066095,19.59067973806378,0.0 -99.37878499240479,19.590673751111225,0.0 -99.3816455330933,19.590667718776952,0.0 -99.38450607271852,19.590661641061015,0.0 -99.38736661127247,19.5906555179635,0.0 -99.39022714874716,19.590649349484476,0.0 -99.39308768513465,19.59064313562401,0.0 -99.39594822042697,19.59063687638219,0.0 -99.39880875461614,19.59063057175908,0.0 -99.4016692876942,19.590624221754755,0.0 -99.40452981965318,19.590617826369293,0.0 -99.4073903504851,19.590611385602774,0.0 -99.41025088018199,19.59060489945526,0.0 -99.4131114087359,19.590598367926848,0.0 -99.41597193613885,19.590591791017605,0.0 -99.41883246238287,19.59058516872761,0.0 -99.42169298745999,19.59057850105694,0.0 -99.42455351136223,19.590571788005683,0.0 -99.42741403408166,19.59056502957391,0.0 -99.43027455561028,19.590558225761704,0.0 -99.43313507594013,19.590551376569145,0.0 -99.43028175907423,19.593269279104952,0.0 -99.42742118965963,19.593276083933592,0.0 -99.4245606190541,19.593282843375025,0.0 -99.42170004726567,19.593289557429163,0.0 -99.41883947430226,19.593296226095926,0.0 -99.41597890017188,19.59330284937524,0.0 -99.41311832488248,19.593309427267027,0.0 -99.41025774844202,19.5933159597712,0.0 -99.40739717085849,19.59332244688769,0.0 -99.40453659213985,19.59332888861641,0.0 -99.40167601229408,19.593335284957288,0.0 -99.39881543132913,19.59334163591026,0.0 -99.39595484925297,19.59334794147523,0.0 -99.3930942660736,19.59335420165214,0.0 -99.39023368179896,19.593360416440905,0.0 -99.38737309643703,19.593366585841455,0.0 -99.36162778056655,19.593420067964757,0.0 -99.35876718477004,19.593425783479205,0.0 -99.35590658797392,19.59343145360465,0.0 -99.35304599018613,19.59343707834104,0.0 -99.35018539141466,19.593442657688303,0.0 -99.34732479166748,19.59344819164637,0.0 -99.34446419095255,19.59345368021517,0.0 -99.34160358927785,19.593459123394656,0.0 -99.33874298665135,19.593464521184746,0.0 -99.335882383081,19.593469873585384,0.0 -99.3330217785748,19.593475180596496,0.0 -99.3301611731407,19.593480442218034,0.0 -99.32730056678668,19.593485658449925,0.0 -99.32730604721326,19.596196743297778,0.0 -99.33016670146408,19.59619152628671,0.0 -99.33302735479491,19.596186263879215,0.0 -99.3358880071978,19.59618095607536,0.0 -99.33874865866473,19.59617560287521,0.0 -99.34160930918775,19.596170204278824,0.0 -99.34446995875889,19.596164760286268,0.0 -99.3473306073702,19.596159270897605,0.0 -99.35019125501367,19.59615373611291,0.0 -99.35305190168137,19.59614815593223,0.0 -99.3559125473653,19.596142530355646,0.0 -99.39882210915331,19.59605269924474,0.0 -99.40168273801312,19.5960463473431,0.0 -99.40454336575367,19.596039950046762,0.0 -99.407403992367,19.59603350735581,0.0 -99.41026461784513,19.596027019270313,0.0 -99.4131252421801,19.59602048579034,0.0 -99.41598586536392,19.596013906915992,0.0 -99.41884648738865,19.596007282647324,0.0 -99.4217071082463,19.596000612984426,0.0 -99.42456772792889,19.595993897927382,0.0 -99.42742834642847,19.59598713747626,0.0 -99.42743550438831,19.598698190201812,0.0 -99.42457483798668,19.598704951662654,0.0 -99.42171417040197,19.598711667722647,0.0 -99.4188535016421,19.598718338381705,0.0 -99.41599283171507,19.59872496363975,0.0 -99.41313216062885,19.598731543496708,0.0 -99.4102714883914,19.5987380779525,0.0 -99.4074108150107,19.598744567007046,0.0 -99.35019711958849,19.598864813721207,0.0 -99.34733642404073,19.598870349332568,0.0 -99.3444757275251,19.59887583954111,0.0 -99.34161503004951,19.598881284346767,0.0 -99.338754331622,19.598886683749477,0.0 -99.3358936322505,19.59889203774917,0.0 -99.333032931943,19.598897346345783,0.0 -99.33017223070746,19.598902609539255,0.0 -99.32731152855185,19.598907827329523,0.0 -99.32731701080255,19.601618910545074,0.0 -99.3301777608709,19.601613691975587,0.0 -99.33303851001911,19.601608427996098,0.0 -99.33589925823924,19.601603118606697,0.0 -99.33876000552326,19.601597763807444,0.0 -99.34162075186325,19.601592363598385,0.0 -99.3444814972512,19.601586917979596,0.0 -99.41886051706273,19.601429393298975,0.0 -99.42172123373278,19.601422721643715,0.0 -99.4245819492276,19.601416004580752,0.0 -99.33876568036858,19.60430884304902,0.0 -99.33590488516403,19.604314198647867,0.0 -99.33304408902335,19.604319508830084,0.0 -99.33018329195448,19.60432477359559,0.0 -99.3273224939654,19.604329992944336,0.0 -99.3273279780405,19.607041074527213,0.0 -99.33018882395825,19.607035854399196,0.0 -99.33304966895575,19.60703058884763,0.0 -99.3273334630279,19.609752155293616,0.0</coordinates>
            </LineString>
        </Placemark>
    </Document>
</kml>
