{
"type": "FeatureCollection",
"name": "edges",
"crs": { "type": "name", "properties": { "name": "urn:ogc:def:crs:OGC:1.3:CRS84" } },
"features": [
{ "type": "Feature", "properties": { "u": 0, "v": 19, "weight": 223.60679774999153 }, "geometry": { "type": "LineString", "coordinates": [ [ -0.119175688588465, 51.481990925104895 ], [ -0.115959629929337, 51.48191181738715 ] ] } },
{ "type": "Feature", "properties": { "u": 0, "v": 1, "weight": 223.60679775010794 }, "geometry": { "type": "LineString", "coordinates": [ [ -0.119175688588465, 51.481990925104895 ], [ -0.119049055475669, 51.483998998800708 ] ] } },
{ "type": "Feature", "properties": { "u": 1, "v": 20, "weight": 223.60679774999153 }, "geometry": { "type": "LineString", "coordinates": [ [ -0.119049055475669, 51.483998998800708 ], [ -0.11583285592512, 51.483919885428953 ] ] } },
{ "type": "Feature", "properties": { "u": 1, "v": 2, "weight": 223.60679775010794 }, "geometry": { "type": "LineString", "coordinates": [ [ -0.119049055475669, 51.483998998800708 ], [ -0.118922407706091, 51.486007071581874 ] ] } },
{ "type": "Feature", "properties": { "u": 2, "v": 21, "weight": 223.60679774999153 }, "geometry": { "type": "LineString", "coordinates": [ [ -0.118922407706091, 51.486007071581874 ], [ -0.115706067247874, 51.485927952555627 ] ] } },
{ "type": "Feature", "properties": { "u": 2, "v": 3, "weight": 223.60679774917662 }, "geometry": { "type": "LineString", "coordinates": [ [ -0.118922407706091, 51.486007071581874 ], [ -0.118795745277491, 51.488015143448351 ] ] } },
{ "type": "Feature", "properties": { "u": 3, "v": 22, "weight": 223.60679774999153 }, "geometry": { "type": "LineString", "coordinates": [ [ -0.118795745277491, 51.488015143448351 ], [ -0.115579263895362, 51.487936018767101 ] ] } },
{ "type": "Feature", "properties": { "u": 3, "v": 4, "weight": 223.60679775010794 }, "geometry": { "type": "LineString", "coordinates": [ [ -0.118795745277491, 51.488015143448351 ], [ -0.118669068187631, 51.490023214400139 ] ] } },
{ "type": "Feature", "properties": { "u": 4, "v": 23, "weight": 223.60679774999153 }, "geometry": { "type": "LineString", "coordinates": [ [ -0.118669068187631, 51.490023214400139 ], [ -0.115452445865339, 51.48994408406341 ] ] } },
{ "type": "Feature", "properties": { "u": 4, "v": 5, "weight": 223.60679775010794 }, "geometry": { "type": "LineString", "coordinates": [ [ -0.118669068187631, 51.490023214400139 ], [ -0.11854237643427, 51.492031284437218 ] ] } },
{ "type": "Feature", "properties": { "u": 5, "v": 24, "weight": 223.60679774999153 }, "geometry": { "type": "LineString", "coordinates": [ [ -0.11854237643427, 51.492031284437218 ], [ -0.115325613155565, 51.491952148444511 ] ] } },
{ "type": "Feature", "properties": { "u": 5, "v": 6, "weight": 223.60679775010794 }, "geometry": { "type": "LineString", "coordinates": [ [ -0.11854237643427, 51.492031284437218 ], [ -0.118415670015171, 51.494039353559536 ] ] } },
{ "type": "Feature", "properties": { "u": 6, "v": 25, "weight": 223.60679774999153 }, "geometry": { "type": "LineString", "coordinates": [ [ -0.118415670015171, 51.494039353559536 ], [ -0.115198765763798, 51.493960211910355 ] ] } },
{ "type": "Feature", "properties": { "u": 6, "v": 7, "weight": 223.60679775010794 }, "geometry": { "type": "LineString", "coordinates": [ [ -0.118415670015171, 51.494039353559536 ], [ -0.11828894892809, 51.496047421767102 ] ] } },
{ "type": "Feature", "properties": { "u": 7, "v": 26, "weight": 223.60679774999153 }, "geometry": { "type": "LineString", "coordinates": [ [ -0.11828894892809, 51.496047421767102 ], [ -0.115071903687794, 51.495968274460949 ] ] } },
{ "type": "Feature", "properties": { "u": 7, "v": 8, "weight": 223.60679775010794 }, "geometry": { "type": "LineString", "coordinates": [ [ -0.11828894892809, 51.496047421767102 ], [ -0.118162213170789, 51.498055489059851 ] ] } },
{ "type": "Feature", "properties": { "u": 8, "v": 27, "weight": 223.60679774999153 }, "geometry": { "type": "LineString", "coordinates": [ [ -0.118162213170789, 51.498055489059851 ], [ -0.11494502692531, 51.497976336096244 ] ] } },
{ "type": "Feature", "properties": { "u": 8, "v": 9, "weight": 223.60679775010794 }, "geometry": { "type": "LineString", "coordinates": [ [ -0.118162213170789, 51.498055489059851 ], [ -0.118035462741025, 51.500063555437805 ] ] } },
{ "type": "Feature", "properties": { "u": 9, "v": 28, "weight": 223.60679774999153 }, "geometry": { "type": "LineString", "coordinates": [ [ -0.118035462741025, 51.500063555437805 ], [ -0.114818135474103, 51.499984396816231 ] ] } },
{ "type": "Feature", "properties": { "u": 9, "v": 10, "weight": 223.60679774917662 }, "geometry": { "type": "LineString", "coordinates": [ [ -0.118035462741025, 51.500063555437805 ], [ -0.117908697636559, 51.502071620900892 ] ] } },
{ "type": "Feature", "properties": { "u": 10, "v": 29, "weight": 223.60679774999153 }, "geometry": { "type": "LineString", "coordinates": [ [ -0.117908697636559, 51.502071620900892 ], [ -0.114691229331928, 51.501992456620883 ] ] } },
{ "type": "Feature", "properties": { "u": 10, "v": 11, "weight": 223.60679775010794 }, "geometry": { "type": "LineString", "coordinates": [ [ -0.117908697636559, 51.502071620900892 ], [ -0.117781917855145, 51.504079685449128 ] ] } },
{ "type": "Feature", "properties": { "u": 11, "v": 30, "weight": 223.60679774999153 }, "geometry": { "type": "LineString", "coordinates": [ [ -0.117781917855145, 51.504079685449128 ], [ -0.11456430849654, 51.504000515510164 ] ] } },
{ "type": "Feature", "properties": { "u": 11, "v": 12, "weight": 223.60679775010794 }, "geometry": { "type": "LineString", "coordinates": [ [ -0.117781917855145, 51.504079685449128 ], [ -0.117655123394542, 51.506087749082482 ] ] } },
{ "type": "Feature", "properties": { "u": 12, "v": 31, "weight": 223.60679774999153 }, "geometry": { "type": "LineString", "coordinates": [ [ -0.117655123394542, 51.506087749082482 ], [ -0.114437372965694, 51.506008573484081 ] ] } },
{ "type": "Feature", "properties": { "u": 12, "v": 13, "weight": 223.60679775010794 }, "geometry": { "type": "LineString", "coordinates": [ [ -0.117655123394542, 51.506087749082482 ], [ -0.117528314252508, 51.508095811800921 ] ] } },
{ "type": "Feature", "properties": { "u": 13, "v": 32, "weight": 223.60679774999153 }, "geometry": { "type": "LineString", "coordinates": [ [ -0.117528314252508, 51.508095811800921 ], [ -0.114310422737144, 51.508016630542585 ] ] } },
{ "type": "Feature", "properties": { "u": 13, "v": 14, "weight": 223.60679775010794 }, "geometry": { "type": "LineString", "coordinates": [ [ -0.117528314252508, 51.508095811800921 ], [ -0.117401490426797, 51.510103873604422 ] ] } },
{ "type": "Feature", "properties": { "u": 14, "v": 33, "weight": 223.60679774999153 }, "geometry": { "type": "LineString", "coordinates": [ [ -0.117401490426797, 51.510103873604422 ], [ -0.114183457808645, 51.510024686685654 ] ] } },
{ "type": "Feature", "properties": { "u": 14, "v": 15, "weight": 223.60679775010794 }, "geometry": { "type": "LineString", "coordinates": [ [ -0.117401490426797, 51.510103873604422 ], [ -0.117274651915166, 51.512111934492964 ] ] } },
{ "type": "Feature", "properties": { "u": 15, "v": 34, "weight": 223.60679774999153 }, "geometry": { "type": "LineString", "coordinates": [ [ -0.117274651915166, 51.512111934492964 ], [ -0.11405647817795, 51.512032741913259 ] ] } },
{ "type": "Feature", "properties": { "u": 15, "v": 16, "weight": 223.60679775010794 }, "geometry": { "type": "LineString", "coordinates": [ [ -0.117274651915166, 51.512111934492964 ], [ -0.117147798715371, 51.514119994466512 ] ] } },
{ "type": "Feature", "properties": { "u": 16, "v": 35, "weight": 223.60679774999153 }, "geometry": { "type": "LineString", "coordinates": [ [ -0.117147798715371, 51.514119994466512 ], [ -0.113929483842813, 51.514040796225409 ] ] } },
{ "type": "Feature", "properties": { "u": 16, "v": 17, "weight": 223.60679775010794 }, "geometry": { "type": "LineString", "coordinates": [ [ -0.117147798715371, 51.514119994466512 ], [ -0.117020930825167, 51.516128053525058 ] ] } },
{ "type": "Feature", "properties": { "u": 17, "v": 36, "weight": 223.60679774999153 }, "geometry": { "type": "LineString", "coordinates": [ [ -0.117020930825167, 51.516128053525058 ], [ -0.113802474800983, 51.516048849622031 ] ] } },
{ "type": "Feature", "properties": { "u": 17, "v": 18, "weight": 223.60679774917662 }, "geometry": { "type": "LineString", "coordinates": [ [ -0.117020930825167, 51.516128053525058 ], [ -0.116894048242306, 51.518136111668568 ] ] } },
{ "type": "Feature", "properties": { "u": 18, "v": 37, "weight": 223.60679774999153 }, "geometry": { "type": "LineString", "coordinates": [ [ -0.116894048242306, 51.518136111668568 ], [ -0.113675451050216, 51.518056902103112 ] ] } },
{ "type": "Feature", "properties": { "u": 19, "v": 38, "weight": 223.60679774999153 }, "geometry": { "type": "LineString", "coordinates": [ [ -0.115959629929337, 51.48191181738715 ], [ -0.112743585940998, 51.481832621565957 ] ] } },
{ "type": "Feature", "properties": { "u": 19, "v": 20, "weight": 223.60679775010794 }, "geometry": { "type": "LineString", "coordinates": [ [ -0.115959629929337, 51.48191181738715 ], [ -0.11583285592512, 51.483919885428953 ] ] } },
{ "type": "Feature", "properties": { "u": 20, "v": 39, "weight": 223.60679774999153 }, "geometry": { "type": "LineString", "coordinates": [ [ -0.11583285592512, 51.483919885428953 ], [ -0.112616671047598, 51.483840683947484 ] ] } },
{ "type": "Feature", "properties": { "u": 20, "v": 21, "weight": 223.60679775010794 }, "geometry": { "type": "LineString", "coordinates": [ [ -0.11583285592512, 51.483919885428953 ], [ -0.115706067247874, 51.485927952555627 ] ] } },
{ "type": "Feature", "properties": { "u": 21, "v": 40, "weight": 223.60679774999153 }, "geometry": { "type": "LineString", "coordinates": [ [ -0.115706067247874, 51.485927952555627 ], [ -0.112489741464927, 51.485848745413378 ] ] } },
{ "type": "Feature", "properties": { "u": 21, "v": 22, "weight": 223.60679774917662 }, "geometry": { "type": "LineString", "coordinates": [ [ -0.115706067247874, 51.485927952555627 ], [ -0.115579263895362, 51.487936018767101 ] ] } },
{ "type": "Feature", "properties": { "u": 22, "v": 41, "weight": 223.60679774999153 }, "geometry": { "type": "LineString", "coordinates": [ [ -0.115579263895362, 51.487936018767101 ], [ -0.112362797190744, 51.487856805963595 ] ] } },
{ "type": "Feature", "properties": { "u": 22, "v": 23, "weight": 223.60679775010794 }, "geometry": { "type": "LineString", "coordinates": [ [ -0.115579263895362, 51.487936018767101 ], [ -0.115452445865339, 51.48994408406341 ] ] } },
{ "type": "Feature", "properties": { "u": 23, "v": 42, "weight": 223.60679774999153 }, "geometry": { "type": "LineString", "coordinates": [ [ -0.115452445865339, 51.48994408406341 ], [ -0.1122358382228, 51.489864865598143 ] ] } },
{ "type": "Feature", "properties": { "u": 23, "v": 24, "weight": 223.60679775010794 }, "geometry": { "type": "LineString", "coordinates": [ [ -0.115452445865339, 51.48994408406341 ], [ -0.115325613155565, 51.491952148444511 ] ] } },
{ "type": "Feature", "properties": { "u": 24, "v": 43, "weight": 223.60679774999153 }, "geometry": { "type": "LineString", "coordinates": [ [ -0.115325613155565, 51.491952148444511 ], [ -0.112108864558855, 51.491872924316979 ] ] } },
{ "type": "Feature", "properties": { "u": 24, "v": 25, "weight": 223.60679775010794 }, "geometry": { "type": "LineString", "coordinates": [ [ -0.115325613155565, 51.491952148444511 ], [ -0.115198765763798, 51.493960211910355 ] ] } },
{ "type": "Feature", "properties": { "u": 25, "v": 44, "weight": 223.60679774999153 }, "geometry": { "type": "LineString", "coordinates": [ [ -0.115198765763798, 51.493960211910355 ], [ -0.111981876196664, 51.493880982120068 ] ] } },
{ "type": "Feature", "properties": { "u": 25, "v": 26, "weight": 223.60679775010794 }, "geometry": { "type": "LineString", "coordinates": [ [ -0.115198765763798, 51.493960211910355 ], [ -0.115071903687794, 51.495968274460949 ] ] } },
{ "type": "Feature", "properties": { "u": 26, "v": 45, "weight": 223.60679774999153 }, "geometry": { "type": "LineString", "coordinates": [ [ -0.115071903687794, 51.495968274460949 ], [ -0.111854873133978, 51.495889039007416 ] ] } },
{ "type": "Feature", "properties": { "u": 26, "v": 27, "weight": 223.60679775010794 }, "geometry": { "type": "LineString", "coordinates": [ [ -0.115071903687794, 51.495968274460949 ], [ -0.11494502692531, 51.497976336096244 ] ] } },
{ "type": "Feature", "properties": { "u": 27, "v": 46, "weight": 223.60679774999153 }, "geometry": { "type": "LineString", "coordinates": [ [ -0.11494502692531, 51.497976336096244 ], [ -0.111727855368556, 51.49789709497896 ] ] } },
{ "type": "Feature", "properties": { "u": 27, "v": 28, "weight": 223.60679775010794 }, "geometry": { "type": "LineString", "coordinates": [ [ -0.11494502692531, 51.497976336096244 ], [ -0.114818135474103, 51.499984396816231 ] ] } },
{ "type": "Feature", "properties": { "u": 28, "v": 47, "weight": 223.60679774999153 }, "geometry": { "type": "LineString", "coordinates": [ [ -0.114818135474103, 51.499984396816231 ], [ -0.111600822898148, 51.499905150034714 ] ] } },
{ "type": "Feature", "properties": { "u": 28, "v": 29, "weight": 223.60679774917662 }, "geometry": { "type": "LineString", "coordinates": [ [ -0.114818135474103, 51.499984396816231 ], [ -0.114691229331928, 51.501992456620883 ] ] } },
{ "type": "Feature", "properties": { "u": 29, "v": 48, "weight": 223.60679774999153 }, "geometry": { "type": "LineString", "coordinates": [ [ -0.114691229331928, 51.501992456620883 ], [ -0.11147377572051, 51.501913204174627 ] ] } },
{ "type": "Feature", "properties": { "u": 29, "v": 30, "weight": 223.60679775010794 }, "geometry": { "type": "LineString", "coordinates": [ [ -0.114691229331928, 51.501992456620883 ], [ -0.11456430849654, 51.504000515510164 ] ] } },
{ "type": "Feature", "properties": { "u": 30, "v": 49, "weight": 223.60679774999153 }, "geometry": { "type": "LineString", "coordinates": [ [ -0.11456430849654, 51.504000515510164 ], [ -0.111346713833393, 51.50392125739868 ] ] } },
{ "type": "Feature", "properties": { "u": 30, "v": 31, "weight": 223.60679775010794 }, "geometry": { "type": "LineString", "coordinates": [ [ -0.11456430849654, 51.504000515510164 ], [ -0.114437372965694, 51.506008573484081 ] ] } },
{ "type": "Feature", "properties": { "u": 31, "v": 50, "weight": 223.60679774999153 }, "geometry": { "type": "LineString", "coordinates": [ [ -0.114437372965694, 51.506008573484081 ], [ -0.11121963723455, 51.505929309706865 ] ] } },
{ "type": "Feature", "properties": { "u": 31, "v": 32, "weight": 223.60679775010794 }, "geometry": { "type": "LineString", "coordinates": [ [ -0.114437372965694, 51.506008573484081 ], [ -0.114310422737144, 51.508016630542585 ] ] } },
{ "type": "Feature", "properties": { "u": 32, "v": 51, "weight": 223.60679774999153 }, "geometry": { "type": "LineString", "coordinates": [ [ -0.114310422737144, 51.508016630542585 ], [ -0.111092545921732, 51.507937361099152 ] ] } },
{ "type": "Feature", "properties": { "u": 32, "v": 33, "weight": 223.60679775010794 }, "geometry": { "type": "LineString", "coordinates": [ [ -0.114310422737144, 51.508016630542585 ], [ -0.114183457808645, 51.510024686685654 ] ] } },
{ "type": "Feature", "properties": { "u": 33, "v": 52, "weight": 223.60679774999153 }, "geometry": { "type": "LineString", "coordinates": [ [ -0.114183457808645, 51.510024686685654 ], [ -0.110965439892691, 51.509945411575522 ] ] } },
{ "type": "Feature", "properties": { "u": 33, "v": 34, "weight": 223.60679775010794 }, "geometry": { "type": "LineString", "coordinates": [ [ -0.114183457808645, 51.510024686685654 ], [ -0.11405647817795, 51.512032741913259 ] ] } },
{ "type": "Feature", "properties": { "u": 34, "v": 53, "weight": 223.60679774999153 }, "geometry": { "type": "LineString", "coordinates": [ [ -0.11405647817795, 51.512032741913259 ], [ -0.110838319145179, 51.51195346113591 ] ] } },
{ "type": "Feature", "properties": { "u": 34, "v": 35, "weight": 223.60679775010794 }, "geometry": { "type": "LineString", "coordinates": [ [ -0.11405647817795, 51.512032741913259 ], [ -0.113929483842813, 51.514040796225409 ] ] } },
{ "type": "Feature", "properties": { "u": 35, "v": 54, "weight": 223.60679774999153 }, "geometry": { "type": "LineString", "coordinates": [ [ -0.113929483842813, 51.514040796225409 ], [ -0.110711183676946, 51.513961509780337 ] ] } },
{ "type": "Feature", "properties": { "u": 35, "v": 36, "weight": 223.60679775010794 }, "geometry": { "type": "LineString", "coordinates": [ [ -0.113929483842813, 51.514040796225409 ], [ -0.113802474800983, 51.516048849622031 ] ] } },
{ "type": "Feature", "properties": { "u": 36, "v": 55, "weight": 223.60679774999153 }, "geometry": { "type": "LineString", "coordinates": [ [ -0.113802474800983, 51.516048849622031 ], [ -0.11058403348574, 51.515969557508761 ] ] } },
{ "type": "Feature", "properties": { "u": 36, "v": 37, "weight": 223.60679774917662 }, "geometry": { "type": "LineString", "coordinates": [ [ -0.113802474800983, 51.516048849622031 ], [ -0.113675451050216, 51.518056902103112 ] ] } },
{ "type": "Feature", "properties": { "u": 37, "v": 56, "weight": 223.60679774999153 }, "geometry": { "type": "LineString", "coordinates": [ [ -0.113675451050216, 51.518056902103112 ], [ -0.110456868569314, 51.517977604321153 ] ] } },
{ "type": "Feature", "properties": { "u": 38, "v": 58, "weight": 223.60679774999153 }, "geometry": { "type": "LineString", "coordinates": [ [ -0.112743585940998, 51.481832621565957 ], [ -0.109527556639684, 51.481753337642274 ] ] } },
{ "type": "Feature", "properties": { "u": 38, "v": 39, "weight": 223.60679775010794 }, "geometry": { "type": "LineString", "coordinates": [ [ -0.112743585940998, 51.481832621565957 ], [ -0.112616671047598, 51.483840683947484 ] ] } },
{ "type": "Feature", "properties": { "u": 39, "v": 59, "weight": 223.60679774999153 }, "geometry": { "type": "LineString", "coordinates": [ [ -0.112616671047598, 51.483840683947484 ], [ -0.109400500859346, 51.483761394357238 ] ] } },
{ "type": "Feature", "properties": { "u": 39, "v": 40, "weight": 223.60679775010794 }, "geometry": { "type": "LineString", "coordinates": [ [ -0.112616671047598, 51.483840683947484 ], [ -0.112489741464927, 51.485848745413378 ] ] } },
{ "type": "Feature", "properties": { "u": 40, "v": 60, "weight": 223.60679774999153 }, "geometry": { "type": "LineString", "coordinates": [ [ -0.112489741464927, 51.485848745413378 ], [ -0.109273430373494, 51.485769450156084 ] ] } },
{ "type": "Feature", "properties": { "u": 40, "v": 41, "weight": 223.60679774917662 }, "geometry": { "type": "LineString", "coordinates": [ [ -0.112489741464927, 51.485848745413378 ], [ -0.112362797190744, 51.487856805963595 ] ] } },
{ "type": "Feature", "properties": { "u": 41, "v": 61, "weight": 223.60679774999153 }, "geometry": { "type": "LineString", "coordinates": [ [ -0.112362797190744, 51.487856805963595 ], [ -0.109146345179882, 51.487777505038757 ] ] } },
{ "type": "Feature", "properties": { "u": 41, "v": 42, "weight": 223.60679775010794 }, "geometry": { "type": "LineString", "coordinates": [ [ -0.112362797190744, 51.487856805963595 ], [ -0.1122358382228, 51.489864865598143 ] ] } },
{ "type": "Feature", "properties": { "u": 42, "v": 62, "weight": 223.60679774999153 }, "geometry": { "type": "LineString", "coordinates": [ [ -0.1122358382228, 51.489864865598143 ], [ -0.109019245276263, 51.489785559005249 ] ] } },
{ "type": "Feature", "properties": { "u": 42, "v": 43, "weight": 223.60679775010794 }, "geometry": { "type": "LineString", "coordinates": [ [ -0.1122358382228, 51.489864865598143 ], [ -0.112108864558855, 51.491872924316979 ] ] } },
{ "type": "Feature", "properties": { "u": 43, "v": 63, "weight": 223.60679774999153 }, "geometry": { "type": "LineString", "coordinates": [ [ -0.112108864558855, 51.491872924316979 ], [ -0.108892130660392, 51.491793612055552 ] ] } },
{ "type": "Feature", "properties": { "u": 43, "v": 44, "weight": 223.60679775010794 }, "geometry": { "type": "LineString", "coordinates": [ [ -0.112108864558855, 51.491872924316979 ], [ -0.111981876196664, 51.493880982120068 ] ] } },
{ "type": "Feature", "properties": { "u": 44, "v": 64, "weight": 223.60679774999153 }, "geometry": { "type": "LineString", "coordinates": [ [ -0.111981876196664, 51.493880982120068 ], [ -0.108765001330021, 51.493801664189604 ] ] } },
{ "type": "Feature", "properties": { "u": 44, "v": 45, "weight": 223.60679775010794 }, "geometry": { "type": "LineString", "coordinates": [ [ -0.111981876196664, 51.493880982120068 ], [ -0.111854873133978, 51.495889039007416 ] ] } },
{ "type": "Feature", "properties": { "u": 45, "v": 65, "weight": 223.60679774999153 }, "geometry": { "type": "LineString", "coordinates": [ [ -0.111854873133978, 51.495889039007416 ], [ -0.108637857282901, 51.495809715407418 ] ] } },
{ "type": "Feature", "properties": { "u": 45, "v": 46, "weight": 223.60679775010794 }, "geometry": { "type": "LineString", "coordinates": [ [ -0.111854873133978, 51.495889039007416 ], [ -0.111727855368556, 51.49789709497896 ] ] } },
{ "type": "Feature", "properties": { "u": 46, "v": 66, "weight": 223.60679774999153 }, "geometry": { "type": "LineString", "coordinates": [ [ -0.111727855368556, 51.49789709497896 ], [ -0.108510698516785, 51.497817765708959 ] ] } },
{ "type": "Feature", "properties": { "u": 46, "v": 47, "weight": 223.60679775010794 }, "geometry": { "type": "LineString", "coordinates": [ [ -0.111727855368556, 51.49789709497896 ], [ -0.111600822898148, 51.499905150034714 ] ] } },
{ "type": "Feature", "properties": { "u": 47, "v": 67, "weight": 223.60679774999153 }, "geometry": { "type": "LineString", "coordinates": [ [ -0.111600822898148, 51.499905150034714 ], [ -0.108383525029425, 51.499825815094184 ] ] } },
{ "type": "Feature", "properties": { "u": 47, "v": 48, "weight": 223.60679774917662 }, "geometry": { "type": "LineString", "coordinates": [ [ -0.111600822898148, 51.499905150034714 ], [ -0.11147377572051, 51.501913204174627 ] ] } },
{ "type": "Feature", "properties": { "u": 48, "v": 68, "weight": 223.60679774999153 }, "geometry": { "type": "LineString", "coordinates": [ [ -0.11147377572051, 51.501913204174627 ], [ -0.108256336818571, 51.501833863563071 ] ] } },
{ "type": "Feature", "properties": { "u": 48, "v": 49, "weight": 223.60679775010794 }, "geometry": { "type": "LineString", "coordinates": [ [ -0.11147377572051, 51.501913204174627 ], [ -0.111346713833393, 51.50392125739868 ] ] } },
{ "type": "Feature", "properties": { "u": 49, "v": 69, "weight": 223.60679774999153 }, "geometry": { "type": "LineString", "coordinates": [ [ -0.111346713833393, 51.50392125739868 ], [ -0.108129133881971, 51.503841911115629 ] ] } },
{ "type": "Feature", "properties": { "u": 49, "v": 50, "weight": 223.60679775010794 }, "geometry": { "type": "LineString", "coordinates": [ [ -0.111346713833393, 51.50392125739868 ], [ -0.11121963723455, 51.505929309706865 ] ] } },
{ "type": "Feature", "properties": { "u": 50, "v": 70, "weight": 223.60679774999153 }, "geometry": { "type": "LineString", "coordinates": [ [ -0.11121963723455, 51.505929309706865 ], [ -0.108001916217378, 51.505849957751806 ] ] } },
{ "type": "Feature", "properties": { "u": 50, "v": 51, "weight": 223.60679775010794 }, "geometry": { "type": "LineString", "coordinates": [ [ -0.11121963723455, 51.505929309706865 ], [ -0.111092545921732, 51.507937361099152 ] ] } },
{ "type": "Feature", "properties": { "u": 51, "v": 71, "weight": 223.60679774999153 }, "geometry": { "type": "LineString", "coordinates": [ [ -0.111092545921732, 51.507937361099152 ], [ -0.107874683822542, 51.507858003471583 ] ] } },
{ "type": "Feature", "properties": { "u": 51, "v": 52, "weight": 223.60679775010794 }, "geometry": { "type": "LineString", "coordinates": [ [ -0.111092545921732, 51.507937361099152 ], [ -0.110965439892691, 51.509945411575522 ] ] } },
{ "type": "Feature", "properties": { "u": 52, "v": 72, "weight": 223.60679774999153 }, "geometry": { "type": "LineString", "coordinates": [ [ -0.110965439892691, 51.509945411575522 ], [ -0.107747436695209, 51.509866048274937 ] ] } },
{ "type": "Feature", "properties": { "u": 52, "v": 53, "weight": 223.60679775010794 }, "geometry": { "type": "LineString", "coordinates": [ [ -0.110965439892691, 51.509945411575522 ], [ -0.110838319145179, 51.51195346113591 ] ] } },
{ "type": "Feature", "properties": { "u": 53, "v": 73, "weight": 223.60679774999153 }, "geometry": { "type": "LineString", "coordinates": [ [ -0.110838319145179, 51.51195346113591 ], [ -0.107620174833128, 51.511874092161847 ] ] } },
{ "type": "Feature", "properties": { "u": 53, "v": 54, "weight": 223.60679775010794 }, "geometry": { "type": "LineString", "coordinates": [ [ -0.110838319145179, 51.51195346113591 ], [ -0.110711183676946, 51.513961509780337 ] ] } },
{ "type": "Feature", "properties": { "u": 54, "v": 74, "weight": 223.60679774999153 }, "geometry": { "type": "LineString", "coordinates": [ [ -0.110711183676946, 51.513961509780337 ], [ -0.107492898234049, 51.513882135132278 ] ] } },
{ "type": "Feature", "properties": { "u": 54, "v": 55, "weight": 223.60679775010794 }, "geometry": { "type": "LineString", "coordinates": [ [ -0.110711183676946, 51.513961509780337 ], [ -0.11058403348574, 51.515969557508761 ] ] } },
{ "type": "Feature", "properties": { "u": 55, "v": 75, "weight": 223.60679774999153 }, "geometry": { "type": "LineString", "coordinates": [ [ -0.11058403348574, 51.515969557508761 ], [ -0.107365606895719, 51.515890177186208 ] ] } },
{ "type": "Feature", "properties": { "u": 55, "v": 56, "weight": 223.60679774917662 }, "geometry": { "type": "LineString", "coordinates": [ [ -0.11058403348574, 51.515969557508761 ], [ -0.110456868569314, 51.517977604321153 ] ] } },
{ "type": "Feature", "properties": { "u": 56, "v": 76, "weight": 223.60679774999153 }, "geometry": { "type": "LineString", "coordinates": [ [ -0.110456868569314, 51.517977604321153 ], [ -0.107238300815883, 51.51789821832363 ] ] } },
{ "type": "Feature", "properties": { "u": 56, "v": 57, "weight": 223.60679775010794 }, "geometry": { "type": "LineString", "coordinates": [ [ -0.110456868569314, 51.517977604321153 ], [ -0.110329688925413, 51.519985650217514 ] ] } },
{ "type": "Feature", "properties": { "u": 57, "v": 77, "weight": 223.60679774999153 }, "geometry": { "type": "LineString", "coordinates": [ [ -0.110329688925413, 51.519985650217514 ], [ -0.10711097999229, 51.519906258544495 ] ] } },
{ "type": "Feature", "properties": { "u": 58, "v": 78, "weight": 223.60679774987511 }, "geometry": { "type": "LineString", "coordinates": [ [ -0.109527556639684, 51.481753337642274 ], [ -0.106311542041641, 51.481673965617027 ] ] } },
{ "type": "Feature", "properties": { "u": 58, "v": 59, "weight": 223.60679775010794 }, "geometry": { "type": "LineString", "coordinates": [ [ -0.109527556639684, 51.481753337642274 ], [ -0.109400500859346, 51.483761394357238 ] ] } },
{ "type": "Feature", "properties": { "u": 59, "v": 79, "weight": 223.60679774987511 }, "geometry": { "type": "LineString", "coordinates": [ [ -0.109400500859346, 51.483761394357238 ], [ -0.106184345376608, 51.483682016659166 ] ] } },
{ "type": "Feature", "properties": { "u": 59, "v": 60, "weight": 223.60679775010794 }, "geometry": { "type": "LineString", "coordinates": [ [ -0.109400500859346, 51.483761394357238 ], [ -0.109273430373494, 51.485769450156084 ] ] } },
{ "type": "Feature", "properties": { "u": 60, "v": 80, "weight": 223.60679774987511 }, "geometry": { "type": "LineString", "coordinates": [ [ -0.109273430373494, 51.485769450156084 ], [ -0.106057133989821, 51.48569006678467 ] ] } },
{ "type": "Feature", "properties": { "u": 60, "v": 61, "weight": 223.60679774917662 }, "geometry": { "type": "LineString", "coordinates": [ [ -0.109273430373494, 51.485769450156084 ], [ -0.109146345179882, 51.487777505038757 ] ] } },
{ "type": "Feature", "properties": { "u": 61, "v": 81, "weight": 223.60679774987511 }, "geometry": { "type": "LineString", "coordinates": [ [ -0.109146345179882, 51.487777505038757 ], [ -0.105929907879028, 51.487698115993524 ] ] } },
{ "type": "Feature", "properties": { "u": 61, "v": 62, "weight": 223.60679775010794 }, "geometry": { "type": "LineString", "coordinates": [ [ -0.109146345179882, 51.487777505038757 ], [ -0.109019245276263, 51.489785559005249 ] ] } },
{ "type": "Feature", "properties": { "u": 62, "v": 82, "weight": 223.60679774987511 }, "geometry": { "type": "LineString", "coordinates": [ [ -0.109019245276263, 51.489785559005249 ], [ -0.10580266704198, 51.4897061642857 ] ] } },
{ "type": "Feature", "properties": { "u": 62, "v": 63, "weight": 223.60679775010794 }, "geometry": { "type": "LineString", "coordinates": [ [ -0.109019245276263, 51.489785559005249 ], [ -0.108892130660392, 51.491793612055552 ] ] } },
{ "type": "Feature", "properties": { "u": 63, "v": 83, "weight": 223.60679774987511 }, "geometry": { "type": "LineString", "coordinates": [ [ -0.108892130660392, 51.491793612055552 ], [ -0.10567541147643, 51.491714211661176 ] ] } },
{ "type": "Feature", "properties": { "u": 63, "v": 64, "weight": 223.60679775010794 }, "geometry": { "type": "LineString", "coordinates": [ [ -0.108892130660392, 51.491793612055552 ], [ -0.108765001330021, 51.493801664189604 ] ] } },
{ "type": "Feature", "properties": { "u": 64, "v": 84, "weight": 223.60679774987511 }, "geometry": { "type": "LineString", "coordinates": [ [ -0.108765001330021, 51.493801664189604 ], [ -0.105548141180127, 51.493722258119909 ] ] } },
{ "type": "Feature", "properties": { "u": 64, "v": 65, "weight": 223.60679775010794 }, "geometry": { "type": "LineString", "coordinates": [ [ -0.108765001330021, 51.493801664189604 ], [ -0.108637857282901, 51.495809715407418 ] ] } },
{ "type": "Feature", "properties": { "u": 65, "v": 85, "weight": 223.60679774987511 }, "geometry": { "type": "LineString", "coordinates": [ [ -0.108637857282901, 51.495809715407418 ], [ -0.105420856150821, 51.495730303661929 ] ] } },
{ "type": "Feature", "properties": { "u": 65, "v": 66, "weight": 223.60679775010794 }, "geometry": { "type": "LineString", "coordinates": [ [ -0.108637857282901, 51.495809715407418 ], [ -0.108510698516785, 51.497817765708959 ] ] } },
{ "type": "Feature", "properties": { "u": 66, "v": 86, "weight": 223.60679774987511 }, "geometry": { "type": "LineString", "coordinates": [ [ -0.108510698516785, 51.497817765708959 ], [ -0.105293556386262, 51.497738348287136 ] ] } },
{ "type": "Feature", "properties": { "u": 66, "v": 67, "weight": 223.60679775010794 }, "geometry": { "type": "LineString", "coordinates": [ [ -0.108510698516785, 51.497817765708959 ], [ -0.108383525029425, 51.499825815094184 ] ] } },
{ "type": "Feature", "properties": { "u": 67, "v": 87, "weight": 223.60679774987511 }, "geometry": { "type": "LineString", "coordinates": [ [ -0.108383525029425, 51.499825815094184 ], [ -0.105166241884197, 51.499746391995572 ] ] } },
{ "type": "Feature", "properties": { "u": 67, "v": 68, "weight": 223.60679774917662 }, "geometry": { "type": "LineString", "coordinates": [ [ -0.108383525029425, 51.499825815094184 ], [ -0.108256336818571, 51.501833863563071 ] ] } },
{ "type": "Feature", "properties": { "u": 68, "v": 88, "weight": 223.60679774987511 }, "geometry": { "type": "LineString", "coordinates": [ [ -0.108256336818571, 51.501833863563071 ], [ -0.105038912642376, 51.501754434787173 ] ] } },
{ "type": "Feature", "properties": { "u": 68, "v": 69, "weight": 223.60679775010794 }, "geometry": { "type": "LineString", "coordinates": [ [ -0.108256336818571, 51.501833863563071 ], [ -0.108129133881971, 51.503841911115629 ] ] } },
{ "type": "Feature", "properties": { "u": 69, "v": 89, "weight": 223.60679774987511 }, "geometry": { "type": "LineString", "coordinates": [ [ -0.108129133881971, 51.503841911115629 ], [ -0.104911568658546, 51.503762476661919 ] ] } },
{ "type": "Feature", "properties": { "u": 69, "v": 70, "weight": 223.60679775010794 }, "geometry": { "type": "LineString", "coordinates": [ [ -0.108129133881971, 51.503841911115629 ], [ -0.108001916217378, 51.505849957751806 ] ] } },
{ "type": "Feature", "properties": { "u": 70, "v": 90, "weight": 223.60679774987511 }, "geometry": { "type": "LineString", "coordinates": [ [ -0.108001916217378, 51.505849957751806 ], [ -0.104784209930454, 51.505770517619816 ] ] } },
{ "type": "Feature", "properties": { "u": 70, "v": 71, "weight": 223.60679775010794 }, "geometry": { "type": "LineString", "coordinates": [ [ -0.108001916217378, 51.505849957751806 ], [ -0.107874683822542, 51.507858003471583 ] ] } },
{ "type": "Feature", "properties": { "u": 71, "v": 91, "weight": 223.60679774987511 }, "geometry": { "type": "LineString", "coordinates": [ [ -0.107874683822542, 51.507858003471583 ], [ -0.104656836455848, 51.507778557660799 ] ] } },
{ "type": "Feature", "properties": { "u": 71, "v": 72, "weight": 223.60679775010794 }, "geometry": { "type": "LineString", "coordinates": [ [ -0.107874683822542, 51.507858003471583 ], [ -0.107747436695209, 51.509866048274937 ] ] } },
{ "type": "Feature", "properties": { "u": 72, "v": 92, "weight": 223.60679774987511 }, "geometry": { "type": "LineString", "coordinates": [ [ -0.107747436695209, 51.509866048274937 ], [ -0.104529448232474, 51.509786596784878 ] ] } },
{ "type": "Feature", "properties": { "u": 72, "v": 73, "weight": 223.60679775010794 }, "geometry": { "type": "LineString", "coordinates": [ [ -0.107747436695209, 51.509866048274937 ], [ -0.107620174833128, 51.511874092161847 ] ] } },
{ "type": "Feature", "properties": { "u": 73, "v": 93, "weight": 223.60679774987511 }, "geometry": { "type": "LineString", "coordinates": [ [ -0.107620174833128, 51.511874092161847 ], [ -0.104402045258079, 51.511794634992 ] ] } },
{ "type": "Feature", "properties": { "u": 73, "v": 74, "weight": 223.60679775010794 }, "geometry": { "type": "LineString", "coordinates": [ [ -0.107620174833128, 51.511874092161847 ], [ -0.107492898234049, 51.513882135132278 ] ] } },
{ "type": "Feature", "properties": { "u": 74, "v": 94, "weight": 223.60679774987511 }, "geometry": { "type": "LineString", "coordinates": [ [ -0.107492898234049, 51.513882135132278 ], [ -0.104274627530406, 51.513802672282168 ] ] } },
{ "type": "Feature", "properties": { "u": 74, "v": 75, "weight": 223.60679775010794 }, "geometry": { "type": "LineString", "coordinates": [ [ -0.107492898234049, 51.513882135132278 ], [ -0.107365606895719, 51.515890177186208 ] ] } },
{ "type": "Feature", "properties": { "u": 75, "v": 95, "weight": 223.60679774987511 }, "geometry": { "type": "LineString", "coordinates": [ [ -0.107365606895719, 51.515890177186208 ], [ -0.104147195047202, 51.515810708655323 ] ] } },
{ "type": "Feature", "properties": { "u": 75, "v": 76, "weight": 223.60679774917662 }, "geometry": { "type": "LineString", "coordinates": [ [ -0.107365606895719, 51.515890177186208 ], [ -0.107238300815883, 51.51789821832363 ] ] } },
{ "type": "Feature", "properties": { "u": 76, "v": 96, "weight": 223.60679774987511 }, "geometry": { "type": "LineString", "coordinates": [ [ -0.107238300815883, 51.51789821832363 ], [ -0.104019747806213, 51.517818744111452 ] ] } },
{ "type": "Feature", "properties": { "u": 76, "v": 77, "weight": 223.60679775010794 }, "geometry": { "type": "LineString", "coordinates": [ [ -0.107238300815883, 51.51789821832363 ], [ -0.10711097999229, 51.519906258544495 ] ] } },
{ "type": "Feature", "properties": { "u": 77, "v": 97, "weight": 223.60679774987511 }, "geometry": { "type": "LineString", "coordinates": [ [ -0.10711097999229, 51.519906258544495 ], [ -0.103892285805179, 51.519826778650575 ] ] } },
{ "type": "Feature", "properties": { "u": 78, "v": 98, "weight": 223.60679774999153 }, "geometry": { "type": "LineString", "coordinates": [ [ -0.106311542041641, 51.481673965617027 ], [ -0.103095542163105, 51.481594505491159 ] ] } },
{ "type": "Feature", "properties": { "u": 78, "v": 79, "weight": 223.60679775010794 }, "geometry": { "type": "LineString", "coordinates": [ [ -0.106311542041641, 51.481673965617027 ], [ -0.106184345376608, 51.483682016659166 ] ] } },
{ "type": "Feature", "properties": { "u": 79, "v": 99, "weight": 223.60679774999153 }, "geometry": { "type": "LineString", "coordinates": [ [ -0.106184345376608, 51.483682016659166 ], [ -0.102968204615628, 51.483602550854179 ] ] } },
{ "type": "Feature", "properties": { "u": 79, "v": 80, "weight": 223.60679775010794 }, "geometry": { "type": "LineString", "coordinates": [ [ -0.106184345376608, 51.483682016659166 ], [ -0.106057133989821, 51.48569006678467 ] ] } },
{ "type": "Feature", "properties": { "u": 80, "v": 100, "weight": 223.60679774999153 }, "geometry": { "type": "LineString", "coordinates": [ [ -0.106057133989821, 51.48569006678467 ], [ -0.102840852330151, 51.485610595300081 ] ] } },
{ "type": "Feature", "properties": { "u": 80, "v": 81, "weight": 223.60679774917662 }, "geometry": { "type": "LineString", "coordinates": [ [ -0.106057133989821, 51.48569006678467 ], [ -0.105929907879028, 51.487698115993524 ] ] } },
{ "type": "Feature", "properties": { "u": 81, "v": 101, "weight": 223.60679774999153 }, "geometry": { "type": "LineString", "coordinates": [ [ -0.105929907879028, 51.487698115993524 ], [ -0.102713485304427, 51.48761863882882 ] ] } },
{ "type": "Feature", "properties": { "u": 81, "v": 82, "weight": 223.60679775010794 }, "geometry": { "type": "LineString", "coordinates": [ [ -0.105929907879028, 51.487698115993524 ], [ -0.10580266704198, 51.4897061642857 ] ] } },
{ "type": "Feature", "properties": { "u": 82, "v": 102, "weight": 223.60679774999153 }, "geometry": { "type": "LineString", "coordinates": [ [ -0.10580266704198, 51.4897061642857 ], [ -0.1025861035362, 51.489626681440392 ] ] } },
{ "type": "Feature", "properties": { "u": 82, "v": 83, "weight": 223.60679775010794 }, "geometry": { "type": "LineString", "coordinates": [ [ -0.10580266704198, 51.4897061642857 ], [ -0.10567541147643, 51.491714211661176 ] ] } },
{ "type": "Feature", "properties": { "u": 83, "v": 103, "weight": 223.60679774999153 }, "geometry": { "type": "LineString", "coordinates": [ [ -0.10567541147643, 51.491714211661176 ], [ -0.10245870702322, 51.491634723134787 ] ] } },
{ "type": "Feature", "properties": { "u": 83, "v": 84, "weight": 223.60679775010794 }, "geometry": { "type": "LineString", "coordinates": [ [ -0.10567541147643, 51.491714211661176 ], [ -0.105548141180127, 51.493722258119909 ] ] } },
{ "type": "Feature", "properties": { "u": 84, "v": 104, "weight": 223.60679774999153 }, "geometry": { "type": "LineString", "coordinates": [ [ -0.105548141180127, 51.493722258119909 ], [ -0.102331295763236, 51.493642763911936 ] ] } },
{ "type": "Feature", "properties": { "u": 84, "v": 85, "weight": 223.60679775010794 }, "geometry": { "type": "LineString", "coordinates": [ [ -0.105548141180127, 51.493722258119909 ], [ -0.105420856150821, 51.495730303661929 ] ] } },
{ "type": "Feature", "properties": { "u": 85, "v": 105, "weight": 223.60679774999153 }, "geometry": { "type": "LineString", "coordinates": [ [ -0.105420856150821, 51.495730303661929 ], [ -0.102203869753994, 51.495650803771845 ] ] } },
{ "type": "Feature", "properties": { "u": 85, "v": 86, "weight": 223.60679775010794 }, "geometry": { "type": "LineString", "coordinates": [ [ -0.105420856150821, 51.495730303661929 ], [ -0.105293556386262, 51.497738348287136 ] ] } },
{ "type": "Feature", "properties": { "u": 86, "v": 106, "weight": 223.60679774999153 }, "geometry": { "type": "LineString", "coordinates": [ [ -0.105293556386262, 51.497738348287136 ], [ -0.102076428993242, 51.497658842714486 ] ] } },
{ "type": "Feature", "properties": { "u": 86, "v": 87, "weight": 223.60679775010794 }, "geometry": { "type": "LineString", "coordinates": [ [ -0.105293556386262, 51.497738348287136 ], [ -0.105166241884197, 51.499746391995572 ] ] } },
{ "type": "Feature", "properties": { "u": 87, "v": 107, "weight": 223.60679774999153 }, "geometry": { "type": "LineString", "coordinates": [ [ -0.105166241884197, 51.499746391995572 ], [ -0.101948973478725, 51.499666880739824 ] ] } },
{ "type": "Feature", "properties": { "u": 87, "v": 88, "weight": 223.60679774917662 }, "geometry": { "type": "LineString", "coordinates": [ [ -0.105166241884197, 51.499746391995572 ], [ -0.105038912642376, 51.501754434787173 ] ] } },
{ "type": "Feature", "properties": { "u": 88, "v": 108, "weight": 223.60679774999153 }, "geometry": { "type": "LineString", "coordinates": [ [ -0.105038912642376, 51.501754434787173 ], [ -0.101821503208189, 51.501674917847843 ] ] } },
{ "type": "Feature", "properties": { "u": 88, "v": 89, "weight": 223.60679775010794 }, "geometry": { "type": "LineString", "coordinates": [ [ -0.105038912642376, 51.501754434787173 ], [ -0.104911568658546, 51.503762476661919 ] ] } },
{ "type": "Feature", "properties": { "u": 89, "v": 109, "weight": 223.60679774999153 }, "geometry": { "type": "LineString", "coordinates": [ [ -0.104911568658546, 51.503762476661919 ], [ -0.10169401817938, 51.503682954038531 ] ] } },
{ "type": "Feature", "properties": { "u": 89, "v": 90, "weight": 223.60679775010794 }, "geometry": { "type": "LineString", "coordinates": [ [ -0.104911568658546, 51.503762476661919 ], [ -0.104784209930454, 51.505770517619816 ] ] } },
{ "type": "Feature", "properties": { "u": 90, "v": 110, "weight": 223.60679774999153 }, "geometry": { "type": "LineString", "coordinates": [ [ -0.104784209930454, 51.505770517619816 ], [ -0.101566518390043, 51.505690989311837 ] ] } },
{ "type": "Feature", "properties": { "u": 90, "v": 91, "weight": 223.60679775010794 }, "geometry": { "type": "LineString", "coordinates": [ [ -0.104784209930454, 51.505770517619816 ], [ -0.104656836455848, 51.507778557660799 ] ] } },
{ "type": "Feature", "properties": { "u": 91, "v": 111, "weight": 223.60679774999153 }, "geometry": { "type": "LineString", "coordinates": [ [ -0.104656836455848, 51.507778557660799 ], [ -0.101439003837922, 51.507699023667762 ] ] } },
{ "type": "Feature", "properties": { "u": 91, "v": 92, "weight": 223.60679775010794 }, "geometry": { "type": "LineString", "coordinates": [ [ -0.104656836455848, 51.507778557660799 ], [ -0.104529448232474, 51.509786596784878 ] ] } },
{ "type": "Feature", "properties": { "u": 92, "v": 112, "weight": 223.60679774999153 }, "geometry": { "type": "LineString", "coordinates": [ [ -0.104529448232474, 51.509786596784878 ], [ -0.101311474520761, 51.509707057106269 ] ] } },
{ "type": "Feature", "properties": { "u": 92, "v": 93, "weight": 223.60679775010794 }, "geometry": { "type": "LineString", "coordinates": [ [ -0.104529448232474, 51.509786596784878 ], [ -0.104402045258079, 51.511794634992 ] ] } },
{ "type": "Feature", "properties": { "u": 93, "v": 113, "weight": 223.60679774999153 }, "geometry": { "type": "LineString", "coordinates": [ [ -0.104402045258079, 51.511794634992 ], [ -0.101183930436304, 51.51171508962733 ] ] } },
{ "type": "Feature", "properties": { "u": 93, "v": 94, "weight": 223.60679775010794 }, "geometry": { "type": "LineString", "coordinates": [ [ -0.104402045258079, 51.511794634992 ], [ -0.104274627530406, 51.513802672282168 ] ] } },
{ "type": "Feature", "properties": { "u": 94, "v": 114, "weight": 223.60679774999153 }, "geometry": { "type": "LineString", "coordinates": [ [ -0.104274627530406, 51.513802672282168 ], [ -0.101056371582293, 51.513723121230925 ] ] } },
{ "type": "Feature", "properties": { "u": 94, "v": 95, "weight": 223.60679775010794 }, "geometry": { "type": "LineString", "coordinates": [ [ -0.104274627530406, 51.513802672282168 ], [ -0.104147195047202, 51.515810708655323 ] ] } },
{ "type": "Feature", "properties": { "u": 95, "v": 115, "weight": 223.60679774999153 }, "geometry": { "type": "LineString", "coordinates": [ [ -0.104147195047202, 51.515810708655323 ], [ -0.100928797956473, 51.515731151917024 ] ] } },
{ "type": "Feature", "properties": { "u": 95, "v": 96, "weight": 223.60679774917662 }, "geometry": { "type": "LineString", "coordinates": [ [ -0.104147195047202, 51.515810708655323 ], [ -0.104019747806213, 51.517818744111452 ] ] } },
{ "type": "Feature", "properties": { "u": 96, "v": 116, "weight": 223.60679774999153 }, "geometry": { "type": "LineString", "coordinates": [ [ -0.104019747806213, 51.517818744111452 ], [ -0.100801209556584, 51.517739181685606 ] ] } },
{ "type": "Feature", "properties": { "u": 96, "v": 97, "weight": 223.60679775010794 }, "geometry": { "type": "LineString", "coordinates": [ [ -0.104019747806213, 51.517818744111452 ], [ -0.103892285805179, 51.519826778650575 ] ] } },
{ "type": "Feature", "properties": { "u": 97, "v": 117, "weight": 223.60679774999153 }, "geometry": { "type": "LineString", "coordinates": [ [ -0.103892285805179, 51.519826778650575 ], [ -0.100673606380367, 51.519747210536664 ] ] } },
{ "type": "Feature", "properties": { "u": 98, "v": 118, "weight": 223.60679774999153 }, "geometry": { "type": "LineString", "coordinates": [ [ -0.103095542163105, 51.481594505491159 ], [ -0.099879557020317, 51.48151495726561 ] ] } },
{ "type": "Feature", "properties": { "u": 98, "v": 99, "weight": 223.60679775010794 }, "geometry": { "type": "LineString", "coordinates": [ [ -0.103095542163105, 51.481594505491159 ], [ -0.102968204615628, 51.483602550854179 ] ] } },
{ "type": "Feature", "properties": { "u": 99, "v": 119, "weight": 223.60679774999153 }, "geometry": { "type": "LineString", "coordinates": [ [ -0.102968204615628, 51.483602550854179 ], [ -0.099752078592645, 51.48352299694325 ] ] } },
{ "type": "Feature", "properties": { "u": 99, "v": 100, "weight": 223.60679775010794 }, "geometry": { "type": "LineString", "coordinates": [ [ -0.102968204615628, 51.483602550854179 ], [ -0.102840852330151, 51.485610595300081 ] ] } },
{ "type": "Feature", "properties": { "u": 100, "v": 120, "weight": 223.60679774999153 }, "geometry": { "type": "LineString", "coordinates": [ [ -0.102840852330151, 51.485610595300081 ], [ -0.099624585410732, 51.485531035703268 ] ] } },
{ "type": "Feature", "properties": { "u": 100, "v": 101, "weight": 223.60679774917662 }, "geometry": { "type": "LineString", "coordinates": [ [ -0.102840852330151, 51.485610595300081 ], [ -0.102713485304427, 51.48761863882882 ] ] } },
{ "type": "Feature", "properties": { "u": 101, "v": 121, "weight": 223.60679774999153 }, "geometry": { "type": "LineString", "coordinates": [ [ -0.102713485304427, 51.48761863882882 ], [ -0.099497077472325, 51.487539073545626 ] ] } },
{ "type": "Feature", "properties": { "u": 101, "v": 102, "weight": 223.60679775010794 }, "geometry": { "type": "LineString", "coordinates": [ [ -0.102713485304427, 51.48761863882882 ], [ -0.1025861035362, 51.489626681440392 ] ] } },
{ "type": "Feature", "properties": { "u": 102, "v": 122, "weight": 223.60679774999153 }, "geometry": { "type": "LineString", "coordinates": [ [ -0.1025861035362, 51.489626681440392 ], [ -0.099369554775172, 51.489547110470312 ] ] } },
{ "type": "Feature", "properties": { "u": 102, "v": 103, "weight": 223.60679775010794 }, "geometry": { "type": "LineString", "coordinates": [ [ -0.1025861035362, 51.489626681440392 ], [ -0.10245870702322, 51.491634723134787 ] ] } },
{ "type": "Feature", "properties": { "u": 103, "v": 123, "weight": 223.60679774999153 }, "geometry": { "type": "LineString", "coordinates": [ [ -0.10245870702322, 51.491634723134787 ], [ -0.099242017317015, 51.491555146477324 ] ] } },
{ "type": "Feature", "properties": { "u": 103, "v": 104, "weight": 223.60679775010794 }, "geometry": { "type": "LineString", "coordinates": [ [ -0.10245870702322, 51.491634723134787 ], [ -0.102331295763236, 51.493642763911936 ] ] } },
{ "type": "Feature", "properties": { "u": 104, "v": 124, "weight": 223.60679774999153 }, "geometry": { "type": "LineString", "coordinates": [ [ -0.102331295763236, 51.493642763911936 ], [ -0.099114465095602, 51.4935631815666 ] ] } },
{ "type": "Feature", "properties": { "u": 104, "v": 105, "weight": 223.60679775010794 }, "geometry": { "type": "LineString", "coordinates": [ [ -0.102331295763236, 51.493642763911936 ], [ -0.102203869753994, 51.495650803771845 ] ] } },
{ "type": "Feature", "properties": { "u": 105, "v": 125, "weight": 223.60679774999153 }, "geometry": { "type": "LineString", "coordinates": [ [ -0.102203869753994, 51.495650803771845 ], [ -0.098986898108678, 51.495571215738153 ] ] } },
{ "type": "Feature", "properties": { "u": 105, "v": 106, "weight": 223.60679775010794 }, "geometry": { "type": "LineString", "coordinates": [ [ -0.102203869753994, 51.495650803771845 ], [ -0.102076428993242, 51.497658842714486 ] ] } },
{ "type": "Feature", "properties": { "u": 106, "v": 126, "weight": 223.60679774999153 }, "geometry": { "type": "LineString", "coordinates": [ [ -0.102076428993242, 51.497658842714486 ], [ -0.098859316353985, 51.497579248991919 ] ] } },
{ "type": "Feature", "properties": { "u": 106, "v": 107, "weight": 223.60679775010794 }, "geometry": { "type": "LineString", "coordinates": [ [ -0.102076428993242, 51.497658842714486 ], [ -0.101948973478725, 51.499666880739824 ] ] } },
{ "type": "Feature", "properties": { "u": 107, "v": 127, "weight": 223.60679774999153 }, "geometry": { "type": "LineString", "coordinates": [ [ -0.101948973478725, 51.499666880739824 ], [ -0.09873171982927, 51.499587281327898 ] ] } },
{ "type": "Feature", "properties": { "u": 107, "v": 108, "weight": 223.60679774917662 }, "geometry": { "type": "LineString", "coordinates": [ [ -0.101948973478725, 51.499666880739824 ], [ -0.101821503208189, 51.501674917847843 ] ] } },
{ "type": "Feature", "properties": { "u": 108, "v": 128, "weight": 223.60679774999153 }, "geometry": { "type": "LineString", "coordinates": [ [ -0.101821503208189, 51.501674917847843 ], [ -0.098604108532275, 51.501595312746048 ] ] } },
{ "type": "Feature", "properties": { "u": 108, "v": 109, "weight": 223.60679775010794 }, "geometry": { "type": "LineString", "coordinates": [ [ -0.101821503208189, 51.501674917847843 ], [ -0.10169401817938, 51.503682954038531 ] ] } },
{ "type": "Feature", "properties": { "u": 109, "v": 129, "weight": 223.60679774999153 }, "geometry": { "type": "LineString", "coordinates": [ [ -0.10169401817938, 51.503682954038531 ], [ -0.098476482460743, 51.503603343246368 ] ] } },
{ "type": "Feature", "properties": { "u": 109, "v": 110, "weight": 223.60679775010794 }, "geometry": { "type": "LineString", "coordinates": [ [ -0.10169401817938, 51.503682954038531 ], [ -0.101566518390043, 51.505690989311837 ] ] } },
{ "type": "Feature", "properties": { "u": 110, "v": 130, "weight": 223.60679774999153 }, "geometry": { "type": "LineString", "coordinates": [ [ -0.101566518390043, 51.505690989311837 ], [ -0.098348841612415, 51.505611372828831 ] ] } },
{ "type": "Feature", "properties": { "u": 110, "v": 111, "weight": 223.60679775010794 }, "geometry": { "type": "LineString", "coordinates": [ [ -0.101566518390043, 51.505690989311837 ], [ -0.101439003837922, 51.507699023667762 ] ] } },
{ "type": "Feature", "properties": { "u": 111, "v": 131, "weight": 223.60679774999153 }, "geometry": { "type": "LineString", "coordinates": [ [ -0.101439003837922, 51.507699023667762 ], [ -0.098221185985035, 51.5076194014934 ] ] } },
{ "type": "Feature", "properties": { "u": 111, "v": 112, "weight": 223.60679775010794 }, "geometry": { "type": "LineString", "coordinates": [ [ -0.101439003837922, 51.507699023667762 ], [ -0.101311474520761, 51.509707057106269 ] ] } },
{ "type": "Feature", "properties": { "u": 112, "v": 132, "weight": 223.60679774999153 }, "geometry": { "type": "LineString", "coordinates": [ [ -0.101311474520761, 51.509707057106269 ], [ -0.098093515576343, 51.509627429240055 ] ] } },
{ "type": "Feature", "properties": { "u": 112, "v": 113, "weight": 223.60679775010794 }, "geometry": { "type": "LineString", "coordinates": [ [ -0.101311474520761, 51.509707057106269 ], [ -0.101183930436304, 51.51171508962733 ] ] } },
{ "type": "Feature", "properties": { "u": 113, "v": 133, "weight": 223.60679774999153 }, "geometry": { "type": "LineString", "coordinates": [ [ -0.101183930436304, 51.51171508962733 ], [ -0.097965830384082, 51.511635456068767 ] ] } },
{ "type": "Feature", "properties": { "u": 113, "v": 114, "weight": 223.60679775010794 }, "geometry": { "type": "LineString", "coordinates": [ [ -0.101183930436304, 51.51171508962733 ], [ -0.101056371582293, 51.513723121230925 ] ] } },
{ "type": "Feature", "properties": { "u": 114, "v": 134, "weight": 223.60679774999153 }, "geometry": { "type": "LineString", "coordinates": [ [ -0.101056371582293, 51.513723121230925 ], [ -0.097838130405991, 51.513643481979507 ] ] } },
{ "type": "Feature", "properties": { "u": 114, "v": 115, "weight": 223.60679775010794 }, "geometry": { "type": "LineString", "coordinates": [ [ -0.101056371582293, 51.513723121230925 ], [ -0.100928797956473, 51.515731151917024 ] ] } },
{ "type": "Feature", "properties": { "u": 115, "v": 135, "weight": 223.60679774999153 }, "geometry": { "type": "LineString", "coordinates": [ [ -0.100928797956473, 51.515731151917024 ], [ -0.09771041563981, 51.515651506972283 ] ] } },
{ "type": "Feature", "properties": { "u": 115, "v": 116, "weight": 223.60679774917662 }, "geometry": { "type": "LineString", "coordinates": [ [ -0.100928797956473, 51.515731151917024 ], [ -0.100801209556584, 51.517739181685606 ] ] } },
{ "type": "Feature", "properties": { "u": 116, "v": 136, "weight": 223.60679774999153 }, "geometry": { "type": "LineString", "coordinates": [ [ -0.100801209556584, 51.517739181685606 ], [ -0.097582686083281, 51.517659531047009 ] ] } },
{ "type": "Feature", "properties": { "u": 116, "v": 117, "weight": 223.60679775010794 }, "geometry": { "type": "LineString", "coordinates": [ [ -0.100801209556584, 51.517739181685606 ], [ -0.100673606380367, 51.519747210536664 ] ] } },
{ "type": "Feature", "properties": { "u": 117, "v": 137, "weight": 223.60679774999153 }, "geometry": { "type": "LineString", "coordinates": [ [ -0.100673606380367, 51.519747210536664 ], [ -0.097454941734139, 51.519667554203721 ] ] } },
{ "type": "Feature", "properties": { "u": 118, "v": 138, "weight": 223.60679774999153 }, "geometry": { "type": "LineString", "coordinates": [ [ -0.099879557020317, 51.48151495726561 ], [ -0.096663586629518, 51.481435320941337 ] ] } },
{ "type": "Feature", "properties": { "u": 118, "v": 119, "weight": 223.60679775010794 }, "geometry": { "type": "LineString", "coordinates": [ [ -0.099879557020317, 51.48151495726561 ], [ -0.099752078592645, 51.48352299694325 ] ] } },
{ "type": "Feature", "properties": { "u": 119, "v": 139, "weight": 223.60679774999153 }, "geometry": { "type": "LineString", "coordinates": [ [ -0.099752078592645, 51.48352299694325 ], [ -0.096535967323902, 51.483443354927303 ] ] } },
{ "type": "Feature", "properties": { "u": 119, "v": 120, "weight": 223.60679775010794 }, "geometry": { "type": "LineString", "coordinates": [ [ -0.099752078592645, 51.48352299694325 ], [ -0.099624585410732, 51.485531035703268 ] ] } },
{ "type": "Feature", "properties": { "u": 120, "v": 140, "weight": 223.60679774999153 }, "geometry": { "type": "LineString", "coordinates": [ [ -0.099624585410732, 51.485531035703268 ], [ -0.096408333247806, 51.485451387995155 ] ] } },
{ "type": "Feature", "properties": { "u": 120, "v": 121, "weight": 223.60679774917662 }, "geometry": { "type": "LineString", "coordinates": [ [ -0.099624585410732, 51.485531035703268 ], [ -0.099497077472325, 51.487539073545626 ] ] } },
{ "type": "Feature", "properties": { "u": 121, "v": 141, "weight": 223.60679774999153 }, "geometry": { "type": "LineString", "coordinates": [ [ -0.099497077472325, 51.487539073545626 ], [ -0.096280684398972, 51.487459420144859 ] ] } },
{ "type": "Feature", "properties": { "u": 121, "v": 122, "weight": 223.60679775010794 }, "geometry": { "type": "LineString", "coordinates": [ [ -0.099497077472325, 51.487539073545626 ], [ -0.099369554775172, 51.489547110470312 ] ] } },
{ "type": "Feature", "properties": { "u": 122, "v": 142, "weight": 223.60679774999153 }, "geometry": { "type": "LineString", "coordinates": [ [ -0.099369554775172, 51.489547110470312 ], [ -0.096153020775145, 51.489467451376399 ] ] } },
{ "type": "Feature", "properties": { "u": 122, "v": 123, "weight": 223.60679775010794 }, "geometry": { "type": "LineString", "coordinates": [ [ -0.099369554775172, 51.489547110470312 ], [ -0.099242017317015, 51.491555146477324 ] ] } },
{ "type": "Feature", "properties": { "u": 123, "v": 143, "weight": 223.60679774999153 }, "geometry": { "type": "LineString", "coordinates": [ [ -0.099242017317015, 51.491555146477324 ], [ -0.096025342374066, 51.491475481689747 ] ] } },
{ "type": "Feature", "properties": { "u": 123, "v": 124, "weight": 223.60679775010794 }, "geometry": { "type": "LineString", "coordinates": [ [ -0.099242017317015, 51.491555146477324 ], [ -0.099114465095602, 51.4935631815666 ] ] } },
{ "type": "Feature", "properties": { "u": 124, "v": 144, "weight": 223.60679774999153 }, "geometry": { "type": "LineString", "coordinates": [ [ -0.099114465095602, 51.4935631815666 ], [ -0.09589764919348, 51.493483511084875 ] ] } },
{ "type": "Feature", "properties": { "u": 124, "v": 125, "weight": 223.60679775010794 }, "geometry": { "type": "LineString", "coordinates": [ [ -0.099114465095602, 51.4935631815666 ], [ -0.098986898108678, 51.495571215738153 ] ] } },
{ "type": "Feature", "properties": { "u": 125, "v": 145, "weight": 223.60679774999153 }, "geometry": { "type": "LineString", "coordinates": [ [ -0.098986898108678, 51.495571215738153 ], [ -0.095769941231128, 51.495491539561769 ] ] } },
{ "type": "Feature", "properties": { "u": 125, "v": 126, "weight": 223.60679775010794 }, "geometry": { "type": "LineString", "coordinates": [ [ -0.098986898108678, 51.495571215738153 ], [ -0.098859316353985, 51.497579248991919 ] ] } },
{ "type": "Feature", "properties": { "u": 126, "v": 146, "weight": 223.60679774999153 }, "geometry": { "type": "LineString", "coordinates": [ [ -0.098859316353985, 51.497579248991919 ], [ -0.095642218484753, 51.497499567120386 ] ] } },
{ "type": "Feature", "properties": { "u": 126, "v": 127, "weight": 223.60679775010794 }, "geometry": { "type": "LineString", "coordinates": [ [ -0.098859316353985, 51.497579248991919 ], [ -0.09873171982927, 51.499587281327898 ] ] } },
{ "type": "Feature", "properties": { "u": 127, "v": 147, "weight": 223.60679774999153 }, "geometry": { "type": "LineString", "coordinates": [ [ -0.09873171982927, 51.499587281327898 ], [ -0.095514480952096, 51.499507593760733 ] ] } },
{ "type": "Feature", "properties": { "u": 127, "v": 128, "weight": 223.60679774917662 }, "geometry": { "type": "LineString", "coordinates": [ [ -0.09873171982927, 51.499587281327898 ], [ -0.098604108532275, 51.501595312746048 ] ] } },
{ "type": "Feature", "properties": { "u": 128, "v": 148, "weight": 223.60679774999153 }, "geometry": { "type": "LineString", "coordinates": [ [ -0.098604108532275, 51.501595312746048 ], [ -0.095386728630898, 51.501515619482738 ] ] } },
{ "type": "Feature", "properties": { "u": 128, "v": 129, "weight": 223.60679775010794 }, "geometry": { "type": "LineString", "coordinates": [ [ -0.098604108532275, 51.501595312746048 ], [ -0.098476482460743, 51.503603343246368 ] ] } },
{ "type": "Feature", "properties": { "u": 129, "v": 149, "weight": 223.60679774999153 }, "geometry": { "type": "LineString", "coordinates": [ [ -0.098476482460743, 51.503603343246368 ], [ -0.095258961518899, 51.50352364428641 ] ] } },
{ "type": "Feature", "properties": { "u": 129, "v": 130, "weight": 223.60679775010794 }, "geometry": { "type": "LineString", "coordinates": [ [ -0.098476482460743, 51.503603343246368 ], [ -0.098348841612415, 51.505611372828831 ] ] } },
{ "type": "Feature", "properties": { "u": 130, "v": 150, "weight": 223.60679774999153 }, "geometry": { "type": "LineString", "coordinates": [ [ -0.098348841612415, 51.505611372828831 ], [ -0.09513117961384, 51.505531668171741 ] ] } },
{ "type": "Feature", "properties": { "u": 130, "v": 131, "weight": 223.60679775010794 }, "geometry": { "type": "LineString", "coordinates": [ [ -0.098348841612415, 51.505611372828831 ], [ -0.098221185985035, 51.5076194014934 ] ] } },
{ "type": "Feature", "properties": { "u": 131, "v": 151, "weight": 223.60679774999153 }, "geometry": { "type": "LineString", "coordinates": [ [ -0.098221185985035, 51.5076194014934 ], [ -0.095003382913459, 51.507539691138668 ] ] } },
{ "type": "Feature", "properties": { "u": 131, "v": 132, "weight": 223.60679775010794 }, "geometry": { "type": "LineString", "coordinates": [ [ -0.098221185985035, 51.5076194014934 ], [ -0.098093515576343, 51.509627429240055 ] ] } },
{ "type": "Feature", "properties": { "u": 132, "v": 152, "weight": 223.60679774999153 }, "geometry": { "type": "LineString", "coordinates": [ [ -0.098093515576343, 51.509627429240055 ], [ -0.094875571415496, 51.509547713187175 ] ] } },
{ "type": "Feature", "properties": { "u": 132, "v": 133, "weight": 223.60679775010794 }, "geometry": { "type": "LineString", "coordinates": [ [ -0.098093515576343, 51.509627429240055 ], [ -0.097965830384082, 51.511635456068767 ] ] } },
{ "type": "Feature", "properties": { "u": 133, "v": 153, "weight": 223.60679774999153 }, "geometry": { "type": "LineString", "coordinates": [ [ -0.097965830384082, 51.511635456068767 ], [ -0.09474774511769, 51.511555734317255 ] ] } },
{ "type": "Feature", "properties": { "u": 133, "v": 134, "weight": 223.60679775010794 }, "geometry": { "type": "LineString", "coordinates": [ [ -0.097965830384082, 51.511635456068767 ], [ -0.097838130405991, 51.513643481979507 ] ] } },
{ "type": "Feature", "properties": { "u": 134, "v": 154, "weight": 223.60679774999153 }, "geometry": { "type": "LineString", "coordinates": [ [ -0.097838130405991, 51.513643481979507 ], [ -0.094619904017778, 51.513563754528874 ] ] } },
{ "type": "Feature", "properties": { "u": 134, "v": 135, "weight": 223.60679775010794 }, "geometry": { "type": "LineString", "coordinates": [ [ -0.097838130405991, 51.513643481979507 ], [ -0.09771041563981, 51.515651506972283 ] ] } },
{ "type": "Feature", "properties": { "u": 135, "v": 155, "weight": 223.60679774999153 }, "geometry": { "type": "LineString", "coordinates": [ [ -0.09771041563981, 51.515651506972283 ], [ -0.094492048113498, 51.515571773822003 ] ] } },
{ "type": "Feature", "properties": { "u": 135, "v": 136, "weight": 223.60679774917662 }, "geometry": { "type": "LineString", "coordinates": [ [ -0.09771041563981, 51.515651506972283 ], [ -0.097582686083281, 51.517659531047009 ] ] } },
{ "type": "Feature", "properties": { "u": 136, "v": 156, "weight": 223.60679774999153 }, "geometry": { "type": "LineString", "coordinates": [ [ -0.097582686083281, 51.517659531047009 ], [ -0.094364177402589, 51.517579792196614 ] ] } },
{ "type": "Feature", "properties": { "u": 136, "v": 137, "weight": 223.60679775010794 }, "geometry": { "type": "LineString", "coordinates": [ [ -0.097582686083281, 51.517659531047009 ], [ -0.097454941734139, 51.519667554203721 ] ] } },
{ "type": "Feature", "properties": { "u": 137, "v": 157, "weight": 223.60679774999153 }, "geometry": { "type": "LineString", "coordinates": [ [ -0.097454941734139, 51.519667554203721 ], [ -0.094236291882784, 51.519587809652705 ] ] } },
{ "type": "Feature", "properties": { "u": 138, "v": 158, "weight": 223.60679774999153 }, "geometry": { "type": "LineString", "coordinates": [ [ -0.096663586629518, 51.481435320941337 ], [ -0.093447631006945, 51.481355596519258 ] ] } },
{ "type": "Feature", "properties": { "u": 138, "v": 139, "weight": 223.60679775010794 }, "geometry": { "type": "LineString", "coordinates": [ [ -0.096663586629518, 51.481435320941337 ], [ -0.096535967323902, 51.483443354927303 ] ] } },
{ "type": "Feature", "properties": { "u": 139, "v": 159, "weight": 223.60679774999153 }, "geometry": { "type": "LineString", "coordinates": [ [ -0.096535967323902, 51.483443354927303 ], [ -0.093319870825642, 51.483363624807289 ] ] } },
{ "type": "Feature", "properties": { "u": 139, "v": 140, "weight": 223.60679775010794 }, "geometry": { "type": "LineString", "coordinates": [ [ -0.096535967323902, 51.483443354927303 ], [ -0.096408333247806, 51.485451387995155 ] ] } },
{ "type": "Feature", "properties": { "u": 140, "v": 160, "weight": 223.60679774999153 }, "geometry": { "type": "LineString", "coordinates": [ [ -0.096408333247806, 51.485451387995155 ], [ -0.093192095857618, 51.48537165217671 ] ] } },
{ "type": "Feature", "properties": { "u": 140, "v": 141, "weight": 223.60679774917662 }, "geometry": { "type": "LineString", "coordinates": [ [ -0.096408333247806, 51.485451387995155 ], [ -0.096280684398972, 51.487459420144859 ] ] } },
{ "type": "Feature", "properties": { "u": 141, "v": 161, "weight": 223.60679774999153 }, "geometry": { "type": "LineString", "coordinates": [ [ -0.096280684398972, 51.487459420144859 ], [ -0.093064306100613, 51.48737967862747 ] ] } },
{ "type": "Feature", "properties": { "u": 141, "v": 142, "weight": 223.60679775010794 }, "geometry": { "type": "LineString", "coordinates": [ [ -0.096280684398972, 51.487459420144859 ], [ -0.096153020775145, 51.489467451376399 ] ] } },
{ "type": "Feature", "properties": { "u": 142, "v": 162, "weight": 223.60679774999153 }, "geometry": { "type": "LineString", "coordinates": [ [ -0.096153020775145, 51.489467451376399 ], [ -0.092936501552368, 51.489387704159576 ] ] } },
{ "type": "Feature", "properties": { "u": 142, "v": 143, "weight": 223.60679775010794 }, "geometry": { "type": "LineString", "coordinates": [ [ -0.096153020775145, 51.489467451376399 ], [ -0.096025342374066, 51.491475481689747 ] ] } },
{ "type": "Feature", "properties": { "u": 143, "v": 163, "weight": 223.60679774999153 }, "geometry": { "type": "LineString", "coordinates": [ [ -0.096025342374066, 51.491475481689747 ], [ -0.092808682210624, 51.491395728772993 ] ] } },
{ "type": "Feature", "properties": { "u": 143, "v": 144, "weight": 223.60679775010794 }, "geometry": { "type": "LineString", "coordinates": [ [ -0.096025342374066, 51.491475481689747 ], [ -0.09589764919348, 51.493483511084875 ] ] } },
{ "type": "Feature", "properties": { "u": 144, "v": 164, "weight": 223.60679774999153 }, "geometry": { "type": "LineString", "coordinates": [ [ -0.09589764919348, 51.493483511084875 ], [ -0.092680848073122, 51.493403752467685 ] ] } },
{ "type": "Feature", "properties": { "u": 144, "v": 145, "weight": 223.60679775010794 }, "geometry": { "type": "LineString", "coordinates": [ [ -0.09589764919348, 51.493483511084875 ], [ -0.095769941231128, 51.495491539561769 ] ] } },
{ "type": "Feature", "properties": { "u": 145, "v": 165, "weight": 223.60679774999153 }, "geometry": { "type": "LineString", "coordinates": [ [ -0.095769941231128, 51.495491539561769 ], [ -0.092552999137601, 51.495411775243653 ] ] } },
{ "type": "Feature", "properties": { "u": 145, "v": 146, "weight": 223.60679775010794 }, "geometry": { "type": "LineString", "coordinates": [ [ -0.095769941231128, 51.495491539561769 ], [ -0.095642218484753, 51.497499567120386 ] ] } },
{ "type": "Feature", "properties": { "u": 146, "v": 166, "weight": 223.60679774999153 }, "geometry": { "type": "LineString", "coordinates": [ [ -0.095642218484753, 51.497499567120386 ], [ -0.092425135401802, 51.497419797100846 ] ] } },
{ "type": "Feature", "properties": { "u": 146, "v": 147, "weight": 223.60679775010794 }, "geometry": { "type": "LineString", "coordinates": [ [ -0.095642218484753, 51.497499567120386 ], [ -0.095514480952096, 51.499507593760733 ] ] } },
{ "type": "Feature", "properties": { "u": 147, "v": 167, "weight": 223.60679774999153 }, "geometry": { "type": "LineString", "coordinates": [ [ -0.095514480952096, 51.499507593760733 ], [ -0.092297256863462, 51.499427818039251 ] ] } },
{ "type": "Feature", "properties": { "u": 147, "v": 148, "weight": 223.60679774917662 }, "geometry": { "type": "LineString", "coordinates": [ [ -0.095514480952096, 51.499507593760733 ], [ -0.095386728630898, 51.501515619482738 ] ] } },
{ "type": "Feature", "properties": { "u": 148, "v": 168, "weight": 223.60679774999153 }, "geometry": { "type": "LineString", "coordinates": [ [ -0.095386728630898, 51.501515619482738 ], [ -0.092169363520322, 51.501435838058839 ] ] } },
{ "type": "Feature", "properties": { "u": 148, "v": 149, "weight": 223.60679775010794 }, "geometry": { "type": "LineString", "coordinates": [ [ -0.095386728630898, 51.501515619482738 ], [ -0.095258961518899, 51.50352364428641 ] ] } },
{ "type": "Feature", "properties": { "u": 149, "v": 169, "weight": 223.60679774999153 }, "geometry": { "type": "LineString", "coordinates": [ [ -0.095258961518899, 51.50352364428641 ], [ -0.092041455370116, 51.503443857159589 ] ] } },
{ "type": "Feature", "properties": { "u": 149, "v": 150, "weight": 223.60679775010794 }, "geometry": { "type": "LineString", "coordinates": [ [ -0.095258961518899, 51.50352364428641 ], [ -0.09513117961384, 51.505531668171741 ] ] } },
{ "type": "Feature", "properties": { "u": 150, "v": 170, "weight": 223.60679774999153 }, "geometry": { "type": "LineString", "coordinates": [ [ -0.09513117961384, 51.505531668171741 ], [ -0.091913532410585, 51.505451875341485 ] ] } },
{ "type": "Feature", "properties": { "u": 150, "v": 151, "weight": 223.60679775010794 }, "geometry": { "type": "LineString", "coordinates": [ [ -0.09513117961384, 51.505531668171741 ], [ -0.095003382913459, 51.507539691138668 ] ] } },
{ "type": "Feature", "properties": { "u": 151, "v": 171, "weight": 223.60679774999153 }, "geometry": { "type": "LineString", "coordinates": [ [ -0.095003382913459, 51.507539691138668 ], [ -0.091785594639465, 51.507459892604494 ] ] } },
{ "type": "Feature", "properties": { "u": 151, "v": 152, "weight": 223.60679775010794 }, "geometry": { "type": "LineString", "coordinates": [ [ -0.095003382913459, 51.507539691138668 ], [ -0.094875571415496, 51.509547713187175 ] ] } },
{ "type": "Feature", "properties": { "u": 152, "v": 172, "weight": 223.60679774999153 }, "geometry": { "type": "LineString", "coordinates": [ [ -0.094875571415496, 51.509547713187175 ], [ -0.091657642054492, 51.509467908948608 ] ] } },
{ "type": "Feature", "properties": { "u": 152, "v": 153, "weight": 223.60679775010794 }, "geometry": { "type": "LineString", "coordinates": [ [ -0.094875571415496, 51.509547713187175 ], [ -0.09474774511769, 51.511555734317255 ] ] } },
{ "type": "Feature", "properties": { "u": 153, "v": 173, "weight": 223.60679774999153 }, "geometry": { "type": "LineString", "coordinates": [ [ -0.09474774511769, 51.511555734317255 ], [ -0.091529674653403, 51.511475924373755 ] ] } },
{ "type": "Feature", "properties": { "u": 153, "v": 154, "weight": 223.60679775010794 }, "geometry": { "type": "LineString", "coordinates": [ [ -0.09474774511769, 51.511555734317255 ], [ -0.094619904017778, 51.513563754528874 ] ] } },
{ "type": "Feature", "properties": { "u": 154, "v": 174, "weight": 223.60679774999153 }, "geometry": { "type": "LineString", "coordinates": [ [ -0.094619904017778, 51.513563754528874 ], [ -0.091401692433933, 51.513483938879958 ] ] } },
{ "type": "Feature", "properties": { "u": 154, "v": 155, "weight": 223.60679775010794 }, "geometry": { "type": "LineString", "coordinates": [ [ -0.094619904017778, 51.513563754528874 ], [ -0.094492048113498, 51.515571773822003 ] ] } },
{ "type": "Feature", "properties": { "u": 155, "v": 175, "weight": 223.60679774999153 }, "geometry": { "type": "LineString", "coordinates": [ [ -0.094492048113498, 51.515571773822003 ], [ -0.091273695393817, 51.515491952467173 ] ] } },
{ "type": "Feature", "properties": { "u": 155, "v": 156, "weight": 223.60679774917662 }, "geometry": { "type": "LineString", "coordinates": [ [ -0.094492048113498, 51.515571773822003 ], [ -0.094364177402589, 51.517579792196614 ] ] } },
{ "type": "Feature", "properties": { "u": 156, "v": 176, "weight": 223.60679774999153 }, "geometry": { "type": "LineString", "coordinates": [ [ -0.094364177402589, 51.517579792196614 ], [ -0.091145683530791, 51.517499965135364 ] ] } },
{ "type": "Feature", "properties": { "u": 156, "v": 157, "weight": 223.60679775010794 }, "geometry": { "type": "LineString", "coordinates": [ [ -0.094364177402589, 51.517579792196614 ], [ -0.094236291882784, 51.519587809652705 ] ] } },
{ "type": "Feature", "properties": { "u": 157, "v": 177, "weight": 223.60679774999153 }, "geometry": { "type": "LineString", "coordinates": [ [ -0.094236291882784, 51.519587809652705 ], [ -0.091017656842587, 51.51950797688454 ] ] } },
{ "type": "Feature", "properties": { "u": 158, "v": 178, "weight": 223.60679774999153 }, "geometry": { "type": "LineString", "coordinates": [ [ -0.093447631006945, 51.481355596519258 ], [ -0.090231690168835, 51.481275784000353 ] ] } },
{ "type": "Feature", "properties": { "u": 158, "v": 159, "weight": 223.60679775010794 }, "geometry": { "type": "LineString", "coordinates": [ [ -0.093447631006945, 51.481355596519258 ], [ -0.093319870825642, 51.483363624807289 ] ] } },
{ "type": "Feature", "properties": { "u": 159, "v": 179, "weight": 223.60679774999153 }, "geometry": { "type": "LineString", "coordinates": [ [ -0.093319870825642, 51.483363624807289 ], [ -0.090103789114105, 51.483283806584154 ] ] } },
{ "type": "Feature", "properties": { "u": 159, "v": 160, "weight": 223.60679775010794 }, "geometry": { "type": "LineString", "coordinates": [ [ -0.093319870825642, 51.483363624807289 ], [ -0.093192095857618, 51.48537165217671 ] ] } },
{ "type": "Feature", "properties": { "u": 160, "v": 180, "weight": 223.60679774999153 }, "geometry": { "type": "LineString", "coordinates": [ [ -0.093192095857618, 51.48537165217671 ], [ -0.08997587325641, 51.485291828248855 ] ] } },
{ "type": "Feature", "properties": { "u": 160, "v": 161, "weight": 223.60679774917662 }, "geometry": { "type": "LineString", "coordinates": [ [ -0.093192095857618, 51.48537165217671 ], [ -0.093064306100613, 51.48737967862747 ] ] } },
{ "type": "Feature", "properties": { "u": 161, "v": 181, "weight": 223.60679774999153 }, "geometry": { "type": "LineString", "coordinates": [ [ -0.093064306100613, 51.48737967862747 ], [ -0.089847942593493, 51.487299848994397 ] ] } },
{ "type": "Feature", "properties": { "u": 161, "v": 162, "weight": 223.60679775010794 }, "geometry": { "type": "LineString", "coordinates": [ [ -0.093064306100613, 51.48737967862747 ], [ -0.092936501552368, 51.489387704159576 ] ] } },
{ "type": "Feature", "properties": { "u": 162, "v": 182, "weight": 223.60679774999153 }, "geometry": { "type": "LineString", "coordinates": [ [ -0.092936501552368, 51.489387704159576 ], [ -0.08971999712309, 51.489307868820795 ] ] } },
{ "type": "Feature", "properties": { "u": 162, "v": 163, "weight": 223.60679775010794 }, "geometry": { "type": "LineString", "coordinates": [ [ -0.092936501552368, 51.489387704159576 ], [ -0.092808682210624, 51.491395728772993 ] ] } },
{ "type": "Feature", "properties": { "u": 163, "v": 183, "weight": 223.60679774999153 }, "geometry": { "type": "LineString", "coordinates": [ [ -0.092808682210624, 51.491395728772993 ], [ -0.089592036842941, 51.491315887727993 ] ] } },
{ "type": "Feature", "properties": { "u": 163, "v": 164, "weight": 223.60679775010794 }, "geometry": { "type": "LineString", "coordinates": [ [ -0.092808682210624, 51.491395728772993 ], [ -0.092680848073122, 51.493403752467685 ] ] } },
{ "type": "Feature", "properties": { "u": 164, "v": 184, "weight": 223.60679774999153 }, "geometry": { "type": "LineString", "coordinates": [ [ -0.092680848073122, 51.493403752467685 ], [ -0.089464061750784, 51.493323905715975 ] ] } },
{ "type": "Feature", "properties": { "u": 164, "v": 165, "weight": 223.60679775010794 }, "geometry": { "type": "LineString", "coordinates": [ [ -0.092680848073122, 51.493403752467685 ], [ -0.092552999137601, 51.495411775243653 ] ] } },
{ "type": "Feature", "properties": { "u": 165, "v": 185, "weight": 223.60679774999153 }, "geometry": { "type": "LineString", "coordinates": [ [ -0.092552999137601, 51.495411775243653 ], [ -0.089336071844354, 51.495331922784736 ] ] } },
{ "type": "Feature", "properties": { "u": 165, "v": 166, "weight": 223.60679775010794 }, "geometry": { "type": "LineString", "coordinates": [ [ -0.092552999137601, 51.495411775243653 ], [ -0.092425135401802, 51.497419797100846 ] ] } },
{ "type": "Feature", "properties": { "u": 166, "v": 186, "weight": 223.60679774999153 }, "geometry": { "type": "LineString", "coordinates": [ [ -0.092425135401802, 51.497419797100846 ], [ -0.089208067121392, 51.497339938934225 ] ] } },
{ "type": "Feature", "properties": { "u": 166, "v": 167, "weight": 223.60679775010794 }, "geometry": { "type": "LineString", "coordinates": [ [ -0.092425135401802, 51.497419797100846 ], [ -0.092297256863462, 51.499427818039251 ] ] } },
{ "type": "Feature", "properties": { "u": 167, "v": 187, "weight": 223.60679774999153 }, "geometry": { "type": "LineString", "coordinates": [ [ -0.092297256863462, 51.499427818039251 ], [ -0.08908004757963, 51.499347954164421 ] ] } },
{ "type": "Feature", "properties": { "u": 167, "v": 168, "weight": 223.60679774917662 }, "geometry": { "type": "LineString", "coordinates": [ [ -0.092297256863462, 51.499427818039251 ], [ -0.092169363520322, 51.501435838058839 ] ] } },
{ "type": "Feature", "properties": { "u": 168, "v": 188, "weight": 223.60679774999153 }, "geometry": { "type": "LineString", "coordinates": [ [ -0.092169363520322, 51.501435838058839 ], [ -0.088952013216808, 51.501355968475302 ] ] } },
{ "type": "Feature", "properties": { "u": 168, "v": 169, "weight": 223.60679775010794 }, "geometry": { "type": "LineString", "coordinates": [ [ -0.092169363520322, 51.501435838058839 ], [ -0.092041455370116, 51.503443857159589 ] ] } },
{ "type": "Feature", "properties": { "u": 169, "v": 189, "weight": 223.60679774999153 }, "geometry": { "type": "LineString", "coordinates": [ [ -0.092041455370116, 51.503443857159589 ], [ -0.08882396403066, 51.503363981866855 ] ] } },
{ "type": "Feature", "properties": { "u": 169, "v": 170, "weight": 223.60679775010794 }, "geometry": { "type": "LineString", "coordinates": [ [ -0.092041455370116, 51.503443857159589 ], [ -0.091913532410585, 51.505451875341485 ] ] } },
{ "type": "Feature", "properties": { "u": 170, "v": 190, "weight": 223.60679774999153 }, "geometry": { "type": "LineString", "coordinates": [ [ -0.091913532410585, 51.505451875341485 ], [ -0.088695900018919, 51.50537199433905 ] ] } },
{ "type": "Feature", "properties": { "u": 170, "v": 171, "weight": 223.60679775010794 }, "geometry": { "type": "LineString", "coordinates": [ [ -0.091913532410585, 51.505451875341485 ], [ -0.091785594639465, 51.507459892604494 ] ] } },
{ "type": "Feature", "properties": { "u": 171, "v": 191, "weight": 223.60679774999153 }, "geometry": { "type": "LineString", "coordinates": [ [ -0.091785594639465, 51.507459892604494 ], [ -0.088567821179324, 51.507380005891847 ] ] } },
{ "type": "Feature", "properties": { "u": 171, "v": 172, "weight": 223.60679775010794 }, "geometry": { "type": "LineString", "coordinates": [ [ -0.091785594639465, 51.507459892604494 ], [ -0.091657642054492, 51.509467908948608 ] ] } },
{ "type": "Feature", "properties": { "u": 172, "v": 192, "weight": 223.60679774999153 }, "geometry": { "type": "LineString", "coordinates": [ [ -0.091657642054492, 51.509467908948608 ], [ -0.088439727509604, 51.50938801652525 ] ] } },
{ "type": "Feature", "properties": { "u": 172, "v": 173, "weight": 223.60679775010794 }, "geometry": { "type": "LineString", "coordinates": [ [ -0.091657642054492, 51.509467908948608 ], [ -0.091529674653403, 51.511475924373755 ] ] } },
{ "type": "Feature", "properties": { "u": 173, "v": 193, "weight": 223.60679774999153 }, "geometry": { "type": "LineString", "coordinates": [ [ -0.091529674653403, 51.511475924373755 ], [ -0.088311619007496, 51.511396026239211 ] ] } },
{ "type": "Feature", "properties": { "u": 173, "v": 174, "weight": 223.60679775010794 }, "geometry": { "type": "LineString", "coordinates": [ [ -0.091529674653403, 51.511475924373755 ], [ -0.091401692433933, 51.513483938879958 ] ] } },
{ "type": "Feature", "properties": { "u": 174, "v": 194, "weight": 223.60679774999153 }, "geometry": { "type": "LineString", "coordinates": [ [ -0.091401692433933, 51.513483938879958 ], [ -0.088183495670733, 51.513404035033702 ] ] } },
{ "type": "Feature", "properties": { "u": 174, "v": 175, "weight": 223.60679775010794 }, "geometry": { "type": "LineString", "coordinates": [ [ -0.091401692433933, 51.513483938879958 ], [ -0.091273695393817, 51.515491952467173 ] ] } },
{ "type": "Feature", "properties": { "u": 175, "v": 195, "weight": 223.60679774999153 }, "geometry": { "type": "LineString", "coordinates": [ [ -0.091273695393817, 51.515491952467173 ], [ -0.088055357497046, 51.515412042908729 ] ] } },
{ "type": "Feature", "properties": { "u": 175, "v": 176, "weight": 223.60679774917662 }, "geometry": { "type": "LineString", "coordinates": [ [ -0.091273695393817, 51.515491952467173 ], [ -0.091145683530791, 51.517499965135364 ] ] } },
{ "type": "Feature", "properties": { "u": 176, "v": 196, "weight": 223.60679774999153 }, "geometry": { "type": "LineString", "coordinates": [ [ -0.091145683530791, 51.517499965135364 ], [ -0.08792720448417, 51.517420049864214 ] ] } },
{ "type": "Feature", "properties": { "u": 176, "v": 177, "weight": 223.60679775010794 }, "geometry": { "type": "LineString", "coordinates": [ [ -0.091145683530791, 51.517499965135364 ], [ -0.091017656842587, 51.51950797688454 ] ] } },
{ "type": "Feature", "properties": { "u": 177, "v": 197, "weight": 223.60679774999153 }, "geometry": { "type": "LineString", "coordinates": [ [ -0.091017656842587, 51.51950797688454 ], [ -0.087799036629832, 51.519428055900192 ] ] } },
{ "type": "Feature", "properties": { "u": 178, "v": 198, "weight": 223.60679774999153 }, "geometry": { "type": "LineString", "coordinates": [ [ -0.090231690168835, 51.481275784000353 ], [ -0.08701576413143, 51.481195883385531 ] ] } },
{ "type": "Feature", "properties": { "u": 178, "v": 179, "weight": 223.60679775010794 }, "geometry": { "type": "LineString", "coordinates": [ [ -0.090231690168835, 51.481275784000353 ], [ -0.090103789114105, 51.483283806584154 ] ] } },
{ "type": "Feature", "properties": { "u": 179, "v": 199, "weight": 223.60679774999153 }, "geometry": { "type": "LineString", "coordinates": [ [ -0.090103789114105, 51.483283806584154 ], [ -0.086887722205529, 51.483203900258843 ] ] } },
{ "type": "Feature", "properties": { "u": 179, "v": 180, "weight": 223.60679775010794 }, "geometry": { "type": "LineString", "coordinates": [ [ -0.090103789114105, 51.483283806584154 ], [ -0.08997587325641, 51.485291828248855 ] ] } },
{ "type": "Feature", "properties": { "u": 180, "v": 200, "weight": 223.60679774999153 }, "geometry": { "type": "LineString", "coordinates": [ [ -0.08997587325641, 51.485291828248855 ], [ -0.086759665460426, 51.485211916212542 ] ] } },
{ "type": "Feature", "properties": { "u": 180, "v": 181, "weight": 223.60679774917662 }, "geometry": { "type": "LineString", "coordinates": [ [ -0.08997587325641, 51.485291828248855 ], [ -0.089847942593493, 51.487299848994397 ] ] } },
{ "type": "Feature", "properties": { "u": 181, "v": 201, "weight": 223.60679774999153 }, "geometry": { "type": "LineString", "coordinates": [ [ -0.089847942593493, 51.487299848994397 ], [ -0.086631593893858, 51.487219931246592 ] ] } },
{ "type": "Feature", "properties": { "u": 181, "v": 182, "weight": 223.60679775010794 }, "geometry": { "type": "LineString", "coordinates": [ [ -0.089847942593493, 51.487299848994397 ], [ -0.08971999712309, 51.489307868820795 ] ] } },
{ "type": "Feature", "properties": { "u": 182, "v": 202, "weight": 223.60679774999153 }, "geometry": { "type": "LineString", "coordinates": [ [ -0.08971999712309, 51.489307868820795 ], [ -0.086503507503559, 51.489227945361002 ] ] } },
{ "type": "Feature", "properties": { "u": 182, "v": 183, "weight": 223.60679775010794 }, "geometry": { "type": "LineString", "coordinates": [ [ -0.08971999712309, 51.489307868820795 ], [ -0.089592036842941, 51.491315887727993 ] ] } },
{ "type": "Feature", "properties": { "u": 183, "v": 203, "weight": 223.60679774999153 }, "geometry": { "type": "LineString", "coordinates": [ [ -0.089592036842941, 51.491315887727993 ], [ -0.086375406287266, 51.49123595855572 ] ] } },
{ "type": "Feature", "properties": { "u": 183, "v": 184, "weight": 223.60679775010794 }, "geometry": { "type": "LineString", "coordinates": [ [ -0.089592036842941, 51.491315887727993 ], [ -0.089464061750784, 51.493323905715975 ] ] } },
{ "type": "Feature", "properties": { "u": 184, "v": 204, "weight": 223.60679774999153 }, "geometry": { "type": "LineString", "coordinates": [ [ -0.089464061750784, 51.493323905715975 ], [ -0.086247290242716, 51.493243970830704 ] ] } },
{ "type": "Feature", "properties": { "u": 184, "v": 185, "weight": 223.60679775010794 }, "geometry": { "type": "LineString", "coordinates": [ [ -0.089464061750784, 51.493323905715975 ], [ -0.089336071844354, 51.495331922784736 ] ] } },
{ "type": "Feature", "properties": { "u": 185, "v": 205, "weight": 223.60679774999153 }, "geometry": { "type": "LineString", "coordinates": [ [ -0.089336071844354, 51.495331922784736 ], [ -0.086119159367641, 51.495251982185984 ] ] } },
{ "type": "Feature", "properties": { "u": 185, "v": 186, "weight": 223.60679775010794 }, "geometry": { "type": "LineString", "coordinates": [ [ -0.089336071844354, 51.495331922784736 ], [ -0.089208067121392, 51.497339938934225 ] ] } },
{ "type": "Feature", "properties": { "u": 186, "v": 206, "weight": 223.60679774999153 }, "geometry": { "type": "LineString", "coordinates": [ [ -0.089208067121392, 51.497339938934225 ], [ -0.085991013659779, 51.49725999262148 ] ] } },
{ "type": "Feature", "properties": { "u": 186, "v": 187, "weight": 223.60679775010794 }, "geometry": { "type": "LineString", "coordinates": [ [ -0.089208067121392, 51.497339938934225 ], [ -0.08908004757963, 51.499347954164421 ] ] } },
{ "type": "Feature", "properties": { "u": 187, "v": 207, "weight": 223.60679774999153 }, "geometry": { "type": "LineString", "coordinates": [ [ -0.08908004757963, 51.499347954164421 ], [ -0.08586285311686, 51.499268002137192 ] ] } },
{ "type": "Feature", "properties": { "u": 187, "v": 188, "weight": 223.60679774917662 }, "geometry": { "type": "LineString", "coordinates": [ [ -0.08908004757963, 51.499347954164421 ], [ -0.088952013216808, 51.501355968475302 ] ] } },
{ "type": "Feature", "properties": { "u": 188, "v": 208, "weight": 223.60679774999153 }, "geometry": { "type": "LineString", "coordinates": [ [ -0.088952013216808, 51.501355968475302 ], [ -0.085734677736622, 51.501276010733086 ] ] } },
{ "type": "Feature", "properties": { "u": 188, "v": 189, "weight": 223.60679775010794 }, "geometry": { "type": "LineString", "coordinates": [ [ -0.088952013216808, 51.501355968475302 ], [ -0.08882396403066, 51.503363981866855 ] ] } },
{ "type": "Feature", "properties": { "u": 189, "v": 209, "weight": 223.60679774999153 }, "geometry": { "type": "LineString", "coordinates": [ [ -0.08882396403066, 51.503363981866855 ], [ -0.085606487516794, 51.503284018409147 ] ] } },
{ "type": "Feature", "properties": { "u": 189, "v": 190, "weight": 223.60679775010794 }, "geometry": { "type": "LineString", "coordinates": [ [ -0.08882396403066, 51.503363981866855 ], [ -0.088695900018919, 51.50537199433905 ] ] } },
{ "type": "Feature", "properties": { "u": 190, "v": 210, "weight": 223.60679774999153 }, "geometry": { "type": "LineString", "coordinates": [ [ -0.088695900018919, 51.50537199433905 ], [ -0.085478282455111, 51.505292025165353 ] ] } },
{ "type": "Feature", "properties": { "u": 190, "v": 191, "weight": 223.60679775010794 }, "geometry": { "type": "LineString", "coordinates": [ [ -0.088695900018919, 51.50537199433905 ], [ -0.088567821179324, 51.507380005891847 ] ] } },
{ "type": "Feature", "properties": { "u": 191, "v": 211, "weight": 223.60679774999153 }, "geometry": { "type": "LineString", "coordinates": [ [ -0.088567821179324, 51.507380005891847 ], [ -0.085350062549304, 51.507300031001677 ] ] } },
{ "type": "Feature", "properties": { "u": 191, "v": 192, "weight": 223.60679775010794 }, "geometry": { "type": "LineString", "coordinates": [ [ -0.088567821179324, 51.507380005891847 ], [ -0.088439727509604, 51.50938801652525 ] ] } },
{ "type": "Feature", "properties": { "u": 192, "v": 212, "weight": 223.60679774999153 }, "geometry": { "type": "LineString", "coordinates": [ [ -0.088439727509604, 51.50938801652525 ], [ -0.085221827797105, 51.509308035918089 ] ] } },
{ "type": "Feature", "properties": { "u": 192, "v": 193, "weight": 223.60679775010794 }, "geometry": { "type": "LineString", "coordinates": [ [ -0.088439727509604, 51.50938801652525 ], [ -0.088311619007496, 51.511396026239211 ] ] } },
{ "type": "Feature", "properties": { "u": 193, "v": 213, "weight": 223.60679774999153 }, "geometry": { "type": "LineString", "coordinates": [ [ -0.088311619007496, 51.511396026239211 ], [ -0.085093578196246, 51.511316039914547 ] ] } },
{ "type": "Feature", "properties": { "u": 193, "v": 194, "weight": 223.60679775010794 }, "geometry": { "type": "LineString", "coordinates": [ [ -0.088311619007496, 51.511396026239211 ], [ -0.088183495670733, 51.513404035033702 ] ] } },
{ "type": "Feature", "properties": { "u": 194, "v": 214, "weight": 223.60679774999153 }, "geometry": { "type": "LineString", "coordinates": [ [ -0.088183495670733, 51.513404035033702 ], [ -0.084965313744455, 51.513324042991073 ] ] } },
{ "type": "Feature", "properties": { "u": 194, "v": 195, "weight": 223.60679775010794 }, "geometry": { "type": "LineString", "coordinates": [ [ -0.088183495670733, 51.513404035033702 ], [ -0.088055357497046, 51.515412042908729 ] ] } },
{ "type": "Feature", "properties": { "u": 195, "v": 215, "weight": 223.60679774999153 }, "geometry": { "type": "LineString", "coordinates": [ [ -0.088055357497046, 51.515412042908729 ], [ -0.084837034439466, 51.515332045147595 ] ] } },
{ "type": "Feature", "properties": { "u": 195, "v": 196, "weight": 223.60679774917662 }, "geometry": { "type": "LineString", "coordinates": [ [ -0.088055357497046, 51.515412042908729 ], [ -0.08792720448417, 51.517420049864214 ] ] } },
{ "type": "Feature", "properties": { "u": 196, "v": 216, "weight": 223.60679774999153 }, "geometry": { "type": "LineString", "coordinates": [ [ -0.08792720448417, 51.517420049864214 ], [ -0.084708740279007, 51.517340046384099 ] ] } },
{ "type": "Feature", "properties": { "u": 196, "v": 197, "weight": 223.60679775010794 }, "geometry": { "type": "LineString", "coordinates": [ [ -0.08792720448417, 51.517420049864214 ], [ -0.087799036629832, 51.519428055900192 ] ] } },
{ "type": "Feature", "properties": { "u": 197, "v": 217, "weight": 223.60679774999153 }, "geometry": { "type": "LineString", "coordinates": [ [ -0.087799036629832, 51.519428055900192 ], [ -0.084580431260805, 51.519348046700593 ] ] } },
{ "type": "Feature", "properties": { "u": 198, "v": 218, "weight": 223.60679774999153 }, "geometry": { "type": "LineString", "coordinates": [ [ -0.08701576413143, 51.481195883385531 ], [ -0.083799852910964, 51.481115894675753 ] ] } },
{ "type": "Feature", "properties": { "u": 198, "v": 199, "weight": 223.60679775010794 }, "geometry": { "type": "LineString", "coordinates": [ [ -0.08701576413143, 51.481195883385531 ], [ -0.086887722205529, 51.483203900258843 ] ] } },
{ "type": "Feature", "properties": { "u": 199, "v": 219, "weight": 223.60679774999153 }, "geometry": { "type": "LineString", "coordinates": [ [ -0.086887722205529, 51.483203900258843 ], [ -0.083671670116158, 51.483123905832301 ] ] } },
{ "type": "Feature", "properties": { "u": 199, "v": 200, "weight": 223.60679775010794 }, "geometry": { "type": "LineString", "coordinates": [ [ -0.086887722205529, 51.483203900258843 ], [ -0.086759665460426, 51.485211916212542 ] ] } },
{ "type": "Feature", "properties": { "u": 200, "v": 220, "weight": 223.60679774999153 }, "geometry": { "type": "LineString", "coordinates": [ [ -0.086759665460426, 51.485211916212542 ], [ -0.083543472485909, 51.485131916068731 ] ] } },
{ "type": "Feature", "properties": { "u": 200, "v": 201, "weight": 223.60679774917662 }, "geometry": { "type": "LineString", "coordinates": [ [ -0.086759665460426, 51.485211916212542 ], [ -0.086631593893858, 51.487219931246592 ] ] } },
{ "type": "Feature", "properties": { "u": 201, "v": 221, "weight": 223.60679774999153 }, "geometry": { "type": "LineString", "coordinates": [ [ -0.086631593893858, 51.487219931246592 ], [ -0.083415260017953, 51.487139925385016 ] ] } },
{ "type": "Feature", "properties": { "u": 201, "v": 202, "weight": 223.60679775010794 }, "geometry": { "type": "LineString", "coordinates": [ [ -0.086631593893858, 51.487219931246592 ], [ -0.086503507503559, 51.489227945361002 ] ] } },
{ "type": "Feature", "properties": { "u": 202, "v": 222, "weight": 223.60679774999153 }, "geometry": { "type": "LineString", "coordinates": [ [ -0.086503507503559, 51.489227945361002 ], [ -0.083287032710021, 51.489147933781148 ] ] } },
{ "type": "Feature", "properties": { "u": 202, "v": 203, "weight": 223.60679775010794 }, "geometry": { "type": "LineString", "coordinates": [ [ -0.086503507503559, 51.489227945361002 ], [ -0.086375406287266, 51.49123595855572 ] ] } },
{ "type": "Feature", "properties": { "u": 203, "v": 223, "weight": 223.60679774999153 }, "geometry": { "type": "LineString", "coordinates": [ [ -0.086375406287266, 51.49123595855572 ], [ -0.083158790559851, 51.491155941257091 ] ] } },
{ "type": "Feature", "properties": { "u": 203, "v": 204, "weight": 223.60679775010794 }, "geometry": { "type": "LineString", "coordinates": [ [ -0.086375406287266, 51.49123595855572 ], [ -0.086247290242716, 51.493243970830704 ] ] } },
{ "type": "Feature", "properties": { "u": 204, "v": 224, "weight": 223.60679774999153 }, "geometry": { "type": "LineString", "coordinates": [ [ -0.086247290242716, 51.493243970830704 ], [ -0.083030533565172, 51.493163947812825 ] ] } },
{ "type": "Feature", "properties": { "u": 204, "v": 205, "weight": 223.60679775010794 }, "geometry": { "type": "LineString", "coordinates": [ [ -0.086247290242716, 51.493243970830704 ], [ -0.086119159367641, 51.495251982185984 ] ] } },
{ "type": "Feature", "properties": { "u": 205, "v": 225, "weight": 223.60679774999153 }, "geometry": { "type": "LineString", "coordinates": [ [ -0.086119159367641, 51.495251982185984 ], [ -0.082902261723717, 51.495171953448327 ] ] } },
{ "type": "Feature", "properties": { "u": 205, "v": 206, "weight": 223.60679775010794 }, "geometry": { "type": "LineString", "coordinates": [ [ -0.086119159367641, 51.495251982185984 ], [ -0.085991013659779, 51.49725999262148 ] ] } },
{ "type": "Feature", "properties": { "u": 206, "v": 226, "weight": 223.60679774999153 }, "geometry": { "type": "LineString", "coordinates": [ [ -0.085991013659779, 51.49725999262148 ], [ -0.082773975033221, 51.497179958163557 ] ] } },
{ "type": "Feature", "properties": { "u": 206, "v": 207, "weight": 223.60679775010794 }, "geometry": { "type": "LineString", "coordinates": [ [ -0.085991013659779, 51.49725999262148 ], [ -0.08586285311686, 51.499268002137192 ] ] } },
{ "type": "Feature", "properties": { "u": 207, "v": 227, "weight": 223.60679774999153 }, "geometry": { "type": "LineString", "coordinates": [ [ -0.08586285311686, 51.499268002137192 ], [ -0.082645673491412, 51.499187961958505 ] ] } },
{ "type": "Feature", "properties": { "u": 207, "v": 208, "weight": 223.60679774917662 }, "geometry": { "type": "LineString", "coordinates": [ [ -0.08586285311686, 51.499268002137192 ], [ -0.085734677736622, 51.501276010733086 ] ] } },
{ "type": "Feature", "properties": { "u": 208, "v": 228, "weight": 223.60679774999153 }, "geometry": { "type": "LineString", "coordinates": [ [ -0.085734677736622, 51.501276010733086 ], [ -0.082517357096024, 51.501195964833123 ] ] } },
{ "type": "Feature", "properties": { "u": 208, "v": 209, "weight": 223.60679775010794 }, "geometry": { "type": "LineString", "coordinates": [ [ -0.085734677736622, 51.501276010733086 ], [ -0.085606487516794, 51.503284018409147 ] ] } },
{ "type": "Feature", "properties": { "u": 209, "v": 229, "weight": 223.60679774999153 }, "geometry": { "type": "LineString", "coordinates": [ [ -0.085606487516794, 51.503284018409147 ], [ -0.082389025844785, 51.503203966787417 ] ] } },
{ "type": "Feature", "properties": { "u": 209, "v": 210, "weight": 223.60679775010794 }, "geometry": { "type": "LineString", "coordinates": [ [ -0.085606487516794, 51.503284018409147 ], [ -0.085478282455111, 51.505292025165353 ] ] } },
{ "type": "Feature", "properties": { "u": 210, "v": 230, "weight": 223.60679774999153 }, "geometry": { "type": "LineString", "coordinates": [ [ -0.085478282455111, 51.505292025165353 ], [ -0.082260679735426, 51.505211967821353 ] ] } },
{ "type": "Feature", "properties": { "u": 210, "v": 211, "weight": 223.60679775010794 }, "geometry": { "type": "LineString", "coordinates": [ [ -0.085478282455111, 51.505292025165353 ], [ -0.085350062549304, 51.507300031001677 ] ] } },
{ "type": "Feature", "properties": { "u": 211, "v": 231, "weight": 223.60679774999153 }, "geometry": { "type": "LineString", "coordinates": [ [ -0.085350062549304, 51.507300031001677 ], [ -0.082132318765677, 51.507219967934908 ] ] } },
{ "type": "Feature", "properties": { "u": 211, "v": 212, "weight": 223.60679775010794 }, "geometry": { "type": "LineString", "coordinates": [ [ -0.085350062549304, 51.507300031001677 ], [ -0.085221827797105, 51.509308035918089 ] ] } },
{ "type": "Feature", "properties": { "u": 212, "v": 232, "weight": 223.60679774999153 }, "geometry": { "type": "LineString", "coordinates": [ [ -0.085221827797105, 51.509308035918089 ], [ -0.082003942933267, 51.509227967128055 ] ] } },
{ "type": "Feature", "properties": { "u": 212, "v": 213, "weight": 223.60679775010794 }, "geometry": { "type": "LineString", "coordinates": [ [ -0.085221827797105, 51.509308035918089 ], [ -0.085093578196246, 51.511316039914547 ] ] } },
{ "type": "Feature", "properties": { "u": 213, "v": 233, "weight": 223.60679774999153 }, "geometry": { "type": "LineString", "coordinates": [ [ -0.085093578196246, 51.511316039914547 ], [ -0.081875552235925, 51.511235965400743 ] ] } },
{ "type": "Feature", "properties": { "u": 213, "v": 214, "weight": 223.60679775010794 }, "geometry": { "type": "LineString", "coordinates": [ [ -0.085093578196246, 51.511316039914547 ], [ -0.084965313744455, 51.513324042991073 ] ] } },
{ "type": "Feature", "properties": { "u": 214, "v": 234, "weight": 223.60679774999153 }, "geometry": { "type": "LineString", "coordinates": [ [ -0.084965313744455, 51.513324042991073 ], [ -0.08174714667138, 51.513243962752995 ] ] } },
{ "type": "Feature", "properties": { "u": 214, "v": 215, "weight": 223.60679775010794 }, "geometry": { "type": "LineString", "coordinates": [ [ -0.084965313744455, 51.513324042991073 ], [ -0.084837034439466, 51.515332045147595 ] ] } },
{ "type": "Feature", "properties": { "u": 215, "v": 235, "weight": 223.60679774999153 }, "geometry": { "type": "LineString", "coordinates": [ [ -0.084837034439466, 51.515332045147595 ], [ -0.081618726237357, 51.515251959184745 ] ] } },
{ "type": "Feature", "properties": { "u": 215, "v": 216, "weight": 223.60679774917662 }, "geometry": { "type": "LineString", "coordinates": [ [ -0.084837034439466, 51.515332045147595 ], [ -0.084708740279007, 51.517340046384099 ] ] } },
{ "type": "Feature", "properties": { "u": 216, "v": 236, "weight": 223.60679774999153 }, "geometry": { "type": "LineString", "coordinates": [ [ -0.084708740279007, 51.517340046384099 ], [ -0.081490290931586, 51.51725995469598 ] ] } },
{ "type": "Feature", "properties": { "u": 216, "v": 217, "weight": 223.60679775010794 }, "geometry": { "type": "LineString", "coordinates": [ [ -0.084708740279007, 51.517340046384099 ], [ -0.084580431260805, 51.519348046700593 ] ] } },
{ "type": "Feature", "properties": { "u": 217, "v": 237, "weight": 223.60679774999153 }, "geometry": { "type": "LineString", "coordinates": [ [ -0.084580431260805, 51.519348046700593 ], [ -0.081361840751791, 51.519267949286707 ] ] } },
{ "type": "Feature", "properties": { "u": 218, "v": 238, "weight": 223.60679774999153 }, "geometry": { "type": "LineString", "coordinates": [ [ -0.083799852910964, 51.481115894675753 ], [ -0.080583956523675, 51.481035817871977 ] ] } },
{ "type": "Feature", "properties": { "u": 218, "v": 219, "weight": 223.60679775010794 }, "geometry": { "type": "LineString", "coordinates": [ [ -0.083799852910964, 51.481115894675753 ], [ -0.083671670116158, 51.483123905832301 ] ] } },
{ "type": "Feature", "properties": { "u": 219, "v": 239, "weight": 223.60679774999153 }, "geometry": { "type": "LineString", "coordinates": [ [ -0.083671670116158, 51.483123905832301 ], [ -0.080455632862227, 51.483043823305479 ] ] } },
{ "type": "Feature", "properties": { "u": 219, "v": 220, "weight": 223.60679775010794 }, "geometry": { "type": "LineString", "coordinates": [ [ -0.083671670116158, 51.483123905832301 ], [ -0.083543472485909, 51.485131916068731 ] ] } },
{ "type": "Feature", "properties": { "u": 220, "v": 240, "weight": 223.60679774999153 }, "geometry": { "type": "LineString", "coordinates": [ [ -0.083543472485909, 51.485131916068731 ], [ -0.080327294349098, 51.485051827818367 ] ] } },
{ "type": "Feature", "properties": { "u": 220, "v": 221, "weight": 223.60679774917662 }, "geometry": { "type": "LineString", "coordinates": [ [ -0.083543472485909, 51.485131916068731 ], [ -0.083415260017953, 51.487139925385016 ] ] } },
{ "type": "Feature", "properties": { "u": 221, "v": 241, "weight": 223.60679774999153 }, "geometry": { "type": "LineString", "coordinates": [ [ -0.083415260017953, 51.487139925385016 ], [ -0.080198940982021, 51.487059831410598 ] ] } },
{ "type": "Feature", "properties": { "u": 221, "v": 222, "weight": 223.60679775010794 }, "geometry": { "type": "LineString", "coordinates": [ [ -0.083415260017953, 51.487139925385016 ], [ -0.083287032710021, 51.489147933781148 ] ] } },
{ "type": "Feature", "properties": { "u": 222, "v": 242, "weight": 223.60679774999153 }, "geometry": { "type": "LineString", "coordinates": [ [ -0.083287032710021, 51.489147933781148 ], [ -0.080070572758724, 51.489067834082185 ] ] } },
{ "type": "Feature", "properties": { "u": 222, "v": 223, "weight": 223.60679775010794 }, "geometry": { "type": "LineString", "coordinates": [ [ -0.083287032710021, 51.489147933781148 ], [ -0.083158790559851, 51.491155941257091 ] ] } },
{ "type": "Feature", "properties": { "u": 223, "v": 224, "weight": 223.60679775010794 }, "geometry": { "type": "LineString", "coordinates": [ [ -0.083158790559851, 51.491155941257091 ], [ -0.083030533565172, 51.493163947812825 ] ] } },
{ "type": "Feature", "properties": { "u": 224, "v": 225, "weight": 223.60679775010794 }, "geometry": { "type": "LineString", "coordinates": [ [ -0.083030533565172, 51.493163947812825 ], [ -0.082902261723717, 51.495171953448327 ] ] } },
{ "type": "Feature", "properties": { "u": 225, "v": 226, "weight": 223.60679775010794 }, "geometry": { "type": "LineString", "coordinates": [ [ -0.082902261723717, 51.495171953448327 ], [ -0.082773975033221, 51.497179958163557 ] ] } },
{ "type": "Feature", "properties": { "u": 226, "v": 227, "weight": 223.60679775010794 }, "geometry": { "type": "LineString", "coordinates": [ [ -0.082773975033221, 51.497179958163557 ], [ -0.082645673491412, 51.499187961958505 ] ] } },
{ "type": "Feature", "properties": { "u": 227, "v": 228, "weight": 223.60679774917662 }, "geometry": { "type": "LineString", "coordinates": [ [ -0.082645673491412, 51.499187961958505 ], [ -0.082517357096024, 51.501195964833123 ] ] } },
{ "type": "Feature", "properties": { "u": 228, "v": 229, "weight": 223.60679775010794 }, "geometry": { "type": "LineString", "coordinates": [ [ -0.082517357096024, 51.501195964833123 ], [ -0.082389025844785, 51.503203966787417 ] ] } },
{ "type": "Feature", "properties": { "u": 229, "v": 230, "weight": 223.60679775010794 }, "geometry": { "type": "LineString", "coordinates": [ [ -0.082389025844785, 51.503203966787417 ], [ -0.082260679735426, 51.505211967821353 ] ] } },
{ "type": "Feature", "properties": { "u": 230, "v": 231, "weight": 223.60679775010794 }, "geometry": { "type": "LineString", "coordinates": [ [ -0.082260679735426, 51.505211967821353 ], [ -0.082132318765677, 51.507219967934908 ] ] } },
{ "type": "Feature", "properties": { "u": 231, "v": 232, "weight": 223.60679775010794 }, "geometry": { "type": "LineString", "coordinates": [ [ -0.082132318765677, 51.507219967934908 ], [ -0.082003942933267, 51.509227967128055 ] ] } },
{ "type": "Feature", "properties": { "u": 232, "v": 233, "weight": 223.60679775010794 }, "geometry": { "type": "LineString", "coordinates": [ [ -0.082003942933267, 51.509227967128055 ], [ -0.081875552235925, 51.511235965400743 ] ] } },
{ "type": "Feature", "properties": { "u": 233, "v": 234, "weight": 223.60679775010794 }, "geometry": { "type": "LineString", "coordinates": [ [ -0.081875552235925, 51.511235965400743 ], [ -0.08174714667138, 51.513243962752995 ] ] } },
{ "type": "Feature", "properties": { "u": 234, "v": 235, "weight": 223.60679775010794 }, "geometry": { "type": "LineString", "coordinates": [ [ -0.08174714667138, 51.513243962752995 ], [ -0.081618726237357, 51.515251959184745 ] ] } },
{ "type": "Feature", "properties": { "u": 235, "v": 236, "weight": 223.60679774917662 }, "geometry": { "type": "LineString", "coordinates": [ [ -0.081618726237357, 51.515251959184745 ], [ -0.081490290931586, 51.51725995469598 ] ] } },
{ "type": "Feature", "properties": { "u": 236, "v": 237, "weight": 223.60679775010794 }, "geometry": { "type": "LineString", "coordinates": [ [ -0.081490290931586, 51.51725995469598 ], [ -0.081361840751791, 51.519267949286707 ] ] } },
{ "type": "Feature", "properties": { "u": 238, "v": 239, "weight": 223.60679775010794 }, "geometry": { "type": "LineString", "coordinates": [ [ -0.080583956523675, 51.481035817871977 ], [ -0.080455632862227, 51.483043823305479 ] ] } },
{ "type": "Feature", "properties": { "u": 239, "v": 240, "weight": 223.60679775010794 }, "geometry": { "type": "LineString", "coordinates": [ [ -0.080455632862227, 51.483043823305479 ], [ -0.080327294349098, 51.485051827818367 ] ] } },
{ "type": "Feature", "properties": { "u": 240, "v": 241, "weight": 223.60679774917662 }, "geometry": { "type": "LineString", "coordinates": [ [ -0.080327294349098, 51.485051827818367 ], [ -0.080198940982021, 51.487059831410598 ] ] } },
{ "type": "Feature", "properties": { "u": 241, "v": 242, "weight": 223.60679775010794 }, "geometry": { "type": "LineString", "coordinates": [ [ -0.080198940982021, 51.487059831410598 ], [ -0.080070572758724, 51.489067834082185 ] ] } }
]
}
