{
"type": "FeatureCollection",
"name": "route",
"crs": { "type": "name", "properties": { "name": "urn:ogc:def:crs:OGC:1.3:CRS84" } },
"features": [
{ "type": "Feature", "properties": { }, "geometry": { "type": "LineString", "coordinates": [ [ -0.083029378461531, 51.480365388927929 ], [ -0.084611368700182, 51.48040475916703 ], [ -0.084611368700182, 51.48040475916703 ], [ -0.084611368700182, 51.48040475916703 ], [ -0.086624816011821, 51.480454835911857 ], [ -0.086624816011821, 51.480454835911857 ], [ -0.086624816011821, 51.480454835911857 ], [ -0.088638269132244, 51.480504878124414 ], [ -0.088638269132244, 51.480504878124414 ], [ -0.088638269132244, 51.480504878124414 ], [ -0.090651728057465, 51.480554885804452 ], [ -0.090651728057465, 51.480554885804452 ], [ -0.090651728057465, 51.480554885804452 ], [ -0.0926651927835, 51.480604858951757 ], [ -0.0926651927835, 51.480604858951757 ], [ -0.0926651927835, 51.480604858951757 ], [ -0.0926651927835, 51.480604858951757 ], [ -0.094678663306365, 51.480654797566082 ], [ -0.094678663306365, 51.480654797566082 ], [ -0.094678663306365, 51.480654797566082 ], [ -0.096692139622073, 51.480704701647205 ], [ -0.096692139622073, 51.480704701647205 ], [ -0.096692139622073, 51.480704701647205 ], [ -0.09870562172664, 51.480754571194879 ], [ -0.09870562172664, 51.480754571194879 ], [ -0.09870562172664, 51.480754571194879 ], [ -0.100719109616081, 51.480804406208904 ], [ -0.100719109616081, 51.480804406208904 ], [ -0.100719109616081, 51.480804406208904 ], [ -0.102732603286409, 51.480854206689017 ], [ -0.102732603286409, 51.480854206689017 ], [ -0.102732603286409, 51.480854206689017 ], [ -0.102732603286409, 51.480854206689017 ], [ -0.10474610273364, 51.480903972635005 ], [ -0.10474610273364, 51.480903972635005 ], [ -0.10474610273364, 51.480903972635005 ], [ -0.106759607953788, 51.480953704046627 ], [ -0.106759607953788, 51.480953704046627 ], [ -0.106759607953788, 51.480953704046627 ], [ -0.108773118942869, 51.481003400923647 ], [ -0.108773118942869, 51.481003400923647 ], [ -0.108773118942869, 51.481003400923647 ], [ -0.110786635696894, 51.481053063265854 ], [ -0.110786635696894, 51.481053063265854 ], [ -0.110786635696894, 51.481053063265854 ], [ -0.110786635696894, 51.481053063265854 ], [ -0.112800158211882, 51.481102691072998 ], [ -0.112800158211882, 51.481102691072998 ], [ -0.112800158211882, 51.481102691072998 ], [ -0.114813686483842, 51.481152284344851 ], [ -0.114813686483842, 51.481152284344851 ], [ -0.114813686483842, 51.481152284344851 ], [ -0.116827220508792, 51.481201843081195 ], [ -0.116827220508792, 51.481201843081195 ], [ -0.116827220508792, 51.481201843081195 ], [ -0.118840760282745, 51.481251367281779 ], [ -0.118840760282745, 51.481251367281779 ], [ -0.118840760282745, 51.481251367281779 ], [ -0.118840760282745, 51.481251367281779 ], [ -0.118840760282745, 51.481251367281779 ], [ -0.118840760282745, 51.481251367281779 ], [ -0.118840760282745, 51.481251367281779 ], [ -0.116827220508792, 51.481201843081195 ], [ -0.116827220508792, 51.481201843081195 ], [ -0.116827220508792, 51.481201843081195 ], [ -0.114813686483842, 51.481152284344851 ], [ -0.114813686483842, 51.481152284344851 ], [ -0.114813686483842, 51.481152284344851 ], [ -0.112800158211882, 51.481102691072998 ], [ -0.112800158211882, 51.481102691072998 ], [ -0.112800158211882, 51.481102691072998 ], [ -0.110786635696894, 51.481053063265854 ], [ -0.110786635696894, 51.481053063265854 ], [ -0.110786635696894, 51.481053063265854 ], [ -0.110786635696894, 51.481053063265854 ], [ -0.108773118942869, 51.481003400923647 ], [ -0.108773118942869, 51.481003400923647 ], [ -0.108773118942869, 51.481003400923647 ], [ -0.106759607953788, 51.480953704046627 ], [ -0.106759607953788, 51.480953704046627 ], [ -0.106759607953788, 51.480953704046627 ], [ -0.10474610273364, 51.480903972635005 ], [ -0.10474610273364, 51.480903972635005 ], [ -0.10474610273364, 51.480903972635005 ], [ -0.102732603286409, 51.480854206689017 ], [ -0.102732603286409, 51.480854206689017 ], [ -0.102732603286409, 51.480854206689017 ], [ -0.102732603286409, 51.480854206689017 ], [ -0.100719109616081, 51.480804406208904 ], [ -0.100719109616081, 51.480804406208904 ], [ -0.100719109616081, 51.480804406208904 ], [ -0.09870562172664, 51.480754571194879 ], [ -0.09870562172664, 51.480754571194879 ], [ -0.09870562172664, 51.480754571194879 ], [ -0.096692139622073, 51.480704701647205 ], [ -0.096692139622073, 51.480704701647205 ], [ -0.096692139622073, 51.480704701647205 ], [ -0.094678663306365, 51.480654797566082 ], [ -0.094678663306365, 51.480654797566082 ], [ -0.094678663306365, 51.480654797566082 ], [ -0.0926651927835, 51.480604858951757 ], [ -0.0926651927835, 51.480604858951757 ], [ -0.0926651927835, 51.480604858951757 ], [ -0.0926651927835, 51.480604858951757 ], [ -0.090651728057465, 51.480554885804452 ], [ -0.090651728057465, 51.480554885804452 ], [ -0.090651728057465, 51.480554885804452 ], [ -0.088638269132244, 51.480504878124414 ], [ -0.088638269132244, 51.480504878124414 ], [ -0.088638269132244, 51.480504878124414 ], [ -0.086624816011821, 51.480454835911857 ], [ -0.086624816011821, 51.480454835911857 ], [ -0.086624816011821, 51.480454835911857 ], [ -0.084611368700182, 51.48040475916703 ], [ -0.084611368700182, 51.48040475916703 ], [ -0.084611368700182, 51.48040475916703 ], [ -0.083029378461531, 51.480365388927929 ], [ -0.083029378461531, 51.480365388927929 ], [ -0.083029378461531, 51.480365388927929 ], [ -0.083029378461531, 51.480365388927929 ], [ -0.083029378461531, 51.480365388927929 ], [ -0.083029378461531, 51.480365388927929 ], [ -0.082949106043394, 51.481622602179883 ], [ -0.082949106043394, 51.481622602179883 ], [ -0.082949106043394, 51.481622602179883 ], [ -0.082949106043394, 51.481622602179883 ], [ -0.082949106043394, 51.481622602179883 ], [ -0.084531139666562, 51.481661974180632 ], [ -0.084531139666562, 51.481661974180632 ], [ -0.084531139666562, 51.481661974180632 ], [ -0.084531139666562, 51.481661974180632 ], [ -0.086544642195352, 51.481712053166198 ], [ -0.086544642195352, 51.481712053166198 ], [ -0.086544642195352, 51.481712053166198 ], [ -0.088558150533482, 51.481762097617953 ], [ -0.088558150533482, 51.481762097617953 ], [ -0.088558150533482, 51.481762097617953 ], [ -0.090571664676966, 51.48181210753566 ], [ -0.090571664676966, 51.48181210753566 ], [ -0.090571664676966, 51.48181210753566 ], [ -0.092585184621818, 51.481862082919086 ], [ -0.092585184621818, 51.481862082919086 ], [ -0.092585184621818, 51.481862082919086 ], [ -0.092585184621818, 51.481862082919086 ], [ -0.094598710364054, 51.48191202376799 ], [ -0.094598710364054, 51.48191202376799 ], [ -0.094598710364054, 51.48191202376799 ], [ -0.096612241899687, 51.481961930082157 ], [ -0.096612241899687, 51.481961930082157 ], [ -0.096612241899687, 51.481961930082157 ], [ -0.098625779224731, 51.482011801861333 ], [ -0.098625779224731, 51.482011801861333 ], [ -0.098625779224731, 51.482011801861333 ], [ -0.100639322335204, 51.482061639105311 ], [ -0.100639322335204, 51.482061639105311 ], [ -0.100639322335204, 51.482061639105311 ], [ -0.102652871227116, 51.482111441813849 ], [ -0.102652871227116, 51.482111441813849 ], [ -0.102652871227116, 51.482111441813849 ], [ -0.102652871227116, 51.482111441813849 ], [ -0.104666425896485, 51.482161209986707 ], [ -0.104666425896485, 51.482161209986707 ], [ -0.104666425896485, 51.482161209986707 ], [ -0.106679986339322, 51.482210943623656 ], [ -0.106679986339322, 51.482210943623656 ], [ -0.106679986339322, 51.482210943623656 ], [ -0.108693552551642, 51.482260642724484 ], [ -0.108693552551642, 51.482260642724484 ], [ -0.108693552551642, 51.482260642724484 ], [ -0.110707124529459, 51.482310307288941 ], [ -0.110707124529459, 51.482310307288941 ], [ -0.110707124529459, 51.482310307288941 ], [ -0.112720702268787, 51.482359937316801 ], [ -0.112720702268787, 51.482359937316801 ], [ -0.112720702268787, 51.482359937316801 ], [ -0.112720702268787, 51.482359937316801 ], [ -0.114734285765641, 51.482409532807829 ], [ -0.114734285765641, 51.482409532807829 ], [ -0.114734285765641, 51.482409532807829 ], [ -0.116747875016033, 51.482459093761804 ], [ -0.116747875016033, 51.482459093761804 ], [ -0.116747875016033, 51.482459093761804 ], [ -0.118761470015978, 51.4825086201785 ], [ -0.118761470015978, 51.4825086201785 ], [ -0.118761470015978, 51.4825086201785 ], [ -0.118761470015978, 51.4825086201785 ], [ -0.118682174003645, 51.483765872716646 ], [ -0.118682174003645, 51.483765872716646 ], [ -0.118682174003645, 51.483765872716646 ], [ -0.118682174003645, 51.483765872716646 ], [ -0.116668523773722, 51.483716344083746 ], [ -0.116668523773722, 51.483716344083746 ], [ -0.116668523773722, 51.483716344083746 ], [ -0.1146548792939, 51.48366678091201 ], [ -0.1146548792939, 51.48366678091201 ], [ -0.1146548792939, 51.48366678091201 ], [ -0.112641240568169, 51.483617183201687 ], [ -0.112641240568169, 51.483617183201687 ], [ -0.112641240568169, 51.483617183201687 ], [ -0.112641240568169, 51.483617183201687 ], [ -0.110627607600512, 51.483567550952991 ], [ -0.110627607600512, 51.483567550952991 ], [ -0.110627607600512, 51.483567550952991 ], [ -0.108613980394918, 51.483517884166147 ], [ -0.108613980394918, 51.483517884166147 ], [ -0.108613980394918, 51.483517884166147 ], [ -0.106600358955371, 51.483468182841406 ], [ -0.106600358955371, 51.483468182841406 ], [ -0.106600358955371, 51.483468182841406 ], [ -0.10458674328586, 51.483418446978995 ], [ -0.10458674328586, 51.483418446978995 ], [ -0.10458674328586, 51.483418446978995 ], [ -0.10257313339037, 51.48336867657914 ], [ -0.10257313339037, 51.48336867657914 ], [ -0.10257313339037, 51.48336867657914 ], [ -0.10257313339037, 51.48336867657914 ], [ -0.100559529272888, 51.483318871642062 ], [ -0.100559529272888, 51.483318871642062 ], [ -0.100559529272888, 51.483318871642062 ], [ -0.098545930937398, 51.483269032168003 ], [ -0.098545930937398, 51.483269032168003 ], [ -0.098545930937398, 51.483269032168003 ], [ -0.09653233838789, 51.483219158157191 ], [ -0.09653233838789, 51.483219158157191 ], [ -0.09653233838789, 51.483219158157191 ], [ -0.094518751628346, 51.483169249609873 ], [ -0.094518751628346, 51.483169249609873 ], [ -0.094518751628346, 51.483169249609873 ], [ -0.094518751628346, 51.483169249609873 ], [ -0.092505170662753, 51.483119306526262 ], [ -0.092505170662753, 51.483119306526262 ], [ -0.092505170662753, 51.483119306526262 ], [ -0.090491595495098, 51.483069328906609 ], [ -0.090491595495098, 51.483069328906609 ], [ -0.090491595495098, 51.483069328906609 ], [ -0.088478026129368, 51.483019316751111 ], [ -0.088478026129368, 51.483019316751111 ], [ -0.088478026129368, 51.483019316751111 ], [ -0.086464462569545, 51.482969270060032 ], [ -0.086464462569545, 51.482969270060032 ], [ -0.086464462569545, 51.482969270060032 ], [ -0.084450904819616, 51.482919188833606 ], [ -0.084450904819616, 51.482919188833606 ], [ -0.084450904819616, 51.482919188833606 ], [ -0.084450904819616, 51.482919188833606 ], [ -0.082868827808802, 51.482879815071094 ], [ -0.082868827808802, 51.482879815071094 ], [ -0.082868827808802, 51.482879815071094 ], [ -0.082868827808802, 51.482879815071094 ], [ -0.082868827808802, 51.482879815071094 ], [ -0.0827885437572, 51.484137027601577 ], [ -0.0827885437572, 51.484137027601577 ], [ -0.0827885437572, 51.484137027601577 ], [ -0.0827885437572, 51.484137027601577 ], [ -0.0827885437572, 51.484137027601577 ], [ -0.084370664158791, 51.48417640312595 ], [ -0.084370664158791, 51.48417640312595 ], [ -0.084370664158791, 51.48417640312595 ], [ -0.084370664158791, 51.48417640312595 ], [ -0.086384277133841, 51.484226486593371 ], [ -0.086384277133841, 51.484226486593371 ], [ -0.086384277133841, 51.484226486593371 ], [ -0.088397895919342, 51.48427653552389 ], [ -0.088397895919342, 51.48427653552389 ], [ -0.088397895919342, 51.48427653552389 ], [ -0.090411520511307, 51.484326549917284 ], [ -0.090411520511307, 51.484326549917284 ], [ -0.090411520511307, 51.484326549917284 ], [ -0.09242515090575, 51.484376529773307 ], [ -0.09242515090575, 51.484376529773307 ], [ -0.09242515090575, 51.484376529773307 ], [ -0.094438787098684, 51.484426475091738 ], [ -0.094438787098684, 51.484426475091738 ], [ -0.094438787098684, 51.484426475091738 ], [ -0.094438787098684, 51.484426475091738 ], [ -0.096452429086125, 51.484476385872355 ], [ -0.096452429086125, 51.484476385872355 ], [ -0.096452429086125, 51.484476385872355 ], [ -0.098466076864084, 51.484526262114898 ], [ -0.098466076864084, 51.484526262114898 ], [ -0.098466076864084, 51.484526262114898 ], [ -0.100479730428576, 51.484576103819165 ], [ -0.100479730428576, 51.484576103819165 ], [ -0.100479730428576, 51.484576103819165 ], [ -0.102493389775615, 51.484625910984903 ], [ -0.102493389775615, 51.484625910984903 ], [ -0.102493389775615, 51.484625910984903 ], [ -0.104507054901215, 51.484675683611869 ], [ -0.104507054901215, 51.484675683611869 ], [ -0.104507054901215, 51.484675683611869 ], [ -0.104507054901215, 51.484675683611869 ], [ -0.106520725801386, 51.484725421699871 ], [ -0.106520725801386, 51.484725421699871 ], [ -0.106520725801386, 51.484725421699871 ], [ -0.108534402472145, 51.484775125248653 ], [ -0.108534402472145, 51.484775125248653 ], [ -0.108534402472145, 51.484775125248653 ], [ -0.110548084909502, 51.484824794257989 ], [ -0.110548084909502, 51.484824794257989 ], [ -0.110548084909502, 51.484824794257989 ], [ -0.112561773109474, 51.48487442872765 ], [ -0.112561773109474, 51.48487442872765 ], [ -0.112561773109474, 51.48487442872765 ], [ -0.112561773109474, 51.48487442872765 ], [ -0.114575467068072, 51.484924028657389 ], [ -0.114575467068072, 51.484924028657389 ], [ -0.114575467068072, 51.484924028657389 ], [ -0.116589166781308, 51.484973594047005 ], [ -0.116589166781308, 51.484973594047005 ], [ -0.116589166781308, 51.484973594047005 ], [ -0.118602872245196, 51.485023124896244 ], [ -0.118602872245196, 51.485023124896244 ], [ -0.118602872245196, 51.485023124896244 ], [ -0.118602872245196, 51.485023124896244 ], [ -0.118602872245196, 51.485023124896244 ], [ -0.118602872245196, 51.485023124896244 ], [ -0.118602872245196, 51.485023124896244 ], [ -0.116589166781308, 51.484973594047005 ], [ -0.116589166781308, 51.484973594047005 ], [ -0.116589166781308, 51.484973594047005 ], [ -0.114575467068072, 51.484924028657389 ], [ -0.114575467068072, 51.484924028657389 ], [ -0.114575467068072, 51.484924028657389 ], [ -0.114575467068072, 51.484924028657389 ], [ -0.112561773109474, 51.48487442872765 ], [ -0.112561773109474, 51.48487442872765 ], [ -0.112561773109474, 51.48487442872765 ], [ -0.110548084909502, 51.484824794257989 ], [ -0.110548084909502, 51.484824794257989 ], [ -0.110548084909502, 51.484824794257989 ], [ -0.108534402472145, 51.484775125248653 ], [ -0.108534402472145, 51.484775125248653 ], [ -0.108534402472145, 51.484775125248653 ], [ -0.106520725801386, 51.484725421699871 ], [ -0.106520725801386, 51.484725421699871 ], [ -0.106520725801386, 51.484725421699871 ], [ -0.104507054901215, 51.484675683611869 ], [ -0.104507054901215, 51.484675683611869 ], [ -0.104507054901215, 51.484675683611869 ], [ -0.104507054901215, 51.484675683611869 ], [ -0.102493389775615, 51.484625910984903 ], [ -0.102493389775615, 51.484625910984903 ], [ -0.102493389775615, 51.484625910984903 ], [ -0.100479730428576, 51.484576103819165 ], [ -0.100479730428576, 51.484576103819165 ], [ -0.100479730428576, 51.484576103819165 ], [ -0.098466076864084, 51.484526262114898 ], [ -0.098466076864084, 51.484526262114898 ], [ -0.098466076864084, 51.484526262114898 ], [ -0.096452429086125, 51.484476385872355 ], [ -0.096452429086125, 51.484476385872355 ], [ -0.096452429086125, 51.484476385872355 ], [ -0.094438787098684, 51.484426475091738 ], [ -0.094438787098684, 51.484426475091738 ], [ -0.094438787098684, 51.484426475091738 ], [ -0.094438787098684, 51.484426475091738 ], [ -0.09242515090575, 51.484376529773307 ], [ -0.09242515090575, 51.484376529773307 ], [ -0.09242515090575, 51.484376529773307 ], [ -0.090411520511307, 51.484326549917284 ], [ -0.090411520511307, 51.484326549917284 ], [ -0.090411520511307, 51.484326549917284 ], [ -0.088397895919342, 51.48427653552389 ], [ -0.088397895919342, 51.48427653552389 ], [ -0.088397895919342, 51.48427653552389 ], [ -0.086384277133841, 51.484226486593371 ], [ -0.086384277133841, 51.484226486593371 ], [ -0.086384277133841, 51.484226486593371 ], [ -0.086384277133841, 51.484226486593371 ], [ -0.084370664158791, 51.48417640312595 ], [ -0.084370664158791, 51.48417640312595 ], [ -0.084370664158791, 51.48417640312595 ], [ -0.0827885437572, 51.484137027601577 ], [ -0.0827885437572, 51.484137027601577 ], [ -0.0827885437572, 51.484137027601577 ], [ -0.0827885437572, 51.484137027601577 ], [ -0.0827885437572, 51.484137027601577 ], [ -0.082708253888028, 51.485394239771317 ], [ -0.082708253888028, 51.485394239771317 ], [ -0.082708253888028, 51.485394239771317 ], [ -0.082708253888028, 51.485394239771317 ], [ -0.082708253888028, 51.485394239771317 ], [ -0.08429041768353, 51.485433617057637 ], [ -0.08429041768353, 51.485433617057637 ], [ -0.08429041768353, 51.485433617057637 ], [ -0.086304085887689, 51.485483702766167 ], [ -0.086304085887689, 51.485483702766167 ], [ -0.086304085887689, 51.485483702766167 ], [ -0.086304085887689, 51.485483702766167 ], [ -0.088317759902854, 51.485533753936259 ], [ -0.088317759902854, 51.485533753936259 ], [ -0.088317759902854, 51.485533753936259 ], [ -0.090331439725038, 51.485583770567672 ], [ -0.090331439725038, 51.485583770567672 ], [ -0.090331439725038, 51.485583770567672 ], [ -0.092345125350256, 51.485633752660185 ], [ -0.092345125350256, 51.485633752660185 ], [ -0.092345125350256, 51.485633752660185 ], [ -0.094358816774519, 51.485683700213571 ], [ -0.094358816774519, 51.485683700213571 ], [ -0.094358816774519, 51.485683700213571 ], [ -0.096372513993842, 51.485733613227588 ], [ -0.096372513993842, 51.485733613227588 ], [ -0.096372513993842, 51.485733613227588 ], [ -0.096372513993842, 51.485733613227588 ], [ -0.098386217004237, 51.485783491702001 ], [ -0.098386217004237, 51.485783491702001 ], [ -0.098386217004237, 51.485783491702001 ], [ -0.10039992580172, 51.485833335636585 ], [ -0.10039992580172, 51.485833335636585 ], [ -0.10039992580172, 51.485833335636585 ], [ -0.102413640382302, 51.48588314503111 ], [ -0.102413640382302, 51.48588314503111 ], [ -0.102413640382302, 51.48588314503111 ], [ -0.104427360741996, 51.485932919885315 ], [ -0.104427360741996, 51.485932919885315 ], [ -0.104427360741996, 51.485932919885315 ], [ -0.104427360741996, 51.485932919885315 ], [ -0.106441086876815, 51.485982660199028 ], [ -0.106441086876815, 51.485982660199028 ], [ -0.106441086876815, 51.485982660199028 ], [ -0.108454818782772, 51.486032365971965 ], [ -0.108454818782772, 51.486032365971965 ], [ -0.108454818782772, 51.486032365971965 ], [ -0.110468556455882, 51.486082037203914 ], [ -0.110468556455882, 51.486082037203914 ], [ -0.110468556455882, 51.486082037203914 ], [ -0.112482299892155, 51.486131673894654 ], [ -0.112482299892155, 51.486131673894654 ], [ -0.112482299892155, 51.486131673894654 ], [ -0.114496049087603, 51.486181276043943 ], [ -0.114496049087603, 51.486181276043943 ], [ -0.114496049087603, 51.486181276043943 ], [ -0.114496049087603, 51.486181276043943 ], [ -0.116509804038243, 51.486230843651555 ], [ -0.116509804038243, 51.486230843651555 ], [ -0.116509804038243, 51.486230843651555 ], [ -0.118523564740083, 51.486280376717254 ], [ -0.118523564740083, 51.486280376717254 ], [ -0.118523564740083, 51.486280376717254 ], [ -0.118523564740083, 51.486280376717254 ], [ -0.118444251487756, 51.487537628179695 ], [ -0.118444251487756, 51.487537628179695 ], [ -0.118444251487756, 51.487537628179695 ], [ -0.118444251487756, 51.487537628179695 ], [ -0.116430435543976, 51.487488092897422 ], [ -0.116430435543976, 51.487488092897422 ], [ -0.116430435543976, 51.487488092897422 ], [ -0.114416625351946, 51.48743852307171 ], [ -0.114416625351946, 51.48743852307171 ], [ -0.114416625351946, 51.48743852307171 ], [ -0.114416625351946, 51.48743852307171 ], [ -0.112402820915657, 51.487388918702749 ], [ -0.112402820915657, 51.487388918702749 ], [ -0.112402820915657, 51.487388918702749 ], [ -0.110389022239095, 51.48733927979081 ], [ -0.110389022239095, 51.48733927979081 ], [ -0.110389022239095, 51.48733927979081 ], [ -0.108375229326249, 51.487289606336113 ], [ -0.108375229326249, 51.487289606336113 ], [ -0.108375229326249, 51.487289606336113 ], [ -0.106361442181104, 51.487239898338885 ], [ -0.106361442181104, 51.487239898338885 ], [ -0.106361442181104, 51.487239898338885 ], [ -0.106361442181104, 51.487239898338885 ], [ -0.104347660807651, 51.487190155799368 ], [ -0.104347660807651, 51.487190155799368 ], [ -0.104347660807651, 51.487190155799368 ], [ -0.102333885209874, 51.487140378717775 ], [ -0.102333885209874, 51.487140378717775 ], [ -0.102333885209874, 51.487140378717775 ], [ -0.100320115391763, 51.487090567094349 ], [ -0.100320115391763, 51.487090567094349 ], [ -0.100320115391763, 51.487090567094349 ], [ -0.098306351357304, 51.487040720929315 ], [ -0.098306351357304, 51.487040720929315 ], [ -0.098306351357304, 51.487040720929315 ], [ -0.096292593110486, 51.486990840222916 ], [ -0.096292593110486, 51.486990840222916 ], [ -0.096292593110486, 51.486990840222916 ], [ -0.096292593110486, 51.486990840222916 ], [ -0.094278840655293, 51.486940924975379 ], [ -0.094278840655293, 51.486940924975379 ], [ -0.094278840655293, 51.486940924975379 ], [ -0.092265093995715, 51.486890975186917 ], [ -0.092265093995715, 51.486890975186917 ], [ -0.092265093995715, 51.486890975186917 ], [ -0.090251353135736, 51.4868409908578 ], [ -0.090251353135736, 51.4868409908578 ], [ -0.090251353135736, 51.4868409908578 ], [ -0.088237618079346, 51.486790971988221 ], [ -0.088237618079346, 51.486790971988221 ], [ -0.088237618079346, 51.486790971988221 ], [ -0.08622388883053, 51.486740918578448 ], [ -0.08622388883053, 51.486740918578448 ], [ -0.08622388883053, 51.486740918578448 ], [ -0.08622388883053, 51.486740918578448 ], [ -0.084210165393276, 51.486690830628689 ], [ -0.084210165393276, 51.486690830628689 ], [ -0.084210165393276, 51.486690830628689 ], [ -0.082627958200733, 51.486651451580322 ], [ -0.082627958200733, 51.486651451580322 ], [ -0.082627958200733, 51.486651451580322 ], [ -0.082627958200733, 51.486651451580322 ], [ -0.082627958200733, 51.486651451580322 ], [ -0.082627958200733, 51.486651451580322 ], [ -0.082627958200733, 51.486651451580322 ], [ -0.082627958200733, 51.486651451580322 ], [ -0.082627958200733, 51.486651451580322 ], [ -0.084210165393276, 51.486690830628689 ], [ -0.084210165393276, 51.486690830628689 ], [ -0.084210165393276, 51.486690830628689 ], [ -0.08622388883053, 51.486740918578448 ], [ -0.08622388883053, 51.486740918578448 ], [ -0.08622388883053, 51.486740918578448 ], [ -0.088237618079346, 51.486790971988221 ], [ -0.088237618079346, 51.486790971988221 ], [ -0.088237618079346, 51.486790971988221 ], [ -0.088237618079346, 51.486790971988221 ], [ -0.090251353135736, 51.4868409908578 ], [ -0.090251353135736, 51.4868409908578 ], [ -0.090251353135736, 51.4868409908578 ], [ -0.092265093995715, 51.486890975186917 ], [ -0.092265093995715, 51.486890975186917 ], [ -0.092265093995715, 51.486890975186917 ], [ -0.094278840655293, 51.486940924975379 ], [ -0.094278840655293, 51.486940924975379 ], [ -0.094278840655293, 51.486940924975379 ], [ -0.096292593110486, 51.486990840222916 ], [ -0.096292593110486, 51.486990840222916 ], [ -0.096292593110486, 51.486990840222916 ], [ -0.096292593110486, 51.486990840222916 ], [ -0.098306351357304, 51.487040720929315 ], [ -0.098306351357304, 51.487040720929315 ], [ -0.098306351357304, 51.487040720929315 ], [ -0.100320115391763, 51.487090567094349 ], [ -0.100320115391763, 51.487090567094349 ], [ -0.100320115391763, 51.487090567094349 ], [ -0.102333885209874, 51.487140378717775 ], [ -0.102333885209874, 51.487140378717775 ], [ -0.102333885209874, 51.487140378717775 ], [ -0.104347660807651, 51.487190155799368 ], [ -0.104347660807651, 51.487190155799368 ], [ -0.104347660807651, 51.487190155799368 ], [ -0.106361442181104, 51.487239898338885 ], [ -0.106361442181104, 51.487239898338885 ], [ -0.106361442181104, 51.487239898338885 ], [ -0.106361442181104, 51.487239898338885 ], [ -0.108375229326249, 51.487289606336113 ], [ -0.108375229326249, 51.487289606336113 ], [ -0.108375229326249, 51.487289606336113 ], [ -0.110389022239095, 51.48733927979081 ], [ -0.110389022239095, 51.48733927979081 ], [ -0.110389022239095, 51.48733927979081 ], [ -0.112402820915657, 51.487388918702749 ], [ -0.112402820915657, 51.487388918702749 ], [ -0.112402820915657, 51.487388918702749 ], [ -0.114416625351946, 51.48743852307171 ], [ -0.114416625351946, 51.48743852307171 ], [ -0.114416625351946, 51.48743852307171 ], [ -0.114416625351946, 51.48743852307171 ], [ -0.116430435543976, 51.487488092897422 ], [ -0.116430435543976, 51.487488092897422 ], [ -0.116430435543976, 51.487488092897422 ], [ -0.118444251487756, 51.487537628179695 ], [ -0.118444251487756, 51.487537628179695 ], [ -0.118444251487756, 51.487537628179695 ], [ -0.118444251487756, 51.487537628179695 ], [ -0.118364932487664, 51.488794879283553 ], [ -0.118364932487664, 51.488794879283553 ], [ -0.118364932487664, 51.488794879283553 ], [ -0.118364932487664, 51.488794879283553 ], [ -0.116351061297955, 51.488745341784593 ], [ -0.116351061297955, 51.488745341784593 ], [ -0.116351061297955, 51.488745341784593 ], [ -0.116351061297955, 51.488745341784593 ], [ -0.114337195860549, 51.488695769740616 ], [ -0.114337195860549, 51.488695769740616 ], [ -0.114337195860549, 51.488695769740616 ], [ -0.112323336179433, 51.488646163151877 ], [ -0.112323336179433, 51.488646163151877 ], [ -0.112323336179433, 51.488646163151877 ], [ -0.110309482258594, 51.488596522018611 ], [ -0.110309482258594, 51.488596522018611 ], [ -0.110309482258594, 51.488596522018611 ], [ -0.108295634102023, 51.488546846341066 ], [ -0.108295634102023, 51.488546846341066 ], [ -0.108295634102023, 51.488546846341066 ], [ -0.106281791713704, 51.488497136119427 ], [ -0.106281791713704, 51.488497136119427 ], [ -0.106281791713704, 51.488497136119427 ], [ -0.106281791713704, 51.488497136119427 ], [ -0.104267955097629, 51.488447391353965 ], [ -0.104267955097629, 51.488447391353965 ], [ -0.104267955097629, 51.488447391353965 ], [ -0.102254124257783, 51.488397612044878 ], [ -0.102254124257783, 51.488397612044878 ], [ -0.102254124257783, 51.488397612044878 ], [ -0.100240299198155, 51.488347798192429 ], [ -0.100240299198155, 51.488347798192429 ], [ -0.100240299198155, 51.488347798192429 ], [ -0.098226479922732, 51.488297949796831 ], [ -0.098226479922732, 51.488297949796831 ], [ -0.098226479922732, 51.488297949796831 ], [ -0.096212666435503, 51.488248066858318 ], [ -0.096212666435503, 51.488248066858318 ], [ -0.096212666435503, 51.488248066858318 ], [ -0.096212666435503, 51.488248066858318 ], [ -0.094198858740454, 51.488198149377126 ], [ -0.094198858740454, 51.488198149377126 ], [ -0.094198858740454, 51.488198149377126 ], [ -0.092185056841573, 51.488148197353482 ], [ -0.092185056841573, 51.488148197353482 ], [ -0.092185056841573, 51.488148197353482 ], [ -0.090171260742847, 51.488098210787633 ], [ -0.090171260742847, 51.488098210787633 ], [ -0.090171260742847, 51.488098210787633 ], [ -0.088157470448264, 51.488048189679787 ], [ -0.088157470448264, 51.488048189679787 ], [ -0.088157470448264, 51.488048189679787 ], [ -0.088157470448264, 51.488048189679787 ], [ -0.086143685961809, 51.4879981340302 ], [ -0.086143685961809, 51.4879981340302 ], [ -0.086143685961809, 51.4879981340302 ], [ -0.084129907287473, 51.487948043839076 ], [ -0.084129907287473, 51.487948043839076 ], [ -0.084129907287473, 51.487948043839076 ], [ -0.082547656694757, 51.487908663028563 ], [ -0.082547656694757, 51.487908663028563 ], [ -0.082547656694757, 51.487908663028563 ], [ -0.082547656694757, 51.487908663028563 ], [ -0.082547656694757, 51.487908663028563 ], [ -0.082467349369543, 51.489165874116054 ], [ -0.082467349369543, 51.489165874116054 ], [ -0.082467349369543, 51.489165874116054 ], [ -0.082467349369543, 51.489165874116054 ], [ -0.082467349369543, 51.489165874116054 ], [ -0.084049643365567, 51.489205256688805 ], [ -0.084049643365567, 51.489205256688805 ], [ -0.084049643365567, 51.489205256688805 ], [ -0.086063477280973, 51.489255349121407 ], [ -0.086063477280973, 51.489255349121407 ], [ -0.086063477280973, 51.489255349121407 ], [ -0.088077317009051, 51.489305407010932 ], [ -0.088077317009051, 51.489305407010932 ], [ -0.088077317009051, 51.489305407010932 ], [ -0.088077317009051, 51.489305407010932 ], [ -0.090091162545815, 51.489355430357165 ], [ -0.090091162545815, 51.489355430357165 ], [ -0.090091162545815, 51.489355430357165 ], [ -0.092105013887275, 51.48940541915988 ], [ -0.092105013887275, 51.48940541915988 ], [ -0.092105013887275, 51.48940541915988 ], [ -0.094118871029446, 51.489455373418835 ], [ -0.094118871029446, 51.489455373418835 ], [ -0.094118871029446, 51.489455373418835 ], [ -0.09613273396834, 51.489505293133789 ], [ -0.09613273396834, 51.489505293133789 ], [ -0.09613273396834, 51.489505293133789 ], [ -0.098146602699967, 51.489555178304535 ], [ -0.098146602699967, 51.489555178304535 ], [ -0.098146602699967, 51.489555178304535 ], [ -0.098146602699967, 51.489555178304535 ], [ -0.100160477220341, 51.489605028930825 ], [ -0.100160477220341, 51.489605028930825 ], [ -0.100160477220341, 51.489605028930825 ], [ -0.102174357525473, 51.489654845012424 ], [ -0.102174357525473, 51.489654845012424 ], [ -0.102174357525473, 51.489654845012424 ], [ -0.104188243611377, 51.48970462654912 ], [ -0.104188243611377, 51.48970462654912 ], [ -0.104188243611377, 51.48970462654912 ], [ -0.106202135474062, 51.489754373540656 ], [ -0.106202135474062, 51.489754373540656 ], [ -0.106202135474062, 51.489754373540656 ], [ -0.106202135474062, 51.489754373540656 ], [ -0.108216033109542, 51.489804085986812 ], [ -0.108216033109542, 51.489804085986812 ], [ -0.108216033109542, 51.489804085986812 ], [ -0.110229936513827, 51.489853763887353 ], [ -0.110229936513827, 51.489853763887353 ], [ -0.110229936513827, 51.489853763887353 ], [ -0.11224384568293, 51.489903407242075 ], [ -0.11224384568293, 51.489903407242075 ], [ -0.11224384568293, 51.489903407242075 ], [ -0.114257760612862, 51.489953016050706 ], [ -0.114257760612862, 51.489953016050706 ], [ -0.114257760612862, 51.489953016050706 ], [ -0.116271681299634, 51.490002590313033 ], [ -0.116271681299634, 51.490002590313033 ], [ -0.116271681299634, 51.490002590313033 ], [ -0.116271681299634, 51.490002590313033 ], [ -0.118285607739259, 51.490052130028829 ], [ -0.118285607739259, 51.490052130028829 ], [ -0.118285607739259, 51.490052130028829 ], [ -0.118285607739259, 51.490052130028829 ], [ -0.11820627724199, 51.491309380415501 ], [ -0.11820627724199, 51.491309380415501 ], [ -0.11820627724199, 51.491309380415501 ], [ -0.11820627724199, 51.491309380415501 ], [ -0.116192295548462, 51.491259838482762 ], [ -0.116192295548462, 51.491259838482762 ], [ -0.116192295548462, 51.491259838482762 ], [ -0.116192295548462, 51.491259838482762 ], [ -0.114178319608334, 51.491210262001943 ], [ -0.114178319608334, 51.491210262001943 ], [ -0.114178319608334, 51.491210262001943 ], [ -0.112164349425599, 51.491160650973292 ], [ -0.112164349425599, 51.491160650973292 ], [ -0.112164349425599, 51.491160650973292 ], [ -0.110150385004242, 51.491111005397023 ], [ -0.110150385004242, 51.491111005397023 ], [ -0.110150385004242, 51.491111005397023 ], [ -0.108136426348256, 51.491061325273364 ], [ -0.108136426348256, 51.491061325273364 ], [ -0.108136426348256, 51.491061325273364 ], [ -0.108136426348256, 51.491061325273364 ], [ -0.106122473461626, 51.491011610602555 ], [ -0.106122473461626, 51.491011610602555 ], [ -0.106122473461626, 51.491011610602555 ], [ -0.104108526348342, 51.490961861384825 ], [ -0.104108526348342, 51.490961861384825 ], [ -0.104108526348342, 51.490961861384825 ], [ -0.102094585012394, 51.490912077620415 ], [ -0.102094585012394, 51.490912077620415 ], [ -0.102094585012394, 51.490912077620415 ], [ -0.100080649457769, 51.490862259309537 ], [ -0.100080649457769, 51.490862259309537 ], [ -0.100080649457769, 51.490862259309537 ], [ -0.098066719688454, 51.490812406452442 ], [ -0.098066719688454, 51.490812406452442 ], [ -0.098066719688454, 51.490812406452442 ], [ -0.098066719688454, 51.490812406452442 ], [ -0.096052795708442, 51.490762519049341 ], [ -0.096052795708442, 51.490762519049341 ], [ -0.096052795708442, 51.490762519049341 ], [ -0.094038877521717, 51.490712597100476 ], [ -0.094038877521717, 51.490712597100476 ], [ -0.094038877521717, 51.490712597100476 ], [ -0.092024965132268, 51.490662640606089 ], [ -0.092024965132268, 51.490662640606089 ], [ -0.092024965132268, 51.490662640606089 ], [ -0.090011058544084, 51.490612649566408 ], [ -0.090011058544084, 51.490612649566408 ], [ -0.090011058544084, 51.490612649566408 ], [ -0.087997157761153, 51.490562623981646 ], [ -0.087997157761153, 51.490562623981646 ], [ -0.087997157761153, 51.490562623981646 ], [ -0.087997157761153, 51.490562623981646 ], [ -0.085983262787462, 51.490512563852064 ], [ -0.085983262787462, 51.490512563852064 ], [ -0.085983262787462, 51.490512563852064 ], [ -0.083969373627001, 51.490462469177878 ], [ -0.083969373627001, 51.490462469177878 ], [ -0.083969373627001, 51.490462469177878 ], [ -0.082387036224536, 51.490423084842789 ], [ -0.082387036224536, 51.490423084842789 ], [ -0.082387036224536, 51.490423084842789 ], [ -0.082387036224536, 51.490423084842789 ], [ -0.082387036224536, 51.490423084842789 ], [ -0.082387036224536, 51.490423084842789 ], [ -0.082387036224536, 51.490423084842789 ], [ -0.082387036224536, 51.490423084842789 ], [ -0.082387036224536, 51.490423084842789 ], [ -0.083969373627001, 51.490462469177878 ], [ -0.083969373627001, 51.490462469177878 ], [ -0.083969373627001, 51.490462469177878 ], [ -0.085983262787462, 51.490512563852064 ], [ -0.085983262787462, 51.490512563852064 ], [ -0.085983262787462, 51.490512563852064 ], [ -0.087997157761153, 51.490562623981646 ], [ -0.087997157761153, 51.490562623981646 ], [ -0.087997157761153, 51.490562623981646 ], [ -0.090011058544084, 51.490612649566408 ], [ -0.090011058544084, 51.490612649566408 ], [ -0.090011058544084, 51.490612649566408 ], [ -0.090011058544084, 51.490612649566408 ], [ -0.092024965132268, 51.490662640606089 ], [ -0.092024965132268, 51.490662640606089 ], [ -0.092024965132268, 51.490662640606089 ], [ -0.094038877521717, 51.490712597100476 ], [ -0.094038877521717, 51.490712597100476 ], [ -0.094038877521717, 51.490712597100476 ], [ -0.096052795708442, 51.490762519049341 ], [ -0.096052795708442, 51.490762519049341 ], [ -0.096052795708442, 51.490762519049341 ], [ -0.098066719688454, 51.490812406452442 ], [ -0.098066719688454, 51.490812406452442 ], [ -0.098066719688454, 51.490812406452442 ], [ -0.098066719688454, 51.490812406452442 ], [ -0.100080649457769, 51.490862259309537 ], [ -0.100080649457769, 51.490862259309537 ], [ -0.100080649457769, 51.490862259309537 ], [ -0.102094585012394, 51.490912077620415 ], [ -0.102094585012394, 51.490912077620415 ], [ -0.102094585012394, 51.490912077620415 ], [ -0.104108526348342, 51.490961861384825 ], [ -0.104108526348342, 51.490961861384825 ], [ -0.104108526348342, 51.490961861384825 ], [ -0.106122473461626, 51.491011610602555 ], [ -0.106122473461626, 51.491011610602555 ], [ -0.106122473461626, 51.491011610602555 ], [ -0.108136426348256, 51.491061325273364 ], [ -0.108136426348256, 51.491061325273364 ], [ -0.108136426348256, 51.491061325273364 ], [ -0.108136426348256, 51.491061325273364 ], [ -0.110150385004242, 51.491111005397023 ], [ -0.110150385004242, 51.491111005397023 ], [ -0.110150385004242, 51.491111005397023 ], [ -0.112164349425599, 51.491160650973292 ], [ -0.112164349425599, 51.491160650973292 ], [ -0.112164349425599, 51.491160650973292 ], [ -0.114178319608334, 51.491210262001943 ], [ -0.114178319608334, 51.491210262001943 ], [ -0.114178319608334, 51.491210262001943 ], [ -0.116192295548462, 51.491259838482762 ], [ -0.116192295548462, 51.491259838482762 ], [ -0.116192295548462, 51.491259838482762 ], [ -0.11820627724199, 51.491309380415501 ], [ -0.11820627724199, 51.491309380415501 ], [ -0.11820627724199, 51.491309380415501 ], [ -0.11820627724199, 51.491309380415501 ], [ -0.11820627724199, 51.491309380415501 ], [ -0.118126940995308, 51.492566630443584 ], [ -0.118126940995308, 51.492566630443584 ], [ -0.118126940995308, 51.492566630443584 ], [ -0.118126940995308, 51.492566630443584 ], [ -0.118126940995308, 51.492566630443584 ], [ -0.116112904043886, 51.492517086293788 ], [ -0.116112904043886, 51.492517086293788 ], [ -0.116112904043886, 51.492517086293788 ], [ -0.114098872846415, 51.492467507594355 ], [ -0.114098872846415, 51.492467507594355 ], [ -0.114098872846415, 51.492467507594355 ], [ -0.112084847406886, 51.49241789434555 ], [ -0.112084847406886, 51.49241789434555 ], [ -0.112084847406886, 51.49241789434555 ], [ -0.110070827729289, 51.492368246547592 ], [ -0.110070827729289, 51.492368246547592 ], [ -0.110070827729289, 51.492368246547592 ], [ -0.108056813817612, 51.492318564200701 ], [ -0.108056813817612, 51.492318564200701 ], [ -0.108056813817612, 51.492318564200701 ], [ -0.108056813817612, 51.492318564200701 ], [ -0.106042805675843, 51.492268847305134 ], [ -0.106042805675843, 51.492268847305134 ], [ -0.106042805675843, 51.492268847305134 ], [ -0.104028803307973, 51.492219095861095 ], [ -0.104028803307973, 51.492219095861095 ], [ -0.104028803307973, 51.492219095861095 ], [ -0.10201480671799, 51.492169309868828 ], [ -0.10201480671799, 51.492169309868828 ], [ -0.10201480671799, 51.492169309868828 ], [ -0.100000815909884, 51.492119489328566 ], [ -0.100000815909884, 51.492119489328566 ], [ -0.100000815909884, 51.492119489328566 ], [ -0.100000815909884, 51.492119489328566 ], [ -0.097986830887643, 51.492069634240522 ], [ -0.097986830887643, 51.492069634240522 ], [ -0.097986830887643, 51.492069634240522 ], [ -0.095972851655255, 51.492019744604946 ], [ -0.095972851655255, 51.492019744604946 ], [ -0.095972851655255, 51.492019744604946 ], [ -0.09395887821671, 51.491969820422064 ], [ -0.09395887821671, 51.491969820422064 ], [ -0.09395887821671, 51.491969820422064 ], [ -0.091944910575996, 51.491919861692132 ], [ -0.091944910575996, 51.491919861692132 ], [ -0.091944910575996, 51.491919861692132 ], [ -0.089930948737101, 51.491869868415328 ], [ -0.089930948737101, 51.491869868415328 ], [ -0.089930948737101, 51.491869868415328 ], [ -0.089930948737101, 51.491869868415328 ], [ -0.087916992704014, 51.491819840591944 ], [ -0.087916992704014, 51.491819840591944 ], [ -0.087916992704014, 51.491819840591944 ], [ -0.085903042480723, 51.491769778222171 ], [ -0.085903042480723, 51.491769778222171 ], [ -0.085903042480723, 51.491769778222171 ], [ -0.083889098071218, 51.491719681306265 ], [ -0.083889098071218, 51.491719681306265 ], [ -0.083889098071218, 51.491719681306265 ], [ -0.082306717259181, 51.491680295208738 ], [ -0.082306717259181, 51.491680295208738 ], [ -0.082306717259181, 51.491680295208738 ], [ -0.082306717259181, 51.491680295208738 ], [ -0.082306717259181, 51.491680295208738 ], [ -0.082226392472917, 51.492937505213924 ], [ -0.082226392472917, 51.492937505213924 ], [ -0.082226392472917, 51.492937505213924 ], [ -0.082226392472917, 51.492937505213924 ], [ -0.082226392472917, 51.492937505213924 ], [ -0.083808816697661, 51.49297689307398 ], [ -0.083808816697661, 51.49297689307398 ], [ -0.083808816697661, 51.49297689307398 ], [ -0.0858228163602, 51.493026992231741 ], [ -0.0858228163602, 51.493026992231741 ], [ -0.0858228163602, 51.493026992231741 ], [ -0.087836821837079, 51.493077056841805 ], [ -0.087836821837079, 51.493077056841805 ], [ -0.087836821837079, 51.493077056841805 ], [ -0.089850833124309, 51.493127086903961 ], [ -0.089850833124309, 51.493127086903961 ], [ -0.089850833124309, 51.493127086903961 ], [ -0.089850833124309, 51.493127086903961 ], [ -0.091864850217904, 51.493177082417979 ], [ -0.091864850217904, 51.493177082417979 ], [ -0.091864850217904, 51.493177082417979 ], [ -0.093878873113873, 51.493227043383598 ], [ -0.093878873113873, 51.493227043383598 ], [ -0.093878873113873, 51.493227043383598 ], [ -0.095892901808227, 51.493276969800618 ], [ -0.095892901808227, 51.493276969800618 ], [ -0.095892901808227, 51.493276969800618 ], [ -0.097906936296977, 51.493326861668784 ], [ -0.097906936296977, 51.493326861668784 ], [ -0.097906936296977, 51.493326861668784 ], [ -0.099920976576135, 51.493376718987875 ], [ -0.099920976576135, 51.493376718987875 ], [ -0.099920976576135, 51.493376718987875 ], [ -0.099920976576135, 51.493376718987875 ], [ -0.101935022641711, 51.493426541757664 ], [ -0.101935022641711, 51.493426541757664 ], [ -0.101935022641711, 51.493426541757664 ], [ -0.103949074489717, 51.493476329977902 ], [ -0.103949074489717, 51.493476329977902 ], [ -0.103949074489717, 51.493476329977902 ], [ -0.105963132116162, 51.493526083648376 ], [ -0.105963132116162, 51.493526083648376 ], [ -0.105963132116162, 51.493526083648376 ], [ -0.107977195517059, 51.493575802768845 ], [ -0.107977195517059, 51.493575802768845 ], [ -0.107977195517059, 51.493575802768845 ], [ -0.109991264688414, 51.493625487339081 ], [ -0.109991264688414, 51.493625487339081 ], [ -0.109991264688414, 51.493625487339081 ], [ -0.109991264688414, 51.493625487339081 ], [ -0.112005339626245, 51.493675137358842 ], [ -0.112005339626245, 51.493675137358842 ], [ -0.112005339626245, 51.493675137358842 ], [ -0.114019420326554, 51.493724752827923 ], [ -0.114019420326554, 51.493724752827923 ], [ -0.114019420326554, 51.493724752827923 ], [ -0.116033506785358, 51.49377433374606 ], [ -0.116033506785358, 51.49377433374606 ], [ -0.116033506785358, 51.49377433374606 ], [ -0.118047598998663, 51.493823880113062 ], [ -0.118047598998663, 51.493823880113062 ], [ -0.118047598998663, 51.493823880113062 ], [ -0.118047598998663, 51.493823880113062 ], [ -0.118047598998663, 51.493823880113062 ], [ -0.118047598998663, 51.493823880113062 ], [ -0.118047598998663, 51.493823880113062 ], [ -0.118047598998663, 51.493823880113062 ], [ -0.118047598998663, 51.493823880113062 ], [ -0.116033506785358, 51.49377433374606 ], [ -0.116033506785358, 51.49377433374606 ], [ -0.116033506785358, 51.49377433374606 ], [ -0.114019420326554, 51.493724752827923 ], [ -0.114019420326554, 51.493724752827923 ], [ -0.114019420326554, 51.493724752827923 ], [ -0.112005339626245, 51.493675137358842 ], [ -0.112005339626245, 51.493675137358842 ], [ -0.112005339626245, 51.493675137358842 ], [ -0.109991264688414, 51.493625487339081 ], [ -0.109991264688414, 51.493625487339081 ], [ -0.109991264688414, 51.493625487339081 ], [ -0.109991264688414, 51.493625487339081 ], [ -0.107977195517059, 51.493575802768845 ], [ -0.107977195517059, 51.493575802768845 ], [ -0.107977195517059, 51.493575802768845 ], [ -0.105963132116162, 51.493526083648376 ], [ -0.105963132116162, 51.493526083648376 ], [ -0.105963132116162, 51.493526083648376 ], [ -0.103949074489717, 51.493476329977902 ], [ -0.103949074489717, 51.493476329977902 ], [ -0.103949074489717, 51.493476329977902 ], [ -0.101935022641711, 51.493426541757664 ], [ -0.101935022641711, 51.493426541757664 ], [ -0.101935022641711, 51.493426541757664 ], [ -0.099920976576135, 51.493376718987875 ], [ -0.099920976576135, 51.493376718987875 ], [ -0.099920976576135, 51.493376718987875 ], [ -0.099920976576135, 51.493376718987875 ], [ -0.097906936296977, 51.493326861668784 ], [ -0.097906936296977, 51.493326861668784 ], [ -0.097906936296977, 51.493326861668784 ], [ -0.095892901808227, 51.493276969800618 ], [ -0.095892901808227, 51.493276969800618 ], [ -0.095892901808227, 51.493276969800618 ], [ -0.093878873113873, 51.493227043383598 ], [ -0.093878873113873, 51.493227043383598 ], [ -0.093878873113873, 51.493227043383598 ], [ -0.091864850217904, 51.493177082417979 ], [ -0.091864850217904, 51.493177082417979 ], [ -0.091864850217904, 51.493177082417979 ], [ -0.091864850217904, 51.493177082417979 ], [ -0.089850833124309, 51.493127086903961 ], [ -0.089850833124309, 51.493127086903961 ], [ -0.089850833124309, 51.493127086903961 ], [ -0.087836821837079, 51.493077056841805 ], [ -0.087836821837079, 51.493077056841805 ], [ -0.087836821837079, 51.493077056841805 ], [ -0.0858228163602, 51.493026992231741 ], [ -0.0858228163602, 51.493026992231741 ], [ -0.0858228163602, 51.493026992231741 ], [ -0.083808816697661, 51.49297689307398 ], [ -0.083808816697661, 51.49297689307398 ], [ -0.083808816697661, 51.49297689307398 ], [ -0.082226392472917, 51.492937505213924 ], [ -0.082226392472917, 51.492937505213924 ], [ -0.082226392472917, 51.492937505213924 ], [ -0.082226392472917, 51.492937505213924 ], [ -0.082226392472917, 51.492937505213924 ], [ -0.082146061865192, 51.494194714858324 ], [ -0.082146061865192, 51.494194714858324 ], [ -0.082146061865192, 51.494194714858324 ], [ -0.082146061865192, 51.494194714858324 ], [ -0.082146061865192, 51.494194714858324 ], [ -0.083728529505776, 51.494234104480995 ], [ -0.083728529505776, 51.494234104480995 ], [ -0.083728529505776, 51.494234104480995 ], [ -0.085742584425336, 51.494284205880724 ], [ -0.085742584425336, 51.494284205880724 ], [ -0.085742584425336, 51.494284205880724 ], [ -0.087756645159793, 51.494334272731209 ], [ -0.087756645159793, 51.494334272731209 ], [ -0.087756645159793, 51.494334272731209 ], [ -0.089770711705156, 51.494384305032256 ], [ -0.089770711705156, 51.494384305032256 ], [ -0.089770711705156, 51.494384305032256 ], [ -0.091784784057439, 51.49443430278361 ], [ -0.091784784057439, 51.49443430278361 ], [ -0.091784784057439, 51.49443430278361 ], [ -0.091784784057439, 51.49443430278361 ], [ -0.09379886221265, 51.494484265985044 ], [ -0.09379886221265, 51.494484265985044 ], [ -0.09379886221265, 51.494484265985044 ], [ -0.095812946166802, 51.494534194636323 ], [ -0.095812946166802, 51.494534194636323 ], [ -0.095812946166802, 51.494534194636323 ], [ -0.097827035915904, 51.494584088737206 ], [ -0.097827035915904, 51.494584088737206 ], [ -0.097827035915904, 51.494584088737206 ], [ -0.099841131455968, 51.494633948287479 ], [ -0.099841131455968, 51.494633948287479 ], [ -0.099841131455968, 51.494633948287479 ], [ -0.099841131455968, 51.494633948287479 ], [ -0.101855232783003, 51.494683773286901 ], [ -0.101855232783003, 51.494683773286901 ], [ -0.101855232783003, 51.494683773286901 ], [ -0.103869339893021, 51.494733563735245 ], [ -0.103869339893021, 51.494733563735245 ], [ -0.103869339893021, 51.494733563735245 ], [ -0.105883452782031, 51.494783319632269 ], [ -0.105883452782031, 51.494783319632269 ], [ -0.105883452782031, 51.494783319632269 ], [ -0.107897571446044, 51.494833040977753 ], [ -0.107897571446044, 51.494833040977753 ], [ -0.107897571446044, 51.494833040977753 ], [ -0.10991169588107, 51.494882727771454 ], [ -0.10991169588107, 51.494882727771454 ], [ -0.10991169588107, 51.494882727771454 ], [ -0.10991169588107, 51.494882727771454 ], [ -0.111925826083119, 51.494932380013161 ], [ -0.111925826083119, 51.494932380013161 ], [ -0.111925826083119, 51.494932380013161 ], [ -0.113939962048201, 51.494981997702624 ], [ -0.113939962048201, 51.494981997702624 ], [ -0.113939962048201, 51.494981997702624 ], [ -0.115954103772327, 51.495031580839616 ], [ -0.115954103772327, 51.495031580839616 ], [ -0.115954103772327, 51.495031580839616 ], [ -0.117968251251506, 51.495081129423909 ], [ -0.117968251251506, 51.495081129423909 ], [ -0.117968251251506, 51.495081129423909 ], [ -0.117968251251506, 51.495081129423909 ], [ -0.117968251251506, 51.495081129423909 ], [ -0.117888897753284, 51.496338378376166 ], [ -0.117888897753284, 51.496338378376166 ], [ -0.117888897753284, 51.496338378376166 ], [ -0.117888897753284, 51.496338378376166 ], [ -0.117888897753284, 51.496338378376166 ], [ -0.115874695004244, 51.496288827574439 ], [ -0.115874695004244, 51.496288827574439 ], [ -0.115874695004244, 51.496288827574439 ], [ -0.113860498010805, 51.496239242218472 ], [ -0.113860498010805, 51.496239242218472 ], [ -0.113860498010805, 51.496239242218472 ], [ -0.111846306776961, 51.496189622308506 ], [ -0.111846306776961, 51.496189622308506 ], [ -0.111846306776961, 51.496189622308506 ], [ -0.109832121306701, 51.496139967844748 ], [ -0.109832121306701, 51.496139967844748 ], [ -0.109832121306701, 51.496139967844748 ], [ -0.109832121306701, 51.496139967844748 ], [ -0.107817941604016, 51.496090278827445 ], [ -0.107817941604016, 51.496090278827445 ], [ -0.107817941604016, 51.496090278827445 ], [ -0.105803767672897, 51.496040555256819 ], [ -0.105803767672897, 51.496040555256819 ], [ -0.105803767672897, 51.496040555256819 ], [ -0.103789599517331, 51.495990797133118 ], [ -0.103789599517331, 51.495990797133118 ], [ -0.103789599517331, 51.495990797133118 ], [ -0.101775437141312, 51.495941004456562 ], [ -0.101775437141312, 51.495941004456562 ], [ -0.101775437141312, 51.495941004456562 ], [ -0.101775437141312, 51.495941004456562 ], [ -0.099761280548829, 51.495891177227392 ], [ -0.099761280548829, 51.495891177227392 ], [ -0.099761280548829, 51.495891177227392 ], [ -0.097747129743869, 51.495841315445816 ], [ -0.097747129743869, 51.495841315445816 ], [ -0.097747129743869, 51.495841315445816 ], [ -0.095732984730426, 51.495791419112081 ], [ -0.095732984730426, 51.495791419112081 ], [ -0.095732984730426, 51.495791419112081 ], [ -0.093718845512487, 51.495741488226415 ], [ -0.093718845512487, 51.495741488226415 ], [ -0.093718845512487, 51.495741488226415 ], [ -0.091704712094043, 51.495691522789073 ], [ -0.091704712094043, 51.495691522789073 ], [ -0.091704712094043, 51.495691522789073 ], [ -0.091704712094043, 51.495691522789073 ], [ -0.089690584479083, 51.495641522800256 ], [ -0.089690584479083, 51.495641522800256 ], [ -0.089690584479083, 51.495641522800256 ], [ -0.087676462671597, 51.495591488260203 ], [ -0.087676462671597, 51.495591488260203 ], [ -0.087676462671597, 51.495591488260203 ], [ -0.085662346675574, 51.49554141916915 ], [ -0.085662346675574, 51.49554141916915 ], [ -0.085662346675574, 51.49554141916915 ], [ -0.083648236495004, 51.495491315527339 ], [ -0.083648236495004, 51.495491315527339 ], [ -0.083648236495004, 51.495491315527339 ], [ -0.083648236495004, 51.495491315527339 ], [ -0.082065725435446, 51.495451924141932 ], [ -0.082065725435446, 51.495451924141932 ], [ -0.082065725435446, 51.495451924141932 ], [ -0.082065725435446, 51.495451924141932 ], [ -0.081985383183123, 51.496709133064748 ], [ -0.081985383183123, 51.496709133064748 ], [ -0.081985383183123, 51.496709133064748 ], [ -0.081985383183123, 51.496709133064748 ], [ -0.083567937664791, 51.496748526212976 ], [ -0.083567937664791, 51.496748526212976 ], [ -0.083567937664791, 51.496748526212976 ], [ -0.083567937664791, 51.496748526212976 ], [ -0.08558210311036, 51.496798632096997 ], [ -0.08558210311036, 51.496798632096997 ], [ -0.08558210311036, 51.496798632096997 ], [ -0.08759627437194, 51.496848703428711 ], [ -0.08759627437194, 51.496848703428711 ], [ -0.08759627437194, 51.496848703428711 ], [ -0.089610451445536, 51.496898740207897 ], [ -0.089610451445536, 51.496898740207897 ], [ -0.089610451445536, 51.496898740207897 ], [ -0.091624634327163, 51.496948742434306 ], [ -0.091624634327163, 51.496948742434306 ], [ -0.091624634327163, 51.496948742434306 ], [ -0.091624634327163, 51.496948742434306 ], [ -0.093638823012829, 51.496998710107711 ], [ -0.093638823012829, 51.496998710107711 ], [ -0.093638823012829, 51.496998710107711 ], [ -0.095653017498545, 51.49704864322787 ], [ -0.095653017498545, 51.49704864322787 ], [ -0.095653017498545, 51.49704864322787 ], [ -0.097667217780319, 51.497098541794571 ], [ -0.097667217780319, 51.497098541794571 ], [ -0.097667217780319, 51.497098541794571 ], [ -0.099681423854165, 51.497148405807557 ], [ -0.099681423854165, 51.497148405807557 ], [ -0.099681423854165, 51.497148405807557 ], [ -0.101695635716086, 51.49719823526663 ], [ -0.101695635716086, 51.49719823526663 ], [ -0.101695635716086, 51.49719823526663 ], [ -0.101695635716086, 51.49719823526663 ], [ -0.103709853362098, 51.497248030171519 ], [ -0.103709853362098, 51.497248030171519 ], [ -0.103709853362098, 51.497248030171519 ], [ -0.105724076788207, 51.497297790522026 ], [ -0.105724076788207, 51.497297790522026 ], [ -0.105724076788207, 51.497297790522026 ], [ -0.107738305990424, 51.497347516317902 ], [ -0.107738305990424, 51.497347516317902 ], [ -0.107738305990424, 51.497347516317902 ], [ -0.109752540964758, 51.497397207558926 ], [ -0.109752540964758, 51.497397207558926 ], [ -0.109752540964758, 51.497397207558926 ], [ -0.111766781707219, 51.497446864244843 ], [ -0.111766781707219, 51.497446864244843 ], [ -0.111766781707219, 51.497446864244843 ], [ -0.111766781707219, 51.497446864244843 ], [ -0.113781028213815, 51.497496486375447 ], [ -0.113781028213815, 51.497496486375447 ], [ -0.113781028213815, 51.497496486375447 ], [ -0.115795280480556, 51.49754607395051 ], [ -0.115795280480556, 51.49754607395051 ], [ -0.115795280480556, 51.49754607395051 ], [ -0.117809538503451, 51.497595626969776 ], [ -0.117809538503451, 51.497595626969776 ], [ -0.117809538503451, 51.497595626969776 ], [ -0.117809538503451, 51.497595626969776 ], [ -0.117809538503451, 51.497595626969776 ], [ -0.117809538503451, 51.497595626969776 ], [ -0.117809538503451, 51.497595626969776 ], [ -0.117809538503451, 51.497595626969776 ], [ -0.117809538503451, 51.497595626969776 ], [ -0.115795280480556, 51.49754607395051 ], [ -0.115795280480556, 51.49754607395051 ], [ -0.115795280480556, 51.49754607395051 ], [ -0.113781028213815, 51.497496486375447 ], [ -0.113781028213815, 51.497496486375447 ], [ -0.113781028213815, 51.497496486375447 ], [ -0.111766781707219, 51.497446864244843 ], [ -0.111766781707219, 51.497446864244843 ], [ -0.111766781707219, 51.497446864244843 ], [ -0.111766781707219, 51.497446864244843 ], [ -0.109752540964758, 51.497397207558926 ], [ -0.109752540964758, 51.497397207558926 ], [ -0.109752540964758, 51.497397207558926 ], [ -0.107738305990424, 51.497347516317902 ], [ -0.107738305990424, 51.497347516317902 ], [ -0.107738305990424, 51.497347516317902 ], [ -0.105724076788207, 51.497297790522026 ], [ -0.105724076788207, 51.497297790522026 ], [ -0.105724076788207, 51.497297790522026 ], [ -0.103709853362098, 51.497248030171519 ], [ -0.103709853362098, 51.497248030171519 ], [ -0.103709853362098, 51.497248030171519 ], [ -0.101695635716086, 51.49719823526663 ], [ -0.101695635716086, 51.49719823526663 ], [ -0.101695635716086, 51.49719823526663 ], [ -0.101695635716086, 51.49719823526663 ], [ -0.099681423854165, 51.497148405807557 ], [ -0.099681423854165, 51.497148405807557 ], [ -0.099681423854165, 51.497148405807557 ], [ -0.097667217780319, 51.497098541794571 ], [ -0.097667217780319, 51.497098541794571 ], [ -0.097667217780319, 51.497098541794571 ], [ -0.095653017498545, 51.49704864322787 ], [ -0.095653017498545, 51.49704864322787 ], [ -0.095653017498545, 51.49704864322787 ], [ -0.093638823012829, 51.496998710107711 ], [ -0.093638823012829, 51.496998710107711 ], [ -0.093638823012829, 51.496998710107711 ], [ -0.093638823012829, 51.496998710107711 ], [ -0.091624634327163, 51.496948742434306 ], [ -0.091624634327163, 51.496948742434306 ], [ -0.091624634327163, 51.496948742434306 ], [ -0.089610451445536, 51.496898740207897 ], [ -0.089610451445536, 51.496898740207897 ], [ -0.089610451445536, 51.496898740207897 ], [ -0.08759627437194, 51.496848703428711 ], [ -0.08759627437194, 51.496848703428711 ], [ -0.08759627437194, 51.496848703428711 ], [ -0.08558210311036, 51.496798632096997 ], [ -0.08558210311036, 51.496798632096997 ], [ -0.08558210311036, 51.496798632096997 ], [ -0.083567937664791, 51.496748526212976 ], [ -0.083567937664791, 51.496748526212976 ], [ -0.083567937664791, 51.496748526212976 ], [ -0.083567937664791, 51.496748526212976 ], [ -0.081985383183123, 51.496709133064748 ], [ -0.081985383183123, 51.496709133064748 ], [ -0.081985383183123, 51.496709133064748 ], [ -0.081985383183123, 51.496709133064748 ], [ -0.081905035107666, 51.497966341626771 ], [ -0.081905035107666, 51.497966341626771 ], [ -0.081905035107666, 51.497966341626771 ], [ -0.081905035107666, 51.497966341626771 ], [ -0.083487633014578, 51.498005736537912 ], [ -0.083487633014578, 51.498005736537912 ], [ -0.083487633014578, 51.498005736537912 ], [ -0.083487633014578, 51.498005736537912 ], [ -0.085501853729137, 51.498055844664272 ], [ -0.085501853729137, 51.498055844664272 ], [ -0.085501853729137, 51.498055844664272 ], [ -0.087516080260261, 51.498105918236789 ], [ -0.087516080260261, 51.498105918236789 ], [ -0.087516080260261, 51.498105918236789 ], [ -0.089530312603959, 51.498155957255214 ], [ -0.089530312603959, 51.498155957255214 ], [ -0.089530312603959, 51.498155957255214 ], [ -0.091544550756244, 51.498205961719336 ], [ -0.091544550756244, 51.498205961719336 ], [ -0.091544550756244, 51.498205961719336 ], [ -0.093558794713122, 51.498255931628911 ], [ -0.093558794713122, 51.498255931628911 ], [ -0.093558794713122, 51.498255931628911 ], [ -0.093558794713122, 51.498255931628911 ], [ -0.095573044470605, 51.498305866983706 ], [ -0.095573044470605, 51.498305866983706 ], [ -0.095573044470605, 51.498305866983706 ], [ -0.097587300024701, 51.49835576778348 ], [ -0.097587300024701, 51.49835576778348 ], [ -0.097587300024701, 51.49835576778348 ], [ -0.09960156137142, 51.498405634028025 ], [ -0.09960156137142, 51.498405634028025 ], [ -0.09960156137142, 51.498405634028025 ], [ -0.101615828506772, 51.498455465717093 ], [ -0.101615828506772, 51.498455465717093 ], [ -0.101615828506772, 51.498455465717093 ], [ -0.103630101426766, 51.498505262850458 ], [ -0.103630101426766, 51.498505262850458 ], [ -0.103630101426766, 51.498505262850458 ], [ -0.103630101426766, 51.498505262850458 ], [ -0.10564438012741, 51.498555025427869 ], [ -0.10564438012741, 51.498555025427869 ], [ -0.10564438012741, 51.498555025427869 ], [ -0.107658664604715, 51.498604753449129 ], [ -0.107658664604715, 51.498604753449129 ], [ -0.107658664604715, 51.498604753449129 ], [ -0.109672954854688, 51.498654446913982 ], [ -0.109672954854688, 51.498654446913982 ], [ -0.109672954854688, 51.498654446913982 ], [ -0.111687250873341, 51.498704105822206 ], [ -0.111687250873341, 51.498704105822206 ], [ -0.111687250873341, 51.498704105822206 ], [ -0.111687250873341, 51.498704105822206 ], [ -0.11370155265668, 51.498753730173561 ], [ -0.11370155265668, 51.498753730173561 ], [ -0.11370155265668, 51.498753730173561 ], [ -0.115715860200714, 51.498803319967834 ], [ -0.115715860200714, 51.498803319967834 ], [ -0.115715860200714, 51.498803319967834 ], [ -0.117730173501454, 51.498852875204776 ], [ -0.117730173501454, 51.498852875204776 ], [ -0.117730173501454, 51.498852875204776 ], [ -0.117730173501454, 51.498852875204776 ], [ -0.117730173501454, 51.498852875204776 ], [ -0.117650802746744, 51.500110123081129 ], [ -0.117650802746744, 51.500110123081129 ], [ -0.117650802746744, 51.500110123081129 ], [ -0.117650802746744, 51.500110123081129 ], [ -0.117650802746744, 51.500110123081129 ], [ -0.115636434164169, 51.500060565626391 ], [ -0.115636434164169, 51.500060565626391 ], [ -0.115636434164169, 51.500060565626391 ], [ -0.113622071338849, 51.500010973612788 ], [ -0.113622071338849, 51.500010973612788 ], [ -0.113622071338849, 51.500010973612788 ], [ -0.113622071338849, 51.500010973612788 ], [ -0.111607714274776, 51.499961347040546 ], [ -0.111607714274776, 51.499961347040546 ], [ -0.111607714274776, 51.499961347040546 ], [ -0.109593362975941, 51.499911685909915 ], [ -0.109593362975941, 51.499911685909915 ], [ -0.109593362975941, 51.499911685909915 ], [ -0.107579017446337, 51.499861990221099 ], [ -0.107579017446337, 51.499861990221099 ], [ -0.107579017446337, 51.499861990221099 ], [ -0.105564677689953, 51.499812259974348 ], [ -0.105564677689953, 51.499812259974348 ], [ -0.105564677689953, 51.499812259974348 ], [ -0.103550343710783, 51.49976249516989 ], [ -0.103550343710783, 51.49976249516989 ], [ -0.103550343710783, 51.49976249516989 ], [ -0.103550343710783, 51.49976249516989 ], [ -0.101536015512816, 51.499712695807936 ], [ -0.101536015512816, 51.499712695807936 ], [ -0.101536015512816, 51.499712695807936 ], [ -0.099521693100044, 51.499662861888737 ], [ -0.099521693100044, 51.499662861888737 ], [ -0.099521693100044, 51.499662861888737 ], [ -0.09750737647646, 51.499612993412526 ], [ -0.09750737647646, 51.499612993412526 ], [ -0.09750737647646, 51.499612993412526 ], [ -0.095493065646052, 51.499563090379546 ], [ -0.095493065646052, 51.499563090379546 ], [ -0.095493065646052, 51.499563090379546 ], [ -0.093478760612812, 51.499513152789994 ], [ -0.093478760612812, 51.499513152789994 ], [ -0.093478760612812, 51.499513152789994 ], [ -0.093478760612812, 51.499513152789994 ], [ -0.09146446138073, 51.499463180644135 ], [ -0.09146446138073, 51.499463180644135 ], [ -0.09146446138073, 51.499463180644135 ], [ -0.089450167953799, 51.49941317394218 ], [ -0.089450167953799, 51.49941317394218 ], [ -0.089450167953799, 51.49941317394218 ], [ -0.087435880336008, 51.49936313268438 ], [ -0.087435880336008, 51.49936313268438 ], [ -0.087435880336008, 51.49936313268438 ], [ -0.085421598531348, 51.499313056870953 ], [ -0.085421598531348, 51.499313056870953 ], [ -0.085421598531348, 51.499313056870953 ], [ -0.085421598531348, 51.499313056870953 ], [ -0.083407322543811, 51.499262946502128 ], [ -0.083407322543811, 51.499262946502128 ], [ -0.083407322543811, 51.499262946502128 ], [ -0.081824681208519, 51.499223549827981 ], [ -0.081824681208519, 51.499223549827981 ], [ -0.081824681208519, 51.499223549827981 ], [ -0.081824681208519, 51.499223549827981 ], [ -0.081824681208519, 51.499223549827981 ], [ -0.081824681208519, 51.499223549827981 ], [ -0.081824681208519, 51.499223549827981 ], [ -0.083407322543811, 51.499262946502128 ], [ -0.083407322543811, 51.499262946502128 ], [ -0.083407322543811, 51.499262946502128 ], [ -0.085421598531348, 51.499313056870953 ], [ -0.085421598531348, 51.499313056870953 ], [ -0.085421598531348, 51.499313056870953 ], [ -0.085421598531348, 51.499313056870953 ], [ -0.087435880336008, 51.49936313268438 ], [ -0.087435880336008, 51.49936313268438 ], [ -0.087435880336008, 51.49936313268438 ], [ -0.089450167953799, 51.49941317394218 ], [ -0.089450167953799, 51.49941317394218 ], [ -0.089450167953799, 51.49941317394218 ], [ -0.09146446138073, 51.499463180644135 ], [ -0.09146446138073, 51.499463180644135 ], [ -0.09146446138073, 51.499463180644135 ], [ -0.093478760612812, 51.499513152789994 ], [ -0.093478760612812, 51.499513152789994 ], [ -0.093478760612812, 51.499513152789994 ], [ -0.095493065646052, 51.499563090379546 ], [ -0.095493065646052, 51.499563090379546 ], [ -0.095493065646052, 51.499563090379546 ], [ -0.095493065646052, 51.499563090379546 ], [ -0.09750737647646, 51.499612993412526 ], [ -0.09750737647646, 51.499612993412526 ], [ -0.09750737647646, 51.499612993412526 ], [ -0.099521693100044, 51.499662861888737 ], [ -0.099521693100044, 51.499662861888737 ], [ -0.099521693100044, 51.499662861888737 ], [ -0.101536015512816, 51.499712695807936 ], [ -0.101536015512816, 51.499712695807936 ], [ -0.101536015512816, 51.499712695807936 ], [ -0.103550343710783, 51.49976249516989 ], [ -0.103550343710783, 51.49976249516989 ], [ -0.103550343710783, 51.49976249516989 ], [ -0.103550343710783, 51.49976249516989 ], [ -0.105564677689953, 51.499812259974348 ], [ -0.105564677689953, 51.499812259974348 ], [ -0.105564677689953, 51.499812259974348 ], [ -0.107579017446337, 51.499861990221099 ], [ -0.107579017446337, 51.499861990221099 ], [ -0.107579017446337, 51.499861990221099 ], [ -0.109593362975941, 51.499911685909915 ], [ -0.109593362975941, 51.499911685909915 ], [ -0.109593362975941, 51.499911685909915 ], [ -0.111607714274776, 51.499961347040546 ], [ -0.111607714274776, 51.499961347040546 ], [ -0.111607714274776, 51.499961347040546 ], [ -0.113622071338849, 51.500010973612788 ], [ -0.113622071338849, 51.500010973612788 ], [ -0.113622071338849, 51.500010973612788 ], [ -0.113622071338849, 51.500010973612788 ], [ -0.115636434164169, 51.500060565626391 ], [ -0.115636434164169, 51.500060565626391 ], [ -0.115636434164169, 51.500060565626391 ], [ -0.117650802746744, 51.500110123081129 ], [ -0.117650802746744, 51.500110123081129 ], [ -0.117650802746744, 51.500110123081129 ], [ -0.117650802746744, 51.500110123081129 ], [ -0.117650802746744, 51.500110123081129 ], [ -0.11757142623877, 51.501367370598842 ], [ -0.11757142623877, 51.501367370598842 ], [ -0.11757142623877, 51.501367370598842 ], [ -0.11757142623877, 51.501367370598842 ], [ -0.11757142623877, 51.501367370598842 ], [ -0.115557002370367, 51.501317810926189 ], [ -0.115557002370367, 51.501317810926189 ], [ -0.115557002370367, 51.501317810926189 ], [ -0.113542584259771, 51.501268216693134 ], [ -0.113542584259771, 51.501268216693134 ], [ -0.113542584259771, 51.501268216693134 ], [ -0.113542584259771, 51.501268216693134 ], [ -0.111528171910973, 51.501218587899892 ], [ -0.111528171910973, 51.501218587899892 ], [ -0.111528171910973, 51.501218587899892 ], [ -0.109513765327963, 51.501168924546718 ], [ -0.109513765327963, 51.501168924546718 ], [ -0.109513765327963, 51.501168924546718 ], [ -0.107499364514737, 51.501119226633826 ], [ -0.107499364514737, 51.501119226633826 ], [ -0.107499364514737, 51.501119226633826 ], [ -0.105484969475283, 51.501069494161449 ], [ -0.105484969475283, 51.501069494161449 ], [ -0.105484969475283, 51.501069494161449 ], [ -0.105484969475283, 51.501069494161449 ], [ -0.103470580213596, 51.501019727129822 ], [ -0.103470580213596, 51.501019727129822 ], [ -0.103470580213596, 51.501019727129822 ], [ -0.101456196733665, 51.500969925539174 ], [ -0.101456196733665, 51.500969925539174 ], [ -0.101456196733665, 51.500969925539174 ], [ -0.099441819039483, 51.50092008938973 ], [ -0.099441819039483, 51.50092008938973 ], [ -0.099441819039483, 51.50092008938973 ], [ -0.09742744713504, 51.500870218681733 ], [ -0.09742744713504, 51.500870218681733 ], [ -0.09742744713504, 51.500870218681733 ], [ -0.09541308102433, 51.50082031341541 ], [ -0.09541308102433, 51.50082031341541 ], [ -0.09541308102433, 51.50082031341541 ], [ -0.09541308102433, 51.50082031341541 ], [ -0.093398720711341, 51.500770373590996 ], [ -0.093398720711341, 51.500770373590996 ], [ -0.093398720711341, 51.500770373590996 ], [ -0.091384366200067, 51.500720399208717 ], [ -0.091384366200067, 51.500720399208717 ], [ -0.091384366200067, 51.500720399208717 ], [ -0.089370017494497, 51.500670390268802 ], [ -0.089370017494497, 51.500670390268802 ], [ -0.089370017494497, 51.500670390268802 ], [ -0.087355674598624, 51.500620346771505 ], [ -0.087355674598624, 51.500620346771505 ], [ -0.087355674598624, 51.500620346771505 ], [ -0.085341337516438, 51.500570268717034 ], [ -0.085341337516438, 51.500570268717034 ], [ -0.085341337516438, 51.500570268717034 ], [ -0.085341337516438, 51.500570268717034 ], [ -0.08332700625193, 51.500520156105644 ], [ -0.08332700625193, 51.500520156105644 ], [ -0.08332700625193, 51.500520156105644 ], [ -0.081744321485125, 51.50048075766837 ], [ -0.081744321485125, 51.50048075766837 ], [ -0.081744321485125, 51.50048075766837 ], [ -0.081744321485125, 51.50048075766837 ], [ -0.081663955936925, 51.50173796514796 ], [ -0.081663955936925, 51.50173796514796 ], [ -0.081663955936925, 51.50173796514796 ], [ -0.081663955936925, 51.50173796514796 ], [ -0.08324668413838, 51.501777365348424 ], [ -0.08324668413838, 51.501777365348424 ], [ -0.08324668413838, 51.501777365348424 ], [ -0.085261070683849, 51.501827480202529 ], [ -0.085261070683849, 51.501827480202529 ], [ -0.085261070683849, 51.501827480202529 ], [ -0.087275463047552, 51.501877560498158 ], [ -0.087275463047552, 51.501877560498158 ], [ -0.087275463047552, 51.501877560498158 ], [ -0.087275463047552, 51.501877560498158 ], [ -0.089289861225498, 51.501927606235085 ], [ -0.089289861225498, 51.501927606235085 ], [ -0.089289861225498, 51.501927606235085 ], [ -0.091304265213697, 51.501977617413075 ], [ -0.091304265213697, 51.501977617413075 ], [ -0.091304265213697, 51.501977617413075 ], [ -0.093318675008156, 51.502027594031887 ], [ -0.093318675008156, 51.502027594031887 ], [ -0.093318675008156, 51.502027594031887 ], [ -0.095333090604884, 51.502077536091299 ], [ -0.095333090604884, 51.502077536091299 ], [ -0.095333090604884, 51.502077536091299 ], [ -0.095333090604884, 51.502077536091299 ], [ -0.097347511999889, 51.502127443591071 ], [ -0.097347511999889, 51.502127443591071 ], [ -0.097347511999889, 51.502127443591071 ], [ -0.09936193918918, 51.502177316530982 ], [ -0.09936193918918, 51.502177316530982 ], [ -0.09936193918918, 51.502177316530982 ], [ -0.101376372168764, 51.502227154910791 ], [ -0.101376372168764, 51.502227154910791 ], [ -0.101376372168764, 51.502227154910791 ], [ -0.103390810934651, 51.50227695873027 ], [ -0.103390810934651, 51.50227695873027 ], [ -0.103390810934651, 51.50227695873027 ], [ -0.105405255482848, 51.502326727989185 ], [ -0.105405255482848, 51.502326727989185 ], [ -0.105405255482848, 51.502326727989185 ], [ -0.105405255482848, 51.502326727989185 ], [ -0.107419705809363, 51.502376462687316 ], [ -0.107419705809363, 51.502376462687316 ], [ -0.107419705809363, 51.502376462687316 ], [ -0.109434161910203, 51.502426162824406 ], [ -0.109434161910203, 51.502426162824406 ], [ -0.109434161910203, 51.502426162824406 ], [ -0.111448623781378, 51.502475828400243 ], [ -0.111448623781378, 51.502475828400243 ], [ -0.111448623781378, 51.502475828400243 ], [ -0.113463091418894, 51.502525459414599 ], [ -0.113463091418894, 51.502525459414599 ], [ -0.113463091418894, 51.502525459414599 ], [ -0.113463091418894, 51.502525459414599 ], [ -0.115477564818759, 51.502575055867233 ], [ -0.115477564818759, 51.502575055867233 ], [ -0.115477564818759, 51.502575055867233 ], [ -0.117492043976982, 51.50262461775791 ], [ -0.117492043976982, 51.50262461775791 ], [ -0.117492043976982, 51.50262461775791 ], [ -0.117492043976982, 51.50262461775791 ], [ -0.117492043976982, 51.50262461775791 ], [ -0.11741265596083, 51.503881864558323 ], [ -0.11741265596083, 51.503881864558323 ], [ -0.11741265596083, 51.503881864558323 ], [ -0.11741265596083, 51.503881864558323 ], [ -0.11741265596083, 51.503881864558323 ], [ -0.115398121508796, 51.503832300449481 ], [ -0.115398121508796, 51.503832300449481 ], [ -0.115398121508796, 51.503832300449481 ], [ -0.115398121508796, 51.503832300449481 ], [ -0.113383592815669, 51.503782701777155 ], [ -0.113383592815669, 51.503782701777155 ], [ -0.113383592815669, 51.503782701777155 ], [ -0.111369069885443, 51.503733068541557 ], [ -0.111369069885443, 51.503733068541557 ], [ -0.111369069885443, 51.503733068541557 ], [ -0.109354552722111, 51.503683400742936 ], [ -0.109354552722111, 51.503683400742936 ], [ -0.109354552722111, 51.503683400742936 ], [ -0.107340041329664, 51.503633698381513 ], [ -0.107340041329664, 51.503633698381513 ], [ -0.107340041329664, 51.503633698381513 ], [ -0.105325535712095, 51.503583961457529 ], [ -0.105325535712095, 51.503583961457529 ], [ -0.105325535712095, 51.503583961457529 ], [ -0.105325535712095, 51.503583961457529 ], [ -0.103311035873398, 51.503534189971205 ], [ -0.103311035873398, 51.503534189971205 ], [ -0.103311035873398, 51.503534189971205 ], [ -0.101296541817563, 51.503484383922775 ], [ -0.101296541817563, 51.503484383922775 ], [ -0.101296541817563, 51.503484383922775 ], [ -0.099282053548585, 51.50343454331248 ], [ -0.099282053548585, 51.50343454331248 ], [ -0.099282053548585, 51.50343454331248 ], [ -0.097267571070453, 51.503384668140541 ], [ -0.097267571070453, 51.503384668140541 ], [ -0.097267571070453, 51.503384668140541 ], [ -0.095253094387163, 51.503334758407178 ], [ -0.095253094387163, 51.503334758407178 ], [ -0.095253094387163, 51.503334758407178 ], [ -0.095253094387163, 51.503334758407178 ], [ -0.093238623502704, 51.503284814112654 ], [ -0.093238623502704, 51.503284814112654 ], [ -0.093238623502704, 51.503284814112654 ], [ -0.091224158421069, 51.503234835257182 ], [ -0.091224158421069, 51.503234835257182 ], [ -0.091224158421069, 51.503234835257182 ], [ -0.089209699146249, 51.503184821840989 ], [ -0.089209699146249, 51.503184821840989 ], [ -0.089209699146249, 51.503184821840989 ], [ -0.087195245682238, 51.503134773864325 ], [ -0.087195245682238, 51.503134773864325 ], [ -0.087195245682238, 51.503134773864325 ], [ -0.087195245682238, 51.503134773864325 ], [ -0.085180798033026, 51.503084691327409 ], [ -0.085180798033026, 51.503084691327409 ], [ -0.085180798033026, 51.503084691327409 ], [ -0.083166356202605, 51.50303457423049 ], [ -0.083166356202605, 51.50303457423049 ], [ -0.083166356202605, 51.50303457423049 ], [ -0.081583584563364, 51.502995172266708 ], [ -0.081583584563364, 51.502995172266708 ], [ -0.081583584563364, 51.502995172266708 ], [ -0.081583584563364, 51.502995172266708 ], [ -0.081583584563364, 51.502995172266708 ], [ -0.081583584563364, 51.502995172266708 ], [ -0.081583584563364, 51.502995172266708 ], [ -0.083166356202605, 51.50303457423049 ], [ -0.083166356202605, 51.50303457423049 ], [ -0.083166356202605, 51.50303457423049 ], [ -0.085180798033026, 51.503084691327409 ], [ -0.085180798033026, 51.503084691327409 ], [ -0.085180798033026, 51.503084691327409 ], [ -0.087195245682238, 51.503134773864325 ], [ -0.087195245682238, 51.503134773864325 ], [ -0.087195245682238, 51.503134773864325 ], [ -0.087195245682238, 51.503134773864325 ], [ -0.089209699146249, 51.503184821840989 ], [ -0.089209699146249, 51.503184821840989 ], [ -0.089209699146249, 51.503184821840989 ], [ -0.091224158421069, 51.503234835257182 ], [ -0.091224158421069, 51.503234835257182 ], [ -0.091224158421069, 51.503234835257182 ], [ -0.093238623502704, 51.503284814112654 ], [ -0.093238623502704, 51.503284814112654 ], [ -0.093238623502704, 51.503284814112654 ], [ -0.095253094387163, 51.503334758407178 ], [ -0.095253094387163, 51.503334758407178 ], [ -0.095253094387163, 51.503334758407178 ], [ -0.097267571070453, 51.503384668140541 ], [ -0.097267571070453, 51.503384668140541 ], [ -0.097267571070453, 51.503384668140541 ], [ -0.097267571070453, 51.503384668140541 ], [ -0.099282053548585, 51.50343454331248 ], [ -0.099282053548585, 51.50343454331248 ], [ -0.099282053548585, 51.50343454331248 ], [ -0.101296541817563, 51.503484383922775 ], [ -0.101296541817563, 51.503484383922775 ], [ -0.101296541817563, 51.503484383922775 ], [ -0.103311035873398, 51.503534189971205 ], [ -0.103311035873398, 51.503534189971205 ], [ -0.103311035873398, 51.503534189971205 ], [ -0.105325535712095, 51.503583961457529 ], [ -0.105325535712095, 51.503583961457529 ], [ -0.105325535712095, 51.503583961457529 ], [ -0.105325535712095, 51.503583961457529 ], [ -0.107340041329664, 51.503633698381513 ], [ -0.107340041329664, 51.503633698381513 ], [ -0.107340041329664, 51.503633698381513 ], [ -0.109354552722111, 51.503683400742936 ], [ -0.109354552722111, 51.503683400742936 ], [ -0.109354552722111, 51.503683400742936 ], [ -0.111369069885443, 51.503733068541557 ], [ -0.111369069885443, 51.503733068541557 ], [ -0.111369069885443, 51.503733068541557 ], [ -0.113383592815669, 51.503782701777155 ], [ -0.113383592815669, 51.503782701777155 ], [ -0.113383592815669, 51.503782701777155 ], [ -0.115398121508796, 51.503832300449481 ], [ -0.115398121508796, 51.503832300449481 ], [ -0.115398121508796, 51.503832300449481 ], [ -0.115398121508796, 51.503832300449481 ], [ -0.11741265596083, 51.503881864558323 ], [ -0.11741265596083, 51.503881864558323 ], [ -0.11741265596083, 51.503881864558323 ], [ -0.11741265596083, 51.503881864558323 ], [ -0.11741265596083, 51.503881864558323 ], [ -0.117333262189762, 51.505139111000091 ], [ -0.117333262189762, 51.505139111000091 ], [ -0.117333262189762, 51.505139111000091 ], [ -0.117333262189762, 51.505139111000091 ], [ -0.117333262189762, 51.505139111000091 ], [ -0.115318672439923, 51.50508954467297 ], [ -0.115318672439923, 51.50508954467297 ], [ -0.115318672439923, 51.50508954467297 ], [ -0.115318672439923, 51.50508954467297 ], [ -0.113304088449542, 51.505039943780815 ], [ -0.113304088449542, 51.505039943780815 ], [ -0.113304088449542, 51.505039943780815 ], [ -0.111289510222615, 51.504990308323862 ], [ -0.111289510222615, 51.504990308323862 ], [ -0.111289510222615, 51.504990308323862 ], [ -0.109274937763131, 51.50494063830233 ], [ -0.109274937763131, 51.50494063830233 ], [ -0.109274937763131, 51.50494063830233 ], [ -0.107260371075086, 51.504890933716474 ], [ -0.107260371075086, 51.504890933716474 ], [ -0.107260371075086, 51.504890933716474 ], [ -0.107260371075086, 51.504890933716474 ], [ -0.105245810162471, 51.504841194566495 ], [ -0.105245810162471, 51.504841194566495 ], [ -0.105245810162471, 51.504841194566495 ], [ -0.10323125502928, 51.504791420852641 ], [ -0.10323125502928, 51.504791420852641 ], [ -0.10323125502928, 51.504791420852641 ], [ -0.101216705679507, 51.504741612575131 ], [ -0.101216705679507, 51.504741612575131 ], [ -0.101216705679507, 51.504741612575131 ], [ -0.099202162117141, 51.504691769734222 ], [ -0.099202162117141, 51.504691769734222 ], [ -0.099202162117141, 51.504691769734222 ], [ -0.097187624346177, 51.50464189233012 ], [ -0.097187624346177, 51.50464189233012 ], [ -0.097187624346177, 51.50464189233012 ], [ -0.097187624346177, 51.50464189233012 ], [ -0.095173092370608, 51.504591980363074 ], [ -0.095173092370608, 51.504591980363074 ], [ -0.095173092370608, 51.504591980363074 ], [ -0.093158566194426, 51.504542033833303 ], [ -0.093158566194426, 51.504542033833303 ], [ -0.093158566194426, 51.504542033833303 ], [ -0.091144045821623, 51.50449205274105 ], [ -0.091144045821623, 51.50449205274105 ], [ -0.091144045821623, 51.50449205274105 ], [ -0.089129531256191, 51.504442037086541 ], [ -0.089129531256191, 51.504442037086541 ], [ -0.089129531256191, 51.504442037086541 ], [ -0.087115022502123, 51.504391986870012 ], [ -0.087115022502123, 51.504391986870012 ], [ -0.087115022502123, 51.504391986870012 ], [ -0.087115022502123, 51.504391986870012 ], [ -0.085100519563411, 51.504341902091689 ], [ -0.085100519563411, 51.504341902091689 ], [ -0.085100519563411, 51.504341902091689 ], [ -0.083086022444047, 51.504291782751814 ], [ -0.083086022444047, 51.504291782751814 ], [ -0.083086022444047, 51.504291782751814 ], [ -0.081503207363883, 51.504252379024642 ], [ -0.081503207363883, 51.504252379024642 ], [ -0.081503207363883, 51.504252379024642 ], [ -0.081503207363883, 51.504252379024642 ], [ -0.081422824337926, 51.505509585421727 ], [ -0.081422824337926, 51.505509585421727 ], [ -0.081422824337926, 51.505509585421727 ], [ -0.081422824337926, 51.505509585421727 ], [ -0.083005682862148, 51.505548990912395 ], [ -0.083005682862148, 51.505548990912395 ], [ -0.083005682862148, 51.505548990912395 ], [ -0.085020235274448, 51.505599112495339 ], [ -0.085020235274448, 51.505599112495339 ], [ -0.085020235274448, 51.505599112495339 ], [ -0.087034793506653, 51.50564919951519 ], [ -0.087034793506653, 51.50564919951519 ], [ -0.087034793506653, 51.50564919951519 ], [ -0.089049357554769, 51.505699251971713 ], [ -0.089049357554769, 51.505699251971713 ], [ -0.089049357554769, 51.505699251971713 ], [ -0.089049357554769, 51.505699251971713 ], [ -0.091063927414806, 51.505749269864666 ], [ -0.091063927414806, 51.505749269864666 ], [ -0.091063927414806, 51.505749269864666 ], [ -0.09307850308277, 51.505799253193828 ], [ -0.09307850308277, 51.505799253193828 ], [ -0.09307850308277, 51.505799253193828 ], [ -0.095093084554669, 51.505849201958952 ], [ -0.095093084554669, 51.505849201958952 ], [ -0.095093084554669, 51.505849201958952 ], [ -0.097107671826506, 51.505899116159824 ], [ -0.097107671826506, 51.505899116159824 ], [ -0.097107671826506, 51.505899116159824 ], [ -0.097107671826506, 51.505899116159824 ], [ -0.099122264894296, 51.505948995796203 ], [ -0.099122264894296, 51.505948995796203 ], [ -0.099122264894296, 51.505948995796203 ], [ -0.101136863754039, 51.505998840867854 ], [ -0.101136863754039, 51.505998840867854 ], [ -0.101136863754039, 51.505998840867854 ], [ -0.103151468401747, 51.506048651374549 ], [ -0.103151468401747, 51.506048651374549 ], [ -0.103151468401747, 51.506048651374549 ], [ -0.105166078833423, 51.506098427316054 ], [ -0.105166078833423, 51.506098427316054 ], [ -0.105166078833423, 51.506098427316054 ], [ -0.107180695045077, 51.50614816869215 ], [ -0.107180695045077, 51.50614816869215 ], [ -0.107180695045077, 51.50614816869215 ], [ -0.107180695045077, 51.50614816869215 ], [ -0.109195317032714, 51.506197875502579 ], [ -0.109195317032714, 51.506197875502579 ], [ -0.109195317032714, 51.506197875502579 ], [ -0.111209944792341, 51.50624754774713 ], [ -0.111209944792341, 51.50624754774713 ], [ -0.111209944792341, 51.50624754774713 ], [ -0.113224578319965, 51.506297185425566 ], [ -0.113224578319965, 51.506297185425566 ], [ -0.113224578319965, 51.506297185425566 ], [ -0.115239217611592, 51.506346788537655 ], [ -0.115239217611592, 51.506346788537655 ], [ -0.115239217611592, 51.506346788537655 ], [ -0.117253862663228, 51.506396357083176 ], [ -0.117253862663228, 51.506396357083176 ], [ -0.117253862663228, 51.506396357083176 ], [ -0.117253862663228, 51.506396357083176 ], [ -0.117253862663228, 51.506396357083176 ], [ -0.117253862663228, 51.506396357083176 ], [ -0.117253862663228, 51.506396357083176 ], [ -0.117253862663228, 51.506396357083176 ], [ -0.117253862663228, 51.506396357083176 ], [ -0.117253862663228, 51.506396357083176 ], [ -0.117253862663228, 51.506396357083176 ], [ -0.115239217611592, 51.506346788537655 ], [ -0.115239217611592, 51.506346788537655 ], [ -0.115239217611592, 51.506346788537655 ], [ -0.113224578319965, 51.506297185425566 ], [ -0.113224578319965, 51.506297185425566 ], [ -0.113224578319965, 51.506297185425566 ], [ -0.111209944792341, 51.50624754774713 ], [ -0.111209944792341, 51.50624754774713 ], [ -0.111209944792341, 51.50624754774713 ], [ -0.109195317032714, 51.506197875502579 ], [ -0.109195317032714, 51.506197875502579 ], [ -0.109195317032714, 51.506197875502579 ], [ -0.107180695045077, 51.50614816869215 ], [ -0.107180695045077, 51.50614816869215 ], [ -0.107180695045077, 51.50614816869215 ], [ -0.107180695045077, 51.50614816869215 ], [ -0.105166078833423, 51.506098427316054 ], [ -0.105166078833423, 51.506098427316054 ], [ -0.105166078833423, 51.506098427316054 ], [ -0.103151468401747, 51.506048651374549 ], [ -0.103151468401747, 51.506048651374549 ], [ -0.103151468401747, 51.506048651374549 ], [ -0.101136863754039, 51.505998840867854 ], [ -0.101136863754039, 51.505998840867854 ], [ -0.101136863754039, 51.505998840867854 ], [ -0.099122264894296, 51.505948995796203 ], [ -0.099122264894296, 51.505948995796203 ], [ -0.099122264894296, 51.505948995796203 ], [ -0.099122264894296, 51.505948995796203 ], [ -0.097107671826506, 51.505899116159824 ], [ -0.097107671826506, 51.505899116159824 ], [ -0.097107671826506, 51.505899116159824 ], [ -0.095093084554669, 51.505849201958952 ], [ -0.095093084554669, 51.505849201958952 ], [ -0.095093084554669, 51.505849201958952 ], [ -0.09307850308277, 51.505799253193828 ], [ -0.09307850308277, 51.505799253193828 ], [ -0.09307850308277, 51.505799253193828 ], [ -0.091063927414806, 51.505749269864666 ], [ -0.091063927414806, 51.505749269864666 ], [ -0.091063927414806, 51.505749269864666 ], [ -0.089049357554769, 51.505699251971713 ], [ -0.089049357554769, 51.505699251971713 ], [ -0.089049357554769, 51.505699251971713 ], [ -0.089049357554769, 51.505699251971713 ], [ -0.087034793506653, 51.50564919951519 ], [ -0.087034793506653, 51.50564919951519 ], [ -0.087034793506653, 51.50564919951519 ], [ -0.085020235274448, 51.505599112495339 ], [ -0.085020235274448, 51.505599112495339 ], [ -0.085020235274448, 51.505599112495339 ], [ -0.083005682862148, 51.505548990912395 ], [ -0.083005682862148, 51.505548990912395 ], [ -0.083005682862148, 51.505548990912395 ], [ -0.081422824337926, 51.505509585421727 ], [ -0.081422824337926, 51.505509585421727 ], [ -0.081422824337926, 51.505509585421727 ], [ -0.081422824337926, 51.505509585421727 ], [ -0.081342435484934, 51.506766791457977 ], [ -0.081342435484934, 51.506766791457977 ], [ -0.081342435484934, 51.506766791457977 ], [ -0.081342435484934, 51.506766791457977 ], [ -0.082925337456351, 51.506806198712248 ], [ -0.082925337456351, 51.506806198712248 ], [ -0.082925337456351, 51.506806198712248 ], [ -0.084939945165579, 51.506856322538383 ], [ -0.084939945165579, 51.506856322538383 ], [ -0.084939945165579, 51.506856322538383 ], [ -0.08695455869527, 51.506906411799882 ], [ -0.08695455869527, 51.506906411799882 ], [ -0.08695455869527, 51.506906411799882 ], [ -0.088969178041428, 51.506956466496511 ], [ -0.088969178041428, 51.506956466496511 ], [ -0.088969178041428, 51.506956466496511 ], [ -0.088969178041428, 51.506956466496511 ], [ -0.090983803200062, 51.507006486628036 ], [ -0.090983803200062, 51.507006486628036 ], [ -0.090983803200062, 51.507006486628036 ], [ -0.092998434167179, 51.507056472194215 ], [ -0.092998434167179, 51.507056472194215 ], [ -0.092998434167179, 51.507056472194215 ], [ -0.095013070938786, 51.507106423194841 ], [ -0.095013070938786, 51.507106423194841 ], [ -0.095013070938786, 51.507106423194841 ], [ -0.097027713510887, 51.507156339629645 ], [ -0.097027713510887, 51.507156339629645 ], [ -0.097027713510887, 51.507156339629645 ], [ -0.099042361879494, 51.507206221498429 ], [ -0.099042361879494, 51.507206221498429 ], [ -0.099042361879494, 51.507206221498429 ], [ -0.099042361879494, 51.507206221498429 ], [ -0.10105701604061, 51.507256068800928 ], [ -0.10105701604061, 51.507256068800928 ], [ -0.10105701604061, 51.507256068800928 ], [ -0.103071675990243, 51.507305881536951 ], [ -0.103071675990243, 51.507305881536951 ], [ -0.103071675990243, 51.507305881536951 ], [ -0.105086341724399, 51.507355659706228 ], [ -0.105086341724399, 51.507355659706228 ], [ -0.105086341724399, 51.507355659706228 ], [ -0.107101013239084, 51.507405403308546 ], [ -0.107101013239084, 51.507405403308546 ], [ -0.107101013239084, 51.507405403308546 ], [ -0.109115690530306, 51.507455112343671 ], [ -0.109115690530306, 51.507455112343671 ], [ -0.109115690530306, 51.507455112343671 ], [ -0.109115690530306, 51.507455112343671 ], [ -0.11113037359407, 51.507504786811374 ], [ -0.11113037359407, 51.507504786811374 ], [ -0.11113037359407, 51.507504786811374 ], [ -0.113145062426382, 51.507554426711415 ], [ -0.113145062426382, 51.507554426711415 ], [ -0.113145062426382, 51.507554426711415 ], [ -0.115159757023251, 51.507604032043567 ], [ -0.115159757023251, 51.507604032043567 ], [ -0.115159757023251, 51.507604032043567 ], [ -0.117174457380679, 51.507653602807608 ], [ -0.117174457380679, 51.507653602807608 ], [ -0.117174457380679, 51.507653602807608 ], [ -0.117174457380679, 51.507653602807608 ], [ -0.117174457380679, 51.507653602807608 ], [ -0.117174457380679, 51.507653602807608 ], [ -0.117095046341562, 51.50891084817335 ], [ -0.117095046341562, 51.50891084817335 ], [ -0.117095046341562, 51.50891084817335 ], [ -0.117095046341562, 51.50891084817335 ], [ -0.117095046341562, 51.50891084817335 ], [ -0.117095046341562, 51.50891084817335 ], [ -0.115080290674349, 51.508861275190661 ], [ -0.115080290674349, 51.508861275190661 ], [ -0.115080290674349, 51.508861275190661 ], [ -0.113065540768247, 51.508811667638327 ], [ -0.113065540768247, 51.508811667638327 ], [ -0.113065540768247, 51.508811667638327 ], [ -0.111050796627252, 51.508762025516553 ], [ -0.111050796627252, 51.508762025516553 ], [ -0.111050796627252, 51.508762025516553 ], [ -0.109036058255357, 51.508712348825583 ], [ -0.109036058255357, 51.508712348825583 ], [ -0.109036058255357, 51.508712348825583 ], [ -0.109036058255357, 51.508712348825583 ], [ -0.107021325656557, 51.508662637565656 ], [ -0.107021325656557, 51.508662637565656 ], [ -0.107021325656557, 51.508662637565656 ], [ -0.105006598834845, 51.508612891736981 ], [ -0.105006598834845, 51.508612891736981 ], [ -0.105006598834845, 51.508612891736981 ], [ -0.102991877794217, 51.508563111339811 ], [ -0.102991877794217, 51.508563111339811 ], [ -0.102991877794217, 51.508563111339811 ], [ -0.100977162538665, 51.508513296374353 ], [ -0.100977162538665, 51.508513296374353 ], [ -0.100977162538665, 51.508513296374353 ], [ -0.098962453072184, 51.508463446840857 ], [ -0.098962453072184, 51.508463446840857 ], [ -0.098962453072184, 51.508463446840857 ], [ -0.098962453072184, 51.508463446840857 ], [ -0.096947749398765, 51.508413562739563 ], [ -0.096947749398765, 51.508413562739563 ], [ -0.096947749398765, 51.508413562739563 ], [ -0.094933051522408, 51.508363644070684 ], [ -0.094933051522408, 51.508363644070684 ], [ -0.094933051522408, 51.508363644070684 ], [ -0.092918359447098, 51.50831369083447 ], [ -0.092918359447098, 51.50831369083447 ], [ -0.092918359447098, 51.50831369083447 ], [ -0.090903673176836, 51.508263703031133 ], [ -0.090903673176836, 51.508263703031133 ], [ -0.090903673176836, 51.508263703031133 ], [ -0.090903673176836, 51.508263703031133 ], [ -0.088888992715612, 51.508213680660909 ], [ -0.088888992715612, 51.508213680660909 ], [ -0.088888992715612, 51.508213680660909 ], [ -0.086874318067418, 51.508163623724059 ], [ -0.086874318067418, 51.508163623724059 ], [ -0.086874318067418, 51.508163623724059 ], [ -0.084859649236251, 51.508113532220776 ], [ -0.084859649236251, 51.508113532220776 ], [ -0.084859649236251, 51.508113532220776 ], [ -0.082844986226102, 51.508063406151315 ], [ -0.082844986226102, 51.508063406151315 ], [ -0.082844986226102, 51.508063406151315 ], [ -0.081262040804351, 51.508023997133371 ], [ -0.081262040804351, 51.508023997133371 ], [ -0.081262040804351, 51.508023997133371 ], [ -0.081262040804351, 51.508023997133371 ], [ -0.08118164029562, 51.509281202447909 ], [ -0.08118164029562, 51.509281202447909 ], [ -0.08118164029562, 51.509281202447909 ], [ -0.08118164029562, 51.509281202447909 ], [ -0.082764629170839, 51.509320613229647 ], [ -0.082764629170839, 51.509320613229647 ], [ -0.082764629170839, 51.509320613229647 ], [ -0.084779347485903, 51.509370741542547 ], [ -0.084779347485903, 51.509370741542547 ], [ -0.084779347485903, 51.509370741542547 ], [ -0.086794071622542, 51.50942083528772 ], [ -0.086794071622542, 51.50942083528772 ], [ -0.086794071622542, 51.50942083528772 ], [ -0.088808801576762, 51.50947089446494 ], [ -0.088808801576762, 51.50947089446494 ], [ -0.088808801576762, 51.50947089446494 ], [ -0.090823537344571, 51.509520919073964 ], [ -0.090823537344571, 51.509520919073964 ], [ -0.090823537344571, 51.509520919073964 ], [ -0.090823537344571, 51.509520919073964 ], [ -0.092838278921973, 51.509570909114579 ], [ -0.092838278921973, 51.509570909114579 ], [ -0.092838278921973, 51.509570909114579 ], [ -0.094853026304976, 51.509620864586523 ], [ -0.094853026304976, 51.509620864586523 ], [ -0.094853026304976, 51.509620864586523 ], [ -0.096867779489585, 51.50967078548959 ], [ -0.096867779489585, 51.50967078548959 ], [ -0.096867779489585, 51.50967078548959 ], [ -0.098882538471808, 51.50972067182353 ], [ -0.098882538471808, 51.50972067182353 ], [ -0.098882538471808, 51.50972067182353 ], [ -0.100897303247649, 51.509770523588124 ], [ -0.100897303247649, 51.509770523588124 ], [ -0.100897303247649, 51.509770523588124 ], [ -0.100897303247649, 51.509770523588124 ], [ -0.102912073813114, 51.509820340783129 ], [ -0.102912073813114, 51.509820340783129 ], [ -0.102912073813114, 51.509820340783129 ], [ -0.104926850164209, 51.509870123408326 ], [ -0.104926850164209, 51.509870123408326 ], [ -0.104926850164209, 51.509870123408326 ], [ -0.10694163229694, 51.509919871463474 ], [ -0.10694163229694, 51.509919871463474 ], [ -0.10694163229694, 51.509919871463474 ], [ -0.108956420207312, 51.509969584948337 ], [ -0.108956420207312, 51.509969584948337 ], [ -0.108956420207312, 51.509969584948337 ], [ -0.108956420207312, 51.509969584948337 ], [ -0.110971213891333, 51.510019263862695 ], [ -0.110971213891333, 51.510019263862695 ], [ -0.110971213891333, 51.510019263862695 ], [ -0.112986013345003, 51.510068908206321 ], [ -0.112986013345003, 51.510068908206321 ], [ -0.112986013345003, 51.510068908206321 ], [ -0.115000818564335, 51.510118517978967 ], [ -0.115000818564335, 51.510118517978967 ], [ -0.115000818564335, 51.510118517978967 ], [ -0.117015629545328, 51.510168093180411 ], [ -0.117015629545328, 51.510168093180411 ], [ -0.117015629545328, 51.510168093180411 ], [ -0.117015629545328, 51.510168093180411 ], [ -0.117015629545328, 51.510168093180411 ], [ -0.117015629545328, 51.510168093180411 ], [ -0.117015629545328, 51.510168093180411 ], [ -0.117015629545328, 51.510168093180411 ], [ -0.117015629545328, 51.510168093180411 ], [ -0.117015629545328, 51.510168093180411 ], [ -0.117015629545328, 51.510168093180411 ], [ -0.115000818564335, 51.510118517978967 ], [ -0.115000818564335, 51.510118517978967 ], [ -0.115000818564335, 51.510118517978967 ], [ -0.112986013345003, 51.510068908206321 ], [ -0.112986013345003, 51.510068908206321 ], [ -0.112986013345003, 51.510068908206321 ], [ -0.110971213891333, 51.510019263862695 ], [ -0.110971213891333, 51.510019263862695 ], [ -0.110971213891333, 51.510019263862695 ], [ -0.108956420207312, 51.509969584948337 ], [ -0.108956420207312, 51.509969584948337 ], [ -0.108956420207312, 51.509969584948337 ], [ -0.108956420207312, 51.509969584948337 ], [ -0.10694163229694, 51.509919871463474 ], [ -0.10694163229694, 51.509919871463474 ], [ -0.10694163229694, 51.509919871463474 ], [ -0.104926850164209, 51.509870123408326 ], [ -0.104926850164209, 51.509870123408326 ], [ -0.104926850164209, 51.509870123408326 ], [ -0.102912073813114, 51.509820340783129 ], [ -0.102912073813114, 51.509820340783129 ], [ -0.102912073813114, 51.509820340783129 ], [ -0.100897303247649, 51.509770523588124 ], [ -0.100897303247649, 51.509770523588124 ], [ -0.100897303247649, 51.509770523588124 ], [ -0.100897303247649, 51.509770523588124 ], [ -0.098882538471808, 51.50972067182353 ], [ -0.098882538471808, 51.50972067182353 ], [ -0.098882538471808, 51.50972067182353 ], [ -0.096867779489585, 51.50967078548959 ], [ -0.096867779489585, 51.50967078548959 ], [ -0.096867779489585, 51.50967078548959 ], [ -0.094853026304976, 51.509620864586523 ], [ -0.094853026304976, 51.509620864586523 ], [ -0.094853026304976, 51.509620864586523 ], [ -0.092838278921973, 51.509570909114579 ], [ -0.092838278921973, 51.509570909114579 ], [ -0.092838278921973, 51.509570909114579 ], [ -0.090823537344571, 51.509520919073964 ], [ -0.090823537344571, 51.509520919073964 ], [ -0.090823537344571, 51.509520919073964 ], [ -0.090823537344571, 51.509520919073964 ], [ -0.088808801576762, 51.50947089446494 ], [ -0.088808801576762, 51.50947089446494 ], [ -0.088808801576762, 51.50947089446494 ], [ -0.086794071622542, 51.50942083528772 ], [ -0.086794071622542, 51.50942083528772 ], [ -0.086794071622542, 51.50942083528772 ], [ -0.084779347485903, 51.509370741542547 ], [ -0.084779347485903, 51.509370741542547 ], [ -0.084779347485903, 51.509370741542547 ], [ -0.082764629170839, 51.509320613229647 ], [ -0.082764629170839, 51.509320613229647 ], [ -0.082764629170839, 51.509320613229647 ], [ -0.082764629170839, 51.509320613229647 ], [ -0.08118164029562, 51.509281202447909 ], [ -0.08118164029562, 51.509281202447909 ], [ -0.08118164029562, 51.509281202447909 ], [ -0.08110123395818, 51.510538407401597 ], [ -0.08110123395818, 51.510538407401597 ], [ -0.08110123395818, 51.510538407401597 ], [ -0.082684266290009, 51.510577819947216 ], [ -0.082684266290009, 51.510577819947216 ], [ -0.082684266290009, 51.510577819947216 ], [ -0.082684266290009, 51.510577819947216 ], [ -0.08469903991398, 51.510627950503675 ], [ -0.08469903991398, 51.510627950503675 ], [ -0.08469903991398, 51.510627950503675 ], [ -0.086713819360084, 51.510678046490874 ], [ -0.086713819360084, 51.510678046490874 ], [ -0.086713819360084, 51.510678046490874 ], [ -0.088728604624324, 51.510728107908562 ], [ -0.088728604624324, 51.510728107908562 ], [ -0.088728604624324, 51.510728107908562 ], [ -0.090743395702711, 51.510778134756535 ], [ -0.090743395702711, 51.510778134756535 ], [ -0.090743395702711, 51.510778134756535 ], [ -0.090743395702711, 51.510778134756535 ], [ -0.092758192591247, 51.510828127034529 ], [ -0.092758192591247, 51.510828127034529 ], [ -0.092758192591247, 51.510828127034529 ], [ -0.094772995285939, 51.510878084742338 ], [ -0.094772995285939, 51.510878084742338 ], [ -0.094772995285939, 51.510878084742338 ], [ -0.096787803782792, 51.510928007879713 ], [ -0.096787803782792, 51.510928007879713 ], [ -0.096787803782792, 51.510928007879713 ], [ -0.098802618077814, 51.510977896446413 ], [ -0.098802618077814, 51.510977896446413 ], [ -0.098802618077814, 51.510977896446413 ], [ -0.100817438167008, 51.511027750442231 ], [ -0.100817438167008, 51.511027750442231 ], [ -0.100817438167008, 51.511027750442231 ], [ -0.100817438167008, 51.511027750442231 ], [ -0.10283226404638, 51.511077569866927 ], [ -0.10283226404638, 51.511077569866927 ], [ -0.10283226404638, 51.511077569866927 ], [ -0.104847095711936, 51.511127354720259 ], [ -0.104847095711936, 51.511127354720259 ], [ -0.104847095711936, 51.511127354720259 ], [ -0.106861933159681, 51.511177105002005 ], [ -0.106861933159681, 51.511177105002005 ], [ -0.106861933159681, 51.511177105002005 ], [ -0.10887677638562, 51.511226820711926 ], [ -0.10887677638562, 51.511226820711926 ], [ -0.10887677638562, 51.511226820711926 ], [ -0.11089162538576, 51.5112765018498 ], [ -0.11089162538576, 51.5112765018498 ], [ -0.11089162538576, 51.5112765018498 ], [ -0.11089162538576, 51.5112765018498 ], [ -0.112906480156103, 51.511326148415385 ], [ -0.112906480156103, 51.511326148415385 ], [ -0.112906480156103, 51.511326148415385 ], [ -0.114921340692657, 51.511375760408455 ], [ -0.114921340692657, 51.511375760408455 ], [ -0.114921340692657, 51.511375760408455 ], [ -0.116936206991424, 51.511425337828783 ], [ -0.116936206991424, 51.511425337828783 ], [ -0.116936206991424, 51.511425337828783 ], [ -0.116936206991424, 51.511425337828783 ], [ -0.116936206991424, 51.511425337828783 ], [ -0.116936206991424, 51.511425337828783 ], [ -0.116856778679303, 51.512682582118465 ], [ -0.116856778679303, 51.512682582118465 ], [ -0.116856778679303, 51.512682582118465 ], [ -0.116856778679303, 51.512682582118465 ], [ -0.116856778679303, 51.512682582118465 ], [ -0.116856778679303, 51.512682582118465 ], [ -0.114841857058765, 51.51263300247912 ], [ -0.114841857058765, 51.51263300247912 ], [ -0.114841857058765, 51.51263300247912 ], [ -0.112826941200993, 51.512583388265512 ], [ -0.112826941200993, 51.512583388265512 ], [ -0.112826941200993, 51.512583388265512 ], [ -0.110812031109984, 51.512533739477824 ], [ -0.110812031109984, 51.512533739477824 ], [ -0.110812031109984, 51.512533739477824 ], [ -0.110812031109984, 51.512533739477824 ], [ -0.108797126789729, 51.512484056116321 ], [ -0.108797126789729, 51.512484056116321 ], [ -0.108797126789729, 51.512484056116321 ], [ -0.106782228244229, 51.512434338181222 ], [ -0.106782228244229, 51.512434338181222 ], [ -0.106782228244229, 51.512434338181222 ], [ -0.104767335477475, 51.512384585672763 ], [ -0.104767335477475, 51.512384585672763 ], [ -0.104767335477475, 51.512384585672763 ], [ -0.102752448493463, 51.512334798591162 ], [ -0.102752448493463, 51.512334798591162 ], [ -0.102752448493463, 51.512334798591162 ], [ -0.100737567296188, 51.512284976936662 ], [ -0.100737567296188, 51.512284976936662 ], [ -0.100737567296188, 51.512284976936662 ], [ -0.100737567296188, 51.512284976936662 ], [ -0.098722691889647, 51.512235120709512 ], [ -0.098722691889647, 51.512235120709512 ], [ -0.098722691889647, 51.512235120709512 ], [ -0.096707822277833, 51.512185229909903 ], [ -0.096707822277833, 51.512185229909903 ], [ -0.096707822277833, 51.512185229909903 ], [ -0.094692958464742, 51.512135304538091 ], [ -0.094692958464742, 51.512135304538091 ], [ -0.094692958464742, 51.512135304538091 ], [ -0.092678100454365, 51.512085344594318 ], [ -0.092678100454365, 51.512085344594318 ], [ -0.092678100454365, 51.512085344594318 ], [ -0.092678100454365, 51.512085344594318 ], [ -0.090663248250702, 51.512035350078811 ], [ -0.090663248250702, 51.512035350078811 ], [ -0.090663248250702, 51.512035350078811 ], [ -0.088648401857744, 51.511985320991784 ], [ -0.088648401857744, 51.511985320991784 ], [ -0.088648401857744, 51.511985320991784 ], [ -0.086633561279488, 51.511935257333477 ], [ -0.086633561279488, 51.511935257333477 ], [ -0.086633561279488, 51.511935257333477 ], [ -0.084618726519924, 51.511885159104146 ], [ -0.084618726519924, 51.511885159104146 ], [ -0.084618726519924, 51.511885159104146 ], [ -0.082603897583052, 51.511835026303991 ], [ -0.082603897583052, 51.511835026303991 ], [ -0.082603897583052, 51.511835026303991 ], [ -0.082603897583052, 51.511835026303991 ], [ -0.081020821791478, 51.511795611994401 ], [ -0.081020821791478, 51.511795611994401 ], [ -0.081020821791478, 51.511795611994401 ], [ -0.081020821791478, 51.511795611994401 ], [ -0.081020821791478, 51.511795611994401 ], [ -0.082603897583052, 51.511835026303991 ], [ -0.082603897583052, 51.511835026303991 ], [ -0.082603897583052, 51.511835026303991 ], [ -0.082603897583052, 51.511835026303991 ], [ -0.084618726519924, 51.511885159104146 ], [ -0.084618726519924, 51.511885159104146 ], [ -0.084618726519924, 51.511885159104146 ], [ -0.086633561279488, 51.511935257333477 ], [ -0.086633561279488, 51.511935257333477 ], [ -0.086633561279488, 51.511935257333477 ], [ -0.088648401857744, 51.511985320991784 ], [ -0.088648401857744, 51.511985320991784 ], [ -0.088648401857744, 51.511985320991784 ], [ -0.090663248250702, 51.512035350078811 ], [ -0.090663248250702, 51.512035350078811 ], [ -0.090663248250702, 51.512035350078811 ], [ -0.092678100454365, 51.512085344594318 ], [ -0.092678100454365, 51.512085344594318 ], [ -0.092678100454365, 51.512085344594318 ], [ -0.092678100454365, 51.512085344594318 ], [ -0.094692958464742, 51.512135304538091 ], [ -0.094692958464742, 51.512135304538091 ], [ -0.094692958464742, 51.512135304538091 ], [ -0.096707822277833, 51.512185229909903 ], [ -0.096707822277833, 51.512185229909903 ], [ -0.096707822277833, 51.512185229909903 ], [ -0.098722691889647, 51.512235120709512 ], [ -0.098722691889647, 51.512235120709512 ], [ -0.098722691889647, 51.512235120709512 ], [ -0.100737567296188, 51.512284976936662 ], [ -0.100737567296188, 51.512284976936662 ], [ -0.100737567296188, 51.512284976936662 ], [ -0.102752448493463, 51.512334798591162 ], [ -0.102752448493463, 51.512334798591162 ], [ -0.102752448493463, 51.512334798591162 ], [ -0.102752448493463, 51.512334798591162 ], [ -0.104767335477475, 51.512384585672763 ], [ -0.104767335477475, 51.512384585672763 ], [ -0.104767335477475, 51.512384585672763 ], [ -0.106782228244229, 51.512434338181222 ], [ -0.106782228244229, 51.512434338181222 ], [ -0.106782228244229, 51.512434338181222 ], [ -0.108797126789729, 51.512484056116321 ], [ -0.108797126789729, 51.512484056116321 ], [ -0.108797126789729, 51.512484056116321 ], [ -0.110812031109984, 51.512533739477824 ], [ -0.110812031109984, 51.512533739477824 ], [ -0.110812031109984, 51.512533739477824 ], [ -0.110812031109984, 51.512533739477824 ], [ -0.112826941200993, 51.512583388265512 ], [ -0.112826941200993, 51.512583388265512 ], [ -0.112826941200993, 51.512583388265512 ], [ -0.114841857058765, 51.51263300247912 ], [ -0.114841857058765, 51.51263300247912 ], [ -0.114841857058765, 51.51263300247912 ], [ -0.116856778679303, 51.512682582118465 ], [ -0.116856778679303, 51.512682582118465 ], [ -0.116856778679303, 51.512682582118465 ], [ -0.116856778679303, 51.512682582118465 ], [ -0.116856778679303, 51.512682582118465 ], [ -0.116856778679303, 51.512682582118465 ], [ -0.116777344608409, 51.513939826049452 ], [ -0.116777344608409, 51.513939826049452 ], [ -0.116777344608409, 51.513939826049452 ], [ -0.116777344608409, 51.513939826049452 ], [ -0.116777344608409, 51.513939826049452 ], [ -0.116777344608409, 51.513939826049452 ], [ -0.114762367662106, 51.513890244190996 ], [ -0.114762367662106, 51.513890244190996 ], [ -0.114762367662106, 51.513890244190996 ], [ -0.11274739647912, 51.5138406277567 ], [ -0.11274739647912, 51.5138406277567 ], [ -0.11274739647912, 51.5138406277567 ], [ -0.11274739647912, 51.5138406277567 ], [ -0.110732431063449, 51.513790976746805 ], [ -0.110732431063449, 51.513790976746805 ], [ -0.110732431063449, 51.513790976746805 ], [ -0.108717471419086, 51.513741291161544 ], [ -0.108717471419086, 51.513741291161544 ], [ -0.108717471419086, 51.513741291161544 ], [ -0.106702517550028, 51.513691571001132 ], [ -0.106702517550028, 51.513691571001132 ], [ -0.106702517550028, 51.513691571001132 ], [ -0.10468756946027, 51.513641816265839 ], [ -0.10468756946027, 51.513641816265839 ], [ -0.10468756946027, 51.513641816265839 ], [ -0.102672627153809, 51.513592026955855 ], [ -0.102672627153809, 51.513592026955855 ], [ -0.102672627153809, 51.513592026955855 ], [ -0.102672627153809, 51.513592026955855 ], [ -0.100657690634637, 51.513542203071438 ], [ -0.100657690634637, 51.513542203071438 ], [ -0.100657690634637, 51.513542203071438 ], [ -0.098642759906753, 51.513492344612807 ], [ -0.098642759906753, 51.513492344612807 ], [ -0.098642759906753, 51.513492344612807 ], [ -0.09662783497415, 51.51344245158019 ], [ -0.09662783497415, 51.51344245158019 ], [ -0.09662783497415, 51.51344245158019 ], [ -0.094612915840825, 51.513392523973835 ], [ -0.094612915840825, 51.513392523973835 ], [ -0.094612915840825, 51.513392523973835 ], [ -0.092598002510772, 51.513342561793962 ], [ -0.092598002510772, 51.513342561793962 ], [ -0.092598002510772, 51.513342561793962 ], [ -0.092598002510772, 51.513342561793962 ], [ -0.090583094987986, 51.5132925650408 ], [ -0.090583094987986, 51.5132925650408 ], [ -0.090583094987986, 51.5132925650408 ], [ -0.088568193276462, 51.513242533714596 ], [ -0.088568193276462, 51.513242533714596 ], [ -0.088568193276462, 51.513242533714596 ], [ -0.086553297380195, 51.513192467815578 ], [ -0.086553297380195, 51.513192467815578 ], [ -0.086553297380195, 51.513192467815578 ], [ -0.084538407303179, 51.513142367343974 ], [ -0.084538407303179, 51.513142367343974 ], [ -0.084538407303179, 51.513142367343974 ], [ -0.084538407303179, 51.513142367343974 ], [ -0.082523523049411, 51.513092232300011 ], [ -0.082523523049411, 51.513092232300011 ], [ -0.082523523049411, 51.513092232300011 ], [ -0.080940403794952, 51.513052816226349 ], [ -0.080940403794952, 51.513052816226349 ], [ -0.080940403794952, 51.513052816226349 ], [ -0.080859979968047, 51.514310020097419 ], [ -0.080859979968047, 51.514310020097419 ], [ -0.080859979968047, 51.514310020097419 ], [ -0.082443142688529, 51.514349437935245 ], [ -0.082443142688529, 51.514349437935245 ], [ -0.082443142688529, 51.514349437935245 ], [ -0.084458082263188, 51.514399575223131 ], [ -0.084458082263188, 51.514399575223131 ], [ -0.084458082263188, 51.514399575223131 ], [ -0.084458082263188, 51.514399575223131 ], [ -0.086473027661651, 51.514449677937129 ], [ -0.086473027661651, 51.514449677937129 ], [ -0.086473027661651, 51.514449677937129 ], [ -0.088487978879922, 51.514499746076993 ], [ -0.088487978879922, 51.514499746076993 ], [ -0.088487978879922, 51.514499746076993 ], [ -0.090502935914008, 51.514549779642508 ], [ -0.090502935914008, 51.514549779642508 ], [ -0.090502935914008, 51.514549779642508 ], [ -0.092517898759911, 51.514599778633432 ], [ -0.092517898759911, 51.514599778633432 ], [ -0.092517898759911, 51.514599778633432 ], [ -0.094532867413638, 51.51464974304951 ], [ -0.094532867413638, 51.51464974304951 ], [ -0.094532867413638, 51.51464974304951 ], [ -0.094532867413638, 51.51464974304951 ], [ -0.096547841871191, 51.514699672890551 ], [ -0.096547841871191, 51.514699672890551 ], [ -0.096547841871191, 51.514699672890551 ], [ -0.098562822128577, 51.514749568156297 ], [ -0.098562822128577, 51.514749568156297 ], [ -0.098562822128577, 51.514749568156297 ], [ -0.100577808181799, 51.514799428846509 ], [ -0.100577808181799, 51.514799428846509 ], [ -0.100577808181799, 51.514799428846509 ], [ -0.102592800026862, 51.514849254960986 ], [ -0.102592800026862, 51.514849254960986 ], [ -0.102592800026862, 51.514849254960986 ], [ -0.102592800026862, 51.514849254960986 ], [ -0.10460779765977, 51.51489904649948 ], [ -0.10460779765977, 51.51489904649948 ], [ -0.10460779765977, 51.51489904649948 ], [ -0.106622801076528, 51.514948803461735 ], [ -0.106622801076528, 51.514948803461735 ], [ -0.106622801076528, 51.514948803461735 ], [ -0.108637810273138, 51.514998525847552 ], [ -0.108637810273138, 51.514998525847552 ], [ -0.108637810273138, 51.514998525847552 ], [ -0.110652825245606, 51.515048213656691 ], [ -0.110652825245606, 51.515048213656691 ], [ -0.110652825245606, 51.515048213656691 ], [ -0.112667845989935, 51.515097866888929 ], [ -0.112667845989935, 51.515097866888929 ], [ -0.112667845989935, 51.515097866888929 ], [ -0.112667845989935, 51.515097866888929 ], [ -0.11468287250213, 51.515147485544013 ], [ -0.11468287250213, 51.515147485544013 ], [ -0.11468287250213, 51.515147485544013 ], [ -0.116697904778193, 51.515197069621728 ], [ -0.116697904778193, 51.515197069621728 ], [ -0.116697904778193, 51.515197069621728 ], [ -0.116697904778193, 51.515197069621728 ], [ -0.116697904778193, 51.515197069621728 ], [ -0.116697904778193, 51.515197069621728 ], [ -0.116618459188105, 51.5164543128353 ], [ -0.116618459188105, 51.5164543128353 ], [ -0.116618459188105, 51.5164543128353 ], [ -0.116618459188105, 51.5164543128353 ], [ -0.116618459188105, 51.5164543128353 ], [ -0.116618459188105, 51.5164543128353 ], [ -0.114603371578285, 51.516404726538212 ], [ -0.114603371578285, 51.516404726538212 ], [ -0.114603371578285, 51.516404726538212 ], [ -0.112588289732885, 51.516355105662207 ], [ -0.112588289732885, 51.516355105662207 ], [ -0.112588289732885, 51.516355105662207 ], [ -0.112588289732885, 51.516355105662207 ], [ -0.110573213655901, 51.516305450207533 ], [ -0.110573213655901, 51.516305450207533 ], [ -0.110573213655901, 51.516305450207533 ], [ -0.108558143351333, 51.516255760174388 ], [ -0.108558143351333, 51.516255760174388 ], [ -0.108558143351333, 51.516255760174388 ], [ -0.106543078823174, 51.51620603556303 ], [ -0.106543078823174, 51.51620603556303 ], [ -0.106543078823174, 51.51620603556303 ], [ -0.104528020075421, 51.516156276373678 ], [ -0.104528020075421, 51.516156276373678 ], [ -0.104528020075421, 51.516156276373678 ], [ -0.104528020075421, 51.516156276373678 ], [ -0.102512967112072, 51.516106482606567 ], [ -0.102512967112072, 51.516106482606567 ], [ -0.102512967112072, 51.516106482606567 ], [ -0.10049791993712, 51.516056654261924 ], [ -0.10049791993712, 51.516056654261924 ], [ -0.10049791993712, 51.516056654261924 ], [ -0.098482878554564, 51.51600679133999 ], [ -0.098482878554564, 51.51600679133999 ], [ -0.098482878554564, 51.51600679133999 ], [ -0.0964678429684, 51.515956893840979 ], [ -0.0964678429684, 51.515956893840979 ], [ -0.0964678429684, 51.515956893840979 ], [ -0.094452813182623, 51.515906961765154 ], [ -0.094452813182623, 51.515906961765154 ], [ -0.094452813182623, 51.515906961765154 ], [ -0.094452813182623, 51.515906961765154 ], [ -0.092437789201228, 51.515856995112706 ], [ -0.092437789201228, 51.515856995112706 ], [ -0.092437789201228, 51.515856995112706 ], [ -0.090422771028211, 51.51580699388392 ], [ -0.090422771028211, 51.51580699388392 ], [ -0.090422771028211, 51.51580699388392 ], [ -0.088407758667569, 51.515756958078981 ], [ -0.088407758667569, 51.515756958078981 ], [ -0.088407758667569, 51.515756958078981 ], [ -0.086392752123298, 51.515706887698137 ], [ -0.086392752123298, 51.515706887698137 ], [ -0.086392752123298, 51.515706887698137 ], [ -0.084377751399392, 51.515656782741637 ], [ -0.084377751399392, 51.515656782741637 ], [ -0.084377751399392, 51.515656782741637 ], [ -0.084377751399392, 51.515656782741637 ], [ -0.082362756499846, 51.515606643209701 ], [ -0.082362756499846, 51.515606643209701 ], [ -0.082362756499846, 51.515606643209701 ], [ -0.080779550310204, 51.51556722360759 ], [ -0.080779550310204, 51.51556722360759 ], [ -0.080779550310204, 51.51556722360759 ], [ -0.080779550310204, 51.51556722360759 ], [ -0.080779550310204, 51.51556722360759 ], [ -0.082362756499846, 51.515606643209701 ], [ -0.082362756499846, 51.515606643209701 ], [ -0.082362756499846, 51.515606643209701 ], [ -0.084377751399392, 51.515656782741637 ], [ -0.084377751399392, 51.515656782741637 ], [ -0.084377751399392, 51.515656782741637 ], [ -0.086392752123298, 51.515706887698137 ], [ -0.086392752123298, 51.515706887698137 ], [ -0.086392752123298, 51.515706887698137 ], [ -0.086392752123298, 51.515706887698137 ], [ -0.088407758667569, 51.515756958078981 ], [ -0.088407758667569, 51.515756958078981 ], [ -0.088407758667569, 51.515756958078981 ], [ -0.090422771028211, 51.51580699388392 ], [ -0.090422771028211, 51.51580699388392 ], [ -0.090422771028211, 51.51580699388392 ], [ -0.092437789201228, 51.515856995112706 ], [ -0.092437789201228, 51.515856995112706 ], [ -0.092437789201228, 51.515856995112706 ], [ -0.094452813182623, 51.515906961765154 ], [ -0.094452813182623, 51.515906961765154 ], [ -0.094452813182623, 51.515906961765154 ], [ -0.094452813182623, 51.515906961765154 ], [ -0.0964678429684, 51.515956893840979 ], [ -0.0964678429684, 51.515956893840979 ], [ -0.0964678429684, 51.515956893840979 ], [ -0.098482878554564, 51.51600679133999 ], [ -0.098482878554564, 51.51600679133999 ], [ -0.098482878554564, 51.51600679133999 ], [ -0.10049791993712, 51.516056654261924 ], [ -0.10049791993712, 51.516056654261924 ], [ -0.10049791993712, 51.516056654261924 ], [ -0.102512967112072, 51.516106482606567 ], [ -0.102512967112072, 51.516106482606567 ], [ -0.102512967112072, 51.516106482606567 ], [ -0.104528020075421, 51.516156276373678 ], [ -0.104528020075421, 51.516156276373678 ], [ -0.104528020075421, 51.516156276373678 ], [ -0.104528020075421, 51.516156276373678 ], [ -0.106543078823174, 51.51620603556303 ], [ -0.106543078823174, 51.51620603556303 ], [ -0.106543078823174, 51.51620603556303 ], [ -0.108558143351333, 51.516255760174388 ], [ -0.108558143351333, 51.516255760174388 ], [ -0.108558143351333, 51.516255760174388 ], [ -0.110573213655901, 51.516305450207533 ], [ -0.110573213655901, 51.516305450207533 ], [ -0.110573213655901, 51.516305450207533 ], [ -0.112588289732885, 51.516355105662207 ], [ -0.112588289732885, 51.516355105662207 ], [ -0.112588289732885, 51.516355105662207 ], [ -0.112588289732885, 51.516355105662207 ], [ -0.114603371578285, 51.516404726538212 ], [ -0.114603371578285, 51.516404726538212 ], [ -0.114603371578285, 51.516404726538212 ], [ -0.116618459188105, 51.5164543128353 ], [ -0.116618459188105, 51.5164543128353 ], [ -0.116618459188105, 51.5164543128353 ], [ -0.116618459188105, 51.5164543128353 ], [ -0.116618459188105, 51.5164543128353 ], [ -0.116618459188105, 51.5164543128353 ], [ -0.116539007837595, 51.517711555690134 ], [ -0.116539007837595, 51.517711555690134 ], [ -0.116539007837595, 51.517711555690134 ], [ -0.116539007837595, 51.517711555690134 ], [ -0.116539007837595, 51.517711555690134 ], [ -0.116539007837595, 51.517711555690134 ], [ -0.11452386489002, 51.517661967173559 ], [ -0.11452386489002, 51.517661967173559 ], [ -0.11452386489002, 51.517661967173559 ], [ -0.11452386489002, 51.517661967173559 ], [ -0.112508727707417, 51.517612344076525 ], [ -0.112508727707417, 51.517612344076525 ], [ -0.112508727707417, 51.517612344076525 ], [ -0.110493596293784, 51.517562686399259 ], [ -0.110493596293784, 51.517562686399259 ], [ -0.110493596293784, 51.517562686399259 ], [ -0.108478470653118, 51.517512994142002 ], [ -0.108478470653118, 51.517512994142002 ], [ -0.108478470653118, 51.517512994142002 ], [ -0.106463350789414, 51.517463267304969 ], [ -0.106463350789414, 51.517463267304969 ], [ -0.106463350789414, 51.517463267304969 ], [ -0.104448236706669, 51.517413505888413 ], [ -0.104448236706669, 51.517413505888413 ], [ -0.104448236706669, 51.517413505888413 ], [ -0.104448236706669, 51.517413505888413 ], [ -0.102433128408882, 51.51736370989255 ], [ -0.102433128408882, 51.51736370989255 ], [ -0.102433128408882, 51.51736370989255 ], [ -0.100418025900047, 51.517313879317619 ], [ -0.100418025900047, 51.517313879317619 ], [ -0.100418025900047, 51.517313879317619 ], [ -0.098402929184162, 51.51726401416385 ], [ -0.098402929184162, 51.51726401416385 ], [ -0.098402929184162, 51.51726401416385 ], [ -0.096387838265222, 51.517214114431468 ], [ -0.096387838265222, 51.517214114431468 ], [ -0.096387838265222, 51.517214114431468 ], [ -0.096387838265222, 51.517214114431468 ], [ -0.094372753147226, 51.517164180120716 ], [ -0.094372753147226, 51.517164180120716 ], [ -0.094372753147226, 51.517164180120716 ], [ -0.092357673834166, 51.517114211231807 ], [ -0.092357673834166, 51.517114211231807 ], [ -0.092357673834166, 51.517114211231807 ], [ -0.090342600330041, 51.51706420776501 ], [ -0.090342600330041, 51.51706420776501 ], [ -0.090342600330041, 51.51706420776501 ], [ -0.088327532638847, 51.517014169720525 ], [ -0.088327532638847, 51.517014169720525 ], [ -0.088327532638847, 51.517014169720525 ], [ -0.08631247076458, 51.516964097098601 ], [ -0.08631247076458, 51.516964097098601 ], [ -0.08631247076458, 51.516964097098601 ], [ -0.08631247076458, 51.516964097098601 ], [ -0.084297414711236, 51.51691398989945 ], [ -0.084297414711236, 51.51691398989945 ], [ -0.084297414711236, 51.51691398989945 ], [ -0.082282364482809, 51.516863848123336 ], [ -0.082282364482809, 51.516863848123336 ], [ -0.082282364482809, 51.516863848123336 ], [ -0.080699114820865, 51.516824426756862 ], [ -0.080699114820865, 51.516824426756862 ], [ -0.080699114820865, 51.516824426756862 ], [ -0.080618673499471, 51.518081629545264 ], [ -0.080618673499471, 51.518081629545264 ], [ -0.080618673499471, 51.518081629545264 ], [ -0.082201966636857, 51.518121052676186 ], [ -0.082201966636857, 51.518121052676186 ], [ -0.082201966636857, 51.518121052676186 ], [ -0.084217072198159, 51.518171196696613 ], [ -0.084217072198159, 51.518171196696613 ], [ -0.084217072198159, 51.518171196696613 ], [ -0.086232183584939, 51.5182213061385 ], [ -0.086232183584939, 51.5182213061385 ], [ -0.086232183584939, 51.5182213061385 ], [ -0.086232183584939, 51.5182213061385 ], [ -0.088247300793197, 51.518271381001654 ], [ -0.088247300793197, 51.518271381001654 ], [ -0.088247300793197, 51.518271381001654 ], [ -0.090262423818939, 51.518321421285805 ], [ -0.090262423818939, 51.518321421285805 ], [ -0.090262423818939, 51.518321421285805 ], [ -0.092277552658169, 51.518371426990733 ], [ -0.092277552658169, 51.518371426990733 ], [ -0.092277552658169, 51.518371426990733 ], [ -0.094292687306888, 51.518421398116232 ], [ -0.094292687306888, 51.518421398116232 ], [ -0.094292687306888, 51.518421398116232 ], [ -0.096307827761102, 51.518471334662024 ], [ -0.096307827761102, 51.518471334662024 ], [ -0.096307827761102, 51.518471334662024 ], [ -0.096307827761102, 51.518471334662024 ], [ -0.098322974016812, 51.518521236627905 ], [ -0.098322974016812, 51.518521236627905 ], [ -0.098322974016812, 51.518521236627905 ], [ -0.100338126070023, 51.518571104013631 ], [ -0.100338126070023, 51.518571104013631 ], [ -0.100338126070023, 51.518571104013631 ], [ -0.102353283916739, 51.518620936818984 ], [ -0.102353283916739, 51.518620936818984 ], [ -0.102353283916739, 51.518620936818984 ], [ -0.104368447552961, 51.518670735043713 ], [ -0.104368447552961, 51.518670735043713 ], [ -0.104368447552961, 51.518670735043713 ], [ -0.104368447552961, 51.518670735043713 ], [ -0.106383616974693, 51.5187204986876 ], [ -0.106383616974693, 51.5187204986876 ], [ -0.106383616974693, 51.5187204986876 ], [ -0.108398792177939, 51.518770227750409 ], [ -0.108398792177939, 51.518770227750409 ], [ -0.108398792177939, 51.518770227750409 ], [ -0.1104139731587, 51.518819922231913 ], [ -0.1104139731587, 51.518819922231913 ], [ -0.1104139731587, 51.518819922231913 ], [ -0.11242915991298, 51.518869582131877 ], [ -0.11242915991298, 51.518869582131877 ], [ -0.11242915991298, 51.518869582131877 ], [ -0.114444352436781, 51.518919207450075 ], [ -0.114444352436781, 51.518919207450075 ], [ -0.114444352436781, 51.518919207450075 ], [ -0.114444352436781, 51.518919207450075 ], [ -0.116459550726106, 51.518968798186265 ], [ -0.116459550726106, 51.518968798186265 ], [ -0.116459550726106, 51.518968798186265 ], [ -0.116459550726106, 51.518968798186265 ], [ -0.116459550726106, 51.518968798186265 ], [ -0.116459550726106, 51.518968798186265 ], [ -0.116459550726106, 51.518968798186265 ], [ -0.116459550726106, 51.518968798186265 ], [ -0.116459550726106, 51.518968798186265 ], [ -0.116459550726106, 51.518968798186265 ], [ -0.116459550726106, 51.518968798186265 ], [ -0.114444352436781, 51.518919207450075 ], [ -0.114444352436781, 51.518919207450075 ], [ -0.114444352436781, 51.518919207450075 ], [ -0.114444352436781, 51.518919207450075 ], [ -0.11242915991298, 51.518869582131877 ], [ -0.11242915991298, 51.518869582131877 ], [ -0.11242915991298, 51.518869582131877 ], [ -0.1104139731587, 51.518819922231913 ], [ -0.1104139731587, 51.518819922231913 ], [ -0.1104139731587, 51.518819922231913 ], [ -0.108398792177939, 51.518770227750409 ], [ -0.108398792177939, 51.518770227750409 ], [ -0.108398792177939, 51.518770227750409 ], [ -0.106383616974693, 51.5187204986876 ], [ -0.106383616974693, 51.5187204986876 ], [ -0.106383616974693, 51.5187204986876 ], [ -0.106383616974693, 51.5187204986876 ], [ -0.104368447552961, 51.518670735043713 ], [ -0.104368447552961, 51.518670735043713 ], [ -0.104368447552961, 51.518670735043713 ], [ -0.102353283916739, 51.518620936818984 ], [ -0.102353283916739, 51.518620936818984 ], [ -0.102353283916739, 51.518620936818984 ], [ -0.100338126070023, 51.518571104013631 ], [ -0.100338126070023, 51.518571104013631 ], [ -0.100338126070023, 51.518571104013631 ], [ -0.098322974016812, 51.518521236627905 ], [ -0.098322974016812, 51.518521236627905 ], [ -0.098322974016812, 51.518521236627905 ], [ -0.096307827761102, 51.518471334662024 ], [ -0.096307827761102, 51.518471334662024 ], [ -0.096307827761102, 51.518471334662024 ], [ -0.096307827761102, 51.518471334662024 ], [ -0.094292687306888, 51.518421398116232 ], [ -0.094292687306888, 51.518421398116232 ], [ -0.094292687306888, 51.518421398116232 ], [ -0.092277552658169, 51.518371426990733 ], [ -0.092277552658169, 51.518371426990733 ], [ -0.092277552658169, 51.518371426990733 ], [ -0.090262423818939, 51.518321421285805 ], [ -0.090262423818939, 51.518321421285805 ], [ -0.090262423818939, 51.518321421285805 ], [ -0.088247300793197, 51.518271381001654 ], [ -0.088247300793197, 51.518271381001654 ], [ -0.088247300793197, 51.518271381001654 ], [ -0.086232183584939, 51.5182213061385 ], [ -0.086232183584939, 51.5182213061385 ], [ -0.086232183584939, 51.5182213061385 ], [ -0.086232183584939, 51.5182213061385 ], [ -0.084217072198159, 51.518171196696613 ], [ -0.084217072198159, 51.518171196696613 ], [ -0.084217072198159, 51.518171196696613 ], [ -0.082201966636857, 51.518121052676186 ], [ -0.082201966636857, 51.518121052676186 ], [ -0.082201966636857, 51.518121052676186 ], [ -0.080618673499471, 51.518081629545264 ], [ -0.080618673499471, 51.518081629545264 ], [ -0.080618673499471, 51.518081629545264 ], [ -0.080538226345467, 51.519338831972739 ], [ -0.080538226345467, 51.519338831972739 ], [ -0.080538226345467, 51.519338831972739 ], [ -0.082121562961431, 51.519378256868222 ], [ -0.082121562961431, 51.519378256868222 ], [ -0.082121562961431, 51.519378256868222 ], [ -0.084136723859608, 51.519428403133062 ], [ -0.084136723859608, 51.519428403133062 ], [ -0.084136723859608, 51.519428403133062 ], [ -0.086151890583818, 51.519478514817841 ], [ -0.086151890583818, 51.519478514817841 ], [ -0.086151890583818, 51.519478514817841 ], [ -0.088167063130064, 51.519528591922324 ], [ -0.088167063130064, 51.519528591922324 ], [ -0.088167063130064, 51.519528591922324 ], [ -0.088167063130064, 51.519528591922324 ], [ -0.090182241494351, 51.519578634446276 ], [ -0.090182241494351, 51.519578634446276 ], [ -0.090182241494351, 51.519578634446276 ], [ -0.092197425672681, 51.519628642389456 ], [ -0.092197425672681, 51.519628642389456 ], [ -0.092197425672681, 51.519628642389456 ], [ -0.094212615661059, 51.519678615751651 ], [ -0.094212615661059, 51.519678615751651 ], [ -0.094212615661059, 51.519678615751651 ], [ -0.096227811455483, 51.51972855453262 ], [ -0.096227811455483, 51.51972855453262 ], [ -0.096227811455483, 51.51972855453262 ], [ -0.096227811455483, 51.51972855453262 ], [ -0.098243013051963, 51.519778458732119 ], [ -0.098243013051963, 51.519778458732119 ], [ -0.098243013051963, 51.519778458732119 ], [ -0.100258220446497, 51.519828328349931 ], [ -0.100258220446497, 51.519828328349931 ] ] } }
]
}
