<?xml version="1.0" encoding="UTF-8"?>
<kml xmlns="http://www.opengis.net/kml/2.2" xmlns:gx="http://www.google.com/kml/ext/2.2">
    <Document id="1">
        <Style id="4">
            <LineStyle id="5">
                <colorMode>normal</colorMode>
                <width>3</width>
            </LineStyle>
        </Style>
        <Placemark id="3">
            <name>route</name>
            <styleUrl>#4</styleUrl>
            <LineString id="2">
                <altitudeMode>clampToGround</altitudeMode>
                <coordinates>-0.08302937846153083,51.48036538892793,0.0 -0.08461136870018217,51.48040475916703,0.0 -0.08461136870018217,51.48040475916703,0.0 -0.08461136870018217,51.48040475916703,0.0 -0.08662481601182066,51.48045483591186,0.0 -0.08662481601182066,51.48045483591186,0.0 -0.08662481601182066,51.48045483591186,0.0 -0.08863826913224371,51.480504878124414,0.0 -0.08863826913224371,51.480504878124414,0.0 -0.08863826913224371,51.480504878124414,0.0 -0.09065172805746491,51.48055488580445,0.0 -0.09065172805746491,51.48055488580445,0.0 -0.09065172805746491,51.48055488580445,0.0 -0.09266519278350022,51.48060485895176,0.0 -0.09266519278350022,51.48060485895176,0.0 -0.09266519278350022,51.48060485895176,0.0 -0.09266519278350022,51.48060485895176,0.0 -0.0946786633063652,51.48065479756608,0.0 -0.0946786633063652,51.48065479756608,0.0 -0.0946786633063652,51.48065479756608,0.0 -0.096692139622073,51.480704701647205,0.0 -0.096692139622073,51.480704701647205,0.0 -0.096692139622073,51.480704701647205,0.0 -0.0987056217266396,51.48075457119488,0.0 -0.0987056217266396,51.48075457119488,0.0 -0.0987056217266396,51.48075457119488,0.0 -0.10071910961608056,51.480804406208904,0.0 -0.10071910961608056,51.480804406208904,0.0 -0.10071910961608056,51.480804406208904,0.0 -0.10273260328640905,51.48085420668902,0.0 -0.10273260328640905,51.48085420668902,0.0 -0.10273260328640905,51.48085420668902,0.0 -0.10273260328640905,51.48085420668902,0.0 -0.10474610273363985,51.480903972635005,0.0 -0.10474610273363985,51.480903972635005,0.0 -0.10474610273363985,51.480903972635005,0.0 -0.1067596079537881,51.48095370404663,0.0 -0.1067596079537881,51.48095370404663,0.0 -0.1067596079537881,51.48095370404663,0.0 -0.10877311894286856,51.48100340092365,0.0 -0.10877311894286856,51.48100340092365,0.0 -0.10877311894286856,51.48100340092365,0.0 -0.11078663569689443,51.481053063265854,0.0 -0.11078663569689443,51.481053063265854,0.0 -0.11078663569689443,51.481053063265854,0.0 -0.11078663569689443,51.481053063265854,0.0 -0.11280015821188165,51.481102691073,0.0 -0.11280015821188165,51.481102691073,0.0 -0.11280015821188165,51.481102691073,0.0 -0.11481368648384221,51.48115228434485,0.0 -0.11481368648384221,51.48115228434485,0.0 -0.11481368648384221,51.48115228434485,0.0 -0.11682722050879248,51.481201843081195,0.0 -0.11682722050879248,51.481201843081195,0.0 -0.11682722050879248,51.481201843081195,0.0 -0.1188407602827448,51.48125136728178,0.0 -0.1188407602827448,51.48125136728178,0.0 -0.1188407602827448,51.48125136728178,0.0 -0.1188407602827448,51.48125136728178,0.0 -0.1188407602827448,51.48125136728178,0.0 -0.1188407602827448,51.48125136728178,0.0 -0.1188407602827448,51.48125136728178,0.0 -0.11682722050879248,51.481201843081195,0.0 -0.11682722050879248,51.481201843081195,0.0 -0.11682722050879248,51.481201843081195,0.0 -0.11481368648384221,51.48115228434485,0.0 -0.11481368648384221,51.48115228434485,0.0 -0.11481368648384221,51.48115228434485,0.0 -0.11280015821188165,51.481102691073,0.0 -0.11280015821188165,51.481102691073,0.0 -0.11280015821188165,51.481102691073,0.0 -0.11078663569689443,51.481053063265854,0.0 -0.11078663569689443,51.481053063265854,0.0 -0.11078663569689443,51.481053063265854,0.0 -0.11078663569689443,51.481053063265854,0.0 -0.10877311894286856,51.48100340092365,0.0 -0.10877311894286856,51.48100340092365,0.0 -0.10877311894286856,51.48100340092365,0.0 -0.1067596079537881,51.48095370404663,0.0 -0.1067596079537881,51.48095370404663,0.0 -0.1067596079537881,51.48095370404663,0.0 -0.10474610273363985,51.480903972635005,0.0 -0.10474610273363985,51.480903972635005,0.0 -0.10474610273363985,51.480903972635005,0.0 -0.10273260328640905,51.48085420668902,0.0 -0.10273260328640905,51.48085420668902,0.0 -0.10273260328640905,51.48085420668902,0.0 -0.10273260328640905,51.48085420668902,0.0 -0.10071910961608056,51.480804406208904,0.0 -0.10071910961608056,51.480804406208904,0.0 -0.10071910961608056,51.480804406208904,0.0 -0.0987056217266396,51.48075457119488,0.0 -0.0987056217266396,51.48075457119488,0.0 -0.0987056217266396,51.48075457119488,0.0 -0.096692139622073,51.480704701647205,0.0 -0.096692139622073,51.480704701647205,0.0 -0.096692139622073,51.480704701647205,0.0 -0.0946786633063652,51.48065479756608,0.0 -0.0946786633063652,51.48065479756608,0.0 -0.0946786633063652,51.48065479756608,0.0 -0.09266519278350022,51.48060485895176,0.0 -0.09266519278350022,51.48060485895176,0.0 -0.09266519278350022,51.48060485895176,0.0 -0.09266519278350022,51.48060485895176,0.0 -0.09065172805746491,51.48055488580445,0.0 -0.09065172805746491,51.48055488580445,0.0 -0.09065172805746491,51.48055488580445,0.0 -0.08863826913224371,51.480504878124414,0.0 -0.08863826913224371,51.480504878124414,0.0 -0.08863826913224371,51.480504878124414,0.0 -0.08662481601182066,51.48045483591186,0.0 -0.08662481601182066,51.48045483591186,0.0 -0.08662481601182066,51.48045483591186,0.0 -0.08461136870018217,51.48040475916703,0.0 -0.08461136870018217,51.48040475916703,0.0 -0.08461136870018217,51.48040475916703,0.0 -0.08302937846153083,51.48036538892793,0.0 -0.08302937846153083,51.48036538892793,0.0 -0.08302937846153083,51.48036538892793,0.0 -0.08302937846153083,51.48036538892793,0.0 -0.08302937846153083,51.48036538892793,0.0 -0.08302937846153083,51.48036538892793,0.0 -0.0829491060433943,51.48162260217988,0.0 -0.0829491060433943,51.48162260217988,0.0 -0.0829491060433943,51.48162260217988,0.0 -0.0829491060433943,51.48162260217988,0.0 -0.0829491060433943,51.48162260217988,0.0 -0.08453113966656199,51.48166197418063,0.0 -0.08453113966656199,51.48166197418063,0.0 -0.08453113966656199,51.48166197418063,0.0 -0.08453113966656199,51.48166197418063,0.0 -0.0865446421953523,51.4817120531662,0.0 -0.0865446421953523,51.4817120531662,0.0 -0.0865446421953523,51.4817120531662,0.0 -0.08855815053348218,51.48176209761795,0.0 -0.08855815053348218,51.48176209761795,0.0 -0.08855815053348218,51.48176209761795,0.0 -0.09057166467696562,51.48181210753566,0.0 -0.09057166467696562,51.48181210753566,0.0 -0.09057166467696562,51.48181210753566,0.0 -0.09258518462181817,51.481862082919086,0.0 -0.09258518462181817,51.481862082919086,0.0 -0.09258518462181817,51.481862082919086,0.0 -0.09258518462181817,51.481862082919086,0.0 -0.0945987103640538,51.48191202376799,0.0 -0.0945987103640538,51.48191202376799,0.0 -0.0945987103640538,51.48191202376799,0.0 -0.09661224189968727,51.48196193008216,0.0 -0.09661224189968727,51.48196193008216,0.0 -0.09661224189968727,51.48196193008216,0.0 -0.09862577922473137,51.48201180186133,0.0 -0.09862577922473137,51.48201180186133,0.0 -0.09862577922473137,51.48201180186133,0.0 -0.10063932233520403,51.48206163910531,0.0 -0.10063932233520403,51.48206163910531,0.0 -0.10063932233520403,51.48206163910531,0.0 -0.10265287122711646,51.48211144181385,0.0 -0.10265287122711646,51.48211144181385,0.0 -0.10265287122711646,51.48211144181385,0.0 -0.10265287122711646,51.48211144181385,0.0 -0.10466642589648459,51.48216120998671,0.0 -0.10466642589648459,51.48216120998671,0.0 -0.10466642589648459,51.48216120998671,0.0 -0.106679986339322,51.482210943623656,0.0 -0.106679986339322,51.482210943623656,0.0 -0.106679986339322,51.482210943623656,0.0 -0.10869355255164229,51.48226064272448,0.0 -0.10869355255164229,51.48226064272448,0.0 -0.10869355255164229,51.48226064272448,0.0 -0.11070712452945898,51.48231030728894,0.0 -0.11070712452945898,51.48231030728894,0.0 -0.11070712452945898,51.48231030728894,0.0 -0.11272070226878728,51.4823599373168,0.0 -0.11272070226878728,51.4823599373168,0.0 -0.11272070226878728,51.4823599373168,0.0 -0.11272070226878728,51.4823599373168,0.0 -0.11473428576564074,51.48240953280783,0.0 -0.11473428576564074,51.48240953280783,0.0 -0.11473428576564074,51.48240953280783,0.0 -0.11674787501603333,51.482459093761804,0.0 -0.11674787501603333,51.482459093761804,0.0 -0.11674787501603333,51.482459093761804,0.0 -0.11876147001597824,51.4825086201785,0.0 -0.11876147001597824,51.4825086201785,0.0 -0.11876147001597824,51.4825086201785,0.0 -0.11876147001597824,51.4825086201785,0.0 -0.118682174003645,51.483765872716646,0.0 -0.118682174003645,51.483765872716646,0.0 -0.118682174003645,51.483765872716646,0.0 -0.118682174003645,51.483765872716646,0.0 -0.11666852377372229,51.483716344083746,0.0 -0.11666852377372229,51.483716344083746,0.0 -0.11666852377372229,51.483716344083746,0.0 -0.11465487929390013,51.48366678091201,0.0 -0.11465487929390013,51.48366678091201,0.0 -0.11465487929390013,51.48366678091201,0.0 -0.11264124056816893,51.48361718320169,0.0 -0.11264124056816893,51.48361718320169,0.0 -0.11264124056816893,51.48361718320169,0.0 -0.11264124056816893,51.48361718320169,0.0 -0.11062760760051155,51.48356755095299,0.0 -0.11062760760051155,51.48356755095299,0.0 -0.11062760760051155,51.48356755095299,0.0 -0.10861398039491837,51.48351788416615,0.0 -0.10861398039491837,51.48351788416615,0.0 -0.10861398039491837,51.48351788416615,0.0 -0.10660035895537068,51.483468182841406,0.0 -0.10660035895537068,51.483468182841406,0.0 -0.10660035895537068,51.483468182841406,0.0 -0.10458674328586044,51.483418446978995,0.0 -0.10458674328586044,51.483418446978995,0.0 -0.10458674328586044,51.483418446978995,0.0 -0.10257313339037014,51.48336867657914,0.0 -0.10257313339037014,51.48336867657914,0.0 -0.10257313339037014,51.48336867657914,0.0 -0.10257313339037014,51.48336867657914,0.0 -0.10055952927288775,51.48331887164206,0.0 -0.10055952927288775,51.48331887164206,0.0 -0.10055952927288775,51.48331887164206,0.0 -0.09854593093739775,51.483269032168,0.0 -0.09854593093739775,51.483269032168,0.0 -0.09854593093739775,51.483269032168,0.0 -0.09653233838788973,51.48321915815719,0.0 -0.09653233838788973,51.48321915815719,0.0 -0.09653233838788973,51.48321915815719,0.0 -0.09451875162834575,51.48316924960987,0.0 -0.09451875162834575,51.48316924960987,0.0 -0.09451875162834575,51.48316924960987,0.0 -0.09451875162834575,51.48316924960987,0.0 -0.09250517066275304,51.48311930652626,0.0 -0.09250517066275304,51.48311930652626,0.0 -0.09250517066275304,51.48311930652626,0.0 -0.09049159549509841,51.48306932890661,0.0 -0.09049159549509841,51.48306932890661,0.0 -0.09049159549509841,51.48306932890661,0.0 -0.0884780261293675,51.48301931675111,0.0 -0.0884780261293675,51.48301931675111,0.0 -0.0884780261293675,51.48301931675111,0.0 -0.08646446256954515,51.48296927006003,0.0 -0.08646446256954515,51.48296927006003,0.0 -0.08646446256954515,51.48296927006003,0.0 -0.08445090481961619,51.482919188833606,0.0 -0.08445090481961619,51.482919188833606,0.0 -0.08445090481961619,51.482919188833606,0.0 -0.08445090481961619,51.482919188833606,0.0 -0.08286882780880248,51.482879815071094,0.0 -0.08286882780880248,51.482879815071094,0.0 -0.08286882780880248,51.482879815071094,0.0 -0.08286882780880248,51.482879815071094,0.0 -0.08286882780880248,51.482879815071094,0.0 -0.08278854375719957,51.48413702760158,0.0 -0.08278854375719957,51.48413702760158,0.0 -0.08278854375719957,51.48413702760158,0.0 -0.08278854375719957,51.48413702760158,0.0 -0.08278854375719957,51.48413702760158,0.0 -0.08437066415879056,51.48417640312595,0.0 -0.08437066415879056,51.48417640312595,0.0 -0.08437066415879056,51.48417640312595,0.0 -0.08437066415879056,51.48417640312595,0.0 -0.08638427713384142,51.48422648659337,0.0 -0.08638427713384142,51.48422648659337,0.0 -0.08638427713384142,51.48422648659337,0.0 -0.08839789591934227,51.48427653552389,0.0 -0.08839789591934227,51.48427653552389,0.0 -0.08839789591934227,51.48427653552389,0.0 -0.09041152051130669,51.484326549917284,0.0 -0.09041152051130669,51.484326549917284,0.0 -0.09041152051130669,51.484326549917284,0.0 -0.09242515090575022,51.48437652977331,0.0 -0.09242515090575022,51.48437652977331,0.0 -0.09242515090575022,51.48437652977331,0.0 -0.09443878709868446,51.48442647509174,0.0 -0.09443878709868446,51.48442647509174,0.0 -0.09443878709868446,51.48442647509174,0.0 -0.09443878709868446,51.48442647509174,0.0 -0.09645242908612457,51.484476385872355,0.0 -0.09645242908612457,51.484476385872355,0.0 -0.09645242908612457,51.484476385872355,0.0 -0.09846607686408414,51.4845262621149,0.0 -0.09846607686408414,51.4845262621149,0.0 -0.09846607686408414,51.4845262621149,0.0 -0.1004797304285763,51.484576103819165,0.0 -0.1004797304285763,51.484576103819165,0.0 -0.1004797304285763,51.484576103819165,0.0 -0.10249338977561546,51.4846259109849,0.0 -0.10249338977561546,51.4846259109849,0.0 -0.10249338977561546,51.4846259109849,0.0 -0.1045070549012148,51.48467568361187,0.0 -0.1045070549012148,51.48467568361187,0.0 -0.1045070549012148,51.48467568361187,0.0 -0.1045070549012148,51.48467568361187,0.0 -0.10652072580138586,51.48472542169987,0.0 -0.10652072580138586,51.48472542169987,0.0 -0.10652072580138586,51.48472542169987,0.0 -0.10853440247214502,51.48477512524865,0.0 -0.10853440247214502,51.48477512524865,0.0 -0.10853440247214502,51.48477512524865,0.0 -0.11054808490950228,51.48482479425799,0.0 -0.11054808490950228,51.48482479425799,0.0 -0.11054808490950228,51.48482479425799,0.0 -0.11256177310947399,51.48487442872765,0.0 -0.11256177310947399,51.48487442872765,0.0 -0.11256177310947399,51.48487442872765,0.0 -0.11256177310947399,51.48487442872765,0.0 -0.11457546706807174,51.48492402865739,0.0 -0.11457546706807174,51.48492402865739,0.0 -0.11457546706807174,51.48492402865739,0.0 -0.1165891667813079,51.484973594047005,0.0 -0.1165891667813079,51.484973594047005,0.0 -0.1165891667813079,51.484973594047005,0.0 -0.11860287224519604,51.485023124896244,0.0 -0.11860287224519604,51.485023124896244,0.0 -0.11860287224519604,51.485023124896244,0.0 -0.11860287224519604,51.485023124896244,0.0 -0.11860287224519604,51.485023124896244,0.0 -0.11860287224519604,51.485023124896244,0.0 -0.11860287224519604,51.485023124896244,0.0 -0.1165891667813079,51.484973594047005,0.0 -0.1165891667813079,51.484973594047005,0.0 -0.1165891667813079,51.484973594047005,0.0 -0.11457546706807174,51.48492402865739,0.0 -0.11457546706807174,51.48492402865739,0.0 -0.11457546706807174,51.48492402865739,0.0 -0.11457546706807174,51.48492402865739,0.0 -0.11256177310947399,51.48487442872765,0.0 -0.11256177310947399,51.48487442872765,0.0 -0.11256177310947399,51.48487442872765,0.0 -0.11054808490950228,51.48482479425799,0.0 -0.11054808490950228,51.48482479425799,0.0 -0.11054808490950228,51.48482479425799,0.0 -0.10853440247214502,51.48477512524865,0.0 -0.10853440247214502,51.48477512524865,0.0 -0.10853440247214502,51.48477512524865,0.0 -0.10652072580138586,51.48472542169987,0.0 -0.10652072580138586,51.48472542169987,0.0 -0.10652072580138586,51.48472542169987,0.0 -0.1045070549012148,51.48467568361187,0.0 -0.1045070549012148,51.48467568361187,0.0 -0.1045070549012148,51.48467568361187,0.0 -0.1045070549012148,51.48467568361187,0.0 -0.10249338977561546,51.4846259109849,0.0 -0.10249338977561546,51.4846259109849,0.0 -0.10249338977561546,51.4846259109849,0.0 -0.1004797304285763,51.484576103819165,0.0 -0.1004797304285763,51.484576103819165,0.0 -0.1004797304285763,51.484576103819165,0.0 -0.09846607686408414,51.4845262621149,0.0 -0.09846607686408414,51.4845262621149,0.0 -0.09846607686408414,51.4845262621149,0.0 -0.09645242908612457,51.484476385872355,0.0 -0.09645242908612457,51.484476385872355,0.0 -0.09645242908612457,51.484476385872355,0.0 -0.09443878709868446,51.48442647509174,0.0 -0.09443878709868446,51.48442647509174,0.0 -0.09443878709868446,51.48442647509174,0.0 -0.09443878709868446,51.48442647509174,0.0 -0.09242515090575022,51.48437652977331,0.0 -0.09242515090575022,51.48437652977331,0.0 -0.09242515090575022,51.48437652977331,0.0 -0.09041152051130669,51.484326549917284,0.0 -0.09041152051130669,51.484326549917284,0.0 -0.09041152051130669,51.484326549917284,0.0 -0.08839789591934227,51.48427653552389,0.0 -0.08839789591934227,51.48427653552389,0.0 -0.08839789591934227,51.48427653552389,0.0 -0.08638427713384142,51.48422648659337,0.0 -0.08638427713384142,51.48422648659337,0.0 -0.08638427713384142,51.48422648659337,0.0 -0.08638427713384142,51.48422648659337,0.0 -0.08437066415879056,51.48417640312595,0.0 -0.08437066415879056,51.48417640312595,0.0 -0.08437066415879056,51.48417640312595,0.0 -0.08278854375719957,51.48413702760158,0.0 -0.08278854375719957,51.48413702760158,0.0 -0.08278854375719957,51.48413702760158,0.0 -0.08278854375719957,51.48413702760158,0.0 -0.08278854375719957,51.48413702760158,0.0 -0.08270825388802822,51.48539423977132,0.0 -0.08270825388802822,51.48539423977132,0.0 -0.08270825388802822,51.48539423977132,0.0 -0.08270825388802822,51.48539423977132,0.0 -0.08270825388802822,51.48539423977132,0.0 -0.08429041768352973,51.48543361705764,0.0 -0.08429041768352973,51.48543361705764,0.0 -0.08429041768352973,51.48543361705764,0.0 -0.0863040858876893,51.48548370276617,0.0 -0.0863040858876893,51.48548370276617,0.0 -0.0863040858876893,51.48548370276617,0.0 -0.0863040858876893,51.48548370276617,0.0 -0.08831775990285427,51.48553375393626,0.0 -0.08831775990285427,51.48553375393626,0.0 -0.08831775990285427,51.48553375393626,0.0 -0.09033143972503821,51.48558377056767,0.0 -0.09033143972503821,51.48558377056767,0.0 -0.09033143972503821,51.48558377056767,0.0 -0.09234512535025628,51.485633752660185,0.0 -0.09234512535025628,51.485633752660185,0.0 -0.09234512535025628,51.485633752660185,0.0 -0.09435881677451889,51.48568370021357,0.0 -0.09435881677451889,51.48568370021357,0.0 -0.09435881677451889,51.48568370021357,0.0 -0.09637251399384236,51.48573361322759,0.0 -0.09637251399384236,51.48573361322759,0.0 -0.09637251399384236,51.48573361322759,0.0 -0.09637251399384236,51.48573361322759,0.0 -0.0983862170042375,51.485783491702,0.0 -0.0983862170042375,51.485783491702,0.0 -0.0983862170042375,51.485783491702,0.0 -0.10039992580171987,51.485833335636585,0.0 -0.10039992580171987,51.485833335636585,0.0 -0.10039992580171987,51.485833335636585,0.0 -0.10241364038230184,51.48588314503111,0.0 -0.10241364038230184,51.48588314503111,0.0 -0.10241364038230184,51.48588314503111,0.0 -0.10442736074199581,51.485932919885315,0.0 -0.10442736074199581,51.485932919885315,0.0 -0.10442736074199581,51.485932919885315,0.0 -0.10442736074199581,51.485932919885315,0.0 -0.10644108687681453,51.48598266019903,0.0 -0.10644108687681453,51.48598266019903,0.0 -0.10644108687681453,51.48598266019903,0.0 -0.10845481878277238,51.486032365971965,0.0 -0.10845481878277238,51.486032365971965,0.0 -0.10845481878277238,51.486032365971965,0.0 -0.11046855645588176,51.486082037203914,0.0 -0.11046855645588176,51.486082037203914,0.0 -0.11046855645588176,51.486082037203914,0.0 -0.11248229989215461,51.486131673894654,0.0 -0.11248229989215461,51.486131673894654,0.0 -0.11248229989215461,51.486131673894654,0.0 -0.11449604908760334,51.48618127604394,0.0 -0.11449604908760334,51.48618127604394,0.0 -0.11449604908760334,51.48618127604394,0.0 -0.11449604908760334,51.48618127604394,0.0 -0.11650980403824271,51.486230843651555,0.0 -0.11650980403824271,51.486230843651555,0.0 -0.11650980403824271,51.486230843651555,0.0 -0.1185235647400831,51.486280376717254,0.0 -0.1185235647400831,51.486280376717254,0.0 -0.1185235647400831,51.486280376717254,0.0 -0.1185235647400831,51.486280376717254,0.0 -0.11844425148775559,51.487537628179695,0.0 -0.11844425148775559,51.487537628179695,0.0 -0.11844425148775559,51.487537628179695,0.0 -0.11844425148775559,51.487537628179695,0.0 -0.11643043554397571,51.48748809289742,0.0 -0.11643043554397571,51.48748809289742,0.0 -0.11643043554397571,51.48748809289742,0.0 -0.11441662535194551,51.48743852307171,0.0 -0.11441662535194551,51.48743852307171,0.0 -0.11441662535194551,51.48743852307171,0.0 -0.11441662535194551,51.48743852307171,0.0 -0.11240282091565737,51.48738891870275,0.0 -0.11240282091565737,51.48738891870275,0.0 -0.11240282091565737,51.48738891870275,0.0 -0.11038902223909534,51.48733927979081,0.0 -0.11038902223909534,51.48733927979081,0.0 -0.11038902223909534,51.48733927979081,0.0 -0.10837522932624903,51.48728960633611,0.0 -0.10837522932624903,51.48728960633611,0.0 -0.10837522932624903,51.48728960633611,0.0 -0.10636144218110447,51.487239898338885,0.0 -0.10636144218110447,51.487239898338885,0.0 -0.10636144218110447,51.487239898338885,0.0 -0.10636144218110447,51.487239898338885,0.0 -0.10434766080765086,51.48719015579937,0.0 -0.10434766080765086,51.48719015579937,0.0 -0.10434766080765086,51.48719015579937,0.0 -0.10233388520987424,51.487140378717775,0.0 -0.10233388520987424,51.487140378717775,0.0 -0.10233388520987424,51.487140378717775,0.0 -0.10032011539176343,51.48709056709435,0.0 -0.10032011539176343,51.48709056709435,0.0 -0.10032011539176343,51.48709056709435,0.0 -0.09830635135730403,51.487040720929315,0.0 -0.09830635135730403,51.487040720929315,0.0 -0.09830635135730403,51.487040720929315,0.0 -0.0962925931104857,51.486990840222916,0.0 -0.0962925931104857,51.486990840222916,0.0 -0.0962925931104857,51.486990840222916,0.0 -0.0962925931104857,51.486990840222916,0.0 -0.09427884065529323,51.48694092497538,0.0 -0.09427884065529323,51.48694092497538,0.0 -0.09427884065529323,51.48694092497538,0.0 -0.09226509399571466,51.48689097518692,0.0 -0.09226509399571466,51.48689097518692,0.0 -0.09226509399571466,51.48689097518692,0.0 -0.09025135313573562,51.4868409908578,0.0 -0.09025135313573562,51.4868409908578,0.0 -0.09025135313573562,51.4868409908578,0.0 -0.08823761807934612,51.48679097198822,0.0 -0.08823761807934612,51.48679097198822,0.0 -0.08823761807934612,51.48679097198822,0.0 -0.0862238888305298,51.48674091857845,0.0 -0.0862238888305298,51.48674091857845,0.0 -0.0862238888305298,51.48674091857845,0.0 -0.0862238888305298,51.48674091857845,0.0 -0.08421016539327586,51.48669083062869,0.0 -0.08421016539327586,51.48669083062869,0.0 -0.08421016539327586,51.48669083062869,0.0 -0.08262795820073257,51.48665145158032,0.0 -0.08262795820073257,51.48665145158032,0.0 -0.08262795820073257,51.48665145158032,0.0 -0.08262795820073257,51.48665145158032,0.0 -0.08262795820073257,51.48665145158032,0.0 -0.08262795820073257,51.48665145158032,0.0 -0.08262795820073257,51.48665145158032,0.0 -0.08262795820073257,51.48665145158032,0.0 -0.08262795820073257,51.48665145158032,0.0 -0.08421016539327586,51.48669083062869,0.0 -0.08421016539327586,51.48669083062869,0.0 -0.08421016539327586,51.48669083062869,0.0 -0.0862238888305298,51.48674091857845,0.0 -0.0862238888305298,51.48674091857845,0.0 -0.0862238888305298,51.48674091857845,0.0 -0.08823761807934612,51.48679097198822,0.0 -0.08823761807934612,51.48679097198822,0.0 -0.08823761807934612,51.48679097198822,0.0 -0.08823761807934612,51.48679097198822,0.0 -0.09025135313573562,51.4868409908578,0.0 -0.09025135313573562,51.4868409908578,0.0 -0.09025135313573562,51.4868409908578,0.0 -0.09226509399571466,51.48689097518692,0.0 -0.09226509399571466,51.48689097518692,0.0 -0.09226509399571466,51.48689097518692,0.0 -0.09427884065529323,51.48694092497538,0.0 -0.09427884065529323,51.48694092497538,0.0 -0.09427884065529323,51.48694092497538,0.0 -0.0962925931104857,51.486990840222916,0.0 -0.0962925931104857,51.486990840222916,0.0 -0.0962925931104857,51.486990840222916,0.0 -0.0962925931104857,51.486990840222916,0.0 -0.09830635135730403,51.487040720929315,0.0 -0.09830635135730403,51.487040720929315,0.0 -0.09830635135730403,51.487040720929315,0.0 -0.10032011539176343,51.48709056709435,0.0 -0.10032011539176343,51.48709056709435,0.0 -0.10032011539176343,51.48709056709435,0.0 -0.10233388520987424,51.487140378717775,0.0 -0.10233388520987424,51.487140378717775,0.0 -0.10233388520987424,51.487140378717775,0.0 -0.10434766080765086,51.48719015579937,0.0 -0.10434766080765086,51.48719015579937,0.0 -0.10434766080765086,51.48719015579937,0.0 -0.10636144218110447,51.487239898338885,0.0 -0.10636144218110447,51.487239898338885,0.0 -0.10636144218110447,51.487239898338885,0.0 -0.10636144218110447,51.487239898338885,0.0 -0.10837522932624903,51.48728960633611,0.0 -0.10837522932624903,51.48728960633611,0.0 -0.10837522932624903,51.48728960633611,0.0 -0.11038902223909534,51.48733927979081,0.0 -0.11038902223909534,51.48733927979081,0.0 -0.11038902223909534,51.48733927979081,0.0 -0.11240282091565737,51.48738891870275,0.0 -0.11240282091565737,51.48738891870275,0.0 -0.11240282091565737,51.48738891870275,0.0 -0.11441662535194551,51.48743852307171,0.0 -0.11441662535194551,51.48743852307171,0.0 -0.11441662535194551,51.48743852307171,0.0 -0.11441662535194551,51.48743852307171,0.0 -0.11643043554397571,51.48748809289742,0.0 -0.11643043554397571,51.48748809289742,0.0 -0.11643043554397571,51.48748809289742,0.0 -0.11844425148775559,51.487537628179695,0.0 -0.11844425148775559,51.487537628179695,0.0 -0.11844425148775559,51.487537628179695,0.0 -0.11844425148775559,51.487537628179695,0.0 -0.11836493248766401,51.48879487928355,0.0 -0.11836493248766401,51.48879487928355,0.0 -0.11836493248766401,51.48879487928355,0.0 -0.11836493248766401,51.48879487928355,0.0 -0.11635106129795544,51.48874534178459,0.0 -0.11635106129795544,51.48874534178459,0.0 -0.11635106129795544,51.48874534178459,0.0 -0.11635106129795544,51.48874534178459,0.0 -0.11433719586054877,51.488695769740616,0.0 -0.11433719586054877,51.488695769740616,0.0 -0.11433719586054877,51.488695769740616,0.0 -0.11232333617943283,51.48864616315188,0.0 -0.11232333617943283,51.48864616315188,0.0 -0.11232333617943283,51.48864616315188,0.0 -0.11030948225859401,51.48859652201861,0.0 -0.11030948225859401,51.48859652201861,0.0 -0.11030948225859401,51.48859652201861,0.0 -0.10829563410202274,51.488546846341066,0.0 -0.10829563410202274,51.488546846341066,0.0 -0.10829563410202274,51.488546846341066,0.0 -0.10628179171370425,51.48849713611943,0.0 -0.10628179171370425,51.48849713611943,0.0 -0.10628179171370425,51.48849713611943,0.0 -0.10628179171370425,51.48849713611943,0.0 -0.10426795509762893,51.488447391353965,0.0 -0.10426795509762893,51.488447391353965,0.0 -0.10426795509762893,51.488447391353965,0.0 -0.10225412425778323,51.48839761204488,0.0 -0.10225412425778323,51.48839761204488,0.0 -0.10225412425778323,51.48839761204488,0.0 -0.10024029919815475,51.48834779819243,0.0 -0.10024029919815475,51.48834779819243,0.0 -0.10024029919815475,51.48834779819243,0.0 -0.09822647992273152,51.48829794979683,0.0 -0.09822647992273152,51.48829794979683,0.0 -0.09822647992273152,51.48829794979683,0.0 -0.09621266643550315,51.48824806685832,0.0 -0.09621266643550315,51.48824806685832,0.0 -0.09621266643550315,51.48824806685832,0.0 -0.09621266643550315,51.48824806685832,0.0 -0.09419885874045367,51.488198149377126,0.0 -0.09419885874045367,51.488198149377126,0.0 -0.09419885874045367,51.488198149377126,0.0 -0.0921850568415727,51.48814819735348,0.0 -0.0921850568415727,51.48814819735348,0.0 -0.0921850568415727,51.48814819735348,0.0 -0.09017126074284666,51.48809821078763,0.0 -0.09017126074284666,51.48809821078763,0.0 -0.09017126074284666,51.48809821078763,0.0 -0.08815747044826398,51.48804818967979,0.0 -0.08815747044826398,51.48804818967979,0.0 -0.08815747044826398,51.48804818967979,0.0 -0.08815747044826398,51.48804818967979,0.0 -0.08614368596180948,51.4879981340302,0.0 -0.08614368596180948,51.4879981340302,0.0 -0.08614368596180948,51.4879981340302,0.0 -0.08412990728747317,51.487948043839076,0.0 -0.08412990728747317,51.487948043839076,0.0 -0.08412990728747317,51.487948043839076,0.0 -0.08254765669475686,51.48790866302856,0.0 -0.08254765669475686,51.48790866302856,0.0 -0.08254765669475686,51.48790866302856,0.0 -0.08254765669475686,51.48790866302856,0.0 -0.08254765669475686,51.48790866302856,0.0 -0.08246734936954289,51.489165874116054,0.0 -0.08246734936954289,51.489165874116054,0.0 -0.08246734936954289,51.489165874116054,0.0 -0.08246734936954289,51.489165874116054,0.0 -0.08246734936954289,51.489165874116054,0.0 -0.08404964336556667,51.489205256688805,0.0 -0.08404964336556667,51.489205256688805,0.0 -0.08404964336556667,51.489205256688805,0.0 -0.08606347728097258,51.48925534912141,0.0 -0.08606347728097258,51.48925534912141,0.0 -0.08606347728097258,51.48925534912141,0.0 -0.08807731700905087,51.48930540701093,0.0 -0.08807731700905087,51.48930540701093,0.0 -0.08807731700905087,51.48930540701093,0.0 -0.08807731700905087,51.48930540701093,0.0 -0.09009116254581477,51.489355430357165,0.0 -0.09009116254581477,51.489355430357165,0.0 -0.09009116254581477,51.489355430357165,0.0 -0.09210501388727542,51.48940541915988,0.0 -0.09210501388727542,51.48940541915988,0.0 -0.09210501388727542,51.48940541915988,0.0 -0.09411887102944562,51.489455373418835,0.0 -0.09411887102944562,51.489455373418835,0.0 -0.09411887102944562,51.489455373418835,0.0 -0.09613273396834011,51.48950529313379,0.0 -0.09613273396834011,51.48950529313379,0.0 -0.09613273396834011,51.48950529313379,0.0 -0.09814660269996654,51.489555178304535,0.0 -0.09814660269996654,51.489555178304535,0.0 -0.09814660269996654,51.489555178304535,0.0 -0.09814660269996654,51.489555178304535,0.0 -0.10016047722034123,51.489605028930825,0.0 -0.10016047722034123,51.489605028930825,0.0 -0.10016047722034123,51.489605028930825,0.0 -0.1021743575254734,51.489654845012424,0.0 -0.1021743575254734,51.489654845012424,0.0 -0.1021743575254734,51.489654845012424,0.0 -0.1041882436113766,51.48970462654912,0.0 -0.1041882436113766,51.48970462654912,0.0 -0.1041882436113766,51.48970462654912,0.0 -0.10620213547406164,51.489754373540656,0.0 -0.10620213547406164,51.489754373540656,0.0 -0.10620213547406164,51.489754373540656,0.0 -0.10620213547406164,51.489754373540656,0.0 -0.10821603310954207,51.48980408598681,0.0 -0.10821603310954207,51.48980408598681,0.0 -0.10821603310954207,51.48980408598681,0.0 -0.11022993651382712,51.48985376388735,0.0 -0.11022993651382712,51.48985376388735,0.0 -0.11022993651382712,51.48985376388735,0.0 -0.11224384568292996,51.489903407242075,0.0 -0.11224384568292996,51.489903407242075,0.0 -0.11224384568292996,51.489903407242075,0.0 -0.11425776061286175,51.489953016050706,0.0 -0.11425776061286175,51.489953016050706,0.0 -0.11425776061286175,51.489953016050706,0.0 -0.11627168129963449,51.49000259031303,0.0 -0.11627168129963449,51.49000259031303,0.0 -0.11627168129963449,51.49000259031303,0.0 -0.11627168129963449,51.49000259031303,0.0 -0.11828560773925935,51.49005213002883,0.0 -0.11828560773925935,51.49005213002883,0.0 -0.11828560773925935,51.49005213002883,0.0 -0.11828560773925935,51.49005213002883,0.0 -0.11820627724199019,51.4913093804155,0.0 -0.11820627724199019,51.4913093804155,0.0 -0.11820627724199019,51.4913093804155,0.0 -0.11820627724199019,51.4913093804155,0.0 -0.11619229554846178,51.49125983848276,0.0 -0.11619229554846178,51.49125983848276,0.0 -0.11619229554846178,51.49125983848276,0.0 -0.11619229554846178,51.49125983848276,0.0 -0.11417831960833415,51.49121026200194,0.0 -0.11417831960833415,51.49121026200194,0.0 -0.11417831960833415,51.49121026200194,0.0 -0.11216434942559851,51.49116065097329,0.0 -0.11216434942559851,51.49116065097329,0.0 -0.11216434942559851,51.49116065097329,0.0 -0.11015038500424207,51.49111100539702,0.0 -0.11015038500424207,51.49111100539702,0.0 -0.11015038500424207,51.49111100539702,0.0 -0.10813642634825563,51.491061325273364,0.0 -0.10813642634825563,51.491061325273364,0.0 -0.10813642634825563,51.491061325273364,0.0 -0.10813642634825563,51.491061325273364,0.0 -0.10612247346162601,51.491011610602555,0.0 -0.10612247346162601,51.491011610602555,0.0 -0.10612247346162601,51.491011610602555,0.0 -0.10410852634834203,51.490961861384825,0.0 -0.10410852634834203,51.490961861384825,0.0 -0.10410852634834203,51.490961861384825,0.0 -0.1020945850123937,51.490912077620415,0.0 -0.1020945850123937,51.490912077620415,0.0 -0.1020945850123937,51.490912077620415,0.0 -0.10008064945776865,51.49086225930954,0.0 -0.10008064945776865,51.49086225930954,0.0 -0.10008064945776865,51.49086225930954,0.0 -0.09806671968845407,51.49081240645244,0.0 -0.09806671968845407,51.49081240645244,0.0 -0.09806671968845407,51.49081240645244,0.0 -0.09806671968845407,51.49081240645244,0.0 -0.0960527957084416,51.49076251904934,0.0 -0.0960527957084416,51.49076251904934,0.0 -0.0960527957084416,51.49076251904934,0.0 -0.09403887752171682,51.490712597100476,0.0 -0.09403887752171682,51.490712597100476,0.0 -0.09403887752171682,51.490712597100476,0.0 -0.0920249651322682,51.49066264060609,0.0 -0.0920249651322682,51.49066264060609,0.0 -0.0920249651322682,51.49066264060609,0.0 -0.09001105854408371,51.49061264956641,0.0 -0.09001105854408371,51.49061264956641,0.0 -0.09001105854408371,51.49061264956641,0.0 -0.08799715776115338,51.490562623981646,0.0 -0.08799715776115338,51.490562623981646,0.0 -0.08799715776115338,51.490562623981646,0.0 -0.08799715776115338,51.490562623981646,0.0 -0.08598326278746246,51.490512563852064,0.0 -0.08598326278746246,51.490512563852064,0.0 -0.08598326278746246,51.490512563852064,0.0 -0.08396937362700053,51.49046246917788,0.0 -0.08396937362700053,51.49046246917788,0.0 -0.08396937362700053,51.49046246917788,0.0 -0.08238703622453644,51.49042308484279,0.0 -0.08238703622453644,51.49042308484279,0.0 -0.08238703622453644,51.49042308484279,0.0 -0.08238703622453644,51.49042308484279,0.0 -0.08238703622453644,51.49042308484279,0.0 -0.08238703622453644,51.49042308484279,0.0 -0.08238703622453644,51.49042308484279,0.0 -0.08238703622453644,51.49042308484279,0.0 -0.08238703622453644,51.49042308484279,0.0 -0.08396937362700053,51.49046246917788,0.0 -0.08396937362700053,51.49046246917788,0.0 -0.08396937362700053,51.49046246917788,0.0 -0.08598326278746246,51.490512563852064,0.0 -0.08598326278746246,51.490512563852064,0.0 -0.08598326278746246,51.490512563852064,0.0 -0.08799715776115338,51.490562623981646,0.0 -0.08799715776115338,51.490562623981646,0.0 -0.08799715776115338,51.490562623981646,0.0 -0.09001105854408371,51.49061264956641,0.0 -0.09001105854408371,51.49061264956641,0.0 -0.09001105854408371,51.49061264956641,0.0 -0.09001105854408371,51.49061264956641,0.0 -0.0920249651322682,51.49066264060609,0.0 -0.0920249651322682,51.49066264060609,0.0 -0.0920249651322682,51.49066264060609,0.0 -0.09403887752171682,51.490712597100476,0.0 -0.09403887752171682,51.490712597100476,0.0 -0.09403887752171682,51.490712597100476,0.0 -0.0960527957084416,51.49076251904934,0.0 -0.0960527957084416,51.49076251904934,0.0 -0.0960527957084416,51.49076251904934,0.0 -0.09806671968845407,51.49081240645244,0.0 -0.09806671968845407,51.49081240645244,0.0 -0.09806671968845407,51.49081240645244,0.0 -0.09806671968845407,51.49081240645244,0.0 -0.10008064945776865,51.49086225930954,0.0 -0.10008064945776865,51.49086225930954,0.0 -0.10008064945776865,51.49086225930954,0.0 -0.1020945850123937,51.490912077620415,0.0 -0.1020945850123937,51.490912077620415,0.0 -0.1020945850123937,51.490912077620415,0.0 -0.10410852634834203,51.490961861384825,0.0 -0.10410852634834203,51.490961861384825,0.0 -0.10410852634834203,51.490961861384825,0.0 -0.10612247346162601,51.491011610602555,0.0 -0.10612247346162601,51.491011610602555,0.0 -0.10612247346162601,51.491011610602555,0.0 -0.10813642634825563,51.491061325273364,0.0 -0.10813642634825563,51.491061325273364,0.0 -0.10813642634825563,51.491061325273364,0.0 -0.10813642634825563,51.491061325273364,0.0 -0.11015038500424207,51.49111100539702,0.0 -0.11015038500424207,51.49111100539702,0.0 -0.11015038500424207,51.49111100539702,0.0 -0.11216434942559851,51.49116065097329,0.0 -0.11216434942559851,51.49116065097329,0.0 -0.11216434942559851,51.49116065097329,0.0 -0.11417831960833415,51.49121026200194,0.0 -0.11417831960833415,51.49121026200194,0.0 -0.11417831960833415,51.49121026200194,0.0 -0.11619229554846178,51.49125983848276,0.0 -0.11619229554846178,51.49125983848276,0.0 -0.11619229554846178,51.49125983848276,0.0 -0.11820627724199019,51.4913093804155,0.0 -0.11820627724199019,51.4913093804155,0.0 -0.11820627724199019,51.4913093804155,0.0 -0.11820627724199019,51.4913093804155,0.0 -0.11820627724199019,51.4913093804155,0.0 -0.11812694099530785,51.492566630443584,0.0 -0.11812694099530785,51.492566630443584,0.0 -0.11812694099530785,51.492566630443584,0.0 -0.11812694099530785,51.492566630443584,0.0 -0.11812694099530785,51.492566630443584,0.0 -0.11611290404388551,51.49251708629379,0.0 -0.11611290404388551,51.49251708629379,0.0 -0.11611290404388551,51.49251708629379,0.0 -0.11409887284641498,51.492467507594355,0.0 -0.11409887284641498,51.492467507594355,0.0 -0.11409887284641498,51.492467507594355,0.0 -0.11208484740688628,51.49241789434555,0.0 -0.11208484740688628,51.49241789434555,0.0 -0.11208484740688628,51.49241789434555,0.0 -0.11007082772928939,51.49236824654759,0.0 -0.11007082772928939,51.49236824654759,0.0 -0.11007082772928939,51.49236824654759,0.0 -0.10805681381761234,51.4923185642007,0.0 -0.10805681381761234,51.4923185642007,0.0 -0.10805681381761234,51.4923185642007,0.0 -0.10805681381761234,51.4923185642007,0.0 -0.10604280567584315,51.492268847305134,0.0 -0.10604280567584315,51.492268847305134,0.0 -0.10604280567584315,51.492268847305134,0.0 -0.10402880330797341,51.492219095861095,0.0 -0.10402880330797341,51.492219095861095,0.0 -0.10402880330797341,51.492219095861095,0.0 -0.10201480671799035,51.49216930986883,0.0 -0.10201480671799035,51.49216930986883,0.0 -0.10201480671799035,51.49216930986883,0.0 -0.10000081590988398,51.492119489328566,0.0 -0.10000081590988398,51.492119489328566,0.0 -0.10000081590988398,51.492119489328566,0.0 -0.10000081590988398,51.492119489328566,0.0 -0.0979868308876427,51.49206963424052,0.0 -0.0979868308876427,51.49206963424052,0.0 -0.0979868308876427,51.49206963424052,0.0 -0.09597285165525535,51.492019744604946,0.0 -0.09597285165525535,51.492019744604946,0.0 -0.09597285165525535,51.492019744604946,0.0 -0.09395887821671031,51.491969820422064,0.0 -0.09395887821671031,51.491969820422064,0.0 -0.09395887821671031,51.491969820422064,0.0 -0.09194491057599602,51.49191986169213,0.0 -0.09194491057599602,51.49191986169213,0.0 -0.09194491057599602,51.49191986169213,0.0 -0.08993094873710089,51.49186986841533,0.0 -0.08993094873710089,51.49186986841533,0.0 -0.08993094873710089,51.49186986841533,0.0 -0.08993094873710089,51.49186986841533,0.0 -0.08791699270401412,51.491819840591944,0.0 -0.08791699270401412,51.491819840591944,0.0 -0.08791699270401412,51.491819840591944,0.0 -0.08590304248072335,51.49176977822217,0.0 -0.08590304248072335,51.49176977822217,0.0 -0.08590304248072335,51.49176977822217,0.0 -0.08388909807121778,51.491719681306265,0.0 -0.08388909807121778,51.491719681306265,0.0 -0.08388909807121778,51.491719681306265,0.0 -0.08230671725918091,51.49168029520874,0.0 -0.08230671725918091,51.49168029520874,0.0 -0.08230671725918091,51.49168029520874,0.0 -0.08230671725918091,51.49168029520874,0.0 -0.08230671725918091,51.49168029520874,0.0 -0.08222639247291695,51.49293750521392,0.0 -0.08222639247291695,51.49293750521392,0.0 -0.08222639247291695,51.49293750521392,0.0 -0.08222639247291695,51.49293750521392,0.0 -0.08222639247291695,51.49293750521392,0.0 -0.083808816697661,51.49297689307398,0.0 -0.083808816697661,51.49297689307398,0.0 -0.083808816697661,51.49297689307398,0.0 -0.08582281636019984,51.49302699223174,0.0 -0.08582281636019984,51.49302699223174,0.0 -0.08582281636019984,51.49302699223174,0.0 -0.08783682183707926,51.493077056841805,0.0 -0.08783682183707926,51.493077056841805,0.0 -0.08783682183707926,51.493077056841805,0.0 -0.08985083312430929,51.49312708690396,0.0 -0.08985083312430929,51.49312708690396,0.0 -0.08985083312430929,51.49312708690396,0.0 -0.08985083312430929,51.49312708690396,0.0 -0.09186485021790429,51.49317708241798,0.0 -0.09186485021790429,51.49317708241798,0.0 -0.09186485021790429,51.49317708241798,0.0 -0.09387887311387265,51.4932270433836,0.0 -0.09387887311387265,51.4932270433836,0.0 -0.09387887311387265,51.4932270433836,0.0 -0.09589290180822717,51.49327696980062,0.0 -0.09589290180822717,51.49327696980062,0.0 -0.09589290180822717,51.49327696980062,0.0 -0.09790693629697662,51.493326861668784,0.0 -0.09790693629697662,51.493326861668784,0.0 -0.09790693629697662,51.493326861668784,0.0 -0.0999209765761346,51.493376718987875,0.0 -0.0999209765761346,51.493376718987875,0.0 -0.0999209765761346,51.493376718987875,0.0 -0.0999209765761346,51.493376718987875,0.0 -0.10193502264171071,51.493426541757664,0.0 -0.10193502264171071,51.493426541757664,0.0 -0.10193502264171071,51.493426541757664,0.0 -0.10394907448971692,51.4934763299779,0.0 -0.10394907448971692,51.4934763299779,0.0 -0.10394907448971692,51.4934763299779,0.0 -0.10596313211616162,51.493526083648376,0.0 -0.10596313211616162,51.493526083648376,0.0 -0.10596313211616162,51.493526083648376,0.0 -0.10797719551705881,51.493575802768845,0.0 -0.10797719551705881,51.493575802768845,0.0 -0.10797719551705881,51.493575802768845,0.0 -0.10999126468841448,51.49362548733908,0.0 -0.10999126468841448,51.49362548733908,0.0 -0.10999126468841448,51.49362548733908,0.0 -0.10999126468841448,51.49362548733908,0.0 -0.11200533962624461,51.49367513735884,0.0 -0.11200533962624461,51.49367513735884,0.0 -0.11200533962624461,51.49367513735884,0.0 -0.114019420326554,51.49372475282792,0.0 -0.114019420326554,51.49372475282792,0.0 -0.114019420326554,51.49372475282792,0.0 -0.11603350678535784,51.49377433374606,0.0 -0.11603350678535784,51.49377433374606,0.0 -0.11603350678535784,51.49377433374606,0.0 -0.11804759899866253,51.49382388011306,0.0 -0.11804759899866253,51.49382388011306,0.0 -0.11804759899866253,51.49382388011306,0.0 -0.11804759899866253,51.49382388011306,0.0 -0.11804759899866253,51.49382388011306,0.0 -0.11804759899866253,51.49382388011306,0.0 -0.11804759899866253,51.49382388011306,0.0 -0.11804759899866253,51.49382388011306,0.0 -0.11804759899866253,51.49382388011306,0.0 -0.11603350678535784,51.49377433374606,0.0 -0.11603350678535784,51.49377433374606,0.0 -0.11603350678535784,51.49377433374606,0.0 -0.114019420326554,51.49372475282792,0.0 -0.114019420326554,51.49372475282792,0.0 -0.114019420326554,51.49372475282792,0.0 -0.11200533962624461,51.49367513735884,0.0 -0.11200533962624461,51.49367513735884,0.0 -0.11200533962624461,51.49367513735884,0.0 -0.10999126468841448,51.49362548733908,0.0 -0.10999126468841448,51.49362548733908,0.0 -0.10999126468841448,51.49362548733908,0.0 -0.10999126468841448,51.49362548733908,0.0 -0.10797719551705881,51.493575802768845,0.0 -0.10797719551705881,51.493575802768845,0.0 -0.10797719551705881,51.493575802768845,0.0 -0.10596313211616162,51.493526083648376,0.0 -0.10596313211616162,51.493526083648376,0.0 -0.10596313211616162,51.493526083648376,0.0 -0.10394907448971692,51.4934763299779,0.0 -0.10394907448971692,51.4934763299779,0.0 -0.10394907448971692,51.4934763299779,0.0 -0.10193502264171071,51.493426541757664,0.0 -0.10193502264171071,51.493426541757664,0.0 -0.10193502264171071,51.493426541757664,0.0 -0.0999209765761346,51.493376718987875,0.0 -0.0999209765761346,51.493376718987875,0.0 -0.0999209765761346,51.493376718987875,0.0 -0.0999209765761346,51.493376718987875,0.0 -0.09790693629697662,51.493326861668784,0.0 -0.09790693629697662,51.493326861668784,0.0 -0.09790693629697662,51.493326861668784,0.0 -0.09589290180822717,51.49327696980062,0.0 -0.09589290180822717,51.49327696980062,0.0 -0.09589290180822717,51.49327696980062,0.0 -0.09387887311387265,51.4932270433836,0.0 -0.09387887311387265,51.4932270433836,0.0 -0.09387887311387265,51.4932270433836,0.0 -0.09186485021790429,51.49317708241798,0.0 -0.09186485021790429,51.49317708241798,0.0 -0.09186485021790429,51.49317708241798,0.0 -0.09186485021790429,51.49317708241798,0.0 -0.08985083312430929,51.49312708690396,0.0 -0.08985083312430929,51.49312708690396,0.0 -0.08985083312430929,51.49312708690396,0.0 -0.08783682183707926,51.493077056841805,0.0 -0.08783682183707926,51.493077056841805,0.0 -0.08783682183707926,51.493077056841805,0.0 -0.08582281636019984,51.49302699223174,0.0 -0.08582281636019984,51.49302699223174,0.0 -0.08582281636019984,51.49302699223174,0.0 -0.083808816697661,51.49297689307398,0.0 -0.083808816697661,51.49297689307398,0.0 -0.083808816697661,51.49297689307398,0.0 -0.08222639247291695,51.49293750521392,0.0 -0.08222639247291695,51.49293750521392,0.0 -0.08222639247291695,51.49293750521392,0.0 -0.08222639247291695,51.49293750521392,0.0 -0.08222639247291695,51.49293750521392,0.0 -0.08214606186519191,51.494194714858324,0.0 -0.08214606186519191,51.494194714858324,0.0 -0.08214606186519191,51.494194714858324,0.0 -0.08214606186519191,51.494194714858324,0.0 -0.08214606186519191,51.494194714858324,0.0 -0.08372852950577642,51.494234104480995,0.0 -0.08372852950577642,51.494234104480995,0.0 -0.08372852950577642,51.494234104480995,0.0 -0.08574258442533571,51.494284205880724,0.0 -0.08574258442533571,51.494284205880724,0.0 -0.08574258442533571,51.494284205880724,0.0 -0.087756645159793,51.49433427273121,0.0 -0.087756645159793,51.49433427273121,0.0 -0.087756645159793,51.49433427273121,0.0 -0.08977071170515631,51.494384305032256,0.0 -0.08977071170515631,51.494384305032256,0.0 -0.08977071170515631,51.494384305032256,0.0 -0.09178478405743919,51.49443430278361,0.0 -0.09178478405743919,51.49443430278361,0.0 -0.09178478405743919,51.49443430278361,0.0 -0.09178478405743919,51.49443430278361,0.0 -0.09379886221265044,51.494484265985044,0.0 -0.09379886221265044,51.494484265985044,0.0 -0.09379886221265044,51.494484265985044,0.0 -0.09581294616680205,51.49453419463632,0.0 -0.09581294616680205,51.49453419463632,0.0 -0.09581294616680205,51.49453419463632,0.0 -0.09782703591590441,51.494584088737206,0.0 -0.09782703591590441,51.494584088737206,0.0 -0.09782703591590441,51.494584088737206,0.0 -0.09984113145596793,51.49463394828748,0.0 -0.09984113145596793,51.49463394828748,0.0 -0.09984113145596793,51.49463394828748,0.0 -0.09984113145596793,51.49463394828748,0.0 -0.10185523278300336,51.4946837732869,0.0 -0.10185523278300336,51.4946837732869,0.0 -0.10185523278300336,51.4946837732869,0.0 -0.10386933989302113,51.494733563735245,0.0 -0.10386933989302113,51.494733563735245,0.0 -0.10386933989302113,51.494733563735245,0.0 -0.10588345278203082,51.49478331963227,0.0 -0.10588345278203082,51.49478331963227,0.0 -0.10588345278203082,51.49478331963227,0.0 -0.1078975714460436,51.49483304097775,0.0 -0.1078975714460436,51.49483304097775,0.0 -0.1078975714460436,51.49483304097775,0.0 -0.10991169588106989,51.494882727771454,0.0 -0.10991169588106989,51.494882727771454,0.0 -0.10991169588106989,51.494882727771454,0.0 -0.10991169588106989,51.494882727771454,0.0 -0.11192582608311928,51.49493238001316,0.0 -0.11192582608311928,51.49493238001316,0.0 -0.11192582608311928,51.49493238001316,0.0 -0.11393996204820137,51.494981997702624,0.0 -0.11393996204820137,51.494981997702624,0.0 -0.11393996204820137,51.494981997702624,0.0 -0.11595410377232732,51.495031580839616,0.0 -0.11595410377232732,51.495031580839616,0.0 -0.11595410377232732,51.495031580839616,0.0 -0.11796825125150595,51.49508112942391,0.0 -0.11796825125150595,51.49508112942391,0.0 -0.11796825125150595,51.49508112942391,0.0 -0.11796825125150595,51.49508112942391,0.0 -0.11796825125150595,51.49508112942391,0.0 -0.11788889775328432,51.496338378376166,0.0 -0.11788889775328432,51.496338378376166,0.0 -0.11788889775328432,51.496338378376166,0.0 -0.11788889775328432,51.496338378376166,0.0 -0.11788889775328432,51.496338378376166,0.0 -0.11587469500424372,51.49628882757444,0.0 -0.11587469500424372,51.49628882757444,0.0 -0.11587469500424372,51.49628882757444,0.0 -0.11386049801080483,51.49623924221847,0.0 -0.11386049801080483,51.49623924221847,0.0 -0.11386049801080483,51.49623924221847,0.0 -0.11184630677696086,51.496189622308506,0.0 -0.11184630677696086,51.496189622308506,0.0 -0.11184630677696086,51.496189622308506,0.0 -0.10983212130670142,51.49613996784475,0.0 -0.10983212130670142,51.49613996784475,0.0 -0.10983212130670142,51.49613996784475,0.0 -0.10983212130670142,51.49613996784475,0.0 -0.10781794160401649,51.496090278827445,0.0 -0.10781794160401649,51.496090278827445,0.0 -0.10781794160401649,51.496090278827445,0.0 -0.10580376767289729,51.49604055525682,0.0 -0.10580376767289729,51.49604055525682,0.0 -0.10580376767289729,51.49604055525682,0.0 -0.10378959951733142,51.49599079713312,0.0 -0.10378959951733142,51.49599079713312,0.0 -0.10378959951733142,51.49599079713312,0.0 -0.1017754371413125,51.49594100445656,0.0 -0.1017754371413125,51.49594100445656,0.0 -0.1017754371413125,51.49594100445656,0.0 -0.1017754371413125,51.49594100445656,0.0 -0.0997612805488285,51.49589117722739,0.0 -0.0997612805488285,51.49589117722739,0.0 -0.0997612805488285,51.49589117722739,0.0 -0.09774712974386947,51.495841315445816,0.0 -0.09774712974386947,51.495841315445816,0.0 -0.09774712974386947,51.495841315445816,0.0 -0.09573298473042618,51.49579141911208,0.0 -0.09573298473042618,51.49579141911208,0.0 -0.09573298473042618,51.49579141911208,0.0 -0.09371884551248667,51.495741488226415,0.0 -0.09371884551248667,51.495741488226415,0.0 -0.09371884551248667,51.495741488226415,0.0 -0.09170471209404253,51.49569152278907,0.0 -0.09170471209404253,51.49569152278907,0.0 -0.09170471209404253,51.49569152278907,0.0 -0.09170471209404253,51.49569152278907,0.0 -0.08969058447908256,51.495641522800256,0.0 -0.08969058447908256,51.495641522800256,0.0 -0.08969058447908256,51.495641522800256,0.0 -0.08767646267159716,51.4955914882602,0.0 -0.08767646267159716,51.4955914882602,0.0 -0.08767646267159716,51.4955914882602,0.0 -0.08566234667557399,51.49554141916915,0.0 -0.08566234667557399,51.49554141916915,0.0 -0.08566234667557399,51.49554141916915,0.0 -0.0836482364950042,51.49549131552734,0.0 -0.0836482364950042,51.49549131552734,0.0 -0.0836482364950042,51.49549131552734,0.0 -0.0836482364950042,51.49549131552734,0.0 -0.08206572543544562,51.49545192414193,0.0 -0.08206572543544562,51.49545192414193,0.0 -0.08206572543544562,51.49545192414193,0.0 -0.08206572543544562,51.49545192414193,0.0 -0.08198538318312268,51.49670913306475,0.0 -0.08198538318312268,51.49670913306475,0.0 -0.08198538318312268,51.49670913306475,0.0 -0.08198538318312268,51.49670913306475,0.0 -0.08356793766479138,51.496748526212976,0.0 -0.08356793766479138,51.496748526212976,0.0 -0.08356793766479138,51.496748526212976,0.0 -0.08356793766479138,51.496748526212976,0.0 -0.08558210311036006,51.496798632097,0.0 -0.08558210311036006,51.496798632097,0.0 -0.08558210311036006,51.496798632097,0.0 -0.08759627437193952,51.49684870342871,0.0 -0.08759627437193952,51.49684870342871,0.0 -0.08759627437193952,51.49684870342871,0.0 -0.08961045144553621,51.4968987402079,0.0 -0.08961045144553621,51.4968987402079,0.0 -0.08961045144553621,51.4968987402079,0.0 -0.09162463432716288,51.496948742434306,0.0 -0.09162463432716288,51.496948742434306,0.0 -0.09162463432716288,51.496948742434306,0.0 -0.09162463432716288,51.496948742434306,0.0 -0.09363882301282914,51.49699871010771,0.0 -0.09363882301282914,51.49699871010771,0.0 -0.09363882301282914,51.49699871010771,0.0 -0.09565301749854496,51.49704864322787,0.0 -0.09565301749854496,51.49704864322787,0.0 -0.09565301749854496,51.49704864322787,0.0 -0.09766721778031877,51.49709854179457,0.0 -0.09766721778031877,51.49709854179457,0.0 -0.09766721778031877,51.49709854179457,0.0 -0.09968142385416454,51.49714840580756,0.0 -0.09968142385416454,51.49714840580756,0.0 -0.09968142385416454,51.49714840580756,0.0 -0.10169563571608589,51.49719823526663,0.0 -0.10169563571608589,51.49719823526663,0.0 -0.10169563571608589,51.49719823526663,0.0 -0.10169563571608589,51.49719823526663,0.0 -0.10370985336209838,51.49724803017152,0.0 -0.10370985336209838,51.49724803017152,0.0 -0.10370985336209838,51.49724803017152,0.0 -0.10572407678820724,51.497297790522026,0.0 -0.10572407678820724,51.497297790522026,0.0 -0.10572407678820724,51.497297790522026,0.0 -0.10773830599042446,51.4973475163179,0.0 -0.10773830599042446,51.4973475163179,0.0 -0.10773830599042446,51.4973475163179,0.0 -0.10975254096475763,51.497397207558926,0.0 -0.10975254096475763,51.497397207558926,0.0 -0.10975254096475763,51.497397207558926,0.0 -0.11176678170721874,51.49744686424484,0.0 -0.11176678170721874,51.49744686424484,0.0 -0.11176678170721874,51.49744686424484,0.0 -0.11176678170721874,51.49744686424484,0.0 -0.1137810282138146,51.49749648637545,0.0 -0.1137810282138146,51.49749648637545,0.0 -0.1137810282138146,51.49749648637545,0.0 -0.11579528048055601,51.49754607395051,0.0 -0.11579528048055601,51.49754607395051,0.0 -0.11579528048055601,51.49754607395051,0.0 -0.11780953850345137,51.497595626969776,0.0 -0.11780953850345137,51.497595626969776,0.0 -0.11780953850345137,51.497595626969776,0.0 -0.11780953850345137,51.497595626969776,0.0 -0.11780953850345137,51.497595626969776,0.0 -0.11780953850345137,51.497595626969776,0.0 -0.11780953850345137,51.497595626969776,0.0 -0.11780953850345137,51.497595626969776,0.0 -0.11780953850345137,51.497595626969776,0.0 -0.11579528048055601,51.49754607395051,0.0 -0.11579528048055601,51.49754607395051,0.0 -0.11579528048055601,51.49754607395051,0.0 -0.1137810282138146,51.49749648637545,0.0 -0.1137810282138146,51.49749648637545,0.0 -0.1137810282138146,51.49749648637545,0.0 -0.11176678170721874,51.49744686424484,0.0 -0.11176678170721874,51.49744686424484,0.0 -0.11176678170721874,51.49744686424484,0.0 -0.11176678170721874,51.49744686424484,0.0 -0.10975254096475763,51.497397207558926,0.0 -0.10975254096475763,51.497397207558926,0.0 -0.10975254096475763,51.497397207558926,0.0 -0.10773830599042446,51.4973475163179,0.0 -0.10773830599042446,51.4973475163179,0.0 -0.10773830599042446,51.4973475163179,0.0 -0.10572407678820724,51.497297790522026,0.0 -0.10572407678820724,51.497297790522026,0.0 -0.10572407678820724,51.497297790522026,0.0 -0.10370985336209838,51.49724803017152,0.0 -0.10370985336209838,51.49724803017152,0.0 -0.10370985336209838,51.49724803017152,0.0 -0.10169563571608589,51.49719823526663,0.0 -0.10169563571608589,51.49719823526663,0.0 -0.10169563571608589,51.49719823526663,0.0 -0.10169563571608589,51.49719823526663,0.0 -0.09968142385416454,51.49714840580756,0.0 -0.09968142385416454,51.49714840580756,0.0 -0.09968142385416454,51.49714840580756,0.0 -0.09766721778031877,51.49709854179457,0.0 -0.09766721778031877,51.49709854179457,0.0 -0.09766721778031877,51.49709854179457,0.0 -0.09565301749854496,51.49704864322787,0.0 -0.09565301749854496,51.49704864322787,0.0 -0.09565301749854496,51.49704864322787,0.0 -0.09363882301282914,51.49699871010771,0.0 -0.09363882301282914,51.49699871010771,0.0 -0.09363882301282914,51.49699871010771,0.0 -0.09363882301282914,51.49699871010771,0.0 -0.09162463432716288,51.496948742434306,0.0 -0.09162463432716288,51.496948742434306,0.0 -0.09162463432716288,51.496948742434306,0.0 -0.08961045144553621,51.4968987402079,0.0 -0.08961045144553621,51.4968987402079,0.0 -0.08961045144553621,51.4968987402079,0.0 -0.08759627437193952,51.49684870342871,0.0 -0.08759627437193952,51.49684870342871,0.0 -0.08759627437193952,51.49684870342871,0.0 -0.08558210311036006,51.496798632097,0.0 -0.08558210311036006,51.496798632097,0.0 -0.08558210311036006,51.496798632097,0.0 -0.08356793766479138,51.496748526212976,0.0 -0.08356793766479138,51.496748526212976,0.0 -0.08356793766479138,51.496748526212976,0.0 -0.08356793766479138,51.496748526212976,0.0 -0.08198538318312268,51.49670913306475,0.0 -0.08198538318312268,51.49670913306475,0.0 -0.08198538318312268,51.49670913306475,0.0 -0.08198538318312268,51.49670913306475,0.0 -0.0819050351076661,51.49796634162677,0.0 -0.0819050351076661,51.49796634162677,0.0 -0.0819050351076661,51.49796634162677,0.0 -0.0819050351076661,51.49796634162677,0.0 -0.08348763301457815,51.49800573653791,0.0 -0.08348763301457815,51.49800573653791,0.0 -0.08348763301457815,51.49800573653791,0.0 -0.08348763301457815,51.49800573653791,0.0 -0.08550185372913652,51.49805584466427,0.0 -0.08550185372913652,51.49805584466427,0.0 -0.08550185372913652,51.49805584466427,0.0 -0.0875160802602607,51.49810591823679,0.0 -0.0875160802602607,51.49810591823679,0.0 -0.0875160802602607,51.49810591823679,0.0 -0.08953031260395908,51.498155957255214,0.0 -0.08953031260395908,51.498155957255214,0.0 -0.08953031260395908,51.498155957255214,0.0 -0.09154455075624404,51.498205961719336,0.0 -0.09154455075624404,51.498205961719336,0.0 -0.09154455075624404,51.498205961719336,0.0 -0.09355879471312162,51.49825593162891,0.0 -0.09355879471312162,51.49825593162891,0.0 -0.09355879471312162,51.49825593162891,0.0 -0.09355879471312162,51.49825593162891,0.0 -0.09557304447060495,51.498305866983706,0.0 -0.09557304447060495,51.498305866983706,0.0 -0.09557304447060495,51.498305866983706,0.0 -0.0975873000247009,51.49835576778348,0.0 -0.0975873000247009,51.49835576778348,0.0 -0.0975873000247009,51.49835576778348,0.0 -0.09960156137142022,51.498405634028025,0.0 -0.09960156137142022,51.498405634028025,0.0 -0.09960156137142022,51.498405634028025,0.0 -0.10161582850677212,51.49845546571709,0.0 -0.10161582850677212,51.49845546571709,0.0 -0.10161582850677212,51.49845546571709,0.0 -0.10363010142676578,51.49850526285046,0.0 -0.10363010142676578,51.49850526285046,0.0 -0.10363010142676578,51.49850526285046,0.0 -0.10363010142676578,51.49850526285046,0.0 -0.10564438012740963,51.49855502542787,0.0 -0.10564438012740963,51.49855502542787,0.0 -0.10564438012740963,51.49855502542787,0.0 -0.10765866460471486,51.49860475344913,0.0 -0.10765866460471486,51.49860475344913,0.0 -0.10765866460471486,51.49860475344913,0.0 -0.10967295485468788,51.49865444691398,0.0 -0.10967295485468788,51.49865444691398,0.0 -0.10967295485468788,51.49865444691398,0.0 -0.11168725087334065,51.498704105822206,0.0 -0.11168725087334065,51.498704105822206,0.0 -0.11168725087334065,51.498704105822206,0.0 -0.11168725087334065,51.498704105822206,0.0 -0.11370155265667961,51.49875373017356,0.0 -0.11370155265667961,51.49875373017356,0.0 -0.11370155265667961,51.49875373017356,0.0 -0.11571586020071435,51.498803319967834,0.0 -0.11571586020071435,51.498803319967834,0.0 -0.11571586020071435,51.498803319967834,0.0 -0.11773017350145368,51.498852875204776,0.0 -0.11773017350145368,51.498852875204776,0.0 -0.11773017350145368,51.498852875204776,0.0 -0.11773017350145368,51.498852875204776,0.0 -0.11773017350145368,51.498852875204776,0.0 -0.11765080274674419,51.50011012308113,0.0 -0.11765080274674419,51.50011012308113,0.0 -0.11765080274674419,51.50011012308113,0.0 -0.11765080274674419,51.50011012308113,0.0 -0.11765080274674419,51.50011012308113,0.0 -0.11563643416416852,51.50006056562639,0.0 -0.11563643416416852,51.50006056562639,0.0 -0.11563643416416852,51.50006056562639,0.0 -0.11362207133884884,51.50001097361279,0.0 -0.11362207133884884,51.50001097361279,0.0 -0.11362207133884884,51.50001097361279,0.0 -0.11362207133884884,51.50001097361279,0.0 -0.11160771427477639,51.499961347040546,0.0 -0.11160771427477639,51.499961347040546,0.0 -0.11160771427477639,51.499961347040546,0.0 -0.10959336297594115,51.499911685909915,0.0 -0.10959336297594115,51.499911685909915,0.0 -0.10959336297594115,51.499911685909915,0.0 -0.1075790174463367,51.4998619902211,0.0 -0.1075790174463367,51.4998619902211,0.0 -0.1075790174463367,51.4998619902211,0.0 -0.10556467768995305,51.49981225997435,0.0 -0.10556467768995305,51.49981225997435,0.0 -0.10556467768995305,51.49981225997435,0.0 -0.1035503437107826,51.49976249516989,0.0 -0.1035503437107826,51.49976249516989,0.0 -0.1035503437107826,51.49976249516989,0.0 -0.1035503437107826,51.49976249516989,0.0 -0.10153601551281616,51.499712695807936,0.0 -0.10153601551281616,51.499712695807936,0.0 -0.10153601551281616,51.499712695807936,0.0 -0.0995216931000445,51.49966286188874,0.0 -0.0995216931000445,51.49966286188874,0.0 -0.0995216931000445,51.49966286188874,0.0 -0.09750737647645964,51.499612993412526,0.0 -0.09750737647645964,51.499612993412526,0.0 -0.09750737647645964,51.499612993412526,0.0 -0.09549306564605158,51.499563090379546,0.0 -0.09549306564605158,51.499563090379546,0.0 -0.09549306564605158,51.499563090379546,0.0 -0.0934787606128115,51.499513152789994,0.0 -0.0934787606128115,51.499513152789994,0.0 -0.0934787606128115,51.499513152789994,0.0 -0.0934787606128115,51.499513152789994,0.0 -0.09146446138073022,51.499463180644135,0.0 -0.09146446138073022,51.499463180644135,0.0 -0.09146446138073022,51.499463180644135,0.0 -0.08945016795379855,51.49941317394218,0.0 -0.08945016795379855,51.49941317394218,0.0 -0.08945016795379855,51.49941317394218,0.0 -0.08743588033600806,51.49936313268438,0.0 -0.08743588033600806,51.49936313268438,0.0 -0.08743588033600806,51.49936313268438,0.0 -0.08542159853134838,51.49931305687095,0.0 -0.08542159853134838,51.49931305687095,0.0 -0.08542159853134838,51.49931305687095,0.0 -0.08542159853134838,51.49931305687095,0.0 -0.0834073225438107,51.49926294650213,0.0 -0.0834073225438107,51.49926294650213,0.0 -0.0834073225438107,51.49926294650213,0.0 -0.08182468120851927,51.49922354982798,0.0 -0.08182468120851927,51.49922354982798,0.0 -0.08182468120851927,51.49922354982798,0.0 -0.08182468120851927,51.49922354982798,0.0 -0.08182468120851927,51.49922354982798,0.0 -0.08182468120851927,51.49922354982798,0.0 -0.08182468120851927,51.49922354982798,0.0 -0.0834073225438107,51.49926294650213,0.0 -0.0834073225438107,51.49926294650213,0.0 -0.0834073225438107,51.49926294650213,0.0 -0.08542159853134838,51.49931305687095,0.0 -0.08542159853134838,51.49931305687095,0.0 -0.08542159853134838,51.49931305687095,0.0 -0.08542159853134838,51.49931305687095,0.0 -0.08743588033600806,51.49936313268438,0.0 -0.08743588033600806,51.49936313268438,0.0 -0.08743588033600806,51.49936313268438,0.0 -0.08945016795379855,51.49941317394218,0.0 -0.08945016795379855,51.49941317394218,0.0 -0.08945016795379855,51.49941317394218,0.0 -0.09146446138073022,51.499463180644135,0.0 -0.09146446138073022,51.499463180644135,0.0 -0.09146446138073022,51.499463180644135,0.0 -0.0934787606128115,51.499513152789994,0.0 -0.0934787606128115,51.499513152789994,0.0 -0.0934787606128115,51.499513152789994,0.0 -0.09549306564605158,51.499563090379546,0.0 -0.09549306564605158,51.499563090379546,0.0 -0.09549306564605158,51.499563090379546,0.0 -0.09549306564605158,51.499563090379546,0.0 -0.09750737647645964,51.499612993412526,0.0 -0.09750737647645964,51.499612993412526,0.0 -0.09750737647645964,51.499612993412526,0.0 -0.0995216931000445,51.49966286188874,0.0 -0.0995216931000445,51.49966286188874,0.0 -0.0995216931000445,51.49966286188874,0.0 -0.10153601551281616,51.499712695807936,0.0 -0.10153601551281616,51.499712695807936,0.0 -0.10153601551281616,51.499712695807936,0.0 -0.1035503437107826,51.49976249516989,0.0 -0.1035503437107826,51.49976249516989,0.0 -0.1035503437107826,51.49976249516989,0.0 -0.1035503437107826,51.49976249516989,0.0 -0.10556467768995305,51.49981225997435,0.0 -0.10556467768995305,51.49981225997435,0.0 -0.10556467768995305,51.49981225997435,0.0 -0.1075790174463367,51.4998619902211,0.0 -0.1075790174463367,51.4998619902211,0.0 -0.1075790174463367,51.4998619902211,0.0 -0.10959336297594115,51.499911685909915,0.0 -0.10959336297594115,51.499911685909915,0.0 -0.10959336297594115,51.499911685909915,0.0 -0.11160771427477639,51.499961347040546,0.0 -0.11160771427477639,51.499961347040546,0.0 -0.11160771427477639,51.499961347040546,0.0 -0.11362207133884884,51.50001097361279,0.0 -0.11362207133884884,51.50001097361279,0.0 -0.11362207133884884,51.50001097361279,0.0 -0.11362207133884884,51.50001097361279,0.0 -0.11563643416416852,51.50006056562639,0.0 -0.11563643416416852,51.50006056562639,0.0 -0.11563643416416852,51.50006056562639,0.0 -0.11765080274674419,51.50011012308113,0.0 -0.11765080274674419,51.50011012308113,0.0 -0.11765080274674419,51.50011012308113,0.0 -0.11765080274674419,51.50011012308113,0.0 -0.11765080274674419,51.50011012308113,0.0 -0.1175714262387699,51.50136737059884,0.0 -0.1175714262387699,51.50136737059884,0.0 -0.1175714262387699,51.50136737059884,0.0 -0.1175714262387699,51.50136737059884,0.0 -0.1175714262387699,51.50136737059884,0.0 -0.11555700237036746,51.50131781092619,0.0 -0.11555700237036746,51.50131781092619,0.0 -0.11555700237036746,51.50131781092619,0.0 -0.11354258425977087,51.501268216693134,0.0 -0.11354258425977087,51.501268216693134,0.0 -0.11354258425977087,51.501268216693134,0.0 -0.11354258425977087,51.501268216693134,0.0 -0.11152817191097253,51.50121858789989,0.0 -0.11152817191097253,51.50121858789989,0.0 -0.11152817191097253,51.50121858789989,0.0 -0.10951376532796321,51.50116892454672,0.0 -0.10951376532796321,51.50116892454672,0.0 -0.10951376532796321,51.50116892454672,0.0 -0.10749936451473653,51.501119226633826,0.0 -0.10749936451473653,51.501119226633826,0.0 -0.10749936451473653,51.501119226633826,0.0 -0.10548496947528327,51.50106949416145,0.0 -0.10548496947528327,51.50106949416145,0.0 -0.10548496947528327,51.50106949416145,0.0 -0.10548496947528327,51.50106949416145,0.0 -0.10347058021359583,51.50101972712982,0.0 -0.10347058021359583,51.50101972712982,0.0 -0.10347058021359583,51.50101972712982,0.0 -0.10145619673366461,51.500969925539174,0.0 -0.10145619673366461,51.500969925539174,0.0 -0.10145619673366461,51.500969925539174,0.0 -0.0994418190394832,51.50092008938973,0.0 -0.0994418190394832,51.50092008938973,0.0 -0.0994418190394832,51.50092008938973,0.0 -0.09742744713504,51.50087021868173,0.0 -0.09742744713504,51.50087021868173,0.0 -0.09742744713504,51.50087021868173,0.0 -0.09541308102432978,51.50082031341541,0.0 -0.09541308102432978,51.50082031341541,0.0 -0.09541308102432978,51.50082031341541,0.0 -0.09541308102432978,51.50082031341541,0.0 -0.093398720711341,51.500770373590996,0.0 -0.093398720711341,51.500770373590996,0.0 -0.093398720711341,51.500770373590996,0.0 -0.09138436620006721,51.50072039920872,0.0 -0.09138436620006721,51.50072039920872,0.0 -0.09138436620006721,51.50072039920872,0.0 -0.08937001749449722,51.5006703902688,0.0 -0.08937001749449722,51.5006703902688,0.0 -0.08937001749449722,51.5006703902688,0.0 -0.08735567459862384,51.500620346771505,0.0 -0.08735567459862384,51.500620346771505,0.0 -0.08735567459862384,51.500620346771505,0.0 -0.08534133751643824,51.500570268717034,0.0 -0.08534133751643824,51.500570268717034,0.0 -0.08534133751643824,51.500570268717034,0.0 -0.08534133751643824,51.500570268717034,0.0 -0.08332700625192965,51.500520156105644,0.0 -0.08332700625192965,51.500520156105644,0.0 -0.08332700625192965,51.500520156105644,0.0 -0.0817443214851248,51.50048075766837,0.0 -0.0817443214851248,51.50048075766837,0.0 -0.0817443214851248,51.50048075766837,0.0 -0.0817443214851248,51.50048075766837,0.0 -0.08166395593692491,51.50173796514796,0.0 -0.08166395593692491,51.50173796514796,0.0 -0.08166395593692491,51.50173796514796,0.0 -0.08166395593692491,51.50173796514796,0.0 -0.0832466841383804,51.501777365348424,0.0 -0.0832466841383804,51.501777365348424,0.0 -0.0832466841383804,51.501777365348424,0.0 -0.08526107068384911,51.50182748020253,0.0 -0.08526107068384911,51.50182748020253,0.0 -0.08526107068384911,51.50182748020253,0.0 -0.0872754630475522,51.50187756049816,0.0 -0.0872754630475522,51.50187756049816,0.0 -0.0872754630475522,51.50187756049816,0.0 -0.0872754630475522,51.50187756049816,0.0 -0.08928986122549849,51.501927606235085,0.0 -0.08928986122549849,51.501927606235085,0.0 -0.08928986122549849,51.501927606235085,0.0 -0.0913042652136972,51.501977617413075,0.0 -0.0913042652136972,51.501977617413075,0.0 -0.0913042652136972,51.501977617413075,0.0 -0.0933186750081559,51.50202759403189,0.0 -0.0933186750081559,51.50202759403189,0.0 -0.0933186750081559,51.50202759403189,0.0 -0.09533309060488421,51.5020775360913,0.0 -0.09533309060488421,51.5020775360913,0.0 -0.09533309060488421,51.5020775360913,0.0 -0.09533309060488421,51.5020775360913,0.0 -0.09734751199988854,51.50212744359107,0.0 -0.09734751199988854,51.50212744359107,0.0 -0.09734751199988854,51.50212744359107,0.0 -0.09936193918917968,51.50217731653098,0.0 -0.09936193918917968,51.50217731653098,0.0 -0.09936193918917968,51.50217731653098,0.0 -0.10137637216876445,51.50222715491079,0.0 -0.10137637216876445,51.50222715491079,0.0 -0.10137637216876445,51.50222715491079,0.0 -0.10339081093465124,51.50227695873027,0.0 -0.10339081093465124,51.50227695873027,0.0 -0.10339081093465124,51.50227695873027,0.0 -0.10540525548284807,51.502326727989185,0.0 -0.10540525548284807,51.502326727989185,0.0 -0.10540525548284807,51.502326727989185,0.0 -0.10540525548284807,51.502326727989185,0.0 -0.10741970580936254,51.502376462687316,0.0 -0.10741970580936254,51.502376462687316,0.0 -0.10741970580936254,51.502376462687316,0.0 -0.10943416191020307,51.502426162824406,0.0 -0.10943416191020307,51.502426162824406,0.0 -0.10943416191020307,51.502426162824406,0.0 -0.11144862378137764,51.50247582840024,0.0 -0.11144862378137764,51.50247582840024,0.0 -0.11144862378137764,51.50247582840024,0.0 -0.11346309141889387,51.5025254594146,0.0 -0.11346309141889387,51.5025254594146,0.0 -0.11346309141889387,51.5025254594146,0.0 -0.11346309141889387,51.5025254594146,0.0 -0.11547756481875937,51.50257505586723,0.0 -0.11547756481875937,51.50257505586723,0.0 -0.11547756481875937,51.50257505586723,0.0 -0.11749204397698175,51.50262461775791,0.0 -0.11749204397698175,51.50262461775791,0.0 -0.11749204397698175,51.50262461775791,0.0 -0.11749204397698175,51.50262461775791,0.0 -0.11749204397698175,51.50262461775791,0.0 -0.11741265596082952,51.50388186455832,0.0 -0.11741265596082952,51.50388186455832,0.0 -0.11741265596082952,51.50388186455832,0.0 -0.11741265596082952,51.50388186455832,0.0 -0.11741265596082952,51.50388186455832,0.0 -0.11539812150879558,51.50383230044948,0.0 -0.11539812150879558,51.50383230044948,0.0 -0.11539812150879558,51.50383230044948,0.0 -0.11539812150879558,51.50383230044948,0.0 -0.11338359281566877,51.503782701777155,0.0 -0.11338359281566877,51.503782701777155,0.0 -0.11338359281566877,51.503782701777155,0.0 -0.11136906988544347,51.50373306854156,0.0 -0.11136906988544347,51.50373306854156,0.0 -0.11136906988544347,51.50373306854156,0.0 -0.10935455272211084,51.503683400742936,0.0 -0.10935455272211084,51.503683400742936,0.0 -0.10935455272211084,51.503683400742936,0.0 -0.1073400413296641,51.50363369838151,0.0 -0.1073400413296641,51.50363369838151,0.0 -0.1073400413296641,51.50363369838151,0.0 -0.10532553571209523,51.50358396145753,0.0 -0.10532553571209523,51.50358396145753,0.0 -0.10532553571209523,51.50358396145753,0.0 -0.10532553571209523,51.50358396145753,0.0 -0.10331103587339782,51.503534189971205,0.0 -0.10331103587339782,51.503534189971205,0.0 -0.10331103587339782,51.503534189971205,0.0 -0.10129654181756306,51.503484383922775,0.0 -0.10129654181756306,51.503484383922775,0.0 -0.10129654181756306,51.503484383922775,0.0 -0.09928205354858455,51.50343454331248,0.0 -0.09928205354858455,51.50343454331248,0.0 -0.09928205354858455,51.50343454331248,0.0 -0.09726757107045346,51.50338466814054,0.0 -0.09726757107045346,51.50338466814054,0.0 -0.09726757107045346,51.50338466814054,0.0 -0.09525309438716262,51.50333475840718,0.0 -0.09525309438716262,51.50333475840718,0.0 -0.09525309438716262,51.50333475840718,0.0 -0.09525309438716262,51.50333475840718,0.0 -0.09323862350270398,51.503284814112654,0.0 -0.09323862350270398,51.503284814112654,0.0 -0.09323862350270398,51.503284814112654,0.0 -0.09122415842106876,51.50323483525718,0.0 -0.09122415842106876,51.50323483525718,0.0 -0.09122415842106876,51.50323483525718,0.0 -0.08920969914624936,51.50318482184099,0.0 -0.08920969914624936,51.50318482184099,0.0 -0.08920969914624936,51.50318482184099,0.0 -0.08719524568223816,51.503134773864325,0.0 -0.08719524568223816,51.503134773864325,0.0 -0.08719524568223816,51.503134773864325,0.0 -0.08719524568223816,51.503134773864325,0.0 -0.08518079803302597,51.50308469132741,0.0 -0.08518079803302597,51.50308469132741,0.0 -0.08518079803302597,51.50308469132741,0.0 -0.08316635620260517,51.50303457423049,0.0 -0.08316635620260517,51.50303457423049,0.0 -0.08316635620260517,51.50303457423049,0.0 -0.08158358456336379,51.50299517226671,0.0 -0.08158358456336379,51.50299517226671,0.0 -0.08158358456336379,51.50299517226671,0.0 -0.08158358456336379,51.50299517226671,0.0 -0.08158358456336379,51.50299517226671,0.0 -0.08158358456336379,51.50299517226671,0.0 -0.08158358456336379,51.50299517226671,0.0 -0.08316635620260517,51.50303457423049,0.0 -0.08316635620260517,51.50303457423049,0.0 -0.08316635620260517,51.50303457423049,0.0 -0.08518079803302597,51.50308469132741,0.0 -0.08518079803302597,51.50308469132741,0.0 -0.08518079803302597,51.50308469132741,0.0 -0.08719524568223816,51.503134773864325,0.0 -0.08719524568223816,51.503134773864325,0.0 -0.08719524568223816,51.503134773864325,0.0 -0.08719524568223816,51.503134773864325,0.0 -0.08920969914624936,51.50318482184099,0.0 -0.08920969914624936,51.50318482184099,0.0 -0.08920969914624936,51.50318482184099,0.0 -0.09122415842106876,51.50323483525718,0.0 -0.09122415842106876,51.50323483525718,0.0 -0.09122415842106876,51.50323483525718,0.0 -0.09323862350270398,51.503284814112654,0.0 -0.09323862350270398,51.503284814112654,0.0 -0.09323862350270398,51.503284814112654,0.0 -0.09525309438716262,51.50333475840718,0.0 -0.09525309438716262,51.50333475840718,0.0 -0.09525309438716262,51.50333475840718,0.0 -0.09726757107045346,51.50338466814054,0.0 -0.09726757107045346,51.50338466814054,0.0 -0.09726757107045346,51.50338466814054,0.0 -0.09726757107045346,51.50338466814054,0.0 -0.09928205354858455,51.50343454331248,0.0 -0.09928205354858455,51.50343454331248,0.0 -0.09928205354858455,51.50343454331248,0.0 -0.10129654181756306,51.503484383922775,0.0 -0.10129654181756306,51.503484383922775,0.0 -0.10129654181756306,51.503484383922775,0.0 -0.10331103587339782,51.503534189971205,0.0 -0.10331103587339782,51.503534189971205,0.0 -0.10331103587339782,51.503534189971205,0.0 -0.10532553571209523,51.50358396145753,0.0 -0.10532553571209523,51.50358396145753,0.0 -0.10532553571209523,51.50358396145753,0.0 -0.10532553571209523,51.50358396145753,0.0 -0.1073400413296641,51.50363369838151,0.0 -0.1073400413296641,51.50363369838151,0.0 -0.1073400413296641,51.50363369838151,0.0 -0.10935455272211084,51.503683400742936,0.0 -0.10935455272211084,51.503683400742936,0.0 -0.10935455272211084,51.503683400742936,0.0 -0.11136906988544347,51.50373306854156,0.0 -0.11136906988544347,51.50373306854156,0.0 -0.11136906988544347,51.50373306854156,0.0 -0.11338359281566877,51.503782701777155,0.0 -0.11338359281566877,51.503782701777155,0.0 -0.11338359281566877,51.503782701777155,0.0 -0.11539812150879558,51.50383230044948,0.0 -0.11539812150879558,51.50383230044948,0.0 -0.11539812150879558,51.50383230044948,0.0 -0.11539812150879558,51.50383230044948,0.0 -0.11741265596082952,51.50388186455832,0.0 -0.11741265596082952,51.50388186455832,0.0 -0.11741265596082952,51.50388186455832,0.0 -0.11741265596082952,51.50388186455832,0.0 -0.11741265596082952,51.50388186455832,0.0 -0.11733326218976176,51.50513911100009,0.0 -0.11733326218976176,51.50513911100009,0.0 -0.11733326218976176,51.50513911100009,0.0 -0.11733326218976176,51.50513911100009,0.0 -0.11733326218976176,51.50513911100009,0.0 -0.1153186724399231,51.50508954467297,0.0 -0.1153186724399231,51.50508954467297,0.0 -0.1153186724399231,51.50508954467297,0.0 -0.1153186724399231,51.50508954467297,0.0 -0.1133040884495418,51.505039943780815,0.0 -0.1133040884495418,51.505039943780815,0.0 -0.1133040884495418,51.505039943780815,0.0 -0.11128951022261462,51.50499030832386,0.0 -0.11128951022261462,51.50499030832386,0.0 -0.11128951022261462,51.50499030832386,0.0 -0.10927493776313116,51.50494063830233,0.0 -0.10927493776313116,51.50494063830233,0.0 -0.10927493776313116,51.50494063830233,0.0 -0.1072603710750862,51.504890933716474,0.0 -0.1072603710750862,51.504890933716474,0.0 -0.1072603710750862,51.504890933716474,0.0 -0.1072603710750862,51.504890933716474,0.0 -0.10524581016247132,51.504841194566495,0.0 -0.10524581016247132,51.504841194566495,0.0 -0.10524581016247132,51.504841194566495,0.0 -0.10323125502928014,51.50479142085264,0.0 -0.10323125502928014,51.50479142085264,0.0 -0.10323125502928014,51.50479142085264,0.0 -0.10121670567950662,51.50474161257513,0.0 -0.10121670567950662,51.50474161257513,0.0 -0.10121670567950662,51.50474161257513,0.0 -0.09920216211714077,51.50469176973422,0.0 -0.09920216211714077,51.50469176973422,0.0 -0.09920216211714077,51.50469176973422,0.0 -0.09718762434617696,51.50464189233012,0.0 -0.09718762434617696,51.50464189233012,0.0 -0.09718762434617696,51.50464189233012,0.0 -0.09718762434617696,51.50464189233012,0.0 -0.09517309237060839,51.504591980363074,0.0 -0.09517309237060839,51.504591980363074,0.0 -0.09517309237060839,51.504591980363074,0.0 -0.09315856619442625,51.5045420338333,0.0 -0.09315856619442625,51.5045420338333,0.0 -0.09315856619442625,51.5045420338333,0.0 -0.09114404582162294,51.50449205274105,0.0 -0.09114404582162294,51.50449205274105,0.0 -0.09114404582162294,51.50449205274105,0.0 -0.08912953125619084,51.50444203708654,0.0 -0.08912953125619084,51.50444203708654,0.0 -0.08912953125619084,51.50444203708654,0.0 -0.08711502250212314,51.50439198687001,0.0 -0.08711502250212314,51.50439198687001,0.0 -0.08711502250212314,51.50439198687001,0.0 -0.08711502250212314,51.50439198687001,0.0 -0.08510051956341104,51.50434190209169,0.0 -0.08510051956341104,51.50434190209169,0.0 -0.08510051956341104,51.50434190209169,0.0 -0.08308602244404653,51.504291782751814,0.0 -0.08308602244404653,51.504291782751814,0.0 -0.08308602244404653,51.504291782751814,0.0 -0.08150320736388286,51.50425237902464,0.0 -0.08150320736388286,51.50425237902464,0.0 -0.08150320736388286,51.50425237902464,0.0 -0.08150320736388286,51.50425237902464,0.0 -0.08142282433792553,51.50550958542173,0.0 -0.08142282433792553,51.50550958542173,0.0 -0.08142282433792553,51.50550958542173,0.0 -0.08142282433792553,51.50550958542173,0.0 -0.08300568286214752,51.505548990912395,0.0 -0.08300568286214752,51.505548990912395,0.0 -0.08300568286214752,51.505548990912395,0.0 -0.08502023527444771,51.50559911249534,0.0 -0.08502023527444771,51.50559911249534,0.0 -0.08502023527444771,51.50559911249534,0.0 -0.08703479350665251,51.50564919951519,0.0 -0.08703479350665251,51.50564919951519,0.0 -0.08703479350665251,51.50564919951519,0.0 -0.0890493575547691,51.50569925197171,0.0 -0.0890493575547691,51.50569925197171,0.0 -0.0890493575547691,51.50569925197171,0.0 -0.0890493575547691,51.50569925197171,0.0 -0.0910639274148059,51.505749269864666,0.0 -0.0910639274148059,51.505749269864666,0.0 -0.0910639274148059,51.505749269864666,0.0 -0.0930785030827697,51.50579925319383,0.0 -0.0930785030827697,51.50579925319383,0.0 -0.0930785030827697,51.50579925319383,0.0 -0.09509308455466854,51.50584920195895,0.0 -0.09509308455466854,51.50584920195895,0.0 -0.09509308455466854,51.50584920195895,0.0 -0.09710767182650643,51.505899116159824,0.0 -0.09710767182650643,51.505899116159824,0.0 -0.09710767182650643,51.505899116159824,0.0 -0.09710767182650643,51.505899116159824,0.0 -0.09912226489429575,51.5059489957962,0.0 -0.09912226489429575,51.5059489957962,0.0 -0.09912226489429575,51.5059489957962,0.0 -0.10113686375403934,51.50599884086785,0.0 -0.10113686375403934,51.50599884086785,0.0 -0.10113686375403934,51.50599884086785,0.0 -0.1031514684017472,51.50604865137455,0.0 -0.1031514684017472,51.50604865137455,0.0 -0.1031514684017472,51.50604865137455,0.0 -0.10516607883342295,51.506098427316054,0.0 -0.10516607883342295,51.506098427316054,0.0 -0.10516607883342295,51.506098427316054,0.0 -0.10718069504507699,51.50614816869215,0.0 -0.10718069504507699,51.50614816869215,0.0 -0.10718069504507699,51.50614816869215,0.0 -0.10718069504507699,51.50614816869215,0.0 -0.10919531703271376,51.50619787550258,0.0 -0.10919531703271376,51.50619787550258,0.0 -0.10919531703271376,51.50619787550258,0.0 -0.11120994479234085,51.50624754774713,0.0 -0.11120994479234085,51.50624754774713,0.0 -0.11120994479234085,51.50624754774713,0.0 -0.11322457831996469,51.50629718542557,0.0 -0.11322457831996469,51.50629718542557,0.0 -0.11322457831996469,51.50629718542557,0.0 -0.11523921761159167,51.506346788537655,0.0 -0.11523921761159167,51.506346788537655,0.0 -0.11523921761159167,51.506346788537655,0.0 -0.11725386266322824,51.506396357083176,0.0 -0.11725386266322824,51.506396357083176,0.0 -0.11725386266322824,51.506396357083176,0.0 -0.11725386266322824,51.506396357083176,0.0 -0.11725386266322824,51.506396357083176,0.0 -0.11725386266322824,51.506396357083176,0.0 -0.11725386266322824,51.506396357083176,0.0 -0.11725386266322824,51.506396357083176,0.0 -0.11725386266322824,51.506396357083176,0.0 -0.11725386266322824,51.506396357083176,0.0 -0.11725386266322824,51.506396357083176,0.0 -0.11523921761159167,51.506346788537655,0.0 -0.11523921761159167,51.506346788537655,0.0 -0.11523921761159167,51.506346788537655,0.0 -0.11322457831996469,51.50629718542557,0.0 -0.11322457831996469,51.50629718542557,0.0 -0.11322457831996469,51.50629718542557,0.0 -0.11120994479234085,51.50624754774713,0.0 -0.11120994479234085,51.50624754774713,0.0 -0.11120994479234085,51.50624754774713,0.0 -0.10919531703271376,51.50619787550258,0.0 -0.10919531703271376,51.50619787550258,0.0 -0.10919531703271376,51.50619787550258,0.0 -0.10718069504507699,51.50614816869215,0.0 -0.10718069504507699,51.50614816869215,0.0 -0.10718069504507699,51.50614816869215,0.0 -0.10718069504507699,51.50614816869215,0.0 -0.10516607883342295,51.506098427316054,0.0 -0.10516607883342295,51.506098427316054,0.0 -0.10516607883342295,51.506098427316054,0.0 -0.1031514684017472,51.50604865137455,0.0 -0.1031514684017472,51.50604865137455,0.0 -0.1031514684017472,51.50604865137455,0.0 -0.10113686375403934,51.50599884086785,0.0 -0.10113686375403934,51.50599884086785,0.0 -0.10113686375403934,51.50599884086785,0.0 -0.09912226489429575,51.5059489957962,0.0 -0.09912226489429575,51.5059489957962,0.0 -0.09912226489429575,51.5059489957962,0.0 -0.09912226489429575,51.5059489957962,0.0 -0.09710767182650643,51.505899116159824,0.0 -0.09710767182650643,51.505899116159824,0.0 -0.09710767182650643,51.505899116159824,0.0 -0.09509308455466854,51.50584920195895,0.0 -0.09509308455466854,51.50584920195895,0.0 -0.09509308455466854,51.50584920195895,0.0 -0.0930785030827697,51.50579925319383,0.0 -0.0930785030827697,51.50579925319383,0.0 -0.0930785030827697,51.50579925319383,0.0 -0.0910639274148059,51.505749269864666,0.0 -0.0910639274148059,51.505749269864666,0.0 -0.0910639274148059,51.505749269864666,0.0 -0.0890493575547691,51.50569925197171,0.0 -0.0890493575547691,51.50569925197171,0.0 -0.0890493575547691,51.50569925197171,0.0 -0.0890493575547691,51.50569925197171,0.0 -0.08703479350665251,51.50564919951519,0.0 -0.08703479350665251,51.50564919951519,0.0 -0.08703479350665251,51.50564919951519,0.0 -0.08502023527444771,51.50559911249534,0.0 -0.08502023527444771,51.50559911249534,0.0 -0.08502023527444771,51.50559911249534,0.0 -0.08300568286214752,51.505548990912395,0.0 -0.08300568286214752,51.505548990912395,0.0 -0.08300568286214752,51.505548990912395,0.0 -0.08142282433792553,51.50550958542173,0.0 -0.08142282433792553,51.50550958542173,0.0 -0.08142282433792553,51.50550958542173,0.0 -0.08142282433792553,51.50550958542173,0.0 -0.08134243548493358,51.50676679145798,0.0 -0.08134243548493358,51.50676679145798,0.0 -0.08134243548493358,51.50676679145798,0.0 -0.08134243548493358,51.50676679145798,0.0 -0.08292533745635113,51.50680619871225,0.0 -0.08292533745635113,51.50680619871225,0.0 -0.08292533745635113,51.50680619871225,0.0 -0.08493994516557903,51.50685632253838,0.0 -0.08493994516557903,51.50685632253838,0.0 -0.08493994516557903,51.50685632253838,0.0 -0.08695455869527048,51.50690641179988,0.0 -0.08695455869527048,51.50690641179988,0.0 -0.08695455869527048,51.50690641179988,0.0 -0.08896917804142795,51.50695646649651,0.0 -0.08896917804142795,51.50695646649651,0.0 -0.08896917804142795,51.50695646649651,0.0 -0.08896917804142795,51.50695646649651,0.0 -0.09098380320006223,51.507006486628036,0.0 -0.09098380320006223,51.507006486628036,0.0 -0.09098380320006223,51.507006486628036,0.0 -0.09299843416717893,51.507056472194215,0.0 -0.09299843416717893,51.507056472194215,0.0 -0.09299843416717893,51.507056472194215,0.0 -0.09501307093878565,51.50710642319484,0.0 -0.09501307093878565,51.50710642319484,0.0 -0.09501307093878565,51.50710642319484,0.0 -0.09702771351088724,51.507156339629645,0.0 -0.09702771351088724,51.507156339629645,0.0 -0.09702771351088724,51.507156339629645,0.0 -0.09904236187949367,51.50720622149843,0.0 -0.09904236187949367,51.50720622149843,0.0 -0.09904236187949367,51.50720622149843,0.0 -0.09904236187949367,51.50720622149843,0.0 -0.10105701604060978,51.50725606880093,0.0 -0.10105701604060978,51.50725606880093,0.0 -0.10105701604060978,51.50725606880093,0.0 -0.10307167599024317,51.50730588153695,0.0 -0.10307167599024317,51.50730588153695,0.0 -0.10307167599024317,51.50730588153695,0.0 -0.10508634172439907,51.50735565970623,0.0 -0.10508634172439907,51.50735565970623,0.0 -0.10508634172439907,51.50735565970623,0.0 -0.10710101323908389,51.507405403308546,0.0 -0.10710101323908389,51.507405403308546,0.0 -0.10710101323908389,51.507405403308546,0.0 -0.10911569053030604,51.50745511234367,0.0 -0.10911569053030604,51.50745511234367,0.0 -0.10911569053030604,51.50745511234367,0.0 -0.10911569053030604,51.50745511234367,0.0 -0.11113037359406994,51.507504786811374,0.0 -0.11113037359406994,51.507504786811374,0.0 -0.11113037359406994,51.507504786811374,0.0 -0.11314506242638242,51.507554426711415,0.0 -0.11314506242638242,51.507554426711415,0.0 -0.11314506242638242,51.507554426711415,0.0 -0.11515975702325067,51.50760403204357,0.0 -0.11515975702325067,51.50760403204357,0.0 -0.11515975702325067,51.50760403204357,0.0 -0.11717445738067873,51.50765360280761,0.0 -0.11717445738067873,51.50765360280761,0.0 -0.11717445738067873,51.50765360280761,0.0 -0.11717445738067873,51.50765360280761,0.0 -0.11717445738067873,51.50765360280761,0.0 -0.11717445738067873,51.50765360280761,0.0 -0.11709504634156222,51.50891084817335,0.0 -0.11709504634156222,51.50891084817335,0.0 -0.11709504634156222,51.50891084817335,0.0 -0.11709504634156222,51.50891084817335,0.0 -0.11709504634156222,51.50891084817335,0.0 -0.11709504634156222,51.50891084817335,0.0 -0.11508029067434866,51.50886127519066,0.0 -0.11508029067434866,51.50886127519066,0.0 -0.11508029067434866,51.50886127519066,0.0 -0.11306554076824715,51.50881166763833,0.0 -0.11306554076824715,51.50881166763833,0.0 -0.11306554076824715,51.50881166763833,0.0 -0.11105079662725206,51.50876202551655,0.0 -0.11105079662725206,51.50876202551655,0.0 -0.11105079662725206,51.50876202551655,0.0 -0.10903605825535735,51.50871234882558,0.0 -0.10903605825535735,51.50871234882558,0.0 -0.10903605825535735,51.50871234882558,0.0 -0.10903605825535735,51.50871234882558,0.0 -0.10702132565655663,51.508662637565656,0.0 -0.10702132565655663,51.508662637565656,0.0 -0.10702132565655663,51.508662637565656,0.0 -0.10500659883484467,51.50861289173698,0.0 -0.10500659883484467,51.50861289173698,0.0 -0.10500659883484467,51.50861289173698,0.0 -0.10299187779421703,51.50856311133981,0.0 -0.10299187779421703,51.50856311133981,0.0 -0.10299187779421703,51.50856311133981,0.0 -0.10097716253866452,51.50851329637435,0.0 -0.10097716253866452,51.50851329637435,0.0 -0.10097716253866452,51.50851329637435,0.0 -0.0989624530721835,51.50846344684086,0.0 -0.0989624530721835,51.50846344684086,0.0 -0.0989624530721835,51.50846344684086,0.0 -0.0989624530721835,51.50846344684086,0.0 -0.09694774939876519,51.50841356273956,0.0 -0.09694774939876519,51.50841356273956,0.0 -0.09694774939876519,51.50841356273956,0.0 -0.09493305152240752,51.508363644070684,0.0 -0.09493305152240752,51.508363644070684,0.0 -0.09493305152240752,51.508363644070684,0.0 -0.09291835944709813,51.50831369083447,0.0 -0.09291835944709813,51.50831369083447,0.0 -0.09291835944709813,51.50831369083447,0.0 -0.09090367317683576,51.50826370303113,0.0 -0.09090367317683576,51.50826370303113,0.0 -0.09090367317683576,51.50826370303113,0.0 -0.09090367317683576,51.50826370303113,0.0 -0.08888899271561161,51.50821368066091,0.0 -0.08888899271561161,51.50821368066091,0.0 -0.08888899271561161,51.50821368066091,0.0 -0.08687431806741847,51.50816362372406,0.0 -0.08687431806741847,51.50816362372406,0.0 -0.08687431806741847,51.50816362372406,0.0 -0.08485964923625072,51.508113532220776,0.0 -0.08485964923625072,51.508113532220776,0.0 -0.08485964923625072,51.508113532220776,0.0 -0.08284498622610235,51.508063406151315,0.0 -0.08284498622610235,51.508063406151315,0.0 -0.08284498622610235,51.508063406151315,0.0 -0.08126204080435086,51.50802399713337,0.0 -0.08126204080435086,51.50802399713337,0.0 -0.08126204080435086,51.50802399713337,0.0 -0.08126204080435086,51.50802399713337,0.0 -0.08118164029561954,51.50928120244791,0.0 -0.08118164029561954,51.50928120244791,0.0 -0.08118164029561954,51.50928120244791,0.0 -0.08118164029561954,51.50928120244791,0.0 -0.08276462917083903,51.50932061322965,0.0 -0.08276462917083903,51.50932061322965,0.0 -0.08276462917083903,51.50932061322965,0.0 -0.08477934748590306,51.50937074154255,0.0 -0.08477934748590306,51.50937074154255,0.0 -0.08477934748590306,51.50937074154255,0.0 -0.08679407162254187,51.50942083528772,0.0 -0.08679407162254187,51.50942083528772,0.0 -0.08679407162254187,51.50942083528772,0.0 -0.08880880157676226,51.50947089446494,0.0 -0.08880880157676226,51.50947089446494,0.0 -0.08880880157676226,51.50947089446494,0.0 -0.09082353734457105,51.509520919073964,0.0 -0.09082353734457105,51.509520919073964,0.0 -0.09082353734457105,51.509520919073964,0.0 -0.09082353734457105,51.509520919073964,0.0 -0.09283827892197268,51.50957090911458,0.0 -0.09283827892197268,51.50957090911458,0.0 -0.09283827892197268,51.50957090911458,0.0 -0.09485302630497634,51.50962086458652,0.0 -0.09485302630497634,51.50962086458652,0.0 -0.09485302630497634,51.50962086458652,0.0 -0.09686777948958526,51.50967078548959,0.0 -0.09686777948958526,51.50967078548959,0.0 -0.09686777948958526,51.50967078548959,0.0 -0.09888253847180827,51.50972067182353,0.0 -0.09888253847180827,51.50972067182353,0.0 -0.09888253847180827,51.50972067182353,0.0 -0.10089730324764856,51.509770523588124,0.0 -0.10089730324764856,51.509770523588124,0.0 -0.10089730324764856,51.509770523588124,0.0 -0.10089730324764856,51.509770523588124,0.0 -0.10291207381311378,51.50982034078313,0.0 -0.10291207381311378,51.50982034078313,0.0 -0.10291207381311378,51.50982034078313,0.0 -0.10492685016420872,51.50987012340833,0.0 -0.10492685016420872,51.50987012340833,0.0 -0.10492685016420872,51.50987012340833,0.0 -0.10694163229694023,51.509919871463474,0.0 -0.10694163229694023,51.509919871463474,0.0 -0.10694163229694023,51.509919871463474,0.0 -0.1089564202073123,51.50996958494834,0.0 -0.1089564202073123,51.50996958494834,0.0 -0.1089564202073123,51.50996958494834,0.0 -0.1089564202073123,51.50996958494834,0.0 -0.11097121389133259,51.510019263862695,0.0 -0.11097121389133259,51.510019263862695,0.0 -0.11097121389133259,51.510019263862695,0.0 -0.1129860133450035,51.51006890820632,0.0 -0.1129860133450035,51.51006890820632,0.0 -0.1129860133450035,51.51006890820632,0.0 -0.11500081856433463,51.51011851797897,0.0 -0.11500081856433463,51.51011851797897,0.0 -0.11500081856433463,51.51011851797897,0.0 -0.11701562954532763,51.51016809318041,0.0 -0.11701562954532763,51.51016809318041,0.0 -0.11701562954532763,51.51016809318041,0.0 -0.11701562954532763,51.51016809318041,0.0 -0.11701562954532763,51.51016809318041,0.0 -0.11701562954532763,51.51016809318041,0.0 -0.11701562954532763,51.51016809318041,0.0 -0.11701562954532763,51.51016809318041,0.0 -0.11701562954532763,51.51016809318041,0.0 -0.11701562954532763,51.51016809318041,0.0 -0.11701562954532763,51.51016809318041,0.0 -0.11500081856433463,51.51011851797897,0.0 -0.11500081856433463,51.51011851797897,0.0 -0.11500081856433463,51.51011851797897,0.0 -0.1129860133450035,51.51006890820632,0.0 -0.1129860133450035,51.51006890820632,0.0 -0.1129860133450035,51.51006890820632,0.0 -0.11097121389133259,51.510019263862695,0.0 -0.11097121389133259,51.510019263862695,0.0 -0.11097121389133259,51.510019263862695,0.0 -0.1089564202073123,51.50996958494834,0.0 -0.1089564202073123,51.50996958494834,0.0 -0.1089564202073123,51.50996958494834,0.0 -0.1089564202073123,51.50996958494834,0.0 -0.10694163229694023,51.509919871463474,0.0 -0.10694163229694023,51.509919871463474,0.0 -0.10694163229694023,51.509919871463474,0.0 -0.10492685016420872,51.50987012340833,0.0 -0.10492685016420872,51.50987012340833,0.0 -0.10492685016420872,51.50987012340833,0.0 -0.10291207381311378,51.50982034078313,0.0 -0.10291207381311378,51.50982034078313,0.0 -0.10291207381311378,51.50982034078313,0.0 -0.10089730324764856,51.509770523588124,0.0 -0.10089730324764856,51.509770523588124,0.0 -0.10089730324764856,51.509770523588124,0.0 -0.10089730324764856,51.509770523588124,0.0 -0.09888253847180827,51.50972067182353,0.0 -0.09888253847180827,51.50972067182353,0.0 -0.09888253847180827,51.50972067182353,0.0 -0.09686777948958526,51.50967078548959,0.0 -0.09686777948958526,51.50967078548959,0.0 -0.09686777948958526,51.50967078548959,0.0 -0.09485302630497634,51.50962086458652,0.0 -0.09485302630497634,51.50962086458652,0.0 -0.09485302630497634,51.50962086458652,0.0 -0.09283827892197268,51.50957090911458,0.0 -0.09283827892197268,51.50957090911458,0.0 -0.09283827892197268,51.50957090911458,0.0 -0.09082353734457105,51.509520919073964,0.0 -0.09082353734457105,51.509520919073964,0.0 -0.09082353734457105,51.509520919073964,0.0 -0.09082353734457105,51.509520919073964,0.0 -0.08880880157676226,51.50947089446494,0.0 -0.08880880157676226,51.50947089446494,0.0 -0.08880880157676226,51.50947089446494,0.0 -0.08679407162254187,51.50942083528772,0.0 -0.08679407162254187,51.50942083528772,0.0 -0.08679407162254187,51.50942083528772,0.0 -0.08477934748590306,51.50937074154255,0.0 -0.08477934748590306,51.50937074154255,0.0 -0.08477934748590306,51.50937074154255,0.0 -0.08276462917083903,51.50932061322965,0.0 -0.08276462917083903,51.50932061322965,0.0 -0.08276462917083903,51.50932061322965,0.0 -0.08276462917083903,51.50932061322965,0.0 -0.08118164029561954,51.50928120244791,0.0 -0.08118164029561954,51.50928120244791,0.0 -0.08118164029561954,51.50928120244791,0.0 -0.08110123395818025,51.5105384074016,0.0 -0.08110123395818025,51.5105384074016,0.0 -0.08110123395818025,51.5105384074016,0.0 -0.08268426629000854,51.510577819947216,0.0 -0.08268426629000854,51.510577819947216,0.0 -0.08268426629000854,51.510577819947216,0.0 -0.08268426629000854,51.510577819947216,0.0 -0.08469903991398021,51.510627950503675,0.0 -0.08469903991398021,51.510627950503675,0.0 -0.08469903991398021,51.510627950503675,0.0 -0.08671381936008406,51.510678046490874,0.0 -0.08671381936008406,51.510678046490874,0.0 -0.08671381936008406,51.510678046490874,0.0 -0.0887286046243245,51.51072810790856,0.0 -0.0887286046243245,51.51072810790856,0.0 -0.0887286046243245,51.51072810790856,0.0 -0.09074339570271113,51.510778134756535,0.0 -0.09074339570271113,51.510778134756535,0.0 -0.09074339570271113,51.510778134756535,0.0 -0.09074339570271113,51.510778134756535,0.0 -0.0927581925912472,51.51082812703453,0.0 -0.0927581925912472,51.51082812703453,0.0 -0.0927581925912472,51.51082812703453,0.0 -0.0947729952859395,51.51087808474234,0.0 -0.0947729952859395,51.51087808474234,0.0 -0.0947729952859395,51.51087808474234,0.0 -0.09678780378279248,51.51092800787971,0.0 -0.09678780378279248,51.51092800787971,0.0 -0.09678780378279248,51.51092800787971,0.0 -0.09880261807781372,51.51097789644641,0.0 -0.09880261807781372,51.51097789644641,0.0 -0.09880261807781372,51.51097789644641,0.0 -0.1008174381670077,51.51102775044223,0.0 -0.1008174381670077,51.51102775044223,0.0 -0.1008174381670077,51.51102775044223,0.0 -0.1008174381670077,51.51102775044223,0.0 -0.10283226404637999,51.51107756986693,0.0 -0.10283226404637999,51.51107756986693,0.0 -0.10283226404637999,51.51107756986693,0.0 -0.10484709571193623,51.51112735472026,0.0 -0.10484709571193623,51.51112735472026,0.0 -0.10484709571193623,51.51112735472026,0.0 -0.10686193315968125,51.511177105002005,0.0 -0.10686193315968125,51.511177105002005,0.0 -0.10686193315968125,51.511177105002005,0.0 -0.10887677638561986,51.511226820711926,0.0 -0.10887677638561986,51.511226820711926,0.0 -0.10887677638561986,51.511226820711926,0.0 -0.1108916253857597,51.5112765018498,0.0 -0.1108916253857597,51.5112765018498,0.0 -0.1108916253857597,51.5112765018498,0.0 -0.1108916253857597,51.5112765018498,0.0 -0.11290648015610318,51.511326148415385,0.0 -0.11290648015610318,51.511326148415385,0.0 -0.11290648015610318,51.511326148415385,0.0 -0.11492134069265712,51.511375760408455,0.0 -0.11492134069265712,51.511375760408455,0.0 -0.11492134069265712,51.511375760408455,0.0 -0.11693620699142436,51.51142533782878,0.0 -0.11693620699142436,51.51142533782878,0.0 -0.11693620699142436,51.51142533782878,0.0 -0.11693620699142436,51.51142533782878,0.0 -0.11693620699142436,51.51142533782878,0.0 -0.11693620699142436,51.51142533782878,0.0 -0.11685677867930257,51.512682582118465,0.0 -0.11685677867930257,51.512682582118465,0.0 -0.11685677867930257,51.512682582118465,0.0 -0.11685677867930257,51.512682582118465,0.0 -0.11685677867930257,51.512682582118465,0.0 -0.11685677867930257,51.512682582118465,0.0 -0.11484185705876472,51.51263300247912,0.0 -0.11484185705876472,51.51263300247912,0.0 -0.11484185705876472,51.51263300247912,0.0 -0.1128269412009932,51.51258338826551,0.0 -0.1128269412009932,51.51258338826551,0.0 -0.1128269412009932,51.51258338826551,0.0 -0.11081203110998356,51.512533739477824,0.0 -0.11081203110998356,51.512533739477824,0.0 -0.11081203110998356,51.512533739477824,0.0 -0.11081203110998356,51.512533739477824,0.0 -0.10879712678972939,51.51248405611632,0.0 -0.10879712678972939,51.51248405611632,0.0 -0.10879712678972939,51.51248405611632,0.0 -0.10678222824422867,51.51243433818122,0.0 -0.10678222824422867,51.51243433818122,0.0 -0.10678222824422867,51.51243433818122,0.0 -0.10476733547747456,51.51238458567276,0.0 -0.10476733547747456,51.51238458567276,0.0 -0.10476733547747456,51.51238458567276,0.0 -0.10275244849346345,51.51233479859116,0.0 -0.10275244849346345,51.51233479859116,0.0 -0.10275244849346345,51.51233479859116,0.0 -0.10073756729618849,51.51228497693666,0.0 -0.10073756729618849,51.51228497693666,0.0 -0.10073756729618849,51.51228497693666,0.0 -0.10073756729618849,51.51228497693666,0.0 -0.09872269188964689,51.51223512070951,0.0 -0.09872269188964689,51.51223512070951,0.0 -0.09872269188964689,51.51223512070951,0.0 -0.09670782227783259,51.5121852299099,0.0 -0.09670782227783259,51.5121852299099,0.0 -0.09670782227783259,51.5121852299099,0.0 -0.09469295846474197,51.51213530453809,0.0 -0.09469295846474197,51.51213530453809,0.0 -0.09469295846474197,51.51213530453809,0.0 -0.09267810045436506,51.51208534459432,0.0 -0.09267810045436506,51.51208534459432,0.0 -0.09267810045436506,51.51208534459432,0.0 -0.09267810045436506,51.51208534459432,0.0 -0.09066324825070178,51.51203535007881,0.0 -0.09066324825070178,51.51203535007881,0.0 -0.09066324825070178,51.51203535007881,0.0 -0.08864840185774372,51.51198532099178,0.0 -0.08864840185774372,51.51198532099178,0.0 -0.08864840185774372,51.51198532099178,0.0 -0.08663356127948767,51.51193525733348,0.0 -0.08663356127948767,51.51193525733348,0.0 -0.08663356127948767,51.51193525733348,0.0 -0.0846187265199244,51.511885159104146,0.0 -0.0846187265199244,51.511885159104146,0.0 -0.0846187265199244,51.511885159104146,0.0 -0.0826038975830519,51.51183502630399,0.0 -0.0826038975830519,51.51183502630399,0.0 -0.0826038975830519,51.51183502630399,0.0 -0.0826038975830519,51.51183502630399,0.0 -0.0810208217914784,51.5117956119944,0.0 -0.0810208217914784,51.5117956119944,0.0 -0.0810208217914784,51.5117956119944,0.0 -0.0810208217914784,51.5117956119944,0.0 -0.0810208217914784,51.5117956119944,0.0 -0.0826038975830519,51.51183502630399,0.0 -0.0826038975830519,51.51183502630399,0.0 -0.0826038975830519,51.51183502630399,0.0 -0.0826038975830519,51.51183502630399,0.0 -0.0846187265199244,51.511885159104146,0.0 -0.0846187265199244,51.511885159104146,0.0 -0.0846187265199244,51.511885159104146,0.0 -0.08663356127948767,51.51193525733348,0.0 -0.08663356127948767,51.51193525733348,0.0 -0.08663356127948767,51.51193525733348,0.0 -0.08864840185774372,51.51198532099178,0.0 -0.08864840185774372,51.51198532099178,0.0 -0.08864840185774372,51.51198532099178,0.0 -0.09066324825070178,51.51203535007881,0.0 -0.09066324825070178,51.51203535007881,0.0 -0.09066324825070178,51.51203535007881,0.0 -0.09267810045436506,51.51208534459432,0.0 -0.09267810045436506,51.51208534459432,0.0 -0.09267810045436506,51.51208534459432,0.0 -0.09267810045436506,51.51208534459432,0.0 -0.09469295846474197,51.51213530453809,0.0 -0.09469295846474197,51.51213530453809,0.0 -0.09469295846474197,51.51213530453809,0.0 -0.09670782227783259,51.5121852299099,0.0 -0.09670782227783259,51.5121852299099,0.0 -0.09670782227783259,51.5121852299099,0.0 -0.09872269188964689,51.51223512070951,0.0 -0.09872269188964689,51.51223512070951,0.0 -0.09872269188964689,51.51223512070951,0.0 -0.10073756729618849,51.51228497693666,0.0 -0.10073756729618849,51.51228497693666,0.0 -0.10073756729618849,51.51228497693666,0.0 -0.10275244849346345,51.51233479859116,0.0 -0.10275244849346345,51.51233479859116,0.0 -0.10275244849346345,51.51233479859116,0.0 -0.10275244849346345,51.51233479859116,0.0 -0.10476733547747456,51.51238458567276,0.0 -0.10476733547747456,51.51238458567276,0.0 -0.10476733547747456,51.51238458567276,0.0 -0.10678222824422867,51.51243433818122,0.0 -0.10678222824422867,51.51243433818122,0.0 -0.10678222824422867,51.51243433818122,0.0 -0.10879712678972939,51.51248405611632,0.0 -0.10879712678972939,51.51248405611632,0.0 -0.10879712678972939,51.51248405611632,0.0 -0.11081203110998356,51.512533739477824,0.0 -0.11081203110998356,51.512533739477824,0.0 -0.11081203110998356,51.512533739477824,0.0 -0.11081203110998356,51.512533739477824,0.0 -0.1128269412009932,51.51258338826551,0.0 -0.1128269412009932,51.51258338826551,0.0 -0.1128269412009932,51.51258338826551,0.0 -0.11484185705876472,51.51263300247912,0.0 -0.11484185705876472,51.51263300247912,0.0 -0.11484185705876472,51.51263300247912,0.0 -0.11685677867930257,51.512682582118465,0.0 -0.11685677867930257,51.512682582118465,0.0 -0.11685677867930257,51.512682582118465,0.0 -0.11685677867930257,51.512682582118465,0.0 -0.11685677867930257,51.512682582118465,0.0 -0.11685677867930257,51.512682582118465,0.0 -0.11677734460840884,51.51393982604945,0.0 -0.11677734460840884,51.51393982604945,0.0 -0.11677734460840884,51.51393982604945,0.0 -0.11677734460840884,51.51393982604945,0.0 -0.11677734460840884,51.51393982604945,0.0 -0.11677734460840884,51.51393982604945,0.0 -0.114762367662106,51.513890244190996,0.0 -0.114762367662106,51.513890244190996,0.0 -0.114762367662106,51.513890244190996,0.0 -0.11274739647912012,51.5138406277567,0.0 -0.11274739647912012,51.5138406277567,0.0 -0.11274739647912012,51.5138406277567,0.0 -0.11274739647912012,51.5138406277567,0.0 -0.11073243106344915,51.513790976746805,0.0 -0.11073243106344915,51.513790976746805,0.0 -0.11073243106344915,51.513790976746805,0.0 -0.10871747141908629,51.513741291161544,0.0 -0.10871747141908629,51.513741291161544,0.0 -0.10871747141908629,51.513741291161544,0.0 -0.10670251755002827,51.51369157100113,0.0 -0.10670251755002827,51.51369157100113,0.0 -0.10670251755002827,51.51369157100113,0.0 -0.1046875694602703,51.51364181626584,0.0 -0.1046875694602703,51.51364181626584,0.0 -0.1046875694602703,51.51364181626584,0.0 -0.10267262715380873,51.513592026955855,0.0 -0.10267262715380873,51.513592026955855,0.0 -0.10267262715380873,51.513592026955855,0.0 -0.10267262715380873,51.513592026955855,0.0 -0.10065769063463675,51.51354220307144,0.0 -0.10065769063463675,51.51354220307144,0.0 -0.10065769063463675,51.51354220307144,0.0 -0.09864275990675311,51.51349234461281,0.0 -0.09864275990675311,51.51349234461281,0.0 -0.09864275990675311,51.51349234461281,0.0 -0.09662783497415021,51.51344245158019,0.0 -0.09662783497415021,51.51344245158019,0.0 -0.09662783497415021,51.51344245158019,0.0 -0.0946129158408252,51.513392523973835,0.0 -0.0946129158408252,51.513392523973835,0.0 -0.0946129158408252,51.513392523973835,0.0 -0.09259800251077208,51.51334256179396,0.0 -0.09259800251077208,51.51334256179396,0.0 -0.09259800251077208,51.51334256179396,0.0 -0.09259800251077208,51.51334256179396,0.0 -0.090583094987986,51.5132925650408,0.0 -0.090583094987986,51.5132925650408,0.0 -0.090583094987986,51.5132925650408,0.0 -0.08856819327646176,51.513242533714596,0.0 -0.08856819327646176,51.513242533714596,0.0 -0.08856819327646176,51.513242533714596,0.0 -0.0865532973801949,51.51319246781558,0.0 -0.0865532973801949,51.51319246781558,0.0 -0.0865532973801949,51.51319246781558,0.0 -0.08453840730317903,51.513142367343974,0.0 -0.08453840730317903,51.513142367343974,0.0 -0.08453840730317903,51.513142367343974,0.0 -0.08453840730317903,51.513142367343974,0.0 -0.08252352304941092,51.51309223230001,0.0 -0.08252352304941092,51.51309223230001,0.0 -0.08252352304941092,51.51309223230001,0.0 -0.0809404037949522,51.51305281622635,0.0 -0.0809404037949522,51.51305281622635,0.0 -0.0809404037949522,51.51305281622635,0.0 -0.08085997996804706,51.51431002009742,0.0 -0.08085997996804706,51.51431002009742,0.0 -0.08085997996804706,51.51431002009742,0.0 -0.08244314268852901,51.514349437935245,0.0 -0.08244314268852901,51.514349437935245,0.0 -0.08244314268852901,51.514349437935245,0.0 -0.0844580822631879,51.51439957522313,0.0 -0.0844580822631879,51.51439957522313,0.0 -0.0844580822631879,51.51439957522313,0.0 -0.0844580822631879,51.51439957522313,0.0 -0.08647302766165116,51.51444967793713,0.0 -0.08647302766165116,51.51444967793713,0.0 -0.08647302766165116,51.51444967793713,0.0 -0.08848797887992238,51.51449974607699,0.0 -0.08848797887992238,51.51449974607699,0.0 -0.08848797887992238,51.51449974607699,0.0 -0.0905029359140076,51.51454977964251,0.0 -0.0905029359140076,51.51454977964251,0.0 -0.0905029359140076,51.51454977964251,0.0 -0.09251789875991125,51.51459977863343,0.0 -0.09251789875991125,51.51459977863343,0.0 -0.09251789875991125,51.51459977863343,0.0 -0.09453286741363776,51.51464974304951,0.0 -0.09453286741363776,51.51464974304951,0.0 -0.09453286741363776,51.51464974304951,0.0 -0.09453286741363776,51.51464974304951,0.0 -0.09654784187119074,51.51469967289055,0.0 -0.09654784187119074,51.51469967289055,0.0 -0.09654784187119074,51.51469967289055,0.0 -0.09856282212857703,51.5147495681563,0.0 -0.09856282212857703,51.5147495681563,0.0 -0.09856282212857703,51.5147495681563,0.0 -0.10057780818179905,51.51479942884651,0.0 -0.10057780818179905,51.51479942884651,0.0 -0.10057780818179905,51.51479942884651,0.0 -0.10259280002686205,51.514849254960986,0.0 -0.10259280002686205,51.514849254960986,0.0 -0.10259280002686205,51.514849254960986,0.0 -0.10259280002686205,51.514849254960986,0.0 -0.10460779765977003,51.51489904649948,0.0 -0.10460779765977003,51.51489904649948,0.0 -0.10460779765977003,51.51489904649948,0.0 -0.10662280107652825,51.514948803461735,0.0 -0.10662280107652825,51.514948803461735,0.0 -0.10662280107652825,51.514948803461735,0.0 -0.10863781027313792,51.51499852584755,0.0 -0.10863781027313792,51.51499852584755,0.0 -0.10863781027313792,51.51499852584755,0.0 -0.11065282524560625,51.51504821365669,0.0 -0.11065282524560625,51.51504821365669,0.0 -0.11065282524560625,51.51504821365669,0.0 -0.11266784598993533,51.51509786688893,0.0 -0.11266784598993533,51.51509786688893,0.0 -0.11266784598993533,51.51509786688893,0.0 -0.11266784598993533,51.51509786688893,0.0 -0.11468287250212994,51.51514748554401,0.0 -0.11468287250212994,51.51514748554401,0.0 -0.11468287250212994,51.51514748554401,0.0 -0.11669790477819332,51.51519706962173,0.0 -0.11669790477819332,51.51519706962173,0.0 -0.11669790477819332,51.51519706962173,0.0 -0.11669790477819332,51.51519706962173,0.0 -0.11669790477819332,51.51519706962173,0.0 -0.11669790477819332,51.51519706962173,0.0 -0.116618459188105,51.5164543128353,0.0 -0.116618459188105,51.5164543128353,0.0 -0.116618459188105,51.5164543128353,0.0 -0.116618459188105,51.5164543128353,0.0 -0.116618459188105,51.5164543128353,0.0 -0.116618459188105,51.5164543128353,0.0 -0.11460337157828508,51.51640472653821,0.0 -0.11460337157828508,51.51640472653821,0.0 -0.11460337157828508,51.51640472653821,0.0 -0.11258828973288498,51.51635510566221,0.0 -0.11258828973288498,51.51635510566221,0.0 -0.11258828973288498,51.51635510566221,0.0 -0.11258828973288498,51.51635510566221,0.0 -0.11057321365590106,51.51630545020753,0.0 -0.11057321365590106,51.51630545020753,0.0 -0.11057321365590106,51.51630545020753,0.0 -0.10855814335133285,51.51625576017439,0.0 -0.10855814335133285,51.51625576017439,0.0 -0.10855814335133285,51.51625576017439,0.0 -0.10654307882317436,51.51620603556303,0.0 -0.10654307882317436,51.51620603556303,0.0 -0.10654307882317436,51.51620603556303,0.0 -0.10452802007542075,51.51615627637368,0.0 -0.10452802007542075,51.51615627637368,0.0 -0.10452802007542075,51.51615627637368,0.0 -0.10452802007542075,51.51615627637368,0.0 -0.10251296711207157,51.51610648260657,0.0 -0.10251296711207157,51.51610648260657,0.0 -0.10251296711207157,51.51610648260657,0.0 -0.10049791993712,51.516056654261924,0.0 -0.10049791993712,51.516056654261924,0.0 -0.10049791993712,51.516056654261924,0.0 -0.0984828785545644,51.51600679133999,0.0 -0.0984828785545644,51.51600679133999,0.0 -0.0984828785545644,51.51600679133999,0.0 -0.09646784296839955,51.51595689384098,0.0 -0.09646784296839955,51.51595689384098,0.0 -0.09646784296839955,51.51595689384098,0.0 -0.09445281318262262,51.515906961765154,0.0 -0.09445281318262262,51.515906961765154,0.0 -0.09445281318262262,51.515906961765154,0.0 -0.09445281318262262,51.515906961765154,0.0 -0.09243778920122836,51.515856995112706,0.0 -0.09243778920122836,51.515856995112706,0.0 -0.09243778920122836,51.515856995112706,0.0 -0.09042277102821118,51.51580699388392,0.0 -0.09042277102821118,51.51580699388392,0.0 -0.09042277102821118,51.51580699388392,0.0 -0.0884077586675694,51.51575695807898,0.0 -0.0884077586675694,51.51575695807898,0.0 -0.0884077586675694,51.51575695807898,0.0 -0.08639275212329824,51.51570688769814,0.0 -0.08639275212329824,51.51570688769814,0.0 -0.08639275212329824,51.51570688769814,0.0 -0.08437775139939165,51.51565678274164,0.0 -0.08437775139939165,51.51565678274164,0.0 -0.08437775139939165,51.51565678274164,0.0 -0.08437775139939165,51.51565678274164,0.0 -0.08236275649984638,51.5156066432097,0.0 -0.08236275649984638,51.5156066432097,0.0 -0.08236275649984638,51.5156066432097,0.0 -0.08077955031020358,51.51556722360759,0.0 -0.08077955031020358,51.51556722360759,0.0 -0.08077955031020358,51.51556722360759,0.0 -0.08077955031020358,51.51556722360759,0.0 -0.08077955031020358,51.51556722360759,0.0 -0.08236275649984638,51.5156066432097,0.0 -0.08236275649984638,51.5156066432097,0.0 -0.08236275649984638,51.5156066432097,0.0 -0.08437775139939165,51.51565678274164,0.0 -0.08437775139939165,51.51565678274164,0.0 -0.08437775139939165,51.51565678274164,0.0 -0.08639275212329824,51.51570688769814,0.0 -0.08639275212329824,51.51570688769814,0.0 -0.08639275212329824,51.51570688769814,0.0 -0.08639275212329824,51.51570688769814,0.0 -0.0884077586675694,51.51575695807898,0.0 -0.0884077586675694,51.51575695807898,0.0 -0.0884077586675694,51.51575695807898,0.0 -0.09042277102821118,51.51580699388392,0.0 -0.09042277102821118,51.51580699388392,0.0 -0.09042277102821118,51.51580699388392,0.0 -0.09243778920122836,51.515856995112706,0.0 -0.09243778920122836,51.515856995112706,0.0 -0.09243778920122836,51.515856995112706,0.0 -0.09445281318262262,51.515906961765154,0.0 -0.09445281318262262,51.515906961765154,0.0 -0.09445281318262262,51.515906961765154,0.0 -0.09445281318262262,51.515906961765154,0.0 -0.09646784296839955,51.51595689384098,0.0 -0.09646784296839955,51.51595689384098,0.0 -0.09646784296839955,51.51595689384098,0.0 -0.0984828785545644,51.51600679133999,0.0 -0.0984828785545644,51.51600679133999,0.0 -0.0984828785545644,51.51600679133999,0.0 -0.10049791993712,51.516056654261924,0.0 -0.10049791993712,51.516056654261924,0.0 -0.10049791993712,51.516056654261924,0.0 -0.10251296711207157,51.51610648260657,0.0 -0.10251296711207157,51.51610648260657,0.0 -0.10251296711207157,51.51610648260657,0.0 -0.10452802007542075,51.51615627637368,0.0 -0.10452802007542075,51.51615627637368,0.0 -0.10452802007542075,51.51615627637368,0.0 -0.10452802007542075,51.51615627637368,0.0 -0.10654307882317436,51.51620603556303,0.0 -0.10654307882317436,51.51620603556303,0.0 -0.10654307882317436,51.51620603556303,0.0 -0.10855814335133285,51.51625576017439,0.0 -0.10855814335133285,51.51625576017439,0.0 -0.10855814335133285,51.51625576017439,0.0 -0.11057321365590106,51.51630545020753,0.0 -0.11057321365590106,51.51630545020753,0.0 -0.11057321365590106,51.51630545020753,0.0 -0.11258828973288498,51.51635510566221,0.0 -0.11258828973288498,51.51635510566221,0.0 -0.11258828973288498,51.51635510566221,0.0 -0.11258828973288498,51.51635510566221,0.0 -0.11460337157828508,51.51640472653821,0.0 -0.11460337157828508,51.51640472653821,0.0 -0.11460337157828508,51.51640472653821,0.0 -0.116618459188105,51.5164543128353,0.0 -0.116618459188105,51.5164543128353,0.0 -0.116618459188105,51.5164543128353,0.0 -0.116618459188105,51.5164543128353,0.0 -0.116618459188105,51.5164543128353,0.0 -0.116618459188105,51.5164543128353,0.0 -0.11653900783759483,51.517711555690134,0.0 -0.11653900783759483,51.517711555690134,0.0 -0.11653900783759483,51.517711555690134,0.0 -0.11653900783759483,51.517711555690134,0.0 -0.11653900783759483,51.517711555690134,0.0 -0.11653900783759483,51.517711555690134,0.0 -0.11452386489001963,51.51766196717356,0.0 -0.11452386489001963,51.51766196717356,0.0 -0.11452386489001963,51.51766196717356,0.0 -0.11452386489001963,51.51766196717356,0.0 -0.11250872770741686,51.517612344076525,0.0 -0.11250872770741686,51.517612344076525,0.0 -0.11250872770741686,51.517612344076525,0.0 -0.1104935962937845,51.51756268639926,0.0 -0.1104935962937845,51.51756268639926,0.0 -0.1104935962937845,51.51756268639926,0.0 -0.10847847065311769,51.517512994142,0.0 -0.10847847065311769,51.517512994142,0.0 -0.10847847065311769,51.517512994142,0.0 -0.106463350789414,51.51746326730497,0.0 -0.106463350789414,51.51746326730497,0.0 -0.106463350789414,51.51746326730497,0.0 -0.10444823670666942,51.51741350588841,0.0 -0.10444823670666942,51.51741350588841,0.0 -0.10444823670666942,51.51741350588841,0.0 -0.10444823670666942,51.51741350588841,0.0 -0.10243312840888227,51.51736370989255,0.0 -0.10243312840888227,51.51736370989255,0.0 -0.10243312840888227,51.51736370989255,0.0 -0.10041802590004696,51.51731387931762,0.0 -0.10041802590004696,51.51731387931762,0.0 -0.10041802590004696,51.51731387931762,0.0 -0.09840292918416182,51.51726401416385,0.0 -0.09840292918416182,51.51726401416385,0.0 -0.09840292918416182,51.51726401416385,0.0 -0.09638783826522206,51.51721411443147,0.0 -0.09638783826522206,51.51721411443147,0.0 -0.09638783826522206,51.51721411443147,0.0 -0.09638783826522206,51.51721411443147,0.0 -0.0943727531472256,51.517164180120716,0.0 -0.0943727531472256,51.517164180120716,0.0 -0.0943727531472256,51.517164180120716,0.0 -0.09235767383416603,51.51711421123181,0.0 -0.09235767383416603,51.51711421123181,0.0 -0.09235767383416603,51.51711421123181,0.0 -0.09034260033004132,51.51706420776501,0.0 -0.09034260033004132,51.51706420776501,0.0 -0.09034260033004132,51.51706420776501,0.0 -0.08832753263884704,51.517014169720525,0.0 -0.08832753263884704,51.517014169720525,0.0 -0.08832753263884704,51.517014169720525,0.0 -0.08631247076457994,51.5169640970986,0.0 -0.08631247076457994,51.5169640970986,0.0 -0.08631247076457994,51.5169640970986,0.0 -0.08631247076457994,51.5169640970986,0.0 -0.08429741471123602,51.51691398989945,0.0 -0.08429741471123602,51.51691398989945,0.0 -0.08429741471123602,51.51691398989945,0.0 -0.08228236448280923,51.516863848123336,0.0 -0.08228236448280923,51.516863848123336,0.0 -0.08228236448280923,51.516863848123336,0.0 -0.08069911482086477,51.51682442675686,0.0 -0.08069911482086477,51.51682442675686,0.0 -0.08069911482086477,51.51682442675686,0.0 -0.08061867349947127,51.518081629545264,0.0 -0.08061867349947127,51.518081629545264,0.0 -0.08061867349947127,51.518081629545264,0.0 -0.08220196663685699,51.518121052676186,0.0 -0.08220196663685699,51.518121052676186,0.0 -0.08220196663685699,51.518121052676186,0.0 -0.08421707219815928,51.51817119669661,0.0 -0.08421707219815928,51.51817119669661,0.0 -0.08421707219815928,51.51817119669661,0.0 -0.08623218358493889,51.5182213061385,0.0 -0.08623218358493889,51.5182213061385,0.0 -0.08623218358493889,51.5182213061385,0.0 -0.08623218358493889,51.5182213061385,0.0 -0.08824730079319708,51.518271381001654,0.0 -0.08824730079319708,51.518271381001654,0.0 -0.08824730079319708,51.518271381001654,0.0 -0.09026242381893944,51.518321421285805,0.0 -0.09026242381893944,51.518321421285805,0.0 -0.09026242381893944,51.518321421285805,0.0 -0.09227755265816884,51.51837142699073,0.0 -0.09227755265816884,51.51837142699073,0.0 -0.09227755265816884,51.51837142699073,0.0 -0.09429268730688849,51.51842139811623,0.0 -0.09429268730688849,51.51842139811623,0.0 -0.09429268730688849,51.51842139811623,0.0 -0.09630782776110164,51.518471334662024,0.0 -0.09630782776110164,51.518471334662024,0.0 -0.09630782776110164,51.518471334662024,0.0 -0.09630782776110164,51.518471334662024,0.0 -0.09832297401681231,51.518521236627905,0.0 -0.09832297401681231,51.518521236627905,0.0 -0.09832297401681231,51.518521236627905,0.0 -0.10033812607002295,51.51857110401363,0.0 -0.10033812607002295,51.51857110401363,0.0 -0.10033812607002295,51.51857110401363,0.0 -0.10235328391673916,51.518620936818984,0.0 -0.10235328391673916,51.518620936818984,0.0 -0.10235328391673916,51.518620936818984,0.0 -0.10436844755296103,51.51867073504371,0.0 -0.10436844755296103,51.51867073504371,0.0 -0.10436844755296103,51.51867073504371,0.0 -0.10436844755296103,51.51867073504371,0.0 -0.10638361697469337,51.5187204986876,0.0 -0.10638361697469337,51.5187204986876,0.0 -0.10638361697469337,51.5187204986876,0.0 -0.1083987921779386,51.51877022775041,0.0 -0.1083987921779386,51.51877022775041,0.0 -0.1083987921779386,51.51877022775041,0.0 -0.1104139731586996,51.51881992223191,0.0 -0.1104139731586996,51.51881992223191,0.0 -0.1104139731586996,51.51881992223191,0.0 -0.11242915991297996,51.51886958213188,0.0 -0.11242915991297996,51.51886958213188,0.0 -0.11242915991297996,51.51886958213188,0.0 -0.11444435243678054,51.518919207450075,0.0 -0.11444435243678054,51.518919207450075,0.0 -0.11444435243678054,51.518919207450075,0.0 -0.11444435243678054,51.518919207450075,0.0 -0.1164595507261062,51.518968798186265,0.0 -0.1164595507261062,51.518968798186265,0.0 -0.1164595507261062,51.518968798186265,0.0 -0.1164595507261062,51.518968798186265,0.0 -0.1164595507261062,51.518968798186265,0.0 -0.1164595507261062,51.518968798186265,0.0 -0.1164595507261062,51.518968798186265,0.0 -0.1164595507261062,51.518968798186265,0.0 -0.1164595507261062,51.518968798186265,0.0 -0.1164595507261062,51.518968798186265,0.0 -0.1164595507261062,51.518968798186265,0.0 -0.11444435243678054,51.518919207450075,0.0 -0.11444435243678054,51.518919207450075,0.0 -0.11444435243678054,51.518919207450075,0.0 -0.11444435243678054,51.518919207450075,0.0 -0.11242915991297996,51.51886958213188,0.0 -0.11242915991297996,51.51886958213188,0.0 -0.11242915991297996,51.51886958213188,0.0 -0.1104139731586996,51.51881992223191,0.0 -0.1104139731586996,51.51881992223191,0.0 -0.1104139731586996,51.51881992223191,0.0 -0.1083987921779386,51.51877022775041,0.0 -0.1083987921779386,51.51877022775041,0.0 -0.1083987921779386,51.51877022775041,0.0 -0.10638361697469337,51.5187204986876,0.0 -0.10638361697469337,51.5187204986876,0.0 -0.10638361697469337,51.5187204986876,0.0 -0.10638361697469337,51.5187204986876,0.0 -0.10436844755296103,51.51867073504371,0.0 -0.10436844755296103,51.51867073504371,0.0 -0.10436844755296103,51.51867073504371,0.0 -0.10235328391673916,51.518620936818984,0.0 -0.10235328391673916,51.518620936818984,0.0 -0.10235328391673916,51.518620936818984,0.0 -0.10033812607002295,51.51857110401363,0.0 -0.10033812607002295,51.51857110401363,0.0 -0.10033812607002295,51.51857110401363,0.0 -0.09832297401681231,51.518521236627905,0.0 -0.09832297401681231,51.518521236627905,0.0 -0.09832297401681231,51.518521236627905,0.0 -0.09630782776110164,51.518471334662024,0.0 -0.09630782776110164,51.518471334662024,0.0 -0.09630782776110164,51.518471334662024,0.0 -0.09630782776110164,51.518471334662024,0.0 -0.09429268730688849,51.51842139811623,0.0 -0.09429268730688849,51.51842139811623,0.0 -0.09429268730688849,51.51842139811623,0.0 -0.09227755265816884,51.51837142699073,0.0 -0.09227755265816884,51.51837142699073,0.0 -0.09227755265816884,51.51837142699073,0.0 -0.09026242381893944,51.518321421285805,0.0 -0.09026242381893944,51.518321421285805,0.0 -0.09026242381893944,51.518321421285805,0.0 -0.08824730079319708,51.518271381001654,0.0 -0.08824730079319708,51.518271381001654,0.0 -0.08824730079319708,51.518271381001654,0.0 -0.08623218358493889,51.5182213061385,0.0 -0.08623218358493889,51.5182213061385,0.0 -0.08623218358493889,51.5182213061385,0.0 -0.08623218358493889,51.5182213061385,0.0 -0.08421707219815928,51.51817119669661,0.0 -0.08421707219815928,51.51817119669661,0.0 -0.08421707219815928,51.51817119669661,0.0 -0.08220196663685699,51.518121052676186,0.0 -0.08220196663685699,51.518121052676186,0.0 -0.08220196663685699,51.518121052676186,0.0 -0.08061867349947127,51.518081629545264,0.0 -0.08061867349947127,51.518081629545264,0.0 -0.08061867349947127,51.518081629545264,0.0 -0.08053822634546685,51.51933883197274,0.0 -0.08053822634546685,51.51933883197274,0.0 -0.08053822634546685,51.51933883197274,0.0 -0.08212156296143144,51.51937825686822,0.0 -0.08212156296143144,51.51937825686822,0.0 -0.08212156296143144,51.51937825686822,0.0 -0.084136723859608,51.51942840313306,0.0 -0.084136723859608,51.51942840313306,0.0 -0.084136723859608,51.51942840313306,0.0 -0.08615189058381809,51.51947851481784,0.0 -0.08615189058381809,51.51947851481784,0.0 -0.08615189058381809,51.51947851481784,0.0 -0.08816706313006412,51.519528591922324,0.0 -0.08816706313006412,51.519528591922324,0.0 -0.08816706313006412,51.519528591922324,0.0 -0.08816706313006412,51.519528591922324,0.0 -0.09018224149435095,51.519578634446276,0.0 -0.09018224149435095,51.519578634446276,0.0 -0.09018224149435095,51.519578634446276,0.0 -0.09219742567268138,51.519628642389456,0.0 -0.09219742567268138,51.519628642389456,0.0 -0.09219742567268138,51.519628642389456,0.0 -0.09421261566105868,51.51967861575165,0.0 -0.09421261566105868,51.51967861575165,0.0 -0.09421261566105868,51.51967861575165,0.0 -0.09622781145548329,51.51972855453262,0.0 -0.09622781145548329,51.51972855453262,0.0 -0.09622781145548329,51.51972855453262,0.0 -0.09622781145548329,51.51972855453262,0.0 -0.09824301305196281,51.51977845873212,0.0 -0.09824301305196281,51.51977845873212,0.0 -0.09824301305196281,51.51977845873212,0.0 -0.10025822044649692,51.51982832834993,0.0 -0.10025822044649692,51.51982832834993,0.0</coordinates>
            </LineString>
        </Placemark>
    </Document>
</kml>
