{
"type": "FeatureCollection",
"name": "edges",
"crs": { "type": "name", "properties": { "name": "urn:ogc:def:crs:OGC:1.3:CRS84" } },
"features": [
{ "type": "Feature", "properties": { "u": 0, "v": 31, "weight": 141.42135623737704 }, "geometry": { "type": "LineString", "coordinates": [ [ -0.119923857799451, 51.488902029407704 ], [ -0.117889533163987, 51.488852015765325 ] ] } },
{ "type": "Feature", "properties": { "u": 0, "v": 1, "weight": 141.42135623656213 }, "geometry": { "type": "LineString", "coordinates": [ [ -0.119923857799451, 51.488902029407704 ], [ -0.119843770679503, 51.490172046162741 ] ] } },
{ "type": "Feature", "properties": { "u": 1, "v": 32, "weight": 141.42135623737704 }, "geometry": { "type": "LineString", "coordinates": [ [ -0.119843770679503, 51.490172046162741 ], [ -0.117809389665896, 51.490122030259506 ] ] } },
{ "type": "Feature", "properties": { "u": 1, "v": 2, "weight": 141.42135623749346 }, "geometry": { "type": "LineString", "coordinates": [ [ -0.119843770679503, 51.490172046162741 ], [ -0.119763677696489, 51.491442062551947 ] ] } },
{ "type": "Feature", "properties": { "u": 2, "v": 33, "weight": 141.42135623737704 }, "geometry": { "type": "LineString", "coordinates": [ [ -0.119763677696489, 51.491442062551947 ], [ -0.11772924030063, 51.49139204438773 ] ] } },
{ "type": "Feature", "properties": { "u": 2, "v": 3, "weight": 141.42135623749346 }, "geometry": { "type": "LineString", "coordinates": [ [ -0.119763677696489, 51.491442062551947 ], [ -0.119683578849845, 51.492712078575337 ] ] } },
{ "type": "Feature", "properties": { "u": 3, "v": 34, "weight": 141.42135623737704 }, "geometry": { "type": "LineString", "coordinates": [ [ -0.119683578849845, 51.492712078575337 ], [ -0.117649085067621, 51.49266205815001 ] ] } },
{ "type": "Feature", "properties": { "u": 3, "v": 4, "weight": 141.42135623749346 }, "geometry": { "type": "LineString", "coordinates": [ [ -0.119683578849845, 51.492712078575337 ], [ -0.119603474139004, 51.493982094232912 ] ] } },
{ "type": "Feature", "properties": { "u": 4, "v": 35, "weight": 141.42135623737704 }, "geometry": { "type": "LineString", "coordinates": [ [ -0.119603474139004, 51.493982094232912 ], [ -0.117568923966304, 51.493932071546354 ] ] } },
{ "type": "Feature", "properties": { "u": 4, "v": 5, "weight": 141.42135623749346 }, "geometry": { "type": "LineString", "coordinates": [ [ -0.119603474139004, 51.493982094232912 ], [ -0.119523363563399, 51.49525210952465 ] ] } },
{ "type": "Feature", "properties": { "u": 5, "v": 36, "weight": 141.42135623737704 }, "geometry": { "type": "LineString", "coordinates": [ [ -0.119523363563399, 51.49525210952465 ], [ -0.117488756996109, 51.495202084576732 ] ] } },
{ "type": "Feature", "properties": { "u": 5, "v": 6, "weight": 141.42135623656213 }, "geometry": { "type": "LineString", "coordinates": [ [ -0.119523363563399, 51.49525210952465 ], [ -0.119443247122464, 51.496522124450543 ] ] } },
{ "type": "Feature", "properties": { "u": 6, "v": 37, "weight": 141.42135623737704 }, "geometry": { "type": "LineString", "coordinates": [ [ -0.119443247122464, 51.496522124450543 ], [ -0.117408584156474, 51.496472097241124 ] ] } },
{ "type": "Feature", "properties": { "u": 6, "v": 7, "weight": 141.42135623749346 }, "geometry": { "type": "LineString", "coordinates": [ [ -0.119443247122464, 51.496522124450543 ], [ -0.119363124815633, 51.497792139010585 ] ] } },
{ "type": "Feature", "properties": { "u": 7, "v": 38, "weight": 141.42135623737704 }, "geometry": { "type": "LineString", "coordinates": [ [ -0.119363124815633, 51.497792139010585 ], [ -0.117328405446825, 51.497742109539566 ] ] } },
{ "type": "Feature", "properties": { "u": 7, "v": 8, "weight": 141.42135623749346 }, "geometry": { "type": "LineString", "coordinates": [ [ -0.119363124815633, 51.497792139010585 ], [ -0.119282996642337, 51.499062153204768 ] ] } },
{ "type": "Feature", "properties": { "u": 8, "v": 39, "weight": 141.42135623737704 }, "geometry": { "type": "LineString", "coordinates": [ [ -0.119282996642337, 51.499062153204768 ], [ -0.117248220866601, 51.499012121472042 ] ] } },
{ "type": "Feature", "properties": { "u": 8, "v": 9, "weight": 141.42135623749346 }, "geometry": { "type": "LineString", "coordinates": [ [ -0.119282996642337, 51.499062153204768 ], [ -0.119202862602011, 51.500332167033115 ] ] } },
{ "type": "Feature", "properties": { "u": 9, "v": 40, "weight": 141.42135623737704 }, "geometry": { "type": "LineString", "coordinates": [ [ -0.119202862602011, 51.500332167033115 ], [ -0.117168030415231, 51.500282133038517 ] ] } },
{ "type": "Feature", "properties": { "u": 9, "v": 10, "weight": 141.42135623749346 }, "geometry": { "type": "LineString", "coordinates": [ [ -0.119202862602011, 51.500332167033115 ], [ -0.119122722694088, 51.501602180495574 ] ] } },
{ "type": "Feature", "properties": { "u": 10, "v": 41, "weight": 141.42135623737704 }, "geometry": { "type": "LineString", "coordinates": [ [ -0.119122722694088, 51.501602180495574 ], [ -0.11708783409215, 51.501552144239 ] ] } },
{ "type": "Feature", "properties": { "u": 10, "v": 11, "weight": 141.42135623656213 }, "geometry": { "type": "LineString", "coordinates": [ [ -0.119122722694088, 51.501602180495574 ], [ -0.119042576918, 51.502872193592175 ] ] } },
{ "type": "Feature", "properties": { "u": 11, "v": 42, "weight": 141.42135623737704 }, "geometry": { "type": "LineString", "coordinates": [ [ -0.119042576918, 51.502872193592175 ], [ -0.11700763189679, 51.502822155073481 ] ] } },
{ "type": "Feature", "properties": { "u": 11, "v": 12, "weight": 141.42135623749346 }, "geometry": { "type": "LineString", "coordinates": [ [ -0.119042576918, 51.502872193592175 ], [ -0.118962425273182, 51.504142206322896 ] ] } },
{ "type": "Feature", "properties": { "u": 12, "v": 43, "weight": 141.42135623737704 }, "geometry": { "type": "LineString", "coordinates": [ [ -0.118962425273182, 51.504142206322896 ], [ -0.116927423828581, 51.504092165541977 ] ] } },
{ "type": "Feature", "properties": { "u": 12, "v": 13, "weight": 141.42135623749346 }, "geometry": { "type": "LineString", "coordinates": [ [ -0.118962425273182, 51.504142206322896 ], [ -0.118882267759064, 51.505412218687731 ] ] } },
{ "type": "Feature", "properties": { "u": 13, "v": 44, "weight": 141.42135623737704 }, "geometry": { "type": "LineString", "coordinates": [ [ -0.118882267759064, 51.505412218687731 ], [ -0.116847209886959, 51.505362175644457 ] ] } },
{ "type": "Feature", "properties": { "u": 13, "v": 14, "weight": 141.42135623749346 }, "geometry": { "type": "LineString", "coordinates": [ [ -0.118882267759064, 51.505412218687731 ], [ -0.118802104375081, 51.506682230686671 ] ] } },
{ "type": "Feature", "properties": { "u": 14, "v": 45, "weight": 141.42135623737704 }, "geometry": { "type": "LineString", "coordinates": [ [ -0.118802104375081, 51.506682230686671 ], [ -0.116766990071355, 51.506632185380923 ] ] } },
{ "type": "Feature", "properties": { "u": 14, "v": 15, "weight": 141.42135623749346 }, "geometry": { "type": "LineString", "coordinates": [ [ -0.118802104375081, 51.506682230686671 ], [ -0.118721935120663, 51.507952242319739 ] ] } },
{ "type": "Feature", "properties": { "u": 15, "v": 46, "weight": 141.42135623737704 }, "geometry": { "type": "LineString", "coordinates": [ [ -0.118721935120663, 51.507952242319739 ], [ -0.1166867643812, 51.507902194751374 ] ] } },
{ "type": "Feature", "properties": { "u": 15, "v": 16, "weight": 141.42135623656213 }, "geometry": { "type": "LineString", "coordinates": [ [ -0.118721935120663, 51.507952242319739 ], [ -0.118641759995246, 51.509222253586884 ] ] } },
{ "type": "Feature", "properties": { "u": 16, "v": 47, "weight": 141.42135623737704 }, "geometry": { "type": "LineString", "coordinates": [ [ -0.118641759995246, 51.509222253586884 ], [ -0.11660653281593, 51.509172203755782 ] ] } },
{ "type": "Feature", "properties": { "u": 16, "v": 17, "weight": 141.42135623749346 }, "geometry": { "type": "LineString", "coordinates": [ [ -0.118641759995246, 51.509222253586884 ], [ -0.11856157899826, 51.510492264488128 ] ] } },
{ "type": "Feature", "properties": { "u": 17, "v": 48, "weight": 141.42135623737704 }, "geometry": { "type": "LineString", "coordinates": [ [ -0.11856157899826, 51.510492264488128 ], [ -0.116526295374972, 51.510442212394167 ] ] } },
{ "type": "Feature", "properties": { "u": 17, "v": 18, "weight": 141.42135623749346 }, "geometry": { "type": "LineString", "coordinates": [ [ -0.11856157899826, 51.510492264488128 ], [ -0.118481392129139, 51.511762275023464 ] ] } },
{ "type": "Feature", "properties": { "u": 18, "v": 49, "weight": 141.42135623737704 }, "geometry": { "type": "LineString", "coordinates": [ [ -0.118481392129139, 51.511762275023464 ], [ -0.116446052057762, 51.511712220666524 ] ] } },
{ "type": "Feature", "properties": { "u": 18, "v": 19, "weight": 141.42135623749346 }, "geometry": { "type": "LineString", "coordinates": [ [ -0.118481392129139, 51.511762275023464 ], [ -0.118401199387314, 51.513032285192878 ] ] } },
{ "type": "Feature", "properties": { "u": 19, "v": 50, "weight": 141.42135623737704 }, "geometry": { "type": "LineString", "coordinates": [ [ -0.118401199387314, 51.513032285192878 ], [ -0.116365802863729, 51.512982228572817 ] ] } },
{ "type": "Feature", "properties": { "u": 19, "v": 20, "weight": 141.42135623749346 }, "geometry": { "type": "LineString", "coordinates": [ [ -0.118401199387314, 51.513032285192878 ], [ -0.118321000772219, 51.514302294996369 ] ] } },
{ "type": "Feature", "properties": { "u": 20, "v": 51, "weight": 141.42135623737704 }, "geometry": { "type": "LineString", "coordinates": [ [ -0.118321000772219, 51.514302294996369 ], [ -0.116285547792308, 51.514252236113087 ] ] } },
{ "type": "Feature", "properties": { "u": 20, "v": 21, "weight": 141.42135623656213 }, "geometry": { "type": "LineString", "coordinates": [ [ -0.118321000772219, 51.514302294996369 ], [ -0.118240796283287, 51.515572304433917 ] ] } },
{ "type": "Feature", "properties": { "u": 21, "v": 52, "weight": 141.42135623737704 }, "geometry": { "type": "LineString", "coordinates": [ [ -0.118240796283287, 51.515572304433917 ], [ -0.11620528684293, 51.515522243287265 ] ] } },
{ "type": "Feature", "properties": { "u": 21, "v": 22, "weight": 141.42135623749346 }, "geometry": { "type": "LineString", "coordinates": [ [ -0.118240796283287, 51.515572304433917 ], [ -0.118160585919945, 51.516842313505535 ] ] } },
{ "type": "Feature", "properties": { "u": 22, "v": 53, "weight": 141.42135623737704 }, "geometry": { "type": "LineString", "coordinates": [ [ -0.118160585919945, 51.516842313505535 ], [ -0.116125020015024, 51.516792250095406 ] ] } },
{ "type": "Feature", "properties": { "u": 22, "v": 23, "weight": 141.42135623749346 }, "geometry": { "type": "LineString", "coordinates": [ [ -0.118160585919945, 51.516842313505535 ], [ -0.118080369681629, 51.518112322211209 ] ] } },
{ "type": "Feature", "properties": { "u": 23, "v": 54, "weight": 141.42135623737704 }, "geometry": { "type": "LineString", "coordinates": [ [ -0.118080369681629, 51.518112322211209 ], [ -0.116044747308025, 51.518062256537469 ] ] } },
{ "type": "Feature", "properties": { "u": 23, "v": 24, "weight": 141.42135623749346 }, "geometry": { "type": "LineString", "coordinates": [ [ -0.118080369681629, 51.518112322211209 ], [ -0.118000147567773, 51.519382330550926 ] ] } },
{ "type": "Feature", "properties": { "u": 24, "v": 55, "weight": 141.42135623737704 }, "geometry": { "type": "LineString", "coordinates": [ [ -0.118000147567773, 51.519382330550926 ], [ -0.115964468721364, 51.51933226261346 ] ] } },
{ "type": "Feature", "properties": { "u": 25, "v": 56, "weight": 141.42135623726062 }, "geometry": { "type": "LineString", "coordinates": [ [ -0.118370270973579, 51.481231921115828 ], [ -0.116336290383853, 51.481181885795245 ] ] } },
{ "type": "Feature", "properties": { "u": 25, "v": 26, "weight": 141.42135623749346 }, "geometry": { "type": "LineString", "coordinates": [ [ -0.118370270973579, 51.481231921115828 ], [ -0.118290162666641, 51.482501937805523 ] ] } },
{ "type": "Feature", "properties": { "u": 26, "v": 57, "weight": 141.42135623726062 }, "geometry": { "type": "LineString", "coordinates": [ [ -0.118290162666641, 51.482501937805523 ], [ -0.116256125724001, 51.482451900223246 ] ] } },
{ "type": "Feature", "properties": { "u": 26, "v": 27, "weight": 141.42135623656213 }, "geometry": { "type": "LineString", "coordinates": [ [ -0.118290162666641, 51.482501937805523 ], [ -0.118210048495929, 51.483771954129317 ] ] } },
{ "type": "Feature", "properties": { "u": 27, "v": 58, "weight": 141.42135623726062 }, "geometry": { "type": "LineString", "coordinates": [ [ -0.118210048495929, 51.483771954129317 ], [ -0.116175955196265, 51.483721914285219 ] ] } },
{ "type": "Feature", "properties": { "u": 27, "v": 28, "weight": 141.42135623749346 }, "geometry": { "type": "LineString", "coordinates": [ [ -0.118210048495929, 51.483771954129317 ], [ -0.118129928460873, 51.485041970087202 ] ] } },
{ "type": "Feature", "properties": { "u": 28, "v": 59, "weight": 141.42135623726062 }, "geometry": { "type": "LineString", "coordinates": [ [ -0.118129928460873, 51.485041970087202 ], [ -0.116095778800077, 51.484991927981149 ] ] } },
{ "type": "Feature", "properties": { "u": 28, "v": 29, "weight": 141.42135623749346 }, "geometry": { "type": "LineString", "coordinates": [ [ -0.118129928460873, 51.485041970087202 ], [ -0.118049802560909, 51.486311985679158 ] ] } },
{ "type": "Feature", "properties": { "u": 29, "v": 60, "weight": 141.42135623726062 }, "geometry": { "type": "LineString", "coordinates": [ [ -0.118049802560909, 51.486311985679158 ], [ -0.11601559653487, 51.486261941311035 ] ] } },
{ "type": "Feature", "properties": { "u": 29, "v": 30, "weight": 141.42135623749346 }, "geometry": { "type": "LineString", "coordinates": [ [ -0.118049802560909, 51.486311985679158 ], [ -0.117969670795469, 51.487582000905206 ] ] } },
{ "type": "Feature", "properties": { "u": 30, "v": 61, "weight": 141.42135623726062 }, "geometry": { "type": "LineString", "coordinates": [ [ -0.117969670795469, 51.487582000905206 ], [ -0.115935408400077, 51.487531954274893 ] ] } },
{ "type": "Feature", "properties": { "u": 30, "v": 31, "weight": 141.42135623749346 }, "geometry": { "type": "LineString", "coordinates": [ [ -0.117969670795469, 51.487582000905206 ], [ -0.117889533163987, 51.488852015765325 ] ] } },
{ "type": "Feature", "properties": { "u": 31, "v": 62, "weight": 141.42135623726062 }, "geometry": { "type": "LineString", "coordinates": [ [ -0.117889533163987, 51.488852015765325 ], [ -0.115855214395131, 51.488801966872686 ] ] } },
{ "type": "Feature", "properties": { "u": 31, "v": 32, "weight": 141.42135623656213 }, "geometry": { "type": "LineString", "coordinates": [ [ -0.117889533163987, 51.488852015765325 ], [ -0.117809389665896, 51.490122030259506 ] ] } },
{ "type": "Feature", "properties": { "u": 32, "v": 63, "weight": 141.42135623726062 }, "geometry": { "type": "LineString", "coordinates": [ [ -0.117809389665896, 51.490122030259506 ], [ -0.115775014519467, 51.490071979104414 ] ] } },
{ "type": "Feature", "properties": { "u": 32, "v": 33, "weight": 141.42135623749346 }, "geometry": { "type": "LineString", "coordinates": [ [ -0.117809389665896, 51.490122030259506 ], [ -0.11772924030063, 51.49139204438773 ] ] } },
{ "type": "Feature", "properties": { "u": 33, "v": 64, "weight": 141.42135623726062 }, "geometry": { "type": "LineString", "coordinates": [ [ -0.11772924030063, 51.49139204438773 ], [ -0.115694808772514, 51.491341990970078 ] ] } },
{ "type": "Feature", "properties": { "u": 33, "v": 34, "weight": 141.42135623749346 }, "geometry": { "type": "LineString", "coordinates": [ [ -0.11772924030063, 51.49139204438773 ], [ -0.117649085067621, 51.49266205815001 ] ] } },
{ "type": "Feature", "properties": { "u": 34, "v": 65, "weight": 141.42135623726062 }, "geometry": { "type": "LineString", "coordinates": [ [ -0.117649085067621, 51.49266205815001 ], [ -0.115614597153709, 51.49261200246967 ] ] } },
{ "type": "Feature", "properties": { "u": 34, "v": 35, "weight": 141.42135623749346 }, "geometry": { "type": "LineString", "coordinates": [ [ -0.117649085067621, 51.49266205815001 ], [ -0.117568923966304, 51.493932071546354 ] ] } },
{ "type": "Feature", "properties": { "u": 35, "v": 66, "weight": 141.42135623726062 }, "geometry": { "type": "LineString", "coordinates": [ [ -0.117568923966304, 51.493932071546354 ], [ -0.115534379662481, 51.493882013603177 ] ] } },
{ "type": "Feature", "properties": { "u": 35, "v": 36, "weight": 141.42135623749346 }, "geometry": { "type": "LineString", "coordinates": [ [ -0.117568923966304, 51.493932071546354 ], [ -0.117488756996109, 51.495202084576732 ] ] } },
{ "type": "Feature", "properties": { "u": 36, "v": 67, "weight": 141.42135623726062 }, "geometry": { "type": "LineString", "coordinates": [ [ -0.117488756996109, 51.495202084576732 ], [ -0.115454156298265, 51.495152024370611 ] ] } },
{ "type": "Feature", "properties": { "u": 36, "v": 37, "weight": 141.42135623656213 }, "geometry": { "type": "LineString", "coordinates": [ [ -0.117488756996109, 51.495202084576732 ], [ -0.117408584156474, 51.496472097241124 ] ] } },
{ "type": "Feature", "properties": { "u": 37, "v": 68, "weight": 141.42135623726062 }, "geometry": { "type": "LineString", "coordinates": [ [ -0.117408584156474, 51.496472097241124 ], [ -0.115373927060494, 51.496422034771946 ] ] } },
{ "type": "Feature", "properties": { "u": 37, "v": 38, "weight": 141.42135623749346 }, "geometry": { "type": "LineString", "coordinates": [ [ -0.117408584156474, 51.496472097241124 ], [ -0.117328405446825, 51.497742109539566 ] ] } },
{ "type": "Feature", "properties": { "u": 38, "v": 69, "weight": 141.42135623726062 }, "geometry": { "type": "LineString", "coordinates": [ [ -0.117328405446825, 51.497742109539566 ], [ -0.115293691948597, 51.497692044807181 ] ] } },
{ "type": "Feature", "properties": { "u": 38, "v": 39, "weight": 141.42135623749346 }, "geometry": { "type": "LineString", "coordinates": [ [ -0.117328405446825, 51.497742109539566 ], [ -0.117248220866601, 51.499012121472042 ] ] } },
{ "type": "Feature", "properties": { "u": 39, "v": 70, "weight": 141.42135623726062 }, "geometry": { "type": "LineString", "coordinates": [ [ -0.117248220866601, 51.499012121472042 ], [ -0.11521345096201, 51.498962054476337 ] ] } },
{ "type": "Feature", "properties": { "u": 39, "v": 40, "weight": 141.42135623749346 }, "geometry": { "type": "LineString", "coordinates": [ [ -0.117248220866601, 51.499012121472042 ], [ -0.117168030415231, 51.500282133038517 ] ] } },
{ "type": "Feature", "properties": { "u": 40, "v": 71, "weight": 141.42135623726062 }, "geometry": { "type": "LineString", "coordinates": [ [ -0.117168030415231, 51.500282133038517 ], [ -0.115133204100164, 51.500232063779364 ] ] } },
{ "type": "Feature", "properties": { "u": 40, "v": 41, "weight": 141.42135623749346 }, "geometry": { "type": "LineString", "coordinates": [ [ -0.117168030415231, 51.500282133038517 ], [ -0.11708783409215, 51.501552144239 ] ] } },
{ "type": "Feature", "properties": { "u": 41, "v": 72, "weight": 141.42135623726062 }, "geometry": { "type": "LineString", "coordinates": [ [ -0.11708783409215, 51.501552144239 ], [ -0.115052951362492, 51.501502072716278 ] ] } },
{ "type": "Feature", "properties": { "u": 41, "v": 42, "weight": 141.42135623656213 }, "geometry": { "type": "LineString", "coordinates": [ [ -0.11708783409215, 51.501552144239 ], [ -0.11700763189679, 51.502822155073481 ] ] } },
{ "type": "Feature", "properties": { "u": 42, "v": 73, "weight": 141.42135623726062 }, "geometry": { "type": "LineString", "coordinates": [ [ -0.11700763189679, 51.502822155073481 ], [ -0.114972692748426, 51.502772081287063 ] ] } },
{ "type": "Feature", "properties": { "u": 42, "v": 43, "weight": 141.42135623749346 }, "geometry": { "type": "LineString", "coordinates": [ [ -0.11700763189679, 51.502822155073481 ], [ -0.116927423828581, 51.504092165541977 ] ] } },
{ "type": "Feature", "properties": { "u": 43, "v": 74, "weight": 141.42135623726062 }, "geometry": { "type": "LineString", "coordinates": [ [ -0.116927423828581, 51.504092165541977 ], [ -0.114892428257397, 51.504042089491733 ] ] } },
{ "type": "Feature", "properties": { "u": 43, "v": 44, "weight": 141.42135623749346 }, "geometry": { "type": "LineString", "coordinates": [ [ -0.116927423828581, 51.504092165541977 ], [ -0.116847209886959, 51.505362175644457 ] ] } },
{ "type": "Feature", "properties": { "u": 44, "v": 75, "weight": 141.42135623726062 }, "geometry": { "type": "LineString", "coordinates": [ [ -0.116847209886959, 51.505362175644457 ], [ -0.114812157888838, 51.505312097330261 ] ] } },
{ "type": "Feature", "properties": { "u": 44, "v": 45, "weight": 141.42135623749346 }, "geometry": { "type": "LineString", "coordinates": [ [ -0.116847209886959, 51.505362175644457 ], [ -0.116766990071355, 51.506632185380923 ] ] } },
{ "type": "Feature", "properties": { "u": 45, "v": 76, "weight": 141.42135623726062 }, "geometry": { "type": "LineString", "coordinates": [ [ -0.116766990071355, 51.506632185380923 ], [ -0.11473188164218, 51.506582104802661 ] ] } },
{ "type": "Feature", "properties": { "u": 45, "v": 46, "weight": 141.42135623749346 }, "geometry": { "type": "LineString", "coordinates": [ [ -0.116766990071355, 51.506632185380923 ], [ -0.1166867643812, 51.507902194751374 ] ] } },
{ "type": "Feature", "properties": { "u": 46, "v": 77, "weight": 141.42135623726062 }, "geometry": { "type": "LineString", "coordinates": [ [ -0.1166867643812, 51.507902194751374 ], [ -0.114651599516856, 51.50785211190891 ] ] } },
{ "type": "Feature", "properties": { "u": 46, "v": 47, "weight": 141.42135623656213 }, "geometry": { "type": "LineString", "coordinates": [ [ -0.1166867643812, 51.507902194751374 ], [ -0.11660653281593, 51.509172203755782 ] ] } },
{ "type": "Feature", "properties": { "u": 47, "v": 78, "weight": 141.42135623726062 }, "geometry": { "type": "LineString", "coordinates": [ [ -0.11660653281593, 51.509172203755782 ], [ -0.114571311512299, 51.509122118648996 ] ] } },
{ "type": "Feature", "properties": { "u": 47, "v": 48, "weight": 141.42135623749346 }, "geometry": { "type": "LineString", "coordinates": [ [ -0.11660653281593, 51.509172203755782 ], [ -0.116526295374972, 51.510442212394167 ] ] } },
{ "type": "Feature", "properties": { "u": 48, "v": 79, "weight": 141.42135623726062 }, "geometry": { "type": "LineString", "coordinates": [ [ -0.116526295374972, 51.510442212394167 ], [ -0.114491017627938, 51.510392125022939 ] ] } },
{ "type": "Feature", "properties": { "u": 48, "v": 49, "weight": 141.42135623749346 }, "geometry": { "type": "LineString", "coordinates": [ [ -0.116526295374972, 51.510442212394167 ], [ -0.116446052057762, 51.511712220666524 ] ] } },
{ "type": "Feature", "properties": { "u": 49, "v": 80, "weight": 141.42135623726062 }, "geometry": { "type": "LineString", "coordinates": [ [ -0.116446052057762, 51.511712220666524 ], [ -0.114410717863206, 51.511662131030704 ] ] } },
{ "type": "Feature", "properties": { "u": 49, "v": 50, "weight": 141.42135623749346 }, "geometry": { "type": "LineString", "coordinates": [ [ -0.116446052057762, 51.511712220666524 ], [ -0.116365802863729, 51.512982228572817 ] ] } },
{ "type": "Feature", "properties": { "u": 50, "v": 81, "weight": 141.42135623726062 }, "geometry": { "type": "LineString", "coordinates": [ [ -0.116365802863729, 51.512982228572817 ], [ -0.114330412217535, 51.512932136672312 ] ] } },
{ "type": "Feature", "properties": { "u": 50, "v": 51, "weight": 141.42135623749346 }, "geometry": { "type": "LineString", "coordinates": [ [ -0.116365802863729, 51.512982228572817 ], [ -0.116285547792308, 51.514252236113087 ] ] } },
{ "type": "Feature", "properties": { "u": 51, "v": 82, "weight": 141.42135623726062 }, "geometry": { "type": "LineString", "coordinates": [ [ -0.116285547792308, 51.514252236113087 ], [ -0.114250100690355, 51.514202141947756 ] ] } },
{ "type": "Feature", "properties": { "u": 51, "v": 52, "weight": 141.42135623656213 }, "geometry": { "type": "LineString", "coordinates": [ [ -0.116285547792308, 51.514252236113087 ], [ -0.11620528684293, 51.515522243287265 ] ] } },
{ "type": "Feature", "properties": { "u": 52, "v": 83, "weight": 141.42135623726062 }, "geometry": { "type": "LineString", "coordinates": [ [ -0.11620528684293, 51.515522243287265 ], [ -0.1141697832811, 51.515472146856986 ] ] } },
{ "type": "Feature", "properties": { "u": 52, "v": 53, "weight": 141.42135623749346 }, "geometry": { "type": "LineString", "coordinates": [ [ -0.11620528684293, 51.515522243287265 ], [ -0.116125020015024, 51.516792250095406 ] ] } },
{ "type": "Feature", "properties": { "u": 53, "v": 84, "weight": 141.42135623726062 }, "geometry": { "type": "LineString", "coordinates": [ [ -0.116125020015024, 51.516792250095406 ], [ -0.114089459989199, 51.516742151400052 ] ] } },
{ "type": "Feature", "properties": { "u": 53, "v": 54, "weight": 141.42135623749346 }, "geometry": { "type": "LineString", "coordinates": [ [ -0.116125020015024, 51.516792250095406 ], [ -0.116044747308025, 51.518062256537469 ] ] } },
{ "type": "Feature", "properties": { "u": 54, "v": 85, "weight": 141.42135623726062 }, "geometry": { "type": "LineString", "coordinates": [ [ -0.116044747308025, 51.518062256537469 ], [ -0.114009130814084, 51.518012155576912 ] ] } },
{ "type": "Feature", "properties": { "u": 54, "v": 55, "weight": 141.42135623749346 }, "geometry": { "type": "LineString", "coordinates": [ [ -0.116044747308025, 51.518062256537469 ], [ -0.115964468721364, 51.51933226261346 ] ] } },
{ "type": "Feature", "properties": { "u": 55, "v": 86, "weight": 141.42135623726062 }, "geometry": { "type": "LineString", "coordinates": [ [ -0.115964468721364, 51.51933226261346 ], [ -0.113928795755187, 51.519282159387572 ] ] } },
{ "type": "Feature", "properties": { "u": 56, "v": 87, "weight": 141.42135623737704 }, "geometry": { "type": "LineString", "coordinates": [ [ -0.116336290383853, 51.481181885795245 ], [ -0.114302315661444, 51.481131815234164 ] ] } },
{ "type": "Feature", "properties": { "u": 56, "v": 57, "weight": 141.42135623749346 }, "geometry": { "type": "LineString", "coordinates": [ [ -0.116336290383853, 51.481181885795245 ], [ -0.116256125724001, 51.482451900223246 ] ] } },
{ "type": "Feature", "properties": { "u": 57, "v": 88, "weight": 141.42135623737704 }, "geometry": { "type": "LineString", "coordinates": [ [ -0.116256125724001, 51.482451900223246 ], [ -0.114222094649245, 51.482401827398881 ] ] } },
{ "type": "Feature", "properties": { "u": 57, "v": 58, "weight": 141.42135623656213 }, "geometry": { "type": "LineString", "coordinates": [ [ -0.116256125724001, 51.482451900223246 ], [ -0.116175955196265, 51.483721914285219 ] ] } },
{ "type": "Feature", "properties": { "u": 58, "v": 89, "weight": 141.42135623737704 }, "geometry": { "type": "LineString", "coordinates": [ [ -0.116175955196265, 51.483721914285219 ], [ -0.114141867765052, 51.483671839197441 ] ] } },
{ "type": "Feature", "properties": { "u": 58, "v": 59, "weight": 141.42135623749346 }, "geometry": { "type": "LineString", "coordinates": [ [ -0.116175955196265, 51.483721914285219 ], [ -0.116095778800077, 51.484991927981149 ] ] } },
{ "type": "Feature", "properties": { "u": 59, "v": 90, "weight": 141.42135623737704 }, "geometry": { "type": "LineString", "coordinates": [ [ -0.116095778800077, 51.484991927981149 ], [ -0.114061635008298, 51.484941850629852 ] ] } },
{ "type": "Feature", "properties": { "u": 59, "v": 60, "weight": 141.42135623749346 }, "geometry": { "type": "LineString", "coordinates": [ [ -0.116095778800077, 51.484991927981149 ], [ -0.11601559653487, 51.486261941311035 ] ] } },
{ "type": "Feature", "properties": { "u": 60, "v": 91, "weight": 141.42135623737704 }, "geometry": { "type": "LineString", "coordinates": [ [ -0.11601559653487, 51.486261941311035 ], [ -0.113981396378415, 51.48621186169607 ] ] } },
{ "type": "Feature", "properties": { "u": 60, "v": 61, "weight": 141.42135623749346 }, "geometry": { "type": "LineString", "coordinates": [ [ -0.11601559653487, 51.486261941311035 ], [ -0.115935408400077, 51.487531954274893 ] ] } },
{ "type": "Feature", "properties": { "u": 61, "v": 92, "weight": 141.42135623737704 }, "geometry": { "type": "LineString", "coordinates": [ [ -0.115935408400077, 51.487531954274893 ], [ -0.113901151874837, 51.487481872396145 ] ] } },
{ "type": "Feature", "properties": { "u": 61, "v": 62, "weight": 141.42135623749346 }, "geometry": { "type": "LineString", "coordinates": [ [ -0.115935408400077, 51.487531954274893 ], [ -0.115855214395131, 51.488801966872686 ] ] } },
{ "type": "Feature", "properties": { "u": 62, "v": 93, "weight": 141.42135623737704 }, "geometry": { "type": "LineString", "coordinates": [ [ -0.115855214395131, 51.488801966872686 ], [ -0.113820901496995, 51.488751882730028 ] ] } },
{ "type": "Feature", "properties": { "u": 62, "v": 63, "weight": 141.42135623656213 }, "geometry": { "type": "LineString", "coordinates": [ [ -0.115855214395131, 51.488801966872686 ], [ -0.115775014519467, 51.490071979104414 ] ] } },
{ "type": "Feature", "properties": { "u": 63, "v": 94, "weight": 141.42135623737704 }, "geometry": { "type": "LineString", "coordinates": [ [ -0.115775014519467, 51.490071979104414 ], [ -0.113740645244322, 51.490021892697726 ] ] } },
{ "type": "Feature", "properties": { "u": 63, "v": 64, "weight": 141.42135623749346 }, "geometry": { "type": "LineString", "coordinates": [ [ -0.115775014519467, 51.490071979104414 ], [ -0.115694808772514, 51.491341990970078 ] ] } },
{ "type": "Feature", "properties": { "u": 64, "v": 95, "weight": 141.42135623737704 }, "geometry": { "type": "LineString", "coordinates": [ [ -0.115694808772514, 51.491341990970078 ], [ -0.113660383116252, 51.491291902299231 ] ] } },
{ "type": "Feature", "properties": { "u": 64, "v": 65, "weight": 141.42135623749346 }, "geometry": { "type": "LineString", "coordinates": [ [ -0.115694808772514, 51.491341990970078 ], [ -0.115614597153709, 51.49261200246967 ] ] } },
{ "type": "Feature", "properties": { "u": 65, "v": 96, "weight": 141.42135623737704 }, "geometry": { "type": "LineString", "coordinates": [ [ -0.115614597153709, 51.49261200246967 ], [ -0.113580115112216, 51.49256191153453 ] ] } },
{ "type": "Feature", "properties": { "u": 65, "v": 66, "weight": 141.42135623749346 }, "geometry": { "type": "LineString", "coordinates": [ [ -0.115614597153709, 51.49261200246967 ], [ -0.115534379662481, 51.493882013603177 ] ] } },
{ "type": "Feature", "properties": { "u": 66, "v": 97, "weight": 141.42135623737704 }, "geometry": { "type": "LineString", "coordinates": [ [ -0.115534379662481, 51.493882013603177 ], [ -0.113499841231646, 51.493831920403629 ] ] } },
{ "type": "Feature", "properties": { "u": 66, "v": 67, "weight": 141.42135623749346 }, "geometry": { "type": "LineString", "coordinates": [ [ -0.115534379662481, 51.493882013603177 ], [ -0.115454156298265, 51.495152024370611 ] ] } },
{ "type": "Feature", "properties": { "u": 67, "v": 98, "weight": 141.42135623737704 }, "geometry": { "type": "LineString", "coordinates": [ [ -0.115454156298265, 51.495152024370611 ], [ -0.113419561473975, 51.495101928906529 ] ] } },
{ "type": "Feature", "properties": { "u": 67, "v": 68, "weight": 141.42135623656213 }, "geometry": { "type": "LineString", "coordinates": [ [ -0.115454156298265, 51.495152024370611 ], [ -0.115373927060494, 51.496422034771946 ] ] } },
{ "type": "Feature", "properties": { "u": 68, "v": 99, "weight": 141.42135623737704 }, "geometry": { "type": "LineString", "coordinates": [ [ -0.115373927060494, 51.496422034771946 ], [ -0.113339275838635, 51.496371937043214 ] ] } },
{ "type": "Feature", "properties": { "u": 68, "v": 69, "weight": 141.42135623749346 }, "geometry": { "type": "LineString", "coordinates": [ [ -0.115373927060494, 51.496422034771946 ], [ -0.115293691948597, 51.497692044807181 ] ] } },
{ "type": "Feature", "properties": { "u": 69, "v": 100, "weight": 141.42135623737704 }, "geometry": { "type": "LineString", "coordinates": [ [ -0.115293691948597, 51.497692044807181 ], [ -0.113258984325059, 51.497641944813658 ] ] } },
{ "type": "Feature", "properties": { "u": 69, "v": 70, "weight": 141.42135623749346 }, "geometry": { "type": "LineString", "coordinates": [ [ -0.115293691948597, 51.497692044807181 ], [ -0.11521345096201, 51.498962054476337 ] ] } },
{ "type": "Feature", "properties": { "u": 70, "v": 101, "weight": 141.42135623737704 }, "geometry": { "type": "LineString", "coordinates": [ [ -0.11521345096201, 51.498962054476337 ], [ -0.113178686932678, 51.498911952217895 ] ] } },
{ "type": "Feature", "properties": { "u": 70, "v": 71, "weight": 141.42135623749346 }, "geometry": { "type": "LineString", "coordinates": [ [ -0.11521345096201, 51.498962054476337 ], [ -0.115133204100164, 51.500232063779364 ] ] } },
{ "type": "Feature", "properties": { "u": 71, "v": 102, "weight": 141.42135623737704 }, "geometry": { "type": "LineString", "coordinates": [ [ -0.115133204100164, 51.500232063779364 ], [ -0.113098383660923, 51.50018195925589 ] ] } },
{ "type": "Feature", "properties": { "u": 71, "v": 72, "weight": 141.42135623749346 }, "geometry": { "type": "LineString", "coordinates": [ [ -0.115133204100164, 51.500232063779364 ], [ -0.115052951362492, 51.501502072716278 ] ] } },
{ "type": "Feature", "properties": { "u": 72, "v": 103, "weight": 141.42135623737704 }, "geometry": { "type": "LineString", "coordinates": [ [ -0.115052951362492, 51.501502072716278 ], [ -0.113018074509228, 51.501451965927643 ] ] } },
{ "type": "Feature", "properties": { "u": 72, "v": 73, "weight": 141.42135623656213 }, "geometry": { "type": "LineString", "coordinates": [ [ -0.115052951362492, 51.501502072716278 ], [ -0.114972692748426, 51.502772081287063 ] ] } },
{ "type": "Feature", "properties": { "u": 73, "v": 104, "weight": 141.42135623737704 }, "geometry": { "type": "LineString", "coordinates": [ [ -0.114972692748426, 51.502772081287063 ], [ -0.112937759477024, 51.50272197223314 ] ] } },
{ "type": "Feature", "properties": { "u": 73, "v": 74, "weight": 141.42135623749346 }, "geometry": { "type": "LineString", "coordinates": [ [ -0.114972692748426, 51.502772081287063 ], [ -0.114892428257397, 51.504042089491733 ] ] } },
{ "type": "Feature", "properties": { "u": 74, "v": 105, "weight": 141.42135623737704 }, "geometry": { "type": "LineString", "coordinates": [ [ -0.114892428257397, 51.504042089491733 ], [ -0.112857438563741, 51.503991978172394 ] ] } },
{ "type": "Feature", "properties": { "u": 74, "v": 75, "weight": 141.42135623749346 }, "geometry": { "type": "LineString", "coordinates": [ [ -0.114892428257397, 51.504042089491733 ], [ -0.114812157888838, 51.505312097330261 ] ] } },
{ "type": "Feature", "properties": { "u": 75, "v": 106, "weight": 141.42135623737704 }, "geometry": { "type": "LineString", "coordinates": [ [ -0.114812157888838, 51.505312097330261 ], [ -0.112777111768814, 51.505261983745392 ] ] } },
{ "type": "Feature", "properties": { "u": 75, "v": 76, "weight": 141.42135623749346 }, "geometry": { "type": "LineString", "coordinates": [ [ -0.114812157888838, 51.505312097330261 ], [ -0.11473188164218, 51.506582104802661 ] ] } },
{ "type": "Feature", "properties": { "u": 76, "v": 107, "weight": 141.42135623737704 }, "geometry": { "type": "LineString", "coordinates": [ [ -0.11473188164218, 51.506582104802661 ], [ -0.112696779091672, 51.506531988952126 ] ] } },
{ "type": "Feature", "properties": { "u": 76, "v": 77, "weight": 141.42135623749346 }, "geometry": { "type": "LineString", "coordinates": [ [ -0.11473188164218, 51.506582104802661 ], [ -0.114651599516856, 51.50785211190891 ] ] } },
{ "type": "Feature", "properties": { "u": 77, "v": 108, "weight": 141.42135623737704 }, "geometry": { "type": "LineString", "coordinates": [ [ -0.114651599516856, 51.50785211190891 ], [ -0.112616440531747, 51.50780199379259 ] ] } },
{ "type": "Feature", "properties": { "u": 77, "v": 78, "weight": 141.42135623656213 }, "geometry": { "type": "LineString", "coordinates": [ [ -0.114651599516856, 51.50785211190891 ], [ -0.114571311512299, 51.509122118648996 ] ] } },
{ "type": "Feature", "properties": { "u": 78, "v": 109, "weight": 141.42135623737704 }, "geometry": { "type": "LineString", "coordinates": [ [ -0.114571311512299, 51.509122118648996 ], [ -0.11253609608847, 51.509071998266762 ] ] } },
{ "type": "Feature", "properties": { "u": 78, "v": 79, "weight": 141.42135623749346 }, "geometry": { "type": "LineString", "coordinates": [ [ -0.114571311512299, 51.509122118648996 ], [ -0.114491017627938, 51.510392125022939 ] ] } },
{ "type": "Feature", "properties": { "u": 79, "v": 110, "weight": 141.42135623737704 }, "geometry": { "type": "LineString", "coordinates": [ [ -0.114491017627938, 51.510392125022939 ], [ -0.112455745761274, 51.510342002374671 ] ] } },
{ "type": "Feature", "properties": { "u": 79, "v": 80, "weight": 141.42135623749346 }, "geometry": { "type": "LineString", "coordinates": [ [ -0.114491017627938, 51.510392125022939 ], [ -0.114410717863206, 51.511662131030704 ] ] } },
{ "type": "Feature", "properties": { "u": 80, "v": 111, "weight": 141.42135623737704 }, "geometry": { "type": "LineString", "coordinates": [ [ -0.114410717863206, 51.511662131030704 ], [ -0.112375389549589, 51.511612006116287 ] ] } },
{ "type": "Feature", "properties": { "u": 80, "v": 81, "weight": 141.42135623749346 }, "geometry": { "type": "LineString", "coordinates": [ [ -0.114410717863206, 51.511662131030704 ], [ -0.114330412217535, 51.512932136672312 ] ] } },
{ "type": "Feature", "properties": { "u": 81, "v": 112, "weight": 141.42135623737704 }, "geometry": { "type": "LineString", "coordinates": [ [ -0.114330412217535, 51.512932136672312 ], [ -0.112295027452847, 51.512882009491591 ] ] } },
{ "type": "Feature", "properties": { "u": 81, "v": 82, "weight": 141.42135623749346 }, "geometry": { "type": "LineString", "coordinates": [ [ -0.114330412217535, 51.512932136672312 ], [ -0.114250100690355, 51.514202141947756 ] ] } },
{ "type": "Feature", "properties": { "u": 82, "v": 113, "weight": 141.42135623737704 }, "geometry": { "type": "LineString", "coordinates": [ [ -0.114250100690355, 51.514202141947756 ], [ -0.112214659470479, 51.514152012500617 ] ] } },
{ "type": "Feature", "properties": { "u": 82, "v": 83, "weight": 141.42135623656213 }, "geometry": { "type": "LineString", "coordinates": [ [ -0.114250100690355, 51.514202141947756 ], [ -0.1141697832811, 51.515472146856986 ] ] } },
{ "type": "Feature", "properties": { "u": 83, "v": 114, "weight": 141.42135623737704 }, "geometry": { "type": "LineString", "coordinates": [ [ -0.1141697832811, 51.515472146856986 ], [ -0.112134285601914, 51.515422015143315 ] ] } },
{ "type": "Feature", "properties": { "u": 83, "v": 84, "weight": 141.42135623749346 }, "geometry": { "type": "LineString", "coordinates": [ [ -0.1141697832811, 51.515472146856986 ], [ -0.114089459989199, 51.516742151400052 ] ] } },
{ "type": "Feature", "properties": { "u": 84, "v": 115, "weight": 141.42135623737704 }, "geometry": { "type": "LineString", "coordinates": [ [ -0.114089459989199, 51.516742151400052 ], [ -0.112053905846586, 51.516692017419714 ] ] } },
{ "type": "Feature", "properties": { "u": 84, "v": 85, "weight": 141.42135623749346 }, "geometry": { "type": "LineString", "coordinates": [ [ -0.114089459989199, 51.516742151400052 ], [ -0.114009130814084, 51.518012155576912 ] ] } },
{ "type": "Feature", "properties": { "u": 85, "v": 116, "weight": 141.42135623737704 }, "geometry": { "type": "LineString", "coordinates": [ [ -0.114009130814084, 51.518012155576912 ], [ -0.111973520203925, 51.517962019329786 ] ] } },
{ "type": "Feature", "properties": { "u": 85, "v": 86, "weight": 141.42135623749346 }, "geometry": { "type": "LineString", "coordinates": [ [ -0.114009130814084, 51.518012155576912 ], [ -0.113928795755187, 51.519282159387572 ] ] } },
{ "type": "Feature", "properties": { "u": 86, "v": 117, "weight": 141.42135623737704 }, "geometry": { "type": "LineString", "coordinates": [ [ -0.113928795755187, 51.519282159387572 ], [ -0.11189312867336, 51.519232020873531 ] ] } },
{ "type": "Feature", "properties": { "u": 87, "v": 118, "weight": 141.42135623726062 }, "geometry": { "type": "LineString", "coordinates": [ [ -0.114302315661444, 51.481131815234164 ], [ -0.112268346810464, 51.481081709432836 ] ] } },
{ "type": "Feature", "properties": { "u": 87, "v": 88, "weight": 141.42135623749346 }, "geometry": { "type": "LineString", "coordinates": [ [ -0.114302315661444, 51.481131815234164 ], [ -0.114222094649245, 51.482401827398881 ] ] } },
{ "type": "Feature", "properties": { "u": 88, "v": 119, "weight": 141.42135623726062 }, "geometry": { "type": "LineString", "coordinates": [ [ -0.114222094649245, 51.482401827398881 ], [ -0.112188069446484, 51.482351719332669 ] ] } },
{ "type": "Feature", "properties": { "u": 88, "v": 89, "weight": 141.42135623656213 }, "geometry": { "type": "LineString", "coordinates": [ [ -0.114222094649245, 51.482401827398881 ], [ -0.114141867765052, 51.483671839197441 ] ] } },
{ "type": "Feature", "properties": { "u": 89, "v": 120, "weight": 141.42135623726062 }, "geometry": { "type": "LineString", "coordinates": [ [ -0.114141867765052, 51.483671839197441 ], [ -0.112107786206403, 51.48362172886624 ] ] } },
{ "type": "Feature", "properties": { "u": 89, "v": 90, "weight": 141.42135623749346 }, "geometry": { "type": "LineString", "coordinates": [ [ -0.114141867765052, 51.483671839197441 ], [ -0.114061635008298, 51.484941850629852 ] ] } },
{ "type": "Feature", "properties": { "u": 90, "v": 121, "weight": 141.42135623726062 }, "geometry": { "type": "LineString", "coordinates": [ [ -0.114061635008298, 51.484941850629852 ], [ -0.112027497089649, 51.484891738033518 ] ] } },
{ "type": "Feature", "properties": { "u": 90, "v": 91, "weight": 141.42135623749346 }, "geometry": { "type": "LineString", "coordinates": [ [ -0.114061635008298, 51.484941850629852 ], [ -0.113981396378415, 51.48621186169607 ] ] } },
{ "type": "Feature", "properties": { "u": 91, "v": 122, "weight": 141.42135623726062 }, "geometry": { "type": "LineString", "coordinates": [ [ -0.113981396378415, 51.48621186169607 ], [ -0.111947202095658, 51.486161746834505 ] ] } },
{ "type": "Feature", "properties": { "u": 91, "v": 92, "weight": 141.42135623749346 }, "geometry": { "type": "LineString", "coordinates": [ [ -0.113981396378415, 51.48621186169607 ], [ -0.113901151874837, 51.487481872396145 ] ] } },
{ "type": "Feature", "properties": { "u": 92, "v": 123, "weight": 141.42135623726062 }, "geometry": { "type": "LineString", "coordinates": [ [ -0.113901151874837, 51.487481872396145 ], [ -0.11186690122386, 51.487431755269199 ] ] } },
{ "type": "Feature", "properties": { "u": 92, "v": 93, "weight": 141.42135623749346 }, "geometry": { "type": "LineString", "coordinates": [ [ -0.113901151874837, 51.487481872396145 ], [ -0.113820901496995, 51.488751882730028 ] ] } },
{ "type": "Feature", "properties": { "u": 93, "v": 124, "weight": 141.42135623726062 }, "geometry": { "type": "LineString", "coordinates": [ [ -0.113820901496995, 51.488751882730028 ], [ -0.11178659447369, 51.488701763337581 ] ] } },
{ "type": "Feature", "properties": { "u": 93, "v": 94, "weight": 141.42135623656213 }, "geometry": { "type": "LineString", "coordinates": [ [ -0.113820901496995, 51.488751882730028 ], [ -0.113740645244322, 51.490021892697726 ] ] } },
{ "type": "Feature", "properties": { "u": 94, "v": 125, "weight": 141.42135623726062 }, "geometry": { "type": "LineString", "coordinates": [ [ -0.113740645244322, 51.490021892697726 ], [ -0.111706281844578, 51.489971771039656 ] ] } },
{ "type": "Feature", "properties": { "u": 94, "v": 95, "weight": 141.42135623749346 }, "geometry": { "type": "LineString", "coordinates": [ [ -0.113740645244322, 51.490021892697726 ], [ -0.113660383116252, 51.491291902299231 ] ] } },
{ "type": "Feature", "properties": { "u": 95, "v": 126, "weight": 141.42135623726062 }, "geometry": { "type": "LineString", "coordinates": [ [ -0.113660383116252, 51.491291902299231 ], [ -0.111625963335958, 51.491241778375411 ] ] } },
{ "type": "Feature", "properties": { "u": 95, "v": 96, "weight": 141.42135623749346 }, "geometry": { "type": "LineString", "coordinates": [ [ -0.113660383116252, 51.491291902299231 ], [ -0.113580115112216, 51.49256191153453 ] ] } },
{ "type": "Feature", "properties": { "u": 96, "v": 127, "weight": 141.42135623726062 }, "geometry": { "type": "LineString", "coordinates": [ [ -0.113580115112216, 51.49256191153453 ], [ -0.111545638947259, 51.492511785344838 ] ] } },
{ "type": "Feature", "properties": { "u": 96, "v": 97, "weight": 141.42135623749346 }, "geometry": { "type": "LineString", "coordinates": [ [ -0.113580115112216, 51.49256191153453 ], [ -0.113499841231646, 51.493831920403629 ] ] } },
{ "type": "Feature", "properties": { "u": 97, "v": 128, "weight": 141.42135623726062 }, "geometry": { "type": "LineString", "coordinates": [ [ -0.113499841231646, 51.493831920403629 ], [ -0.111465308677914, 51.493781791947953 ] ] } },
{ "type": "Feature", "properties": { "u": 97, "v": 98, "weight": 141.42135623749346 }, "geometry": { "type": "LineString", "coordinates": [ [ -0.113499841231646, 51.493831920403629 ], [ -0.113419561473975, 51.495101928906529 ] ] } },
{ "type": "Feature", "properties": { "u": 98, "v": 129, "weight": 141.42135623726062 }, "geometry": { "type": "LineString", "coordinates": [ [ -0.113419561473975, 51.495101928906529 ], [ -0.111384972527356, 51.495051798184718 ] ] } },
{ "type": "Feature", "properties": { "u": 98, "v": 99, "weight": 141.42135623656213 }, "geometry": { "type": "LineString", "coordinates": [ [ -0.113419561473975, 51.495101928906529 ], [ -0.113339275838635, 51.496371937043214 ] ] } },
{ "type": "Feature", "properties": { "u": 99, "v": 130, "weight": 141.42135623726062 }, "geometry": { "type": "LineString", "coordinates": [ [ -0.113339275838635, 51.496371937043214 ], [ -0.111304630495017, 51.496321804055135 ] ] } },
{ "type": "Feature", "properties": { "u": 99, "v": 100, "weight": 141.42135623749346 }, "geometry": { "type": "LineString", "coordinates": [ [ -0.113339275838635, 51.496371937043214 ], [ -0.113258984325059, 51.497641944813658 ] ] } },
{ "type": "Feature", "properties": { "u": 100, "v": 131, "weight": 141.42135623726062 }, "geometry": { "type": "LineString", "coordinates": [ [ -0.113258984325059, 51.497641944813658 ], [ -0.111224282580328, 51.497591809559232 ] ] } },
{ "type": "Feature", "properties": { "u": 100, "v": 101, "weight": 141.42135623749346 }, "geometry": { "type": "LineString", "coordinates": [ [ -0.113258984325059, 51.497641944813658 ], [ -0.113178686932678, 51.498911952217895 ] ] } },
{ "type": "Feature", "properties": { "u": 101, "v": 132, "weight": 141.42135623726062 }, "geometry": { "type": "LineString", "coordinates": [ [ -0.113178686932678, 51.498911952217895 ], [ -0.111143928782719, 51.498861814696966 ] ] } },
{ "type": "Feature", "properties": { "u": 101, "v": 102, "weight": 141.42135623749346 }, "geometry": { "type": "LineString", "coordinates": [ [ -0.113178686932678, 51.498911952217895 ], [ -0.113098383660923, 51.50018195925589 ] ] } },
{ "type": "Feature", "properties": { "u": 102, "v": 133, "weight": 141.42135623726062 }, "geometry": { "type": "LineString", "coordinates": [ [ -0.113098383660923, 51.50018195925589 ], [ -0.111063569101625, 51.500131819468329 ] ] } },
{ "type": "Feature", "properties": { "u": 102, "v": 103, "weight": 141.42135623749346 }, "geometry": { "type": "LineString", "coordinates": [ [ -0.113098383660923, 51.50018195925589 ], [ -0.113018074509228, 51.501451965927643 ] ] } },
{ "type": "Feature", "properties": { "u": 103, "v": 134, "weight": 141.42135623726062 }, "geometry": { "type": "LineString", "coordinates": [ [ -0.113018074509228, 51.501451965927643 ], [ -0.110983203536474, 51.50140182387333 ] ] } },
{ "type": "Feature", "properties": { "u": 103, "v": 104, "weight": 141.42135623656213 }, "geometry": { "type": "LineString", "coordinates": [ [ -0.113018074509228, 51.501451965927643 ], [ -0.112937759477024, 51.50272197223314 ] ] } },
{ "type": "Feature", "properties": { "u": 104, "v": 135, "weight": 141.42135623726062 }, "geometry": { "type": "LineString", "coordinates": [ [ -0.112937759477024, 51.50272197223314 ], [ -0.110902832086701, 51.502671827911954 ] ] } },
{ "type": "Feature", "properties": { "u": 104, "v": 105, "weight": 141.42135623749346 }, "geometry": { "type": "LineString", "coordinates": [ [ -0.112937759477024, 51.50272197223314 ], [ -0.112857438563741, 51.503991978172394 ] ] } },
{ "type": "Feature", "properties": { "u": 105, "v": 136, "weight": 141.42135623726062 }, "geometry": { "type": "LineString", "coordinates": [ [ -0.112857438563741, 51.503991978172394 ], [ -0.110822454751733, 51.503941831584214 ] ] } },
{ "type": "Feature", "properties": { "u": 105, "v": 106, "weight": 141.42135623749346 }, "geometry": { "type": "LineString", "coordinates": [ [ -0.112857438563741, 51.503991978172394 ], [ -0.112777111768814, 51.505261983745392 ] ] } },
{ "type": "Feature", "properties": { "u": 106, "v": 137, "weight": 141.42135623726062 }, "geometry": { "type": "LineString", "coordinates": [ [ -0.112777111768814, 51.505261983745392 ], [ -0.110742071531005, 51.505211834890083 ] ] } },
{ "type": "Feature", "properties": { "u": 106, "v": 107, "weight": 141.42135623749346 }, "geometry": { "type": "LineString", "coordinates": [ [ -0.112777111768814, 51.505261983745392 ], [ -0.112696779091672, 51.506531988952126 ] ] } },
{ "type": "Feature", "properties": { "u": 107, "v": 138, "weight": 141.42135623726062 }, "geometry": { "type": "LineString", "coordinates": [ [ -0.112696779091672, 51.506531988952126 ], [ -0.110661682423947, 51.506481837829561 ] ] } },
{ "type": "Feature", "properties": { "u": 107, "v": 108, "weight": 141.42135623749346 }, "geometry": { "type": "LineString", "coordinates": [ [ -0.112696779091672, 51.506531988952126 ], [ -0.112616440531747, 51.50780199379259 ] ] } },
{ "type": "Feature", "properties": { "u": 108, "v": 139, "weight": 141.42135623726062 }, "geometry": { "type": "LineString", "coordinates": [ [ -0.112616440531747, 51.50780199379259 ], [ -0.110581287429989, 51.507751840402648 ] ] } },
{ "type": "Feature", "properties": { "u": 108, "v": 109, "weight": 141.42135623656213 }, "geometry": { "type": "LineString", "coordinates": [ [ -0.112616440531747, 51.50780199379259 ], [ -0.11253609608847, 51.509071998266762 ] ] } },
{ "type": "Feature", "properties": { "u": 109, "v": 140, "weight": 141.42135623726062 }, "geometry": { "type": "LineString", "coordinates": [ [ -0.11253609608847, 51.509071998266762 ], [ -0.110500886548564, 51.509021842609329 ] ] } },
{ "type": "Feature", "properties": { "u": 109, "v": 110, "weight": 141.42135623749346 }, "geometry": { "type": "LineString", "coordinates": [ [ -0.11253609608847, 51.509071998266762 ], [ -0.112455745761274, 51.510342002374671 ] ] } },
{ "type": "Feature", "properties": { "u": 110, "v": 141, "weight": 141.42135623726062 }, "geometry": { "type": "LineString", "coordinates": [ [ -0.112455745761274, 51.510342002374671 ], [ -0.110420479779102, 51.510291844449604 ] ] } },
{ "type": "Feature", "properties": { "u": 110, "v": 111, "weight": 141.42135623749346 }, "geometry": { "type": "LineString", "coordinates": [ [ -0.112455745761274, 51.510342002374671 ], [ -0.112375389549589, 51.511612006116287 ] ] } },
{ "type": "Feature", "properties": { "u": 111, "v": 142, "weight": 141.42135623726062 }, "geometry": { "type": "LineString", "coordinates": [ [ -0.112375389549589, 51.511612006116287 ], [ -0.110340067121032, 51.511561845923453 ] ] } },
{ "type": "Feature", "properties": { "u": 111, "v": 112, "weight": 141.42135623749346 }, "geometry": { "type": "LineString", "coordinates": [ [ -0.112375389549589, 51.511612006116287 ], [ -0.112295027452847, 51.512882009491591 ] ] } },
{ "type": "Feature", "properties": { "u": 112, "v": 143, "weight": 141.42135623726062 }, "geometry": { "type": "LineString", "coordinates": [ [ -0.112295027452847, 51.512882009491591 ], [ -0.110259648573787, 51.512831847030903 ] ] } },
{ "type": "Feature", "properties": { "u": 112, "v": 113, "weight": 141.42135623749346 }, "geometry": { "type": "LineString", "coordinates": [ [ -0.112295027452847, 51.512882009491591 ], [ -0.112214659470479, 51.514152012500617 ] ] } },
{ "type": "Feature", "properties": { "u": 113, "v": 144, "weight": 141.42135623726062 }, "geometry": { "type": "LineString", "coordinates": [ [ -0.112214659470479, 51.514152012500617 ], [ -0.110179224136798, 51.514101847771911 ] ] } },
{ "type": "Feature", "properties": { "u": 113, "v": 114, "weight": 141.42135623656213 }, "geometry": { "type": "LineString", "coordinates": [ [ -0.112214659470479, 51.514152012500617 ], [ -0.112134285601914, 51.515422015143315 ] ] } },
{ "type": "Feature", "properties": { "u": 114, "v": 145, "weight": 141.42135623726062 }, "geometry": { "type": "LineString", "coordinates": [ [ -0.112134285601914, 51.515422015143315 ], [ -0.110098793809496, 51.515371848146479 ] ] } },
{ "type": "Feature", "properties": { "u": 114, "v": 115, "weight": 141.42135623749346 }, "geometry": { "type": "LineString", "coordinates": [ [ -0.112134285601914, 51.515422015143315 ], [ -0.112053905846586, 51.516692017419714 ] ] } },
{ "type": "Feature", "properties": { "u": 115, "v": 146, "weight": 141.42135623726062 }, "geometry": { "type": "LineString", "coordinates": [ [ -0.112053905846586, 51.516692017419714 ], [ -0.110018357591309, 51.51664184815462 ] ] } },
{ "type": "Feature", "properties": { "u": 115, "v": 116, "weight": 141.42135623749346 }, "geometry": { "type": "LineString", "coordinates": [ [ -0.112053905846586, 51.516692017419714 ], [ -0.111973520203925, 51.517962019329786 ] ] } },
{ "type": "Feature", "properties": { "u": 116, "v": 147, "weight": 141.42135623726062 }, "geometry": { "type": "LineString", "coordinates": [ [ -0.111973520203925, 51.517962019329786 ], [ -0.109937915481669, 51.51791184779632 ] ] } },
{ "type": "Feature", "properties": { "u": 116, "v": 117, "weight": 141.42135623749346 }, "geometry": { "type": "LineString", "coordinates": [ [ -0.111973520203925, 51.517962019329786 ], [ -0.11189312867336, 51.519232020873531 ] ] } },
{ "type": "Feature", "properties": { "u": 117, "v": 148, "weight": 141.42135623726062 }, "geometry": { "type": "LineString", "coordinates": [ [ -0.11189312867336, 51.519232020873531 ], [ -0.109857467480007, 51.519181847071557 ] ] } },
{ "type": "Feature", "properties": { "u": 118, "v": 149, "weight": 141.42135623737704 }, "geometry": { "type": "LineString", "coordinates": [ [ -0.112268346810464, 51.481081709432836 ], [ -0.110234383835017, 51.481031568391487 ] ] } },
{ "type": "Feature", "properties": { "u": 118, "v": 119, "weight": 141.42135623749346 }, "geometry": { "type": "LineString", "coordinates": [ [ -0.112268346810464, 51.481081709432836 ], [ -0.112188069446484, 51.482351719332669 ] ] } },
{ "type": "Feature", "properties": { "u": 119, "v": 150, "weight": 141.42135623737704 }, "geometry": { "type": "LineString", "coordinates": [ [ -0.112188069446484, 51.482351719332669 ], [ -0.110154050119825, 51.482301576024867 ] ] } },
{ "type": "Feature", "properties": { "u": 119, "v": 120, "weight": 141.42135623656213 }, "geometry": { "type": "LineString", "coordinates": [ [ -0.112188069446484, 51.482351719332669 ], [ -0.112107786206403, 51.48362172886624 ] ] } },
{ "type": "Feature", "properties": { "u": 120, "v": 151, "weight": 141.42135623737704 }, "geometry": { "type": "LineString", "coordinates": [ [ -0.112107786206403, 51.48362172886624 ], [ -0.11007371052442, 51.483571583291848 ] ] } },
{ "type": "Feature", "properties": { "u": 120, "v": 121, "weight": 141.42135623749346 }, "geometry": { "type": "LineString", "coordinates": [ [ -0.112107786206403, 51.48362172886624 ], [ -0.112027497089649, 51.484891738033518 ] ] } },
{ "type": "Feature", "properties": { "u": 121, "v": 152, "weight": 141.42135623737704 }, "geometry": { "type": "LineString", "coordinates": [ [ -0.112027497089649, 51.484891738033518 ], [ -0.109993365048236, 51.484841590192424 ] ] } },
{ "type": "Feature", "properties": { "u": 121, "v": 122, "weight": 141.42135623749346 }, "geometry": { "type": "LineString", "coordinates": [ [ -0.112027497089649, 51.484891738033518 ], [ -0.111947202095658, 51.486161746834505 ] ] } },
{ "type": "Feature", "properties": { "u": 122, "v": 153, "weight": 141.42135623737704 }, "geometry": { "type": "LineString", "coordinates": [ [ -0.111947202095658, 51.486161746834505 ], [ -0.109913013690705, 51.486111596726559 ] ] } },
{ "type": "Feature", "properties": { "u": 122, "v": 123, "weight": 141.42135623749346 }, "geometry": { "type": "LineString", "coordinates": [ [ -0.111947202095658, 51.486161746834505 ], [ -0.11186690122386, 51.487431755269199 ] ] } },
{ "type": "Feature", "properties": { "u": 123, "v": 154, "weight": 141.42135623737704 }, "geometry": { "type": "LineString", "coordinates": [ [ -0.11186690122386, 51.487431755269199 ], [ -0.109832656451257, 51.487381602894295 ] ] } },
{ "type": "Feature", "properties": { "u": 123, "v": 124, "weight": 141.42135623749346 }, "geometry": { "type": "LineString", "coordinates": [ [ -0.11186690122386, 51.487431755269199 ], [ -0.11178659447369, 51.488701763337581 ] ] } },
{ "type": "Feature", "properties": { "u": 124, "v": 155, "weight": 141.42135623737704 }, "geometry": { "type": "LineString", "coordinates": [ [ -0.11178659447369, 51.488701763337581 ], [ -0.109752293329325, 51.488651608695598 ] ] } },
{ "type": "Feature", "properties": { "u": 124, "v": 125, "weight": 141.42135623656213 }, "geometry": { "type": "LineString", "coordinates": [ [ -0.11178659447369, 51.488701763337581 ], [ -0.111706281844578, 51.489971771039656 ] ] } },
{ "type": "Feature", "properties": { "u": 125, "v": 156, "weight": 141.42135623737704 }, "geometry": { "type": "LineString", "coordinates": [ [ -0.111706281844578, 51.489971771039656 ], [ -0.109671924324342, 51.489921614130459 ] ] } },
{ "type": "Feature", "properties": { "u": 125, "v": 126, "weight": 141.42135623749346 }, "geometry": { "type": "LineString", "coordinates": [ [ -0.111706281844578, 51.489971771039656 ], [ -0.111625963335958, 51.491241778375411 ] ] } },
{ "type": "Feature", "properties": { "u": 126, "v": 157, "weight": 141.42135623737704 }, "geometry": { "type": "LineString", "coordinates": [ [ -0.111625963335958, 51.491241778375411 ], [ -0.109591549435738, 51.491191619198879 ] ] } },
{ "type": "Feature", "properties": { "u": 126, "v": 127, "weight": 141.42135623749346 }, "geometry": { "type": "LineString", "coordinates": [ [ -0.111625963335958, 51.491241778375411 ], [ -0.111545638947259, 51.492511785344838 ] ] } },
{ "type": "Feature", "properties": { "u": 127, "v": 158, "weight": 141.42135623737704 }, "geometry": { "type": "LineString", "coordinates": [ [ -0.111545638947259, 51.492511785344838 ], [ -0.109511168662945, 51.492461623900844 ] ] } },
{ "type": "Feature", "properties": { "u": 127, "v": 128, "weight": 141.42135623749346 }, "geometry": { "type": "LineString", "coordinates": [ [ -0.111545638947259, 51.492511785344838 ], [ -0.111465308677914, 51.493781791947953 ] ] } },
{ "type": "Feature", "properties": { "u": 128, "v": 159, "weight": 141.42135623737704 }, "geometry": { "type": "LineString", "coordinates": [ [ -0.111465308677914, 51.493781791947953 ], [ -0.109430782005394, 51.493731628236361 ] ] } },
{ "type": "Feature", "properties": { "u": 128, "v": 129, "weight": 141.42135623749346 }, "geometry": { "type": "LineString", "coordinates": [ [ -0.111465308677914, 51.493781791947953 ], [ -0.111384972527356, 51.495051798184718 ] ] } },
{ "type": "Feature", "properties": { "u": 129, "v": 160, "weight": 141.42135623737704 }, "geometry": { "type": "LineString", "coordinates": [ [ -0.111384972527356, 51.495051798184718 ], [ -0.109350389462517, 51.495001632205422 ] ] } },
{ "type": "Feature", "properties": { "u": 129, "v": 130, "weight": 141.42135623656213 }, "geometry": { "type": "LineString", "coordinates": [ [ -0.111384972527356, 51.495051798184718 ], [ -0.111304630495017, 51.496321804055135 ] ] } },
{ "type": "Feature", "properties": { "u": 130, "v": 161, "weight": 141.42135623737704 }, "geometry": { "type": "LineString", "coordinates": [ [ -0.111304630495017, 51.496321804055135 ], [ -0.109269991033747, 51.496271635808007 ] ] } },
{ "type": "Feature", "properties": { "u": 130, "v": 131, "weight": 141.42135623749346 }, "geometry": { "type": "LineString", "coordinates": [ [ -0.111304630495017, 51.496321804055135 ], [ -0.111224282580328, 51.497591809559232 ] ] } },
{ "type": "Feature", "properties": { "u": 131, "v": 162, "weight": 141.42135623737704 }, "geometry": { "type": "LineString", "coordinates": [ [ -0.111224282580328, 51.497591809559232 ], [ -0.109189586718512, 51.49754163904413 ] ] } },
{ "type": "Feature", "properties": { "u": 131, "v": 132, "weight": 141.42135623749346 }, "geometry": { "type": "LineString", "coordinates": [ [ -0.111224282580328, 51.497591809559232 ], [ -0.111143928782719, 51.498861814696966 ] ] } },
{ "type": "Feature", "properties": { "u": 132, "v": 163, "weight": 141.42135623737704 }, "geometry": { "type": "LineString", "coordinates": [ [ -0.111143928782719, 51.498861814696966 ], [ -0.109109176516246, 51.498811641913768 ] ] } },
{ "type": "Feature", "properties": { "u": 132, "v": 133, "weight": 141.42135623749346 }, "geometry": { "type": "LineString", "coordinates": [ [ -0.111143928782719, 51.498861814696966 ], [ -0.111063569101625, 51.500131819468329 ] ] } },
{ "type": "Feature", "properties": { "u": 133, "v": 164, "weight": 141.42135623737704 }, "geometry": { "type": "LineString", "coordinates": [ [ -0.111063569101625, 51.500131819468329 ], [ -0.109028760426379, 51.50008164441693 ] ] } },
{ "type": "Feature", "properties": { "u": 133, "v": 134, "weight": 141.42135623749346 }, "geometry": { "type": "LineString", "coordinates": [ [ -0.111063569101625, 51.500131819468329 ], [ -0.110983203536474, 51.50140182387333 ] ] } },
{ "type": "Feature", "properties": { "u": 134, "v": 165, "weight": 141.42135623737704 }, "geometry": { "type": "LineString", "coordinates": [ [ -0.110983203536474, 51.50140182387333 ], [ -0.108948338448343, 51.501351646553594 ] ] } },
{ "type": "Feature", "properties": { "u": 134, "v": 135, "weight": 141.42135623656213 }, "geometry": { "type": "LineString", "coordinates": [ [ -0.110983203536474, 51.50140182387333 ], [ -0.110902832086701, 51.502671827911954 ] ] } },
{ "type": "Feature", "properties": { "u": 135, "v": 166, "weight": 141.42135623737704 }, "geometry": { "type": "LineString", "coordinates": [ [ -0.110902832086701, 51.502671827911954 ], [ -0.108867910581569, 51.502621648323753 ] ] } },
{ "type": "Feature", "properties": { "u": 135, "v": 136, "weight": 141.42135623749346 }, "geometry": { "type": "LineString", "coordinates": [ [ -0.110902832086701, 51.502671827911954 ], [ -0.110822454751733, 51.503941831584214 ] ] } },
{ "type": "Feature", "properties": { "u": 136, "v": 167, "weight": 141.42135623737704 }, "geometry": { "type": "LineString", "coordinates": [ [ -0.110822454751733, 51.503941831584214 ], [ -0.108787476825485, 51.503891649727422 ] ] } },
{ "type": "Feature", "properties": { "u": 136, "v": 137, "weight": 141.42135623749346 }, "geometry": { "type": "LineString", "coordinates": [ [ -0.110822454751733, 51.503941831584214 ], [ -0.110742071531005, 51.505211834890083 ] ] } },
{ "type": "Feature", "properties": { "u": 137, "v": 168, "weight": 141.42135623737704 }, "geometry": { "type": "LineString", "coordinates": [ [ -0.110742071531005, 51.505211834890083 ], [ -0.108707037179525, 51.50516165076457 ] ] } },
{ "type": "Feature", "properties": { "u": 137, "v": 138, "weight": 141.42135623749346 }, "geometry": { "type": "LineString", "coordinates": [ [ -0.110742071531005, 51.505211834890083 ], [ -0.110661682423947, 51.506481837829561 ] ] } },
{ "type": "Feature", "properties": { "u": 138, "v": 169, "weight": 141.42135623737704 }, "geometry": { "type": "LineString", "coordinates": [ [ -0.110661682423947, 51.506481837829561 ], [ -0.108626591643119, 51.506431651435207 ] ] } },
{ "type": "Feature", "properties": { "u": 138, "v": 139, "weight": 141.42135623749346 }, "geometry": { "type": "LineString", "coordinates": [ [ -0.110661682423947, 51.506481837829561 ], [ -0.110581287429989, 51.507751840402648 ] ] } },
{ "type": "Feature", "properties": { "u": 139, "v": 170, "weight": 141.42135623737704 }, "geometry": { "type": "LineString", "coordinates": [ [ -0.110581287429989, 51.507751840402648 ], [ -0.108546140215697, 51.507701651739332 ] ] } },
{ "type": "Feature", "properties": { "u": 139, "v": 140, "weight": 141.42135623656213 }, "geometry": { "type": "LineString", "coordinates": [ [ -0.110581287429989, 51.507751840402648 ], [ -0.110500886548564, 51.509021842609329 ] ] } },
{ "type": "Feature", "properties": { "u": 140, "v": 171, "weight": 141.42135623737704 }, "geometry": { "type": "LineString", "coordinates": [ [ -0.110500886548564, 51.509021842609329 ], [ -0.108465682896693, 51.508971651676909 ] ] } },
{ "type": "Feature", "properties": { "u": 140, "v": 141, "weight": 141.42135623749346 }, "geometry": { "type": "LineString", "coordinates": [ [ -0.110500886548564, 51.509021842609329 ], [ -0.110420479779102, 51.510291844449604 ] ] } },
{ "type": "Feature", "properties": { "u": 141, "v": 172, "weight": 141.42135623737704 }, "geometry": { "type": "LineString", "coordinates": [ [ -0.110420479779102, 51.510291844449604 ], [ -0.108385219685532, 51.510241651247973 ] ] } },
{ "type": "Feature", "properties": { "u": 141, "v": 142, "weight": 141.42135623749346 }, "geometry": { "type": "LineString", "coordinates": [ [ -0.110420479779102, 51.510291844449604 ], [ -0.110340067121032, 51.511561845923453 ] ] } },
{ "type": "Feature", "properties": { "u": 142, "v": 173, "weight": 141.42135623737704 }, "geometry": { "type": "LineString", "coordinates": [ [ -0.110340067121032, 51.511561845923453 ], [ -0.108304750581648, 51.511511650452483 ] ] } },
{ "type": "Feature", "properties": { "u": 142, "v": 143, "weight": 141.42135623749346 }, "geometry": { "type": "LineString", "coordinates": [ [ -0.110340067121032, 51.511561845923453 ], [ -0.110259648573787, 51.512831847030903 ] ] } },
{ "type": "Feature", "properties": { "u": 143, "v": 174, "weight": 141.42135623737704 }, "geometry": { "type": "LineString", "coordinates": [ [ -0.110259648573787, 51.512831847030903 ], [ -0.10822427558447, 51.512781649290453 ] ] } },
{ "type": "Feature", "properties": { "u": 143, "v": 144, "weight": 141.42135623749346 }, "geometry": { "type": "LineString", "coordinates": [ [ -0.110259648573787, 51.512831847030903 ], [ -0.110179224136798, 51.514101847771911 ] ] } },
{ "type": "Feature", "properties": { "u": 144, "v": 175, "weight": 141.42135623737704 }, "geometry": { "type": "LineString", "coordinates": [ [ -0.110179224136798, 51.514101847771911 ], [ -0.10814379469343, 51.514051647761875 ] ] } },
{ "type": "Feature", "properties": { "u": 144, "v": 145, "weight": 141.42135623656213 }, "geometry": { "type": "LineString", "coordinates": [ [ -0.110179224136798, 51.514101847771911 ], [ -0.110098793809496, 51.515371848146479 ] ] } },
{ "type": "Feature", "properties": { "u": 145, "v": 176, "weight": 141.42135623737704 }, "geometry": { "type": "LineString", "coordinates": [ [ -0.110098793809496, 51.515371848146479 ], [ -0.108063307907958, 51.51532164586672 ] ] } },
{ "type": "Feature", "properties": { "u": 145, "v": 146, "weight": 141.42135623749346 }, "geometry": { "type": "LineString", "coordinates": [ [ -0.110098793809496, 51.515371848146479 ], [ -0.110018357591309, 51.51664184815462 ] ] } },
{ "type": "Feature", "properties": { "u": 146, "v": 177, "weight": 141.42135623737704 }, "geometry": { "type": "LineString", "coordinates": [ [ -0.110018357591309, 51.51664184815462 ], [ -0.107982815227482, 51.516591643605011 ] ] } },
{ "type": "Feature", "properties": { "u": 146, "v": 147, "weight": 141.42135623749346 }, "geometry": { "type": "LineString", "coordinates": [ [ -0.110018357591309, 51.51664184815462 ], [ -0.109937915481669, 51.51791184779632 ] ] } },
{ "type": "Feature", "properties": { "u": 147, "v": 178, "weight": 141.42135623737704 }, "geometry": { "type": "LineString", "coordinates": [ [ -0.109937915481669, 51.51791184779632 ], [ -0.107902316651434, 51.517861640976747 ] ] } },
{ "type": "Feature", "properties": { "u": 147, "v": 148, "weight": 141.42135623749346 }, "geometry": { "type": "LineString", "coordinates": [ [ -0.109937915481669, 51.51791184779632 ], [ -0.109857467480007, 51.519181847071557 ] ] } },
{ "type": "Feature", "properties": { "u": 148, "v": 179, "weight": 141.42135623737704 }, "geometry": { "type": "LineString", "coordinates": [ [ -0.109857467480007, 51.519181847071557 ], [ -0.107821812179245, 51.519131637981886 ] ] } },
{ "type": "Feature", "properties": { "u": 149, "v": 180, "weight": 141.42135623726062 }, "geometry": { "type": "LineString", "coordinates": [ [ -0.110234383835017, 51.481031568391487 ], [ -0.108200426739216, 51.480981392110365 ] ] } },
{ "type": "Feature", "properties": { "u": 149, "v": 150, "weight": 141.42135623749346 }, "geometry": { "type": "LineString", "coordinates": [ [ -0.110234383835017, 51.481031568391487 ], [ -0.110154050119825, 51.482301576024867 ] ] } },
{ "type": "Feature", "properties": { "u": 150, "v": 181, "weight": 141.42135623726062 }, "geometry": { "type": "LineString", "coordinates": [ [ -0.110154050119825, 51.482301576024867 ], [ -0.108120036673379, 51.482251397475693 ] ] } },
{ "type": "Feature", "properties": { "u": 150, "v": 151, "weight": 141.42135623656213 }, "geometry": { "type": "LineString", "coordinates": [ [ -0.110154050119825, 51.482301576024867 ], [ -0.11007371052442, 51.483571583291848 ] ] } },
{ "type": "Feature", "properties": { "u": 151, "v": 182, "weight": 141.42135623726062 }, "geometry": { "type": "LineString", "coordinates": [ [ -0.11007371052442, 51.483571583291848 ], [ -0.108039640723221, 51.483521402474494 ] ] } },
{ "type": "Feature", "properties": { "u": 151, "v": 152, "weight": 141.42135623749346 }, "geometry": { "type": "LineString", "coordinates": [ [ -0.11007371052442, 51.483571583291848 ], [ -0.109993365048236, 51.484841590192424 ] ] } },
{ "type": "Feature", "properties": { "u": 152, "v": 183, "weight": 141.42135623726062 }, "geometry": { "type": "LineString", "coordinates": [ [ -0.109993365048236, 51.484841590192424 ], [ -0.107959238888173, 51.484791407106776 ] ] } },
{ "type": "Feature", "properties": { "u": 152, "v": 153, "weight": 141.42135623749346 }, "geometry": { "type": "LineString", "coordinates": [ [ -0.109993365048236, 51.484841590192424 ], [ -0.109913013690705, 51.486111596726559 ] ] } },
{ "type": "Feature", "properties": { "u": 153, "v": 184, "weight": 141.42135623726062 }, "geometry": { "type": "LineString", "coordinates": [ [ -0.109913013690705, 51.486111596726559 ], [ -0.107878831167669, 51.486061411372503 ] ] } },
{ "type": "Feature", "properties": { "u": 153, "v": 154, "weight": 141.42135623749346 }, "geometry": { "type": "LineString", "coordinates": [ [ -0.109913013690705, 51.486111596726559 ], [ -0.109832656451257, 51.487381602894295 ] ] } },
{ "type": "Feature", "properties": { "u": 154, "v": 185, "weight": 141.42135623726062 }, "geometry": { "type": "LineString", "coordinates": [ [ -0.109832656451257, 51.487381602894295 ], [ -0.107798417561138, 51.487331415271683 ] ] } },
{ "type": "Feature", "properties": { "u": 154, "v": 155, "weight": 141.42135623749346 }, "geometry": { "type": "LineString", "coordinates": [ [ -0.109832656451257, 51.487381602894295 ], [ -0.109752293329325, 51.488651608695598 ] ] } },
{ "type": "Feature", "properties": { "u": 155, "v": 186, "weight": 141.42135623726062 }, "geometry": { "type": "LineString", "coordinates": [ [ -0.109752293329325, 51.488651608695598 ], [ -0.107717998068014, 51.488601418804308 ] ] } },
{ "type": "Feature", "properties": { "u": 155, "v": 156, "weight": 141.42135623656213 }, "geometry": { "type": "LineString", "coordinates": [ [ -0.109752293329325, 51.488651608695598 ], [ -0.109671924324342, 51.489921614130459 ] ] } },
{ "type": "Feature", "properties": { "u": 156, "v": 187, "weight": 141.42135623726062 }, "geometry": { "type": "LineString", "coordinates": [ [ -0.109671924324342, 51.489921614130459 ], [ -0.107637572687727, 51.489871421970363 ] ] } },
{ "type": "Feature", "properties": { "u": 156, "v": 157, "weight": 141.42135623749346 }, "geometry": { "type": "LineString", "coordinates": [ [ -0.109671924324342, 51.489921614130459 ], [ -0.109591549435738, 51.491191619198879 ] ] } },
{ "type": "Feature", "properties": { "u": 157, "v": 188, "weight": 141.42135623726062 }, "geometry": { "type": "LineString", "coordinates": [ [ -0.109591549435738, 51.491191619198879 ], [ -0.107557141419708, 51.491141424769857 ] ] } },
{ "type": "Feature", "properties": { "u": 157, "v": 158, "weight": 141.42135623749346 }, "geometry": { "type": "LineString", "coordinates": [ [ -0.109591549435738, 51.491191619198879 ], [ -0.109511168662945, 51.492461623900844 ] ] } },
{ "type": "Feature", "properties": { "u": 158, "v": 189, "weight": 141.42135623726062 }, "geometry": { "type": "LineString", "coordinates": [ [ -0.109511168662945, 51.492461623900844 ], [ -0.10747670426339, 51.492411427202775 ] ] } },
{ "type": "Feature", "properties": { "u": 158, "v": 159, "weight": 141.42135623749346 }, "geometry": { "type": "LineString", "coordinates": [ [ -0.109511168662945, 51.492461623900844 ], [ -0.109430782005394, 51.493731628236361 ] ] } },
{ "type": "Feature", "properties": { "u": 159, "v": 190, "weight": 141.42135623726062 }, "geometry": { "type": "LineString", "coordinates": [ [ -0.109430782005394, 51.493731628236361 ], [ -0.107396261218201, 51.493681429269117 ] ] } },
{ "type": "Feature", "properties": { "u": 159, "v": 160, "weight": 141.42135623749346 }, "geometry": { "type": "LineString", "coordinates": [ [ -0.109430782005394, 51.493731628236361 ], [ -0.109350389462517, 51.495001632205422 ] ] } },
{ "type": "Feature", "properties": { "u": 160, "v": 191, "weight": 141.42135623726062 }, "geometry": { "type": "LineString", "coordinates": [ [ -0.109350389462517, 51.495001632205422 ], [ -0.107315812283574, 51.494951430968889 ] ] } },
{ "type": "Feature", "properties": { "u": 160, "v": 161, "weight": 141.42135623656213 }, "geometry": { "type": "LineString", "coordinates": [ [ -0.109350389462517, 51.495001632205422 ], [ -0.109269991033747, 51.496271635808007 ] ] } },
{ "type": "Feature", "properties": { "u": 161, "v": 192, "weight": 141.42135623726062 }, "geometry": { "type": "LineString", "coordinates": [ [ -0.109269991033747, 51.496271635808007 ], [ -0.107235357458941, 51.496221432302029 ] ] } },
{ "type": "Feature", "properties": { "u": 161, "v": 162, "weight": 141.42135623749346 }, "geometry": { "type": "LineString", "coordinates": [ [ -0.109269991033747, 51.496271635808007 ], [ -0.109189586718512, 51.49754163904413 ] ] } },
{ "type": "Feature", "properties": { "u": 162, "v": 193, "weight": 141.42135623726062 }, "geometry": { "type": "LineString", "coordinates": [ [ -0.109189586718512, 51.49754163904413 ], [ -0.107154896743731, 51.497491433268607 ] ] } },
{ "type": "Feature", "properties": { "u": 162, "v": 163, "weight": 141.42135623749346 }, "geometry": { "type": "LineString", "coordinates": [ [ -0.109189586718512, 51.49754163904413 ], [ -0.109109176516246, 51.498811641913768 ] ] } },
{ "type": "Feature", "properties": { "u": 163, "v": 194, "weight": 141.42135623726062 }, "geometry": { "type": "LineString", "coordinates": [ [ -0.109109176516246, 51.498811641913768 ], [ -0.107074430137376, 51.498761433868566 ] ] } },
{ "type": "Feature", "properties": { "u": 163, "v": 164, "weight": 141.42135623749346 }, "geometry": { "type": "LineString", "coordinates": [ [ -0.109109176516246, 51.498811641913768 ], [ -0.109028760426379, 51.50008164441693 ] ] } },
{ "type": "Feature", "properties": { "u": 164, "v": 195, "weight": 141.42135623726062 }, "geometry": { "type": "LineString", "coordinates": [ [ -0.109028760426379, 51.50008164441693 ], [ -0.106993957639306, 51.500031434101921 ] ] } },
{ "type": "Feature", "properties": { "u": 164, "v": 165, "weight": 141.42135623749346 }, "geometry": { "type": "LineString", "coordinates": [ [ -0.109028760426379, 51.50008164441693 ], [ -0.108948338448343, 51.501351646553594 ] ] } },
{ "type": "Feature", "properties": { "u": 165, "v": 196, "weight": 141.42135623726062 }, "geometry": { "type": "LineString", "coordinates": [ [ -0.108948338448343, 51.501351646553594 ], [ -0.106913479248953, 51.501301433968649 ] ] } },
{ "type": "Feature", "properties": { "u": 165, "v": 166, "weight": 141.42135623656213 }, "geometry": { "type": "LineString", "coordinates": [ [ -0.108948338448343, 51.501351646553594 ], [ -0.108867910581569, 51.502621648323753 ] ] } },
{ "type": "Feature", "properties": { "u": 166, "v": 197, "weight": 141.42135623726062 }, "geometry": { "type": "LineString", "coordinates": [ [ -0.108867910581569, 51.502621648323753 ], [ -0.106832994965745, 51.502571433468759 ] ] } },
{ "type": "Feature", "properties": { "u": 166, "v": 167, "weight": 141.42135623749346 }, "geometry": { "type": "LineString", "coordinates": [ [ -0.108867910581569, 51.502621648323753 ], [ -0.108787476825485, 51.503891649727422 ] ] } },
{ "type": "Feature", "properties": { "u": 167, "v": 198, "weight": 141.42135623726062 }, "geometry": { "type": "LineString", "coordinates": [ [ -0.108787476825485, 51.503891649727422 ], [ -0.106752504789115, 51.50384143260225 ] ] } },
{ "type": "Feature", "properties": { "u": 167, "v": 168, "weight": 141.42135623749346 }, "geometry": { "type": "LineString", "coordinates": [ [ -0.108787476825485, 51.503891649727422 ], [ -0.108707037179525, 51.50516165076457 ] ] } },
{ "type": "Feature", "properties": { "u": 168, "v": 199, "weight": 141.42135623726062 }, "geometry": { "type": "LineString", "coordinates": [ [ -0.108707037179525, 51.50516165076457 ], [ -0.106672008718493, 51.505111431369095 ] ] } },
{ "type": "Feature", "properties": { "u": 168, "v": 169, "weight": 141.42135623749346 }, "geometry": { "type": "LineString", "coordinates": [ [ -0.108707037179525, 51.50516165076457 ], [ -0.108626591643119, 51.506431651435207 ] ] } },
{ "type": "Feature", "properties": { "u": 169, "v": 200, "weight": 141.42135623726062 }, "geometry": { "type": "LineString", "coordinates": [ [ -0.108626591643119, 51.506431651435207 ], [ -0.106591506753309, 51.506381429769291 ] ] } },
{ "type": "Feature", "properties": { "u": 169, "v": 170, "weight": 141.42135623749346 }, "geometry": { "type": "LineString", "coordinates": [ [ -0.108626591643119, 51.506431651435207 ], [ -0.108546140215697, 51.507701651739332 ] ] } },
{ "type": "Feature", "properties": { "u": 170, "v": 201, "weight": 141.42135623726062 }, "geometry": { "type": "LineString", "coordinates": [ [ -0.108546140215697, 51.507701651739332 ], [ -0.106510998892993, 51.507651427802863 ] ] } },
{ "type": "Feature", "properties": { "u": 170, "v": 171, "weight": 141.42135623656213 }, "geometry": { "type": "LineString", "coordinates": [ [ -0.108546140215697, 51.507701651739332 ], [ -0.108465682896693, 51.508971651676909 ] ] } },
{ "type": "Feature", "properties": { "u": 171, "v": 202, "weight": 141.42135623726062 }, "geometry": { "type": "LineString", "coordinates": [ [ -0.108465682896693, 51.508971651676909 ], [ -0.106430485136977, 51.508921425469765 ] ] } },
{ "type": "Feature", "properties": { "u": 171, "v": 172, "weight": 141.42135623749346 }, "geometry": { "type": "LineString", "coordinates": [ [ -0.108465682896693, 51.508971651676909 ], [ -0.108385219685532, 51.510241651247973 ] ] } },
{ "type": "Feature", "properties": { "u": 172, "v": 203, "weight": 141.42135623726062 }, "geometry": { "type": "LineString", "coordinates": [ [ -0.108385219685532, 51.510241651247973 ], [ -0.106349965484688, 51.510191422770014 ] ] } },
{ "type": "Feature", "properties": { "u": 172, "v": 173, "weight": 141.42135623749346 }, "geometry": { "type": "LineString", "coordinates": [ [ -0.108385219685532, 51.510241651247973 ], [ -0.108304750581648, 51.511511650452483 ] ] } },
{ "type": "Feature", "properties": { "u": 173, "v": 204, "weight": 141.42135623726062 }, "geometry": { "type": "LineString", "coordinates": [ [ -0.108304750581648, 51.511511650452483 ], [ -0.106269439935559, 51.511461419703593 ] ] } },
{ "type": "Feature", "properties": { "u": 173, "v": 174, "weight": 141.42135623749346 }, "geometry": { "type": "LineString", "coordinates": [ [ -0.108304750581648, 51.511511650452483 ], [ -0.10822427558447, 51.512781649290453 ] ] } },
{ "type": "Feature", "properties": { "u": 174, "v": 205, "weight": 141.42135623726062 }, "geometry": { "type": "LineString", "coordinates": [ [ -0.10822427558447, 51.512781649290453 ], [ -0.106188908489018, 51.512731416270512 ] ] } },
{ "type": "Feature", "properties": { "u": 174, "v": 175, "weight": 141.42135623749346 }, "geometry": { "type": "LineString", "coordinates": [ [ -0.10822427558447, 51.512781649290453 ], [ -0.10814379469343, 51.514051647761875 ] ] } },
{ "type": "Feature", "properties": { "u": 175, "v": 206, "weight": 141.42135623726062 }, "geometry": { "type": "LineString", "coordinates": [ [ -0.10814379469343, 51.514051647761875 ], [ -0.106108371144497, 51.514001412470748 ] ] } },
{ "type": "Feature", "properties": { "u": 175, "v": 176, "weight": 141.42135623656213 }, "geometry": { "type": "LineString", "coordinates": [ [ -0.10814379469343, 51.514051647761875 ], [ -0.108063307907958, 51.51532164586672 ] ] } },
{ "type": "Feature", "properties": { "u": 176, "v": 207, "weight": 141.42135623726062 }, "geometry": { "type": "LineString", "coordinates": [ [ -0.108063307907958, 51.51532164586672 ], [ -0.106027827901425, 51.515271408304287 ] ] } },
{ "type": "Feature", "properties": { "u": 176, "v": 177, "weight": 141.42135623749346 }, "geometry": { "type": "LineString", "coordinates": [ [ -0.108063307907958, 51.51532164586672 ], [ -0.107982815227482, 51.516591643605011 ] ] } },
{ "type": "Feature", "properties": { "u": 177, "v": 208, "weight": 141.42135623726062 }, "geometry": { "type": "LineString", "coordinates": [ [ -0.107982815227482, 51.516591643605011 ], [ -0.10594727875923, 51.516541403771143 ] ] } },
{ "type": "Feature", "properties": { "u": 177, "v": 178, "weight": 141.42135623749346 }, "geometry": { "type": "LineString", "coordinates": [ [ -0.107982815227482, 51.516591643605011 ], [ -0.107902316651434, 51.517861640976747 ] ] } },
{ "type": "Feature", "properties": { "u": 178, "v": 209, "weight": 141.42135623726062 }, "geometry": { "type": "LineString", "coordinates": [ [ -0.107902316651434, 51.517861640976747 ], [ -0.105866723717344, 51.517811398871302 ] ] } },
{ "type": "Feature", "properties": { "u": 178, "v": 179, "weight": 141.42135623749346 }, "geometry": { "type": "LineString", "coordinates": [ [ -0.107902316651434, 51.517861640976747 ], [ -0.107821812179245, 51.519131637981886 ] ] } },
{ "type": "Feature", "properties": { "u": 179, "v": 210, "weight": 141.42135623726062 }, "geometry": { "type": "LineString", "coordinates": [ [ -0.107821812179245, 51.519131637981886 ], [ -0.105786162775196, 51.519081393604758 ] ] } },
{ "type": "Feature", "properties": { "u": 180, "v": 211, "weight": 141.42135623726062 }, "geometry": { "type": "LineString", "coordinates": [ [ -0.108200426739216, 51.480981392110365 ], [ -0.106166475527168, 51.480931180589693 ] ] } },
{ "type": "Feature", "properties": { "u": 180, "v": 181, "weight": 141.42135623749346 }, "geometry": { "type": "LineString", "coordinates": [ [ -0.108200426739216, 51.480981392110365 ], [ -0.108120036673379, 51.482251397475693 ] ] } },
{ "type": "Feature", "properties": { "u": 181, "v": 212, "weight": 141.42135623726062 }, "geometry": { "type": "LineString", "coordinates": [ [ -0.108120036673379, 51.482251397475693 ], [ -0.106086029111253, 51.48220118368539 ] ] } },
{ "type": "Feature", "properties": { "u": 181, "v": 182, "weight": 141.42135623656213 }, "geometry": { "type": "LineString", "coordinates": [ [ -0.108120036673379, 51.482251397475693 ], [ -0.108039640723221, 51.483521402474494 ] ] } },
{ "type": "Feature", "properties": { "u": 182, "v": 213, "weight": 141.42135623726062 }, "geometry": { "type": "LineString", "coordinates": [ [ -0.108039640723221, 51.483521402474494 ], [ -0.10600557680691, 51.483471186414427 ] ] } },
{ "type": "Feature", "properties": { "u": 182, "v": 183, "weight": 141.42135623749346 }, "geometry": { "type": "LineString", "coordinates": [ [ -0.108039640723221, 51.483521402474494 ], [ -0.107959238888173, 51.484791407106776 ] ] } },
{ "type": "Feature", "properties": { "u": 183, "v": 214, "weight": 141.42135623726062 }, "geometry": { "type": "LineString", "coordinates": [ [ -0.107959238888173, 51.484791407106776 ], [ -0.105925118613567, 51.48474118877683 ] ] } },
{ "type": "Feature", "properties": { "u": 183, "v": 184, "weight": 141.42135623749346 }, "geometry": { "type": "LineString", "coordinates": [ [ -0.107959238888173, 51.484791407106776 ], [ -0.107878831167669, 51.486061411372503 ] ] } },
{ "type": "Feature", "properties": { "u": 184, "v": 215, "weight": 141.42135623726062 }, "geometry": { "type": "LineString", "coordinates": [ [ -0.107878831167669, 51.486061411372503 ], [ -0.105844654530659, 51.48601119077253 ] ] } },
{ "type": "Feature", "properties": { "u": 184, "v": 185, "weight": 141.42135623749346 }, "geometry": { "type": "LineString", "coordinates": [ [ -0.107878831167669, 51.486061411372503 ], [ -0.107798417561138, 51.487331415271683 ] ] } },
{ "type": "Feature", "properties": { "u": 185, "v": 216, "weight": 141.42135623726062 }, "geometry": { "type": "LineString", "coordinates": [ [ -0.107798417561138, 51.487331415271683 ], [ -0.105764184557615, 51.487281192401582 ] ] } },
{ "type": "Feature", "properties": { "u": 185, "v": 186, "weight": 141.42135623749346 }, "geometry": { "type": "LineString", "coordinates": [ [ -0.107798417561138, 51.487331415271683 ], [ -0.107717998068014, 51.488601418804308 ] ] } },
{ "type": "Feature", "properties": { "u": 186, "v": 217, "weight": 141.42135623726062 }, "geometry": { "type": "LineString", "coordinates": [ [ -0.107717998068014, 51.488601418804308 ], [ -0.105683708693866, 51.488551193663945 ] ] } },
{ "type": "Feature", "properties": { "u": 186, "v": 187, "weight": 141.42135623656213 }, "geometry": { "type": "LineString", "coordinates": [ [ -0.107717998068014, 51.488601418804308 ], [ -0.107637572687727, 51.489871421970363 ] ] } },
{ "type": "Feature", "properties": { "u": 187, "v": 218, "weight": 141.42135623726062 }, "geometry": { "type": "LineString", "coordinates": [ [ -0.107637572687727, 51.489871421970363 ], [ -0.105603226938845, 51.48982119455961 ] ] } },
{ "type": "Feature", "properties": { "u": 187, "v": 188, "weight": 141.42135623749346 }, "geometry": { "type": "LineString", "coordinates": [ [ -0.107637572687727, 51.489871421970363 ], [ -0.107557141419708, 51.491141424769857 ] ] } },
{ "type": "Feature", "properties": { "u": 188, "v": 219, "weight": 141.42135623726062 }, "geometry": { "type": "LineString", "coordinates": [ [ -0.107557141419708, 51.491141424769857 ], [ -0.10552273929198, 51.491091195088586 ] ] } },
{ "type": "Feature", "properties": { "u": 188, "v": 189, "weight": 141.42135623749346 }, "geometry": { "type": "LineString", "coordinates": [ [ -0.107557141419708, 51.491141424769857 ], [ -0.10747670426339, 51.492411427202775 ] ] } },
{ "type": "Feature", "properties": { "u": 189, "v": 220, "weight": 141.42135623726062 }, "geometry": { "type": "LineString", "coordinates": [ [ -0.10747670426339, 51.492411427202775 ], [ -0.105442245752704, 51.492361195250865 ] ] } },
{ "type": "Feature", "properties": { "u": 189, "v": 190, "weight": 141.42135623749346 }, "geometry": { "type": "LineString", "coordinates": [ [ -0.10747670426339, 51.492411427202775 ], [ -0.107396261218201, 51.493681429269117 ] ] } },
{ "type": "Feature", "properties": { "u": 190, "v": 221, "weight": 141.42135623726062 }, "geometry": { "type": "LineString", "coordinates": [ [ -0.107396261218201, 51.493681429269117 ], [ -0.105361746320447, 51.493631195046447 ] ] } },
{ "type": "Feature", "properties": { "u": 190, "v": 191, "weight": 141.42135623749346 }, "geometry": { "type": "LineString", "coordinates": [ [ -0.107396261218201, 51.493681429269117 ], [ -0.107315812283574, 51.494951430968889 ] ] } },
{ "type": "Feature", "properties": { "u": 191, "v": 222, "weight": 141.42135623726062 }, "geometry": { "type": "LineString", "coordinates": [ [ -0.107315812283574, 51.494951430968889 ], [ -0.105281240994639, 51.494901194475318 ] ] } },
{ "type": "Feature", "properties": { "u": 191, "v": 192, "weight": 141.42135623656213 }, "geometry": { "type": "LineString", "coordinates": [ [ -0.107315812283574, 51.494951430968889 ], [ -0.107235357458941, 51.496221432302029 ] ] } },
{ "type": "Feature", "properties": { "u": 192, "v": 223, "weight": 141.42135623726062 }, "geometry": { "type": "LineString", "coordinates": [ [ -0.107235357458941, 51.496221432302029 ], [ -0.105200729774712, 51.496171193537457 ] ] } },
{ "type": "Feature", "properties": { "u": 192, "v": 193, "weight": 141.42135623749346 }, "geometry": { "type": "LineString", "coordinates": [ [ -0.107235357458941, 51.496221432302029 ], [ -0.107154896743731, 51.497491433268607 ] ] } },
{ "type": "Feature", "properties": { "u": 193, "v": 224, "weight": 141.42135623726062 }, "geometry": { "type": "LineString", "coordinates": [ [ -0.107154896743731, 51.497491433268607 ], [ -0.105120212660096, 51.497441192232877 ] ] } },
{ "type": "Feature", "properties": { "u": 193, "v": 194, "weight": 141.42135623749346 }, "geometry": { "type": "LineString", "coordinates": [ [ -0.107154896743731, 51.497491433268607 ], [ -0.107074430137376, 51.498761433868566 ] ] } },
{ "type": "Feature", "properties": { "u": 194, "v": 225, "weight": 141.42135623726062 }, "geometry": { "type": "LineString", "coordinates": [ [ -0.107074430137376, 51.498761433868566 ], [ -0.10503968965022, 51.498711190561586 ] ] } },
{ "type": "Feature", "properties": { "u": 194, "v": 195, "weight": 141.42135623749346 }, "geometry": { "type": "LineString", "coordinates": [ [ -0.107074430137376, 51.498761433868566 ], [ -0.106993957639306, 51.500031434101921 ] ] } },
{ "type": "Feature", "properties": { "u": 195, "v": 226, "weight": 141.42135623726062 }, "geometry": { "type": "LineString", "coordinates": [ [ -0.106993957639306, 51.500031434101921 ], [ -0.104959160744516, 51.499981188523549 ] ] } },
{ "type": "Feature", "properties": { "u": 195, "v": 196, "weight": 141.42135623749346 }, "geometry": { "type": "LineString", "coordinates": [ [ -0.106993957639306, 51.500031434101921 ], [ -0.106913479248953, 51.501301433968649 ] ] } },
{ "type": "Feature", "properties": { "u": 196, "v": 227, "weight": 141.42135623726062 }, "geometry": { "type": "LineString", "coordinates": [ [ -0.106913479248953, 51.501301433968649 ], [ -0.104878625942414, 51.501251186118758 ] ] } },
{ "type": "Feature", "properties": { "u": 196, "v": 197, "weight": 141.42135623656213 }, "geometry": { "type": "LineString", "coordinates": [ [ -0.106913479248953, 51.501301433968649 ], [ -0.106832994965745, 51.502571433468759 ] ] } },
{ "type": "Feature", "properties": { "u": 197, "v": 228, "weight": 141.42135623726062 }, "geometry": { "type": "LineString", "coordinates": [ [ -0.106832994965745, 51.502571433468759 ], [ -0.104798085243346, 51.502521183347213 ] ] } },
{ "type": "Feature", "properties": { "u": 197, "v": 198, "weight": 141.42135623749346 }, "geometry": { "type": "LineString", "coordinates": [ [ -0.106832994965745, 51.502571433468759 ], [ -0.106752504789115, 51.50384143260225 ] ] } },
{ "type": "Feature", "properties": { "u": 198, "v": 229, "weight": 141.42135623726062 }, "geometry": { "type": "LineString", "coordinates": [ [ -0.106752504789115, 51.50384143260225 ], [ -0.104717538646738, 51.503791180208935 ] ] } },
{ "type": "Feature", "properties": { "u": 198, "v": 199, "weight": 141.42135623749346 }, "geometry": { "type": "LineString", "coordinates": [ [ -0.106752504789115, 51.50384143260225 ], [ -0.106672008718493, 51.505111431369095 ] ] } },
{ "type": "Feature", "properties": { "u": 199, "v": 230, "weight": 141.42135623726062 }, "geometry": { "type": "LineString", "coordinates": [ [ -0.106672008718493, 51.505111431369095 ], [ -0.104636986152022, 51.505061176703897 ] ] } },
{ "type": "Feature", "properties": { "u": 199, "v": 200, "weight": 141.42135623749346 }, "geometry": { "type": "LineString", "coordinates": [ [ -0.106672008718493, 51.505111431369095 ], [ -0.106591506753309, 51.506381429769291 ] ] } },
{ "type": "Feature", "properties": { "u": 200, "v": 231, "weight": 141.42135623726062 }, "geometry": { "type": "LineString", "coordinates": [ [ -0.106591506753309, 51.506381429769291 ], [ -0.104556427758631, 51.506331172832084 ] ] } },
{ "type": "Feature", "properties": { "u": 200, "v": 201, "weight": 141.42135623749346 }, "geometry": { "type": "LineString", "coordinates": [ [ -0.106591506753309, 51.506381429769291 ], [ -0.106510998892993, 51.507651427802863 ] ] } },
{ "type": "Feature", "properties": { "u": 201, "v": 232, "weight": 141.42135623726062 }, "geometry": { "type": "LineString", "coordinates": [ [ -0.106510998892993, 51.507651427802863 ], [ -0.104475863465989, 51.507601168593503 ] ] } },
{ "type": "Feature", "properties": { "u": 201, "v": 202, "weight": 141.42135623656213 }, "geometry": { "type": "LineString", "coordinates": [ [ -0.106510998892993, 51.507651427802863 ], [ -0.106430485136977, 51.508921425469765 ] ] } },
{ "type": "Feature", "properties": { "u": 202, "v": 233, "weight": 141.42135623726062 }, "geometry": { "type": "LineString", "coordinates": [ [ -0.106430485136977, 51.508921425469765 ], [ -0.104395293273531, 51.508871163988125 ] ] } },
{ "type": "Feature", "properties": { "u": 202, "v": 203, "weight": 141.42135623749346 }, "geometry": { "type": "LineString", "coordinates": [ [ -0.106430485136977, 51.508921425469765 ], [ -0.106349965484688, 51.510191422770014 ] ] } },
{ "type": "Feature", "properties": { "u": 203, "v": 234, "weight": 141.42135623726062 }, "geometry": { "type": "LineString", "coordinates": [ [ -0.106349965484688, 51.510191422770014 ], [ -0.104314717180686, 51.51014115901598 ] ] } },
{ "type": "Feature", "properties": { "u": 203, "v": 204, "weight": 141.42135623749346 }, "geometry": { "type": "LineString", "coordinates": [ [ -0.106349965484688, 51.510191422770014 ], [ -0.106269439935559, 51.511461419703593 ] ] } },
{ "type": "Feature", "properties": { "u": 204, "v": 235, "weight": 141.42135623726062 }, "geometry": { "type": "LineString", "coordinates": [ [ -0.106269439935559, 51.511461419703593 ], [ -0.104234135186881, 51.511411153677038 ] ] } },
{ "type": "Feature", "properties": { "u": 204, "v": 205, "weight": 141.42135623749346 }, "geometry": { "type": "LineString", "coordinates": [ [ -0.106269439935559, 51.511461419703593 ], [ -0.106188908489018, 51.512731416270512 ] ] } },
{ "type": "Feature", "properties": { "u": 205, "v": 236, "weight": 141.42135623726062 }, "geometry": { "type": "LineString", "coordinates": [ [ -0.106188908489018, 51.512731416270512 ], [ -0.104153547291547, 51.5126811479713 ] ] } },
{ "type": "Feature", "properties": { "u": 205, "v": 206, "weight": 141.42135623749346 }, "geometry": { "type": "LineString", "coordinates": [ [ -0.106188908489018, 51.512731416270512 ], [ -0.106108371144497, 51.514001412470748 ] ] } },
{ "type": "Feature", "properties": { "u": 206, "v": 237, "weight": 141.42135623726062 }, "geometry": { "type": "LineString", "coordinates": [ [ -0.106108371144497, 51.514001412470748 ], [ -0.104072953494114, 51.513951141898758 ] ] } },
{ "type": "Feature", "properties": { "u": 206, "v": 207, "weight": 141.42135623656213 }, "geometry": { "type": "LineString", "coordinates": [ [ -0.106108371144497, 51.514001412470748 ], [ -0.106027827901425, 51.515271408304287 ] ] } },
{ "type": "Feature", "properties": { "u": 207, "v": 238, "weight": 141.42135623726062 }, "geometry": { "type": "LineString", "coordinates": [ [ -0.106027827901425, 51.515271408304287 ], [ -0.103992353794012, 51.515221135459399 ] ] } },
{ "type": "Feature", "properties": { "u": 207, "v": 208, "weight": 141.42135623749346 }, "geometry": { "type": "LineString", "coordinates": [ [ -0.106027827901425, 51.515271408304287 ], [ -0.10594727875923, 51.516541403771143 ] ] } },
{ "type": "Feature", "properties": { "u": 208, "v": 239, "weight": 141.42135623726062 }, "geometry": { "type": "LineString", "coordinates": [ [ -0.10594727875923, 51.516541403771143 ], [ -0.103911748190669, 51.516491128653236 ] ] } },
{ "type": "Feature", "properties": { "u": 208, "v": 209, "weight": 141.42135623749346 }, "geometry": { "type": "LineString", "coordinates": [ [ -0.10594727875923, 51.516541403771143 ], [ -0.105866723717344, 51.517811398871302 ] ] } },
{ "type": "Feature", "properties": { "u": 209, "v": 240, "weight": 141.42135623726062 }, "geometry": { "type": "LineString", "coordinates": [ [ -0.105866723717344, 51.517811398871302 ], [ -0.103831136683516, 51.517761121480241 ] ] } },
{ "type": "Feature", "properties": { "u": 209, "v": 210, "weight": 141.42135623749346 }, "geometry": { "type": "LineString", "coordinates": [ [ -0.105866723717344, 51.517811398871302 ], [ -0.105786162775196, 51.519081393604758 ] ] } },
{ "type": "Feature", "properties": { "u": 210, "v": 241, "weight": 141.42135623726062 }, "geometry": { "type": "LineString", "coordinates": [ [ -0.105786162775196, 51.519081393604758 ], [ -0.10375051927198, 51.519031113940414 ] ] } },
{ "type": "Feature", "properties": { "u": 211, "v": 242, "weight": 141.42135623737704 }, "geometry": { "type": "LineString", "coordinates": [ [ -0.106166475527168, 51.480931180589693 ], [ -0.104132530202979, 51.48088093382971 ] ] } },
{ "type": "Feature", "properties": { "u": 211, "v": 212, "weight": 141.42135623749346 }, "geometry": { "type": "LineString", "coordinates": [ [ -0.106166475527168, 51.480931180589693 ], [ -0.106086029111253, 51.48220118368539 ] ] } },
{ "type": "Feature", "properties": { "u": 212, "v": 243, "weight": 141.42135623737704 }, "geometry": { "type": "LineString", "coordinates": [ [ -0.106086029111253, 51.48220118368539 ], [ -0.104052027437555, 51.4821509346542 ] ] } },
{ "type": "Feature", "properties": { "u": 212, "v": 213, "weight": 141.42135623656213 }, "geometry": { "type": "LineString", "coordinates": [ [ -0.106086029111253, 51.48220118368539 ], [ -0.10600557680691, 51.483471186414427 ] ] } },
{ "type": "Feature", "properties": { "u": 213, "v": 244, "weight": 141.42135623737704 }, "geometry": { "type": "LineString", "coordinates": [ [ -0.10600557680691, 51.483471186414427 ], [ -0.103971518779595, 51.483420935111887 ] ] } },
{ "type": "Feature", "properties": { "u": 213, "v": 214, "weight": 141.42135623749346 }, "geometry": { "type": "LineString", "coordinates": [ [ -0.10600557680691, 51.483471186414427 ], [ -0.105925118613567, 51.48474118877683 ] ] } },
{ "type": "Feature", "properties": { "u": 214, "v": 245, "weight": 141.42135623737704 }, "geometry": { "type": "LineString", "coordinates": [ [ -0.105925118613567, 51.48474118877683 ], [ -0.103891004228526, 51.484690935202806 ] ] } },
{ "type": "Feature", "properties": { "u": 214, "v": 215, "weight": 141.42135623749346 }, "geometry": { "type": "LineString", "coordinates": [ [ -0.105925118613567, 51.48474118877683 ], [ -0.105844654530659, 51.48601119077253 ] ] } },
{ "type": "Feature", "properties": { "u": 215, "v": 246, "weight": 141.42135623737704 }, "geometry": { "type": "LineString", "coordinates": [ [ -0.105844654530659, 51.48601119077253 ], [ -0.103810483783783, 51.485960934926922 ] ] } },
{ "type": "Feature", "properties": { "u": 215, "v": 216, "weight": 141.42135623749346 }, "geometry": { "type": "LineString", "coordinates": [ [ -0.105844654530659, 51.48601119077253 ], [ -0.105764184557615, 51.487281192401582 ] ] } },
{ "type": "Feature", "properties": { "u": 216, "v": 247, "weight": 141.42135623737704 }, "geometry": { "type": "LineString", "coordinates": [ [ -0.105764184557615, 51.487281192401582 ], [ -0.103729957444794, 51.487230934284227 ] ] } },
{ "type": "Feature", "properties": { "u": 216, "v": 217, "weight": 141.42135623749346 }, "geometry": { "type": "LineString", "coordinates": [ [ -0.105764184557615, 51.487281192401582 ], [ -0.105683708693866, 51.488551193663945 ] ] } },
{ "type": "Feature", "properties": { "u": 217, "v": 248, "weight": 141.42135623737704 }, "geometry": { "type": "LineString", "coordinates": [ [ -0.105683708693866, 51.488551193663945 ], [ -0.10364942521099, 51.488500933274743 ] ] } },
{ "type": "Feature", "properties": { "u": 217, "v": 218, "weight": 141.42135623656213 }, "geometry": { "type": "LineString", "coordinates": [ [ -0.105683708693866, 51.488551193663945 ], [ -0.105603226938845, 51.48982119455961 ] ] } },
{ "type": "Feature", "properties": { "u": 218, "v": 249, "weight": 141.42135623737704 }, "geometry": { "type": "LineString", "coordinates": [ [ -0.105603226938845, 51.48982119455961 ], [ -0.103568887081802, 51.489770931898441 ] ] } },
{ "type": "Feature", "properties": { "u": 218, "v": 219, "weight": 141.42135623749346 }, "geometry": { "type": "LineString", "coordinates": [ [ -0.105603226938845, 51.48982119455961 ], [ -0.10552273929198, 51.491091195088586 ] ] } },
{ "type": "Feature", "properties": { "u": 219, "v": 250, "weight": 141.42135623737704 }, "geometry": { "type": "LineString", "coordinates": [ [ -0.10552273929198, 51.491091195088586 ], [ -0.103488343056661, 51.491040930155314 ] ] } },
{ "type": "Feature", "properties": { "u": 219, "v": 220, "weight": 141.42135623749346 }, "geometry": { "type": "LineString", "coordinates": [ [ -0.10552273929198, 51.491091195088586 ], [ -0.105442245752704, 51.492361195250865 ] ] } },
{ "type": "Feature", "properties": { "u": 220, "v": 251, "weight": 141.42135623737704 }, "geometry": { "type": "LineString", "coordinates": [ [ -0.105442245752704, 51.492361195250865 ], [ -0.103407793134998, 51.492310928045363 ] ] } },
{ "type": "Feature", "properties": { "u": 220, "v": 221, "weight": 141.42135623749346 }, "geometry": { "type": "LineString", "coordinates": [ [ -0.105442245752704, 51.492361195250865 ], [ -0.105361746320447, 51.493631195046447 ] ] } },
{ "type": "Feature", "properties": { "u": 221, "v": 252, "weight": 141.42135623737704 }, "geometry": { "type": "LineString", "coordinates": [ [ -0.105361746320447, 51.493631195046447 ], [ -0.10332723731624, 51.493580925568601 ] ] } },
{ "type": "Feature", "properties": { "u": 221, "v": 222, "weight": 141.42135623749346 }, "geometry": { "type": "LineString", "coordinates": [ [ -0.105361746320447, 51.493631195046447 ], [ -0.105281240994639, 51.494901194475318 ] ] } },
{ "type": "Feature", "properties": { "u": 222, "v": 253, "weight": 141.42135623737704 }, "geometry": { "type": "LineString", "coordinates": [ [ -0.105281240994639, 51.494901194475318 ], [ -0.103246675599821, 51.494850922724979 ] ] } },
{ "type": "Feature", "properties": { "u": 222, "v": 223, "weight": 141.42135623656213 }, "geometry": { "type": "LineString", "coordinates": [ [ -0.105281240994639, 51.494901194475318 ], [ -0.105200729774712, 51.496171193537457 ] ] } },
{ "type": "Feature", "properties": { "u": 223, "v": 254, "weight": 141.42135623737704 }, "geometry": { "type": "LineString", "coordinates": [ [ -0.105200729774712, 51.496171193537457 ], [ -0.103166107985169, 51.49612091951451 ] ] } },
{ "type": "Feature", "properties": { "u": 223, "v": 224, "weight": 141.42135623749346 }, "geometry": { "type": "LineString", "coordinates": [ [ -0.105200729774712, 51.496171193537457 ], [ -0.105120212660096, 51.497441192232877 ] ] } },
{ "type": "Feature", "properties": { "u": 224, "v": 255, "weight": 141.42135623737704 }, "geometry": { "type": "LineString", "coordinates": [ [ -0.105120212660096, 51.497441192232877 ], [ -0.103085534471716, 51.49739091593721 ] ] } },
{ "type": "Feature", "properties": { "u": 224, "v": 225, "weight": 141.42135623749346 }, "geometry": { "type": "LineString", "coordinates": [ [ -0.105120212660096, 51.497441192232877 ], [ -0.10503968965022, 51.498711190561586 ] ] } },
{ "type": "Feature", "properties": { "u": 225, "v": 256, "weight": 141.42135623737704 }, "geometry": { "type": "LineString", "coordinates": [ [ -0.10503968965022, 51.498711190561586 ], [ -0.10300495505889, 51.498660911993063 ] ] } },
{ "type": "Feature", "properties": { "u": 225, "v": 226, "weight": 141.42135623749346 }, "geometry": { "type": "LineString", "coordinates": [ [ -0.10503968965022, 51.498711190561586 ], [ -0.104959160744516, 51.499981188523549 ] ] } },
{ "type": "Feature", "properties": { "u": 226, "v": 257, "weight": 141.42135623737704 }, "geometry": { "type": "LineString", "coordinates": [ [ -0.104959160744516, 51.499981188523549 ], [ -0.102924369746123, 51.499930907682028 ] ] } },
{ "type": "Feature", "properties": { "u": 226, "v": 227, "weight": 141.42135623749346 }, "geometry": { "type": "LineString", "coordinates": [ [ -0.104959160744516, 51.499981188523549 ], [ -0.104878625942414, 51.501251186118758 ] ] } },
{ "type": "Feature", "properties": { "u": 227, "v": 258, "weight": 141.42135623737704 }, "geometry": { "type": "LineString", "coordinates": [ [ -0.104878625942414, 51.501251186118758 ], [ -0.102843778532843, 51.501200903004147 ] ] } },
{ "type": "Feature", "properties": { "u": 227, "v": 228, "weight": 141.42135623656213 }, "geometry": { "type": "LineString", "coordinates": [ [ -0.104878625942414, 51.501251186118758 ], [ -0.104798085243346, 51.502521183347213 ] ] } },
{ "type": "Feature", "properties": { "u": 228, "v": 259, "weight": 141.42135623737704 }, "geometry": { "type": "LineString", "coordinates": [ [ -0.104798085243346, 51.502521183347213 ], [ -0.102763181418481, 51.50247089795937 ] ] } },
{ "type": "Feature", "properties": { "u": 228, "v": 229, "weight": 141.42135623749346 }, "geometry": { "type": "LineString", "coordinates": [ [ -0.104798085243346, 51.502521183347213 ], [ -0.104717538646738, 51.503791180208935 ] ] } },
{ "type": "Feature", "properties": { "u": 229, "v": 260, "weight": 141.42135623737704 }, "geometry": { "type": "LineString", "coordinates": [ [ -0.104717538646738, 51.503791180208935 ], [ -0.102682578402466, 51.503740892547732 ] ] } },
{ "type": "Feature", "properties": { "u": 229, "v": 230, "weight": 141.42135623749346 }, "geometry": { "type": "LineString", "coordinates": [ [ -0.104717538646738, 51.503791180208935 ], [ -0.104636986152022, 51.505061176703897 ] ] } },
{ "type": "Feature", "properties": { "u": 230, "v": 261, "weight": 141.42135623737704 }, "geometry": { "type": "LineString", "coordinates": [ [ -0.104636986152022, 51.505061176703897 ], [ -0.102601969484229, 51.505010886769199 ] ] } },
{ "type": "Feature", "properties": { "u": 230, "v": 231, "weight": 141.42135623749346 }, "geometry": { "type": "LineString", "coordinates": [ [ -0.104636986152022, 51.505061176703897 ], [ -0.104556427758631, 51.506331172832084 ] ] } },
{ "type": "Feature", "properties": { "u": 231, "v": 262, "weight": 141.42135623737704 }, "geometry": { "type": "LineString", "coordinates": [ [ -0.104556427758631, 51.506331172832084 ], [ -0.102521354663197, 51.506280880623777 ] ] } },
{ "type": "Feature", "properties": { "u": 231, "v": 232, "weight": 141.42135623749346 }, "geometry": { "type": "LineString", "coordinates": [ [ -0.104556427758631, 51.506331172832084 ], [ -0.104475863465989, 51.507601168593503 ] ] } },
{ "type": "Feature", "properties": { "u": 232, "v": 263, "weight": 141.42135623737704 }, "geometry": { "type": "LineString", "coordinates": [ [ -0.104475863465989, 51.507601168593503 ], [ -0.102440733938802, 51.507550874111452 ] ] } },
{ "type": "Feature", "properties": { "u": 232, "v": 233, "weight": 141.42135623656213 }, "geometry": { "type": "LineString", "coordinates": [ [ -0.104475863465989, 51.507601168593503 ], [ -0.104395293273531, 51.508871163988125 ] ] } },
{ "type": "Feature", "properties": { "u": 233, "v": 264, "weight": 141.42135623737704 }, "geometry": { "type": "LineString", "coordinates": [ [ -0.104395293273531, 51.508871163988125 ], [ -0.102360107310474, 51.508820867232217 ] ] } },
{ "type": "Feature", "properties": { "u": 233, "v": 234, "weight": 141.42135623749346 }, "geometry": { "type": "LineString", "coordinates": [ [ -0.104395293273531, 51.508871163988125 ], [ -0.104314717180686, 51.51014115901598 ] ] } },
{ "type": "Feature", "properties": { "u": 234, "v": 265, "weight": 141.42135623737704 }, "geometry": { "type": "LineString", "coordinates": [ [ -0.104314717180686, 51.51014115901598 ], [ -0.10227947477764, 51.510090859986086 ] ] } },
{ "type": "Feature", "properties": { "u": 234, "v": 235, "weight": 141.42135623749346 }, "geometry": { "type": "LineString", "coordinates": [ [ -0.104314717180686, 51.51014115901598 ], [ -0.104234135186881, 51.511411153677038 ] ] } },
{ "type": "Feature", "properties": { "u": 235, "v": 266, "weight": 141.42135623737704 }, "geometry": { "type": "LineString", "coordinates": [ [ -0.104234135186881, 51.511411153677038 ], [ -0.10219883633973, 51.511360852373045 ] ] } },
{ "type": "Feature", "properties": { "u": 235, "v": 236, "weight": 141.42135623749346 }, "geometry": { "type": "LineString", "coordinates": [ [ -0.104234135186881, 51.511411153677038 ], [ -0.104153547291547, 51.5126811479713 ] ] } },
{ "type": "Feature", "properties": { "u": 236, "v": 267, "weight": 141.42135623737704 }, "geometry": { "type": "LineString", "coordinates": [ [ -0.104153547291547, 51.5126811479713 ], [ -0.102118191996174, 51.512630844393058 ] ] } },
{ "type": "Feature", "properties": { "u": 236, "v": 237, "weight": 141.42135623749346 }, "geometry": { "type": "LineString", "coordinates": [ [ -0.104153547291547, 51.5126811479713 ], [ -0.104072953494114, 51.513951141898758 ] ] } },
{ "type": "Feature", "properties": { "u": 237, "v": 268, "weight": 141.42135623737704 }, "geometry": { "type": "LineString", "coordinates": [ [ -0.104072953494114, 51.513951141898758 ], [ -0.1020375417464, 51.513900836046162 ] ] } },
{ "type": "Feature", "properties": { "u": 237, "v": 238, "weight": 141.42135623656213 }, "geometry": { "type": "LineString", "coordinates": [ [ -0.104072953494114, 51.513951141898758 ], [ -0.103992353794012, 51.515221135459399 ] ] } },
{ "type": "Feature", "properties": { "u": 238, "v": 269, "weight": 141.42135623737704 }, "geometry": { "type": "LineString", "coordinates": [ [ -0.103992353794012, 51.515221135459399 ], [ -0.101956885589838, 51.515170827332298 ] ] } },
{ "type": "Feature", "properties": { "u": 238, "v": 239, "weight": 141.42135623749346 }, "geometry": { "type": "LineString", "coordinates": [ [ -0.103992353794012, 51.515221135459399 ], [ -0.103911748190669, 51.516491128653236 ] ] } },
{ "type": "Feature", "properties": { "u": 239, "v": 270, "weight": 141.42135623737704 }, "geometry": { "type": "LineString", "coordinates": [ [ -0.103911748190669, 51.516491128653236 ], [ -0.101876223525918, 51.516440818251532 ] ] } },
{ "type": "Feature", "properties": { "u": 239, "v": 240, "weight": 141.42135623749346 }, "geometry": { "type": "LineString", "coordinates": [ [ -0.103911748190669, 51.516491128653236 ], [ -0.103831136683516, 51.517761121480241 ] ] } },
{ "type": "Feature", "properties": { "u": 240, "v": 271, "weight": 141.42135623737704 }, "geometry": { "type": "LineString", "coordinates": [ [ -0.103831136683516, 51.517761121480241 ], [ -0.101795555554067, 51.517710808803791 ] ] } },
{ "type": "Feature", "properties": { "u": 240, "v": 241, "weight": 141.42135623749346 }, "geometry": { "type": "LineString", "coordinates": [ [ -0.103831136683516, 51.517761121480241 ], [ -0.10375051927198, 51.519031113940414 ] ] } },
{ "type": "Feature", "properties": { "u": 241, "v": 272, "weight": 141.42135623737704 }, "geometry": { "type": "LineString", "coordinates": [ [ -0.10375051927198, 51.519031113940414 ], [ -0.101714881673715, 51.518980798989105 ] ] } },
{ "type": "Feature", "properties": { "u": 242, "v": 273, "weight": 141.42135623726062 }, "geometry": { "type": "LineString", "coordinates": [ [ -0.104132530202979, 51.48088093382971 ], [ -0.102098590770759, 51.480830651830686 ] ] } },
{ "type": "Feature", "properties": { "u": 242, "v": 243, "weight": 141.42135623749346 }, "geometry": { "type": "LineString", "coordinates": [ [ -0.104132530202979, 51.48088093382971 ], [ -0.104052027437555, 51.4821509346542 ] ] } },
{ "type": "Feature", "properties": { "u": 243, "v": 274, "weight": 141.42135623726062 }, "geometry": { "type": "LineString", "coordinates": [ [ -0.104052027437555, 51.4821509346542 ], [ -0.102018031656396, 51.48210065038235 ] ] } },
{ "type": "Feature", "properties": { "u": 243, "v": 244, "weight": 141.42135623656213 }, "geometry": { "type": "LineString", "coordinates": [ [ -0.104052027437555, 51.4821509346542 ], [ -0.103971518779595, 51.483420935111887 ] ] } },
{ "type": "Feature", "properties": { "u": 244, "v": 275, "weight": 141.42135623726062 }, "geometry": { "type": "LineString", "coordinates": [ [ -0.103971518779595, 51.483420935111887 ], [ -0.101937466645388, 51.483370648567103 ] ] } },
{ "type": "Feature", "properties": { "u": 244, "v": 245, "weight": 141.42135623749346 }, "geometry": { "type": "LineString", "coordinates": [ [ -0.103971518779595, 51.483420935111887 ], [ -0.103891004228526, 51.484690935202806 ] ] } },
{ "type": "Feature", "properties": { "u": 245, "v": 276, "weight": 141.42135623726062 }, "geometry": { "type": "LineString", "coordinates": [ [ -0.103891004228526, 51.484690935202806 ], [ -0.101856895737163, 51.484640646384953 ] ] } },
{ "type": "Feature", "properties": { "u": 245, "v": 246, "weight": 141.42135623749346 }, "geometry": { "type": "LineString", "coordinates": [ [ -0.103891004228526, 51.484690935202806 ], [ -0.103810483783783, 51.485960934926922 ] ] } },
{ "type": "Feature", "properties": { "u": 246, "v": 277, "weight": 141.42135623726062 }, "geometry": { "type": "LineString", "coordinates": [ [ -0.103810483783783, 51.485960934926922 ], [ -0.101776318931153, 51.485910643835872 ] ] } },
{ "type": "Feature", "properties": { "u": 246, "v": 247, "weight": 141.42135623749346 }, "geometry": { "type": "LineString", "coordinates": [ [ -0.103810483783783, 51.485960934926922 ], [ -0.103729957444794, 51.487230934284227 ] ] } },
{ "type": "Feature", "properties": { "u": 247, "v": 278, "weight": 141.42135623726062 }, "geometry": { "type": "LineString", "coordinates": [ [ -0.103729957444794, 51.487230934284227 ], [ -0.101695736226789, 51.487180640919888 ] ] } },
{ "type": "Feature", "properties": { "u": 247, "v": 248, "weight": 141.42135623749346 }, "geometry": { "type": "LineString", "coordinates": [ [ -0.103729957444794, 51.487230934284227 ], [ -0.10364942521099, 51.488500933274743 ] ] } },
{ "type": "Feature", "properties": { "u": 248, "v": 279, "weight": 141.42135623726062 }, "geometry": { "type": "LineString", "coordinates": [ [ -0.10364942521099, 51.488500933274743 ], [ -0.101615147623499, 51.488450637636959 ] ] } },
{ "type": "Feature", "properties": { "u": 248, "v": 249, "weight": 141.42135623656213 }, "geometry": { "type": "LineString", "coordinates": [ [ -0.10364942521099, 51.488500933274743 ], [ -0.103568887081802, 51.489770931898441 ] ] } },
{ "type": "Feature", "properties": { "u": 249, "v": 280, "weight": 141.42135623726062 }, "geometry": { "type": "LineString", "coordinates": [ [ -0.103568887081802, 51.489770931898441 ], [ -0.101534553120715, 51.489720633987083 ] ] } },
{ "type": "Feature", "properties": { "u": 249, "v": 250, "weight": 141.42135623749346 }, "geometry": { "type": "LineString", "coordinates": [ [ -0.103568887081802, 51.489770931898441 ], [ -0.103488343056661, 51.491040930155314 ] ] } },
{ "type": "Feature", "properties": { "u": 250, "v": 281, "weight": 141.42135623726062 }, "geometry": { "type": "LineString", "coordinates": [ [ -0.103488343056661, 51.491040930155314 ], [ -0.101453952717867, 51.490990629970277 ] ] } },
{ "type": "Feature", "properties": { "u": 250, "v": 251, "weight": 141.42135623749346 }, "geometry": { "type": "LineString", "coordinates": [ [ -0.103488343056661, 51.491040930155314 ], [ -0.103407793134998, 51.492310928045363 ] ] } },
{ "type": "Feature", "properties": { "u": 251, "v": 282, "weight": 141.42135623726062 }, "geometry": { "type": "LineString", "coordinates": [ [ -0.103407793134998, 51.492310928045363 ], [ -0.101373346414386, 51.492260625586503 ] ] } },
{ "type": "Feature", "properties": { "u": 251, "v": 252, "weight": 141.42135623749346 }, "geometry": { "type": "LineString", "coordinates": [ [ -0.103407793134998, 51.492310928045363 ], [ -0.10332723731624, 51.493580925568601 ] ] } },
{ "type": "Feature", "properties": { "u": 252, "v": 283, "weight": 141.42135623726062 }, "geometry": { "type": "LineString", "coordinates": [ [ -0.10332723731624, 51.493580925568601 ], [ -0.101292734209698, 51.493530620835799 ] ] } },
{ "type": "Feature", "properties": { "u": 252, "v": 253, "weight": 141.42135623749346 }, "geometry": { "type": "LineString", "coordinates": [ [ -0.10332723731624, 51.493580925568601 ], [ -0.103246675599821, 51.494850922724979 ] ] } },
{ "type": "Feature", "properties": { "u": 253, "v": 284, "weight": 141.42135623726062 }, "geometry": { "type": "LineString", "coordinates": [ [ -0.103246675599821, 51.494850922724979 ], [ -0.101212116103237, 51.494800615718113 ] ] } },
{ "type": "Feature", "properties": { "u": 253, "v": 254, "weight": 141.42135623656213 }, "geometry": { "type": "LineString", "coordinates": [ [ -0.103246675599821, 51.494850922724979 ], [ -0.103166107985169, 51.49612091951451 ] ] } },
{ "type": "Feature", "properties": { "u": 254, "v": 285, "weight": 141.42135623726062 }, "geometry": { "type": "LineString", "coordinates": [ [ -0.103166107985169, 51.49612091951451 ], [ -0.101131492094432, 51.496070610233453 ] ] } },
{ "type": "Feature", "properties": { "u": 254, "v": 255, "weight": 141.42135623749346 }, "geometry": { "type": "LineString", "coordinates": [ [ -0.103166107985169, 51.49612091951451 ], [ -0.103085534471716, 51.49739091593721 ] ] } },
{ "type": "Feature", "properties": { "u": 255, "v": 286, "weight": 141.42135623726062 }, "geometry": { "type": "LineString", "coordinates": [ [ -0.103085534471716, 51.49739091593721 ], [ -0.101050862182711, 51.49734060438184 ] ] } },
{ "type": "Feature", "properties": { "u": 255, "v": 256, "weight": 141.42135623749346 }, "geometry": { "type": "LineString", "coordinates": [ [ -0.103085534471716, 51.49739091593721 ], [ -0.10300495505889, 51.498660911993063 ] ] } },
{ "type": "Feature", "properties": { "u": 256, "v": 287, "weight": 141.42135623726062 }, "geometry": { "type": "LineString", "coordinates": [ [ -0.10300495505889, 51.498660911993063 ], [ -0.100970226367505, 51.498610598163232 ] ] } },
{ "type": "Feature", "properties": { "u": 256, "v": 257, "weight": 141.42135623749346 }, "geometry": { "type": "LineString", "coordinates": [ [ -0.10300495505889, 51.498660911993063 ], [ -0.102924369746123, 51.499930907682028 ] ] } },
{ "type": "Feature", "properties": { "u": 257, "v": 288, "weight": 141.42135623726062 }, "geometry": { "type": "LineString", "coordinates": [ [ -0.102924369746123, 51.499930907682028 ], [ -0.100889584648243, 51.499880591577636 ] ] } },
{ "type": "Feature", "properties": { "u": 257, "v": 258, "weight": 141.42135623749346 }, "geometry": { "type": "LineString", "coordinates": [ [ -0.102924369746123, 51.499930907682028 ], [ -0.102843778532843, 51.501200903004147 ] ] } },
{ "type": "Feature", "properties": { "u": 258, "v": 289, "weight": 141.42135623726062 }, "geometry": { "type": "LineString", "coordinates": [ [ -0.102843778532843, 51.501200903004147 ], [ -0.100808937024355, 51.501150584625044 ] ] } },
{ "type": "Feature", "properties": { "u": 258, "v": 259, "weight": 141.42135623656213 }, "geometry": { "type": "LineString", "coordinates": [ [ -0.102843778532843, 51.501200903004147 ], [ -0.102763181418481, 51.50247089795937 ] ] } },
{ "type": "Feature", "properties": { "u": 259, "v": 290, "weight": 141.42135623726062 }, "geometry": { "type": "LineString", "coordinates": [ [ -0.102763181418481, 51.50247089795937 ], [ -0.100728283495271, 51.502420577305465 ] ] } },
{ "type": "Feature", "properties": { "u": 259, "v": 260, "weight": 141.42135623749346 }, "geometry": { "type": "LineString", "coordinates": [ [ -0.102763181418481, 51.50247089795937 ], [ -0.102682578402466, 51.503740892547732 ] ] } },
{ "type": "Feature", "properties": { "u": 260, "v": 291, "weight": 141.42135623726062 }, "geometry": { "type": "LineString", "coordinates": [ [ -0.102682578402466, 51.503740892547732 ], [ -0.100647624060419, 51.503690569618868 ] ] } },
{ "type": "Feature", "properties": { "u": 260, "v": 261, "weight": 141.42135623749346 }, "geometry": { "type": "LineString", "coordinates": [ [ -0.102682578402466, 51.503740892547732 ], [ -0.102601969484229, 51.505010886769199 ] ] } },
{ "type": "Feature", "properties": { "u": 261, "v": 292, "weight": 141.42135623726062 }, "geometry": { "type": "LineString", "coordinates": [ [ -0.102601969484229, 51.505010886769199 ], [ -0.100566958719229, 51.504960561565262 ] ] } },
{ "type": "Feature", "properties": { "u": 261, "v": 262, "weight": 141.42135623749346 }, "geometry": { "type": "LineString", "coordinates": [ [ -0.102601969484229, 51.505010886769199 ], [ -0.102521354663197, 51.506280880623777 ] ] } },
{ "type": "Feature", "properties": { "u": 262, "v": 293, "weight": 141.42135623726062 }, "geometry": { "type": "LineString", "coordinates": [ [ -0.102521354663197, 51.506280880623777 ], [ -0.100486287471131, 51.506230553144633 ] ] } },
{ "type": "Feature", "properties": { "u": 262, "v": 263, "weight": 141.42135623749346 }, "geometry": { "type": "LineString", "coordinates": [ [ -0.102521354663197, 51.506280880623777 ], [ -0.102440733938802, 51.507550874111452 ] ] } },
{ "type": "Feature", "properties": { "u": 263, "v": 294, "weight": 141.42135623726062 }, "geometry": { "type": "LineString", "coordinates": [ [ -0.102440733938802, 51.507550874111452 ], [ -0.100405610315551, 51.507500544356994 ] ] } },
{ "type": "Feature", "properties": { "u": 263, "v": 264, "weight": 141.42135623656213 }, "geometry": { "type": "LineString", "coordinates": [ [ -0.102440733938802, 51.507550874111452 ], [ -0.102360107310474, 51.508820867232217 ] ] } },
{ "type": "Feature", "properties": { "u": 264, "v": 295, "weight": 141.42135623726062 }, "geometry": { "type": "LineString", "coordinates": [ [ -0.102360107310474, 51.508820867232217 ], [ -0.100324927251922, 51.508770535202309 ] ] } },
{ "type": "Feature", "properties": { "u": 264, "v": 265, "weight": 141.42135623749346 }, "geometry": { "type": "LineString", "coordinates": [ [ -0.102360107310474, 51.508820867232217 ], [ -0.10227947477764, 51.510090859986086 ] ] } },
{ "type": "Feature", "properties": { "u": 265, "v": 296, "weight": 141.42135623726062 }, "geometry": { "type": "LineString", "coordinates": [ [ -0.10227947477764, 51.510090859986086 ], [ -0.100244238279671, 51.510040525680594 ] ] } },
{ "type": "Feature", "properties": { "u": 265, "v": 266, "weight": 141.42135623749346 }, "geometry": { "type": "LineString", "coordinates": [ [ -0.10227947477764, 51.510090859986086 ], [ -0.10219883633973, 51.511360852373045 ] ] } },
{ "type": "Feature", "properties": { "u": 266, "v": 297, "weight": 141.42135623726062 }, "geometry": { "type": "LineString", "coordinates": [ [ -0.10219883633973, 51.511360852373045 ], [ -0.100163543398227, 51.511310515791841 ] ] } },
{ "type": "Feature", "properties": { "u": 266, "v": 267, "weight": 141.42135623749346 }, "geometry": { "type": "LineString", "coordinates": [ [ -0.10219883633973, 51.511360852373045 ], [ -0.102118191996174, 51.512630844393058 ] ] } },
{ "type": "Feature", "properties": { "u": 267, "v": 298, "weight": 141.42135623726062 }, "geometry": { "type": "LineString", "coordinates": [ [ -0.102118191996174, 51.512630844393058 ], [ -0.100082842607019, 51.512580505536036 ] ] } },
{ "type": "Feature", "properties": { "u": 267, "v": 268, "weight": 141.42135623749346 }, "geometry": { "type": "LineString", "coordinates": [ [ -0.102118191996174, 51.512630844393058 ], [ -0.1020375417464, 51.513900836046162 ] ] } },
{ "type": "Feature", "properties": { "u": 268, "v": 299, "weight": 141.42135623726062 }, "geometry": { "type": "LineString", "coordinates": [ [ -0.1020375417464, 51.513900836046162 ], [ -0.100002135905476, 51.513850494913186 ] ] } },
{ "type": "Feature", "properties": { "u": 268, "v": 269, "weight": 141.42135623656213 }, "geometry": { "type": "LineString", "coordinates": [ [ -0.1020375417464, 51.513900836046162 ], [ -0.101956885589838, 51.515170827332298 ] ] } },
{ "type": "Feature", "properties": { "u": 269, "v": 300, "weight": 141.42135623726062 }, "geometry": { "type": "LineString", "coordinates": [ [ -0.101956885589838, 51.515170827332298 ], [ -0.099921423293026, 51.515120483923248 ] ] } },
{ "type": "Feature", "properties": { "u": 269, "v": 270, "weight": 141.42135623749346 }, "geometry": { "type": "LineString", "coordinates": [ [ -0.101956885589838, 51.515170827332298 ], [ -0.101876223525918, 51.516440818251532 ] ] } },
{ "type": "Feature", "properties": { "u": 270, "v": 301, "weight": 141.42135623726062 }, "geometry": { "type": "LineString", "coordinates": [ [ -0.101876223525918, 51.516440818251532 ], [ -0.099840704769099, 51.51639047256625 ] ] } },
{ "type": "Feature", "properties": { "u": 270, "v": 271, "weight": 141.42135623749346 }, "geometry": { "type": "LineString", "coordinates": [ [ -0.101876223525918, 51.516440818251532 ], [ -0.101795555554067, 51.517710808803791 ] ] } },
{ "type": "Feature", "properties": { "u": 271, "v": 302, "weight": 141.42135623726062 }, "geometry": { "type": "LineString", "coordinates": [ [ -0.101795555554067, 51.517710808803791 ], [ -0.099759980333122, 51.517660460842194 ] ] } },
{ "type": "Feature", "properties": { "u": 271, "v": 272, "weight": 141.42135623749346 }, "geometry": { "type": "LineString", "coordinates": [ [ -0.101795555554067, 51.517710808803791 ], [ -0.101714881673715, 51.518980798989105 ] ] } },
{ "type": "Feature", "properties": { "u": 272, "v": 303, "weight": 141.42135623726062 }, "geometry": { "type": "LineString", "coordinates": [ [ -0.101714881673715, 51.518980798989105 ], [ -0.099679249984524, 51.51893044875105 ] ] } },
{ "type": "Feature", "properties": { "u": 273, "v": 304, "weight": 141.42135623737704 }, "geometry": { "type": "LineString", "coordinates": [ [ -0.102098590770759, 51.480830651830686 ], [ -0.100064657234615, 51.480780334592822 ] ] } },
{ "type": "Feature", "properties": { "u": 273, "v": 274, "weight": 141.42135623749346 }, "geometry": { "type": "LineString", "coordinates": [ [ -0.102098590770759, 51.480830651830686 ], [ -0.102018031656396, 51.48210065038235 ] ] } },
{ "type": "Feature", "properties": { "u": 274, "v": 305, "weight": 141.42135623737704 }, "geometry": { "type": "LineString", "coordinates": [ [ -0.102018031656396, 51.48210065038235 ], [ -0.099984041771883, 51.482050330870088 ] ] } },
{ "type": "Feature", "properties": { "u": 274, "v": 275, "weight": 141.42135623656213 }, "geometry": { "type": "LineString", "coordinates": [ [ -0.102018031656396, 51.48210065038235 ], [ -0.101937466645388, 51.483370648567103 ] ] } },
{ "type": "Feature", "properties": { "u": 275, "v": 306, "weight": 141.42135623737704 }, "geometry": { "type": "LineString", "coordinates": [ [ -0.101937466645388, 51.483370648567103 ], [ -0.099903420408396, 51.483320326780316 ] ] } },
{ "type": "Feature", "properties": { "u": 275, "v": 276, "weight": 141.42135623749346 }, "geometry": { "type": "LineString", "coordinates": [ [ -0.101937466645388, 51.483370648567103 ], [ -0.101856895737163, 51.484640646384953 ] ] } },
{ "type": "Feature", "properties": { "u": 276, "v": 307, "weight": 141.42135623737704 }, "geometry": { "type": "LineString", "coordinates": [ [ -0.101856895737163, 51.484640646384953 ], [ -0.099822793143584, 51.484590322323527 ] ] } },
{ "type": "Feature", "properties": { "u": 276, "v": 277, "weight": 141.42135623749346 }, "geometry": { "type": "LineString", "coordinates": [ [ -0.101856895737163, 51.484640646384953 ], [ -0.101776318931153, 51.485910643835872 ] ] } },
{ "type": "Feature", "properties": { "u": 277, "v": 308, "weight": 141.42135623737704 }, "geometry": { "type": "LineString", "coordinates": [ [ -0.101776318931153, 51.485910643835872 ], [ -0.099742159976878, 51.485860317499665 ] ] } },
{ "type": "Feature", "properties": { "u": 277, "v": 278, "weight": 141.42135623749346 }, "geometry": { "type": "LineString", "coordinates": [ [ -0.101776318931153, 51.485910643835872 ], [ -0.101695736226789, 51.487180640919888 ] ] } },
{ "type": "Feature", "properties": { "u": 278, "v": 309, "weight": 141.42135623737704 }, "geometry": { "type": "LineString", "coordinates": [ [ -0.101695736226789, 51.487180640919888 ], [ -0.099661520907707, 51.487130312308778 ] ] } },
{ "type": "Feature", "properties": { "u": 278, "v": 279, "weight": 141.42135623749346 }, "geometry": { "type": "LineString", "coordinates": [ [ -0.101695736226789, 51.487180640919888 ], [ -0.101615147623499, 51.488450637636959 ] ] } },
{ "type": "Feature", "properties": { "u": 279, "v": 310, "weight": 141.42135623737704 }, "geometry": { "type": "LineString", "coordinates": [ [ -0.101615147623499, 51.488450637636959 ], [ -0.099580875935501, 51.488400306750819 ] ] } },
{ "type": "Feature", "properties": { "u": 279, "v": 280, "weight": 141.42135623656213 }, "geometry": { "type": "LineString", "coordinates": [ [ -0.101615147623499, 51.488450637636959 ], [ -0.101534553120715, 51.489720633987083 ] ] } },
{ "type": "Feature", "properties": { "u": 280, "v": 311, "weight": 141.42135623737704 }, "geometry": { "type": "LineString", "coordinates": [ [ -0.101534553120715, 51.489720633987083 ], [ -0.099500225059692, 51.489670300825786 ] ] } },
{ "type": "Feature", "properties": { "u": 280, "v": 281, "weight": 141.42135623749346 }, "geometry": { "type": "LineString", "coordinates": [ [ -0.101534553120715, 51.489720633987083 ], [ -0.101453952717867, 51.490990629970277 ] ] } },
{ "type": "Feature", "properties": { "u": 281, "v": 312, "weight": 141.42135623737704 }, "geometry": { "type": "LineString", "coordinates": [ [ -0.101453952717867, 51.490990629970277 ], [ -0.099419568279707, 51.490940294533701 ] ] } },
{ "type": "Feature", "properties": { "u": 281, "v": 282, "weight": 141.42135623749346 }, "geometry": { "type": "LineString", "coordinates": [ [ -0.101453952717867, 51.490990629970277 ], [ -0.101373346414386, 51.492260625586503 ] ] } },
{ "type": "Feature", "properties": { "u": 282, "v": 313, "weight": 141.42135623737704 }, "geometry": { "type": "LineString", "coordinates": [ [ -0.101373346414386, 51.492260625586503 ], [ -0.099338905594976, 51.492210287874535 ] ] } },
{ "type": "Feature", "properties": { "u": 282, "v": 283, "weight": 141.42135623749346 }, "geometry": { "type": "LineString", "coordinates": [ [ -0.101373346414386, 51.492260625586503 ], [ -0.101292734209698, 51.493530620835799 ] ] } },
{ "type": "Feature", "properties": { "u": 283, "v": 314, "weight": 141.42135623737704 }, "geometry": { "type": "LineString", "coordinates": [ [ -0.101292734209698, 51.493530620835799 ], [ -0.09925823700493, 51.493480280848274 ] ] } },
{ "type": "Feature", "properties": { "u": 283, "v": 284, "weight": 141.42135623749346 }, "geometry": { "type": "LineString", "coordinates": [ [ -0.101292734209698, 51.493530620835799 ], [ -0.101212116103237, 51.494800615718113 ] ] } },
{ "type": "Feature", "properties": { "u": 284, "v": 315, "weight": 141.42135623737704 }, "geometry": { "type": "LineString", "coordinates": [ [ -0.101212116103237, 51.494800615718113 ], [ -0.099177562508997, 51.494750273454947 ] ] } },
{ "type": "Feature", "properties": { "u": 284, "v": 285, "weight": 141.42135623656213 }, "geometry": { "type": "LineString", "coordinates": [ [ -0.101212116103237, 51.494800615718113 ], [ -0.101131492094432, 51.496070610233453 ] ] } },
{ "type": "Feature", "properties": { "u": 285, "v": 316, "weight": 141.42135623737704 }, "geometry": { "type": "LineString", "coordinates": [ [ -0.101131492094432, 51.496070610233453 ], [ -0.099096882106607, 51.496020265694511 ] ] } },
{ "type": "Feature", "properties": { "u": 285, "v": 286, "weight": 141.42135623749346 }, "geometry": { "type": "LineString", "coordinates": [ [ -0.101131492094432, 51.496070610233453 ], [ -0.101050862182711, 51.49734060438184 ] ] } },
{ "type": "Feature", "properties": { "u": 286, "v": 317, "weight": 141.42135623737704 }, "geometry": { "type": "LineString", "coordinates": [ [ -0.101050862182711, 51.49734060438184 ], [ -0.09901619579719, 51.497290257566981 ] ] } },
{ "type": "Feature", "properties": { "u": 286, "v": 287, "weight": 141.42135623749346 }, "geometry": { "type": "LineString", "coordinates": [ [ -0.101050862182711, 51.49734060438184 ], [ -0.100970226367505, 51.498610598163232 ] ] } },
{ "type": "Feature", "properties": { "u": 287, "v": 318, "weight": 141.42135623737704 }, "geometry": { "type": "LineString", "coordinates": [ [ -0.100970226367505, 51.498610598163232 ], [ -0.098935503580173, 51.498560249072334 ] ] } },
{ "type": "Feature", "properties": { "u": 287, "v": 288, "weight": 141.42135623749346 }, "geometry": { "type": "LineString", "coordinates": [ [ -0.100970226367505, 51.498610598163232 ], [ -0.100889584648243, 51.499880591577636 ] ] } },
{ "type": "Feature", "properties": { "u": 288, "v": 319, "weight": 141.42135623737704 }, "geometry": { "type": "LineString", "coordinates": [ [ -0.100889584648243, 51.499880591577636 ], [ -0.098854805454988, 51.499830240210592 ] ] } },
{ "type": "Feature", "properties": { "u": 288, "v": 289, "weight": 141.42135623749346 }, "geometry": { "type": "LineString", "coordinates": [ [ -0.100889584648243, 51.499880591577636 ], [ -0.100808937024355, 51.501150584625044 ] ] } },
{ "type": "Feature", "properties": { "u": 289, "v": 320, "weight": 141.42135623737704 }, "geometry": { "type": "LineString", "coordinates": [ [ -0.100808937024355, 51.501150584625044 ], [ -0.098774101421063, 51.501100230981713 ] ] } },
{ "type": "Feature", "properties": { "u": 289, "v": 290, "weight": 141.42135623656213 }, "geometry": { "type": "LineString", "coordinates": [ [ -0.100808937024355, 51.501150584625044 ], [ -0.100728283495271, 51.502420577305465 ] ] } },
{ "type": "Feature", "properties": { "u": 290, "v": 321, "weight": 141.42135623737704 }, "geometry": { "type": "LineString", "coordinates": [ [ -0.100728283495271, 51.502420577305465 ], [ -0.098693391477827, 51.502370221385704 ] ] } },
{ "type": "Feature", "properties": { "u": 290, "v": 291, "weight": 141.42135623749346 }, "geometry": { "type": "LineString", "coordinates": [ [ -0.100728283495271, 51.502420577305465 ], [ -0.100647624060419, 51.503690569618868 ] ] } },
{ "type": "Feature", "properties": { "u": 291, "v": 322, "weight": 141.42135623737704 }, "geometry": { "type": "LineString", "coordinates": [ [ -0.100647624060419, 51.503690569618868 ], [ -0.098612675624708, 51.503640211422585 ] ] } },
{ "type": "Feature", "properties": { "u": 291, "v": 292, "weight": 141.42135623749346 }, "geometry": { "type": "LineString", "coordinates": [ [ -0.100647624060419, 51.503690569618868 ], [ -0.100566958719229, 51.504960561565262 ] ] } },
{ "type": "Feature", "properties": { "u": 292, "v": 323, "weight": 141.42135623737704 }, "geometry": { "type": "LineString", "coordinates": [ [ -0.100566958719229, 51.504960561565262 ], [ -0.098531953861137, 51.504910201092315 ] ] } },
{ "type": "Feature", "properties": { "u": 292, "v": 293, "weight": 141.42135623749346 }, "geometry": { "type": "LineString", "coordinates": [ [ -0.100566958719229, 51.504960561565262 ], [ -0.100486287471131, 51.506230553144633 ] ] } },
{ "type": "Feature", "properties": { "u": 293, "v": 324, "weight": 141.42135623737704 }, "geometry": { "type": "LineString", "coordinates": [ [ -0.100486287471131, 51.506230553144633 ], [ -0.09845122618654, 51.506180190394907 ] ] } },
{ "type": "Feature", "properties": { "u": 293, "v": 294, "weight": 141.42135623749346 }, "geometry": { "type": "LineString", "coordinates": [ [ -0.100486287471131, 51.506230553144633 ], [ -0.100405610315551, 51.507500544356994 ] ] } },
{ "type": "Feature", "properties": { "u": 294, "v": 325, "weight": 141.42135623737704 }, "geometry": { "type": "LineString", "coordinates": [ [ -0.100405610315551, 51.507500544356994 ], [ -0.098370492600349, 51.507450179330348 ] ] } },
{ "type": "Feature", "properties": { "u": 294, "v": 295, "weight": 141.42135623656213 }, "geometry": { "type": "LineString", "coordinates": [ [ -0.100405610315551, 51.507500544356994 ], [ -0.100324927251922, 51.508770535202309 ] ] } },
{ "type": "Feature", "properties": { "u": 295, "v": 326, "weight": 141.42135623737704 }, "geometry": { "type": "LineString", "coordinates": [ [ -0.100324927251922, 51.508770535202309 ], [ -0.098289753101991, 51.508720167898609 ] ] } },
{ "type": "Feature", "properties": { "u": 295, "v": 296, "weight": 141.42135623749346 }, "geometry": { "type": "LineString", "coordinates": [ [ -0.100324927251922, 51.508770535202309 ], [ -0.100244238279671, 51.510040525680594 ] ] } },
{ "type": "Feature", "properties": { "u": 296, "v": 327, "weight": 141.42135623737704 }, "geometry": { "type": "LineString", "coordinates": [ [ -0.100244238279671, 51.510040525680594 ], [ -0.098209007690894, 51.509990156099732 ] ] } },
{ "type": "Feature", "properties": { "u": 296, "v": 297, "weight": 141.42135623749346 }, "geometry": { "type": "LineString", "coordinates": [ [ -0.100244238279671, 51.510040525680594 ], [ -0.100163543398227, 51.511310515791841 ] ] } },
{ "type": "Feature", "properties": { "u": 297, "v": 328, "weight": 141.42135623737704 }, "geometry": { "type": "LineString", "coordinates": [ [ -0.100163543398227, 51.511310515791841 ], [ -0.098128256366487, 51.511260143933683 ] ] } },
{ "type": "Feature", "properties": { "u": 297, "v": 298, "weight": 141.42135623749346 }, "geometry": { "type": "LineString", "coordinates": [ [ -0.100163543398227, 51.511310515791841 ], [ -0.100082842607019, 51.512580505536036 ] ] } },
{ "type": "Feature", "properties": { "u": 298, "v": 329, "weight": 141.42135623737704 }, "geometry": { "type": "LineString", "coordinates": [ [ -0.100082842607019, 51.512580505536036 ], [ -0.098047499128198, 51.512530131400467 ] ] } },
{ "type": "Feature", "properties": { "u": 298, "v": 299, "weight": 141.42135623749346 }, "geometry": { "type": "LineString", "coordinates": [ [ -0.100082842607019, 51.512580505536036 ], [ -0.100002135905476, 51.513850494913186 ] ] } },
{ "type": "Feature", "properties": { "u": 299, "v": 330, "weight": 141.42135623737704 }, "geometry": { "type": "LineString", "coordinates": [ [ -0.100002135905476, 51.513850494913186 ], [ -0.097966735975457, 51.513800118500058 ] ] } },
{ "type": "Feature", "properties": { "u": 299, "v": 300, "weight": 141.42135623656213 }, "geometry": { "type": "LineString", "coordinates": [ [ -0.100002135905476, 51.513850494913186 ], [ -0.099921423293026, 51.515120483923248 ] ] } },
{ "type": "Feature", "properties": { "u": 300, "v": 331, "weight": 141.42135623737704 }, "geometry": { "type": "LineString", "coordinates": [ [ -0.099921423293026, 51.515120483923248 ], [ -0.097885966907691, 51.515070105232461 ] ] } },
{ "type": "Feature", "properties": { "u": 300, "v": 301, "weight": 141.42135623749346 }, "geometry": { "type": "LineString", "coordinates": [ [ -0.099921423293026, 51.515120483923248 ], [ -0.099840704769099, 51.51639047256625 ] ] } },
{ "type": "Feature", "properties": { "u": 301, "v": 332, "weight": 141.42135623737704 }, "geometry": { "type": "LineString", "coordinates": [ [ -0.099840704769099, 51.51639047256625 ], [ -0.097805191924328, 51.516340091597677 ] ] } },
{ "type": "Feature", "properties": { "u": 301, "v": 302, "weight": 141.42135623749346 }, "geometry": { "type": "LineString", "coordinates": [ [ -0.099840704769099, 51.51639047256625 ], [ -0.099759980333122, 51.517660460842194 ] ] } },
{ "type": "Feature", "properties": { "u": 302, "v": 333, "weight": 141.42135623737704 }, "geometry": { "type": "LineString", "coordinates": [ [ -0.099759980333122, 51.517660460842194 ], [ -0.097724411024796, 51.517610077595684 ] ] } },
{ "type": "Feature", "properties": { "u": 302, "v": 303, "weight": 141.42135623749346 }, "geometry": { "type": "LineString", "coordinates": [ [ -0.099759980333122, 51.517660460842194 ], [ -0.099679249984524, 51.51893044875105 ] ] } },
{ "type": "Feature", "properties": { "u": 303, "v": 334, "weight": 141.42135623737704 }, "geometry": { "type": "LineString", "coordinates": [ [ -0.099679249984524, 51.51893044875105 ], [ -0.097643624208525, 51.518880063226497 ] ] } },
{ "type": "Feature", "properties": { "u": 304, "v": 335, "weight": 141.42135623726062 }, "geometry": { "type": "LineString", "coordinates": [ [ -0.100064657234615, 51.480780334592822 ], [ -0.098030729598657, 51.480729982116372 ] ] } },
{ "type": "Feature", "properties": { "u": 304, "v": 305, "weight": 141.42135623749346 }, "geometry": { "type": "LineString", "coordinates": [ [ -0.100064657234615, 51.480780334592822 ], [ -0.099984041771883, 51.482050330870088 ] ] } },
{ "type": "Feature", "properties": { "u": 305, "v": 336, "weight": 141.42135623726062 }, "geometry": { "type": "LineString", "coordinates": [ [ -0.099984041771883, 51.482050330870088 ], [ -0.097950057788125, 51.481999976117649 ] ] } },
{ "type": "Feature", "properties": { "u": 305, "v": 306, "weight": 141.42135623656213 }, "geometry": { "type": "LineString", "coordinates": [ [ -0.099984041771883, 51.482050330870088 ], [ -0.099903420408396, 51.483320326780316 ] ] } },
{ "type": "Feature", "properties": { "u": 306, "v": 337, "weight": 141.42135623726062 }, "geometry": { "type": "LineString", "coordinates": [ [ -0.099903420408396, 51.483320326780316 ], [ -0.09786938007273, 51.483269969751767 ] ] } },
{ "type": "Feature", "properties": { "u": 306, "v": 307, "weight": 141.42135623749346 }, "geometry": { "type": "LineString", "coordinates": [ [ -0.099903420408396, 51.483320326780316 ], [ -0.099822793143584, 51.484590322323527 ] ] } },
{ "type": "Feature", "properties": { "u": 307, "v": 338, "weight": 141.42135623726062 }, "geometry": { "type": "LineString", "coordinates": [ [ -0.099822793143584, 51.484590322323527 ], [ -0.0977886964519, 51.484539963018733 ] ] } },
{ "type": "Feature", "properties": { "u": 307, "v": 308, "weight": 141.42135623749346 }, "geometry": { "type": "LineString", "coordinates": [ [ -0.099822793143584, 51.484590322323527 ], [ -0.099742159976878, 51.485860317499665 ] ] } },
{ "type": "Feature", "properties": { "u": 308, "v": 339, "weight": 141.42135623726062 }, "geometry": { "type": "LineString", "coordinates": [ [ -0.099742159976878, 51.485860317499665 ], [ -0.097708006925068, 51.485809955918519 ] ] } },
{ "type": "Feature", "properties": { "u": 308, "v": 309, "weight": 141.42135623749346 }, "geometry": { "type": "LineString", "coordinates": [ [ -0.099742159976878, 51.485860317499665 ], [ -0.099661520907707, 51.487130312308778 ] ] } },
{ "type": "Feature", "properties": { "u": 309, "v": 340, "weight": 141.42135623726062 }, "geometry": { "type": "LineString", "coordinates": [ [ -0.099661520907707, 51.487130312308778 ], [ -0.097627311491661, 51.487079948451132 ] ] } },
{ "type": "Feature", "properties": { "u": 309, "v": 310, "weight": 141.42135623749346 }, "geometry": { "type": "LineString", "coordinates": [ [ -0.099661520907707, 51.487130312308778 ], [ -0.099580875935501, 51.488400306750819 ] ] } },
{ "type": "Feature", "properties": { "u": 310, "v": 341, "weight": 141.42135623726062 }, "geometry": { "type": "LineString", "coordinates": [ [ -0.099580875935501, 51.488400306750819 ], [ -0.09754661015111, 51.488349940616565 ] ] } },
{ "type": "Feature", "properties": { "u": 310, "v": 311, "weight": 141.42135623656213 }, "geometry": { "type": "LineString", "coordinates": [ [ -0.099580875935501, 51.488400306750819 ], [ -0.099500225059692, 51.489670300825786 ] ] } },
{ "type": "Feature", "properties": { "u": 311, "v": 342, "weight": 141.42135623726062 }, "geometry": { "type": "LineString", "coordinates": [ [ -0.099500225059692, 51.489670300825786 ], [ -0.097465902902845, 51.48961993241479 ] ] } },
{ "type": "Feature", "properties": { "u": 311, "v": 312, "weight": 141.42135623749346 }, "geometry": { "type": "LineString", "coordinates": [ [ -0.099500225059692, 51.489670300825786 ], [ -0.099419568279707, 51.490940294533701 ] ] } },
{ "type": "Feature", "properties": { "u": 312, "v": 343, "weight": 141.42135623726062 }, "geometry": { "type": "LineString", "coordinates": [ [ -0.099419568279707, 51.490940294533701 ], [ -0.097385189746293, 51.490889923845828 ] ] } },
{ "type": "Feature", "properties": { "u": 312, "v": 313, "weight": 141.42135623749346 }, "geometry": { "type": "LineString", "coordinates": [ [ -0.099419568279707, 51.490940294533701 ], [ -0.099338905594976, 51.492210287874535 ] ] } },
{ "type": "Feature", "properties": { "u": 313, "v": 344, "weight": 141.42135623726062 }, "geometry": { "type": "LineString", "coordinates": [ [ -0.099338905594976, 51.492210287874535 ], [ -0.097304470680884, 51.492159914909671 ] ] } },
{ "type": "Feature", "properties": { "u": 313, "v": 314, "weight": 141.42135623749346 }, "geometry": { "type": "LineString", "coordinates": [ [ -0.099338905594976, 51.492210287874535 ], [ -0.09925823700493, 51.493480280848274 ] ] } },
{ "type": "Feature", "properties": { "u": 314, "v": 345, "weight": 141.42135623726062 }, "geometry": { "type": "LineString", "coordinates": [ [ -0.09925823700493, 51.493480280848274 ], [ -0.097223745706049, 51.493429905606298 ] ] } },
{ "type": "Feature", "properties": { "u": 314, "v": 315, "weight": 141.42135623749346 }, "geometry": { "type": "LineString", "coordinates": [ [ -0.09925823700493, 51.493480280848274 ], [ -0.099177562508997, 51.494750273454947 ] ] } },
{ "type": "Feature", "properties": { "u": 315, "v": 346, "weight": 141.42135623726062 }, "geometry": { "type": "LineString", "coordinates": [ [ -0.099177562508997, 51.494750273454947 ], [ -0.097143014821215, 51.494699895935717 ] ] } },
{ "type": "Feature", "properties": { "u": 315, "v": 316, "weight": 141.42135623656213 }, "geometry": { "type": "LineString", "coordinates": [ [ -0.099177562508997, 51.494750273454947 ], [ -0.099096882106607, 51.496020265694511 ] ] } },
{ "type": "Feature", "properties": { "u": 316, "v": 347, "weight": 141.42135623726062 }, "geometry": { "type": "LineString", "coordinates": [ [ -0.099096882106607, 51.496020265694511 ], [ -0.097062278025811, 51.495969885897907 ] ] } },
{ "type": "Feature", "properties": { "u": 316, "v": 317, "weight": 141.42135623749346 }, "geometry": { "type": "LineString", "coordinates": [ [ -0.099096882106607, 51.496020265694511 ], [ -0.09901619579719, 51.497290257566981 ] ] } },
{ "type": "Feature", "properties": { "u": 317, "v": 348, "weight": 141.42135623726062 }, "geometry": { "type": "LineString", "coordinates": [ [ -0.09901619579719, 51.497290257566981 ], [ -0.096981535319268, 51.497239875492888 ] ] } },
{ "type": "Feature", "properties": { "u": 317, "v": 318, "weight": 141.42135623749346 }, "geometry": { "type": "LineString", "coordinates": [ [ -0.09901619579719, 51.497290257566981 ], [ -0.098935503580173, 51.498560249072334 ] ] } },
{ "type": "Feature", "properties": { "u": 318, "v": 349, "weight": 141.42135623726062 }, "geometry": { "type": "LineString", "coordinates": [ [ -0.098935503580173, 51.498560249072334 ], [ -0.096900786701013, 51.498509864720624 ] ] } },
{ "type": "Feature", "properties": { "u": 318, "v": 319, "weight": 141.42135623749346 }, "geometry": { "type": "LineString", "coordinates": [ [ -0.098935503580173, 51.498560249072334 ], [ -0.098854805454988, 51.499830240210592 ] ] } },
{ "type": "Feature", "properties": { "u": 319, "v": 350, "weight": 141.42135623726062 }, "geometry": { "type": "LineString", "coordinates": [ [ -0.098854805454988, 51.499830240210592 ], [ -0.096820032170474, 51.499779853581124 ] ] } },
{ "type": "Feature", "properties": { "u": 319, "v": 320, "weight": 141.42135623749346 }, "geometry": { "type": "LineString", "coordinates": [ [ -0.098854805454988, 51.499830240210592 ], [ -0.098774101421063, 51.501100230981713 ] ] } },
{ "type": "Feature", "properties": { "u": 320, "v": 351, "weight": 141.42135623726062 }, "geometry": { "type": "LineString", "coordinates": [ [ -0.098774101421063, 51.501100230981713 ], [ -0.096739271727083, 51.50104984207438 ] ] } },
{ "type": "Feature", "properties": { "u": 320, "v": 321, "weight": 141.42135623656213 }, "geometry": { "type": "LineString", "coordinates": [ [ -0.098774101421063, 51.501100230981713 ], [ -0.098693391477827, 51.502370221385704 ] ] } },
{ "type": "Feature", "properties": { "u": 321, "v": 352, "weight": 141.42135623726062 }, "geometry": { "type": "LineString", "coordinates": [ [ -0.098693391477827, 51.502370221385704 ], [ -0.096658505370267, 51.502319830200371 ] ] } },
{ "type": "Feature", "properties": { "u": 321, "v": 322, "weight": 141.42135623749346 }, "geometry": { "type": "LineString", "coordinates": [ [ -0.098693391477827, 51.502370221385704 ], [ -0.098612675624708, 51.503640211422585 ] ] } },
{ "type": "Feature", "properties": { "u": 322, "v": 353, "weight": 141.42135623726062 }, "geometry": { "type": "LineString", "coordinates": [ [ -0.098612675624708, 51.503640211422585 ], [ -0.096577733099452, 51.503589817959117 ] ] } },
{ "type": "Feature", "properties": { "u": 322, "v": 323, "weight": 141.42135623749346 }, "geometry": { "type": "LineString", "coordinates": [ [ -0.098612675624708, 51.503640211422585 ], [ -0.098531953861137, 51.504910201092315 ] ] } },
{ "type": "Feature", "properties": { "u": 323, "v": 354, "weight": 141.42135623726062 }, "geometry": { "type": "LineString", "coordinates": [ [ -0.098531953861137, 51.504910201092315 ], [ -0.096496954914071, 51.504859805350591 ] ] } },
{ "type": "Feature", "properties": { "u": 323, "v": 324, "weight": 141.42135623749346 }, "geometry": { "type": "LineString", "coordinates": [ [ -0.098531953861137, 51.504910201092315 ], [ -0.09845122618654, 51.506180190394907 ] ] } },
{ "type": "Feature", "properties": { "u": 324, "v": 355, "weight": 141.42135623726062 }, "geometry": { "type": "LineString", "coordinates": [ [ -0.09845122618654, 51.506180190394907 ], [ -0.096416170813549, 51.506129792374807 ] ] } },
{ "type": "Feature", "properties": { "u": 324, "v": 325, "weight": 141.42135623749346 }, "geometry": { "type": "LineString", "coordinates": [ [ -0.09845122618654, 51.506180190394907 ], [ -0.098370492600349, 51.507450179330348 ] ] } },
{ "type": "Feature", "properties": { "u": 325, "v": 356, "weight": 141.42135623726062 }, "geometry": { "type": "LineString", "coordinates": [ [ -0.098370492600349, 51.507450179330348 ], [ -0.096335380797316, 51.507399779031743 ] ] } },
{ "type": "Feature", "properties": { "u": 325, "v": 326, "weight": 141.42135623656213 }, "geometry": { "type": "LineString", "coordinates": [ [ -0.098370492600349, 51.507450179330348 ], [ -0.098289753101991, 51.508720167898609 ] ] } },
{ "type": "Feature", "properties": { "u": 326, "v": 357, "weight": 141.42135623726062 }, "geometry": { "type": "LineString", "coordinates": [ [ -0.098289753101991, 51.508720167898609 ], [ -0.0962545848648, 51.508669765321386 ] ] } },
{ "type": "Feature", "properties": { "u": 326, "v": 327, "weight": 141.42135623749346 }, "geometry": { "type": "LineString", "coordinates": [ [ -0.098289753101991, 51.508720167898609 ], [ -0.098209007690894, 51.509990156099732 ] ] } },
{ "type": "Feature", "properties": { "u": 327, "v": 358, "weight": 141.42135623726062 }, "geometry": { "type": "LineString", "coordinates": [ [ -0.098209007690894, 51.509990156099732 ], [ -0.096173783015428, 51.509939751243742 ] ] } },
{ "type": "Feature", "properties": { "u": 327, "v": 328, "weight": 141.42135623749346 }, "geometry": { "type": "LineString", "coordinates": [ [ -0.098209007690894, 51.509990156099732 ], [ -0.098128256366487, 51.511260143933683 ] ] } },
{ "type": "Feature", "properties": { "u": 328, "v": 359, "weight": 141.42135623726062 }, "geometry": { "type": "LineString", "coordinates": [ [ -0.098128256366487, 51.511260143933683 ], [ -0.096092975248629, 51.511209736798811 ] ] } },
{ "type": "Feature", "properties": { "u": 328, "v": 329, "weight": 141.42135623749346 }, "geometry": { "type": "LineString", "coordinates": [ [ -0.098128256366487, 51.511260143933683 ], [ -0.098047499128198, 51.512530131400467 ] ] } },
{ "type": "Feature", "properties": { "u": 329, "v": 360, "weight": 141.42135623726062 }, "geometry": { "type": "LineString", "coordinates": [ [ -0.098047499128198, 51.512530131400467 ], [ -0.096012161563832, 51.512479721986587 ] ] } },
{ "type": "Feature", "properties": { "u": 329, "v": 330, "weight": 141.42135623749346 }, "geometry": { "type": "LineString", "coordinates": [ [ -0.098047499128198, 51.512530131400467 ], [ -0.097966735975457, 51.513800118500058 ] ] } },
{ "type": "Feature", "properties": { "u": 330, "v": 361, "weight": 141.42135623726062 }, "geometry": { "type": "LineString", "coordinates": [ [ -0.097966735975457, 51.513800118500058 ], [ -0.095931341960464, 51.513749706807047 ] ] } },
{ "type": "Feature", "properties": { "u": 330, "v": 331, "weight": 141.42135623656213 }, "geometry": { "type": "LineString", "coordinates": [ [ -0.097966735975457, 51.513800118500058 ], [ -0.097885966907691, 51.515070105232461 ] ] } },
{ "type": "Feature", "properties": { "u": 331, "v": 362, "weight": 141.42135623726062 }, "geometry": { "type": "LineString", "coordinates": [ [ -0.097885966907691, 51.515070105232461 ], [ -0.095850516437953, 51.515019691260193 ] ] } },
{ "type": "Feature", "properties": { "u": 331, "v": 332, "weight": 141.42135623749346 }, "geometry": { "type": "LineString", "coordinates": [ [ -0.097885966907691, 51.515070105232461 ], [ -0.097805191924328, 51.516340091597677 ] ] } },
{ "type": "Feature", "properties": { "u": 332, "v": 363, "weight": 141.42135623726062 }, "geometry": { "type": "LineString", "coordinates": [ [ -0.097805191924328, 51.516340091597677 ], [ -0.095769684995727, 51.516289675346023 ] ] } },
{ "type": "Feature", "properties": { "u": 332, "v": 333, "weight": 141.42135623749346 }, "geometry": { "type": "LineString", "coordinates": [ [ -0.097805191924328, 51.516340091597677 ], [ -0.097724411024796, 51.517610077595684 ] ] } },
{ "type": "Feature", "properties": { "u": 333, "v": 364, "weight": 141.42135623726062 }, "geometry": { "type": "LineString", "coordinates": [ [ -0.097724411024796, 51.517610077595684 ], [ -0.095688847633213, 51.517559659064517 ] ] } },
{ "type": "Feature", "properties": { "u": 333, "v": 334, "weight": 141.42135623749346 }, "geometry": { "type": "LineString", "coordinates": [ [ -0.097724411024796, 51.517610077595684 ], [ -0.097643624208525, 51.518880063226497 ] ] } },
{ "type": "Feature", "properties": { "u": 334, "v": 365, "weight": 141.42135623726062 }, "geometry": { "type": "LineString", "coordinates": [ [ -0.097643624208525, 51.518880063226497 ], [ -0.095608004349839, 51.518829642415682 ] ] } },
{ "type": "Feature", "properties": { "u": 335, "v": 366, "weight": 141.42135623726062 }, "geometry": { "type": "LineString", "coordinates": [ [ -0.098030729598657, 51.480729982116372 ], [ -0.095996807866991, 51.480679594401579 ] ] } },
{ "type": "Feature", "properties": { "u": 335, "v": 336, "weight": 141.42135623749346 }, "geometry": { "type": "LineString", "coordinates": [ [ -0.098030729598657, 51.480729982116372 ], [ -0.097950057788125, 51.481999976117649 ] ] } },
{ "type": "Feature", "properties": { "u": 336, "v": 367, "weight": 141.42135623726062 }, "geometry": { "type": "LineString", "coordinates": [ [ -0.097950057788125, 51.481999976117649 ], [ -0.095916079709229, 51.481949586125282 ] ] } },
{ "type": "Feature", "properties": { "u": 336, "v": 337, "weight": 141.42135623656213 }, "geometry": { "type": "LineString", "coordinates": [ [ -0.097950057788125, 51.481999976117649 ], [ -0.09786938007273, 51.483269969751767 ] ] } },
{ "type": "Feature", "properties": { "u": 337, "v": 368, "weight": 141.42135623726062 }, "geometry": { "type": "LineString", "coordinates": [ [ -0.09786938007273, 51.483269969751767 ], [ -0.095835345642495, 51.483219577481705 ] ] } },
{ "type": "Feature", "properties": { "u": 337, "v": 338, "weight": 141.42135623749346 }, "geometry": { "type": "LineString", "coordinates": [ [ -0.09786938007273, 51.483269969751767 ], [ -0.0977886964519, 51.484539963018733 ] ] } },
{ "type": "Feature", "properties": { "u": 338, "v": 369, "weight": 141.42135623726062 }, "geometry": { "type": "LineString", "coordinates": [ [ -0.0977886964519, 51.484539963018733 ], [ -0.09575460566622, 51.484489568470828 ] ] } },
{ "type": "Feature", "properties": { "u": 338, "v": 339, "weight": 141.42135623749346 }, "geometry": { "type": "LineString", "coordinates": [ [ -0.0977886964519, 51.484539963018733 ], [ -0.097708006925068, 51.485809955918519 ] ] } },
{ "type": "Feature", "properties": { "u": 339, "v": 370, "weight": 141.42135623726062 }, "geometry": { "type": "LineString", "coordinates": [ [ -0.097708006925068, 51.485809955918519 ], [ -0.095673859779831, 51.485759559092671 ] ] } },
{ "type": "Feature", "properties": { "u": 339, "v": 340, "weight": 141.42135623749346 }, "geometry": { "type": "LineString", "coordinates": [ [ -0.097708006925068, 51.485809955918519 ], [ -0.097627311491661, 51.487079948451132 ] ] } },
{ "type": "Feature", "properties": { "u": 340, "v": 371, "weight": 141.42135623726062 }, "geometry": { "type": "LineString", "coordinates": [ [ -0.097627311491661, 51.487079948451132 ], [ -0.09559310798276, 51.487029549347199 ] ] } },
{ "type": "Feature", "properties": { "u": 340, "v": 341, "weight": 141.42135623749346 }, "geometry": { "type": "LineString", "coordinates": [ [ -0.097627311491661, 51.487079948451132 ], [ -0.09754661015111, 51.488349940616565 ] ] } },
{ "type": "Feature", "properties": { "u": 341, "v": 372, "weight": 141.42135623726062 }, "geometry": { "type": "LineString", "coordinates": [ [ -0.09754661015111, 51.488349940616565 ], [ -0.095512350274433, 51.488299539234426 ] ] } },
{ "type": "Feature", "properties": { "u": 341, "v": 342, "weight": 141.42135623656213 }, "geometry": { "type": "LineString", "coordinates": [ [ -0.09754661015111, 51.488349940616565 ], [ -0.097465902902845, 51.48961993241479 ] ] } },
{ "type": "Feature", "properties": { "u": 342, "v": 373, "weight": 141.42135623726062 }, "geometry": { "type": "LineString", "coordinates": [ [ -0.097465902902845, 51.48961993241479 ], [ -0.095431586654283, 51.48956952875433 ] ] } },
{ "type": "Feature", "properties": { "u": 342, "v": 343, "weight": 141.42135623749346 }, "geometry": { "type": "LineString", "coordinates": [ [ -0.097465902902845, 51.48961993241479 ], [ -0.097385189746293, 51.490889923845828 ] ] } },
{ "type": "Feature", "properties": { "u": 343, "v": 374, "weight": 141.42135623726062 }, "geometry": { "type": "LineString", "coordinates": [ [ -0.097385189746293, 51.490889923845828 ], [ -0.095350817121734, 51.490839517906906 ] ] } },
{ "type": "Feature", "properties": { "u": 343, "v": 344, "weight": 141.42135623749346 }, "geometry": { "type": "LineString", "coordinates": [ [ -0.097385189746293, 51.490889923845828 ], [ -0.097304470680884, 51.492159914909671 ] ] } },
{ "type": "Feature", "properties": { "u": 344, "v": 375, "weight": 141.42135623726062 }, "geometry": { "type": "LineString", "coordinates": [ [ -0.097304470680884, 51.492159914909671 ], [ -0.09527004167622, 51.492109506692159 ] ] } },
{ "type": "Feature", "properties": { "u": 344, "v": 345, "weight": 141.42135623749346 }, "geometry": { "type": "LineString", "coordinates": [ [ -0.097304470680884, 51.492159914909671 ], [ -0.097223745706049, 51.493429905606298 ] ] } },
{ "type": "Feature", "properties": { "u": 345, "v": 376, "weight": 141.42135623726062 }, "geometry": { "type": "LineString", "coordinates": [ [ -0.097223745706049, 51.493429905606298 ], [ -0.095189260317165, 51.493379495110091 ] ] } },
{ "type": "Feature", "properties": { "u": 345, "v": 346, "weight": 141.42135623749346 }, "geometry": { "type": "LineString", "coordinates": [ [ -0.097223745706049, 51.493429905606298 ], [ -0.097143014821215, 51.494699895935717 ] ] } },
{ "type": "Feature", "properties": { "u": 346, "v": 377, "weight": 141.42135623726062 }, "geometry": { "type": "LineString", "coordinates": [ [ -0.097143014821215, 51.494699895935717 ], [ -0.095108473044001, 51.494649483160678 ] ] } },
{ "type": "Feature", "properties": { "u": 346, "v": 347, "weight": 141.42135623656213 }, "geometry": { "type": "LineString", "coordinates": [ [ -0.097143014821215, 51.494699895935717 ], [ -0.097062278025811, 51.495969885897907 ] ] } },
{ "type": "Feature", "properties": { "u": 347, "v": 378, "weight": 141.42135623726062 }, "geometry": { "type": "LineString", "coordinates": [ [ -0.097062278025811, 51.495969885897907 ], [ -0.095027679856156, 51.495919470843909 ] ] } },
{ "type": "Feature", "properties": { "u": 347, "v": 348, "weight": 141.42135623749346 }, "geometry": { "type": "LineString", "coordinates": [ [ -0.097062278025811, 51.495969885897907 ], [ -0.096981535319268, 51.497239875492888 ] ] } },
{ "type": "Feature", "properties": { "u": 348, "v": 379, "weight": 141.42135623726062 }, "geometry": { "type": "LineString", "coordinates": [ [ -0.096981535319268, 51.497239875492888 ], [ -0.094946880753057, 51.497189458159795 ] ] } },
{ "type": "Feature", "properties": { "u": 348, "v": 349, "weight": 141.42135623749346 }, "geometry": { "type": "LineString", "coordinates": [ [ -0.096981535319268, 51.497239875492888 ], [ -0.096900786701013, 51.498509864720624 ] ] } },
{ "type": "Feature", "properties": { "u": 349, "v": 380, "weight": 141.42135623726062 }, "geometry": { "type": "LineString", "coordinates": [ [ -0.096900786701013, 51.498509864720624 ], [ -0.094866075734134, 51.498459445108317 ] ] } },
{ "type": "Feature", "properties": { "u": 349, "v": 350, "weight": 141.42135623749346 }, "geometry": { "type": "LineString", "coordinates": [ [ -0.096900786701013, 51.498509864720624 ], [ -0.096820032170474, 51.499779853581124 ] ] } },
{ "type": "Feature", "properties": { "u": 350, "v": 381, "weight": 141.42135623726062 }, "geometry": { "type": "LineString", "coordinates": [ [ -0.096820032170474, 51.499779853581124 ], [ -0.094785264798814, 51.499729431689488 ] ] } },
{ "type": "Feature", "properties": { "u": 350, "v": 351, "weight": 141.42135623749346 }, "geometry": { "type": "LineString", "coordinates": [ [ -0.096820032170474, 51.499779853581124 ], [ -0.096739271727083, 51.50104984207438 ] ] } },
{ "type": "Feature", "properties": { "u": 351, "v": 382, "weight": 141.42135623726062 }, "geometry": { "type": "LineString", "coordinates": [ [ -0.096739271727083, 51.50104984207438 ], [ -0.094704447946528, 51.500999417903266 ] ] } },
{ "type": "Feature", "properties": { "u": 351, "v": 352, "weight": 141.42135623656213 }, "geometry": { "type": "LineString", "coordinates": [ [ -0.096739271727083, 51.50104984207438 ], [ -0.096658505370267, 51.502319830200371 ] ] } },
{ "type": "Feature", "properties": { "u": 352, "v": 383, "weight": 141.42135623726062 }, "geometry": { "type": "LineString", "coordinates": [ [ -0.096658505370267, 51.502319830200371 ], [ -0.094623625176702, 51.502269403749672 ] ] } },
{ "type": "Feature", "properties": { "u": 352, "v": 353, "weight": 141.42135623749346 }, "geometry": { "type": "LineString", "coordinates": [ [ -0.096658505370267, 51.502319830200371 ], [ -0.096577733099452, 51.503589817959117 ] ] } },
{ "type": "Feature", "properties": { "u": 353, "v": 384, "weight": 141.42135623726062 }, "geometry": { "type": "LineString", "coordinates": [ [ -0.096577733099452, 51.503589817959117 ], [ -0.094542796488764, 51.503539389228706 ] ] } },
{ "type": "Feature", "properties": { "u": 353, "v": 354, "weight": 141.42135623749346 }, "geometry": { "type": "LineString", "coordinates": [ [ -0.096577733099452, 51.503589817959117 ], [ -0.096496954914071, 51.504859805350591 ] ] } },
{ "type": "Feature", "properties": { "u": 354, "v": 385, "weight": 141.42135623726062 }, "geometry": { "type": "LineString", "coordinates": [ [ -0.096496954914071, 51.504859805350591 ], [ -0.094461961882144, 51.50480937434034 ] ] } },
{ "type": "Feature", "properties": { "u": 354, "v": 355, "weight": 141.42135623749346 }, "geometry": { "type": "LineString", "coordinates": [ [ -0.096496954914071, 51.504859805350591 ], [ -0.096416170813549, 51.506129792374807 ] ] } },
{ "type": "Feature", "properties": { "u": 355, "v": 386, "weight": 141.42135623726062 }, "geometry": { "type": "LineString", "coordinates": [ [ -0.096416170813549, 51.506129792374807 ], [ -0.094381121356268, 51.506079359084588 ] ] } },
{ "type": "Feature", "properties": { "u": 355, "v": 356, "weight": 141.42135623749346 }, "geometry": { "type": "LineString", "coordinates": [ [ -0.096416170813549, 51.506129792374807 ], [ -0.096335380797316, 51.507399779031743 ] ] } },
{ "type": "Feature", "properties": { "u": 356, "v": 387, "weight": 141.42135623726062 }, "geometry": { "type": "LineString", "coordinates": [ [ -0.096335380797316, 51.507399779031743 ], [ -0.094300274910564, 51.507349343461428 ] ] } },
{ "type": "Feature", "properties": { "u": 356, "v": 357, "weight": 141.42135623656213 }, "geometry": { "type": "LineString", "coordinates": [ [ -0.096335380797316, 51.507399779031743 ], [ -0.0962545848648, 51.508669765321386 ] ] } },
{ "type": "Feature", "properties": { "u": 357, "v": 388, "weight": 141.42135623726062 }, "geometry": { "type": "LineString", "coordinates": [ [ -0.0962545848648, 51.508669765321386 ], [ -0.094219422544463, 51.508619327470853 ] ] } },
{ "type": "Feature", "properties": { "u": 357, "v": 358, "weight": 141.42135623749346 }, "geometry": { "type": "LineString", "coordinates": [ [ -0.0962545848648, 51.508669765321386 ], [ -0.096173783015428, 51.509939751243742 ] ] } },
{ "type": "Feature", "properties": { "u": 358, "v": 389, "weight": 141.42135623726062 }, "geometry": { "type": "LineString", "coordinates": [ [ -0.096173783015428, 51.509939751243742 ], [ -0.094138564257388, 51.509889311112858 ] ] } },
{ "type": "Feature", "properties": { "u": 358, "v": 359, "weight": 141.42135623749346 }, "geometry": { "type": "LineString", "coordinates": [ [ -0.096173783015428, 51.509939751243742 ], [ -0.096092975248629, 51.511209736798811 ] ] } },
{ "type": "Feature", "properties": { "u": 359, "v": 390, "weight": 141.42135623726062 }, "geometry": { "type": "LineString", "coordinates": [ [ -0.096092975248629, 51.511209736798811 ], [ -0.094057700048771, 51.511159294387468 ] ] } },
{ "type": "Feature", "properties": { "u": 359, "v": 360, "weight": 141.42135623749346 }, "geometry": { "type": "LineString", "coordinates": [ [ -0.096092975248629, 51.511209736798811 ], [ -0.096012161563832, 51.512479721986587 ] ] } },
{ "type": "Feature", "properties": { "u": 360, "v": 391, "weight": 141.42135623726062 }, "geometry": { "type": "LineString", "coordinates": [ [ -0.096012161563832, 51.512479721986587 ], [ -0.093976829918037, 51.512429277294629 ] ] } },
{ "type": "Feature", "properties": { "u": 360, "v": 361, "weight": 141.42135623749346 }, "geometry": { "type": "LineString", "coordinates": [ [ -0.096012161563832, 51.512479721986587 ], [ -0.095931341960464, 51.513749706807047 ] ] } },
{ "type": "Feature", "properties": { "u": 361, "v": 392, "weight": 141.42135623726062 }, "geometry": { "type": "LineString", "coordinates": [ [ -0.095931341960464, 51.513749706807047 ], [ -0.093895953864613, 51.513699259834368 ] ] } },
{ "type": "Feature", "properties": { "u": 361, "v": 362, "weight": 141.42135623656213 }, "geometry": { "type": "LineString", "coordinates": [ [ -0.095931341960464, 51.513749706807047 ], [ -0.095850516437953, 51.515019691260193 ] ] } },
{ "type": "Feature", "properties": { "u": 362, "v": 393, "weight": 141.42135623726062 }, "geometry": { "type": "LineString", "coordinates": [ [ -0.095850516437953, 51.515019691260193 ], [ -0.09381507188793, 51.514969242006664 ] ] } },
{ "type": "Feature", "properties": { "u": 362, "v": 363, "weight": 141.42135623749346 }, "geometry": { "type": "LineString", "coordinates": [ [ -0.095850516437953, 51.515019691260193 ], [ -0.095769684995727, 51.516289675346023 ] ] } },
{ "type": "Feature", "properties": { "u": 363, "v": 394, "weight": 141.42135623726062 }, "geometry": { "type": "LineString", "coordinates": [ [ -0.095769684995727, 51.516289675346023 ], [ -0.093734183987413, 51.51623922381151 ] ] } },
{ "type": "Feature", "properties": { "u": 363, "v": 364, "weight": 141.42135623749346 }, "geometry": { "type": "LineString", "coordinates": [ [ -0.095769684995727, 51.516289675346023 ], [ -0.095688847633213, 51.517559659064517 ] ] } },
{ "type": "Feature", "properties": { "u": 364, "v": 395, "weight": 141.42135623726062 }, "geometry": { "type": "LineString", "coordinates": [ [ -0.095688847633213, 51.517559659064517 ], [ -0.093653290162488, 51.517509205248913 ] ] } },
{ "type": "Feature", "properties": { "u": 364, "v": 365, "weight": 141.42135623749346 }, "geometry": { "type": "LineString", "coordinates": [ [ -0.095688847633213, 51.517559659064517 ], [ -0.095608004349839, 51.518829642415682 ] ] } },
{ "type": "Feature", "properties": { "u": 365, "v": 396, "weight": 141.42135623726062 }, "geometry": { "type": "LineString", "coordinates": [ [ -0.095608004349839, 51.518829642415682 ], [ -0.093572390412585, 51.518779186318845 ] ] } },
{ "type": "Feature", "properties": { "u": 366, "v": 397, "weight": 141.42135623737704 }, "geometry": { "type": "LineString", "coordinates": [ [ -0.095996807866991, 51.480679594401579 ], [ -0.093962892043725, 51.480629171448676 ] ] } },
{ "type": "Feature", "properties": { "u": 366, "v": 367, "weight": 141.42135623749346 }, "geometry": { "type": "LineString", "coordinates": [ [ -0.095996807866991, 51.480679594401579 ], [ -0.095916079709229, 51.481949586125282 ] ] } },
{ "type": "Feature", "properties": { "u": 367, "v": 398, "weight": 141.42135623737704 }, "geometry": { "type": "LineString", "coordinates": [ [ -0.095916079709229, 51.481949586125282 ], [ -0.093882107539303, 51.481899160893214 ] ] } },
{ "type": "Feature", "properties": { "u": 367, "v": 368, "weight": 141.42135623656213 }, "geometry": { "type": "LineString", "coordinates": [ [ -0.095916079709229, 51.481949586125282 ], [ -0.095835345642495, 51.483219577481705 ] ] } },
{ "type": "Feature", "properties": { "u": 368, "v": 399, "weight": 141.42135623737704 }, "geometry": { "type": "LineString", "coordinates": [ [ -0.095835345642495, 51.483219577481705 ], [ -0.093801317121802, 51.483169149970344 ] ] } },
{ "type": "Feature", "properties": { "u": 368, "v": 369, "weight": 141.42135623749346 }, "geometry": { "type": "LineString", "coordinates": [ [ -0.095835345642495, 51.483219577481705 ], [ -0.09575460566622, 51.484489568470828 ] ] } },
{ "type": "Feature", "properties": { "u": 369, "v": 400, "weight": 141.42135623737704 }, "geometry": { "type": "LineString", "coordinates": [ [ -0.09575460566622, 51.484489568470828 ], [ -0.093720520790651, 51.484439138680067 ] ] } },
{ "type": "Feature", "properties": { "u": 369, "v": 370, "weight": 141.42135623749346 }, "geometry": { "type": "LineString", "coordinates": [ [ -0.09575460566622, 51.484489568470828 ], [ -0.095673859779831, 51.485759559092671 ] ] } },
{ "type": "Feature", "properties": { "u": 370, "v": 401, "weight": 141.42135623737704 }, "geometry": { "type": "LineString", "coordinates": [ [ -0.095673859779831, 51.485759559092671 ], [ -0.093639718545277, 51.485709127022361 ] ] } },
{ "type": "Feature", "properties": { "u": 370, "v": 371, "weight": 141.42135623749346 }, "geometry": { "type": "LineString", "coordinates": [ [ -0.095673859779831, 51.485759559092671 ], [ -0.09559310798276, 51.487029549347199 ] ] } },
{ "type": "Feature", "properties": { "u": 371, "v": 402, "weight": 141.42135623737704 }, "geometry": { "type": "LineString", "coordinates": [ [ -0.09559310798276, 51.487029549347199 ], [ -0.093558910385111, 51.486979114997219 ] ] } },
{ "type": "Feature", "properties": { "u": 371, "v": 372, "weight": 141.42135623749346 }, "geometry": { "type": "LineString", "coordinates": [ [ -0.09559310798276, 51.487029549347199 ], [ -0.095512350274433, 51.488299539234426 ] ] } },
{ "type": "Feature", "properties": { "u": 372, "v": 403, "weight": 141.42135623737704 }, "geometry": { "type": "LineString", "coordinates": [ [ -0.095512350274433, 51.488299539234426 ], [ -0.093478096309582, 51.488249102604648 ] ] } },
{ "type": "Feature", "properties": { "u": 372, "v": 373, "weight": 141.42135623656213 }, "geometry": { "type": "LineString", "coordinates": [ [ -0.095512350274433, 51.488299539234426 ], [ -0.095431586654283, 51.48956952875433 ] ] } },
{ "type": "Feature", "properties": { "u": 373, "v": 404, "weight": 141.42135623737704 }, "geometry": { "type": "LineString", "coordinates": [ [ -0.095431586654283, 51.48956952875433 ], [ -0.093397276318116, 51.489519089844634 ] ] } },
{ "type": "Feature", "properties": { "u": 373, "v": 374, "weight": 141.42135623749346 }, "geometry": { "type": "LineString", "coordinates": [ [ -0.095431586654283, 51.48956952875433 ], [ -0.095350817121734, 51.490839517906906 ] ] } },
{ "type": "Feature", "properties": { "u": 374, "v": 405, "weight": 141.42135623737704 }, "geometry": { "type": "LineString", "coordinates": [ [ -0.095350817121734, 51.490839517906906 ], [ -0.093316450410143, 51.490789076717178 ] ] } },
{ "type": "Feature", "properties": { "u": 374, "v": 375, "weight": 141.42135623749346 }, "geometry": { "type": "LineString", "coordinates": [ [ -0.095350817121734, 51.490839517906906 ], [ -0.09527004167622, 51.492109506692159 ] ] } },
{ "type": "Feature", "properties": { "u": 375, "v": 406, "weight": 141.42135623737704 }, "geometry": { "type": "LineString", "coordinates": [ [ -0.09527004167622, 51.492109506692159 ], [ -0.093235618585092, 51.492059063222257 ] ] } },
{ "type": "Feature", "properties": { "u": 375, "v": 376, "weight": 141.42135623749346 }, "geometry": { "type": "LineString", "coordinates": [ [ -0.09527004167622, 51.492109506692159 ], [ -0.095189260317165, 51.493379495110091 ] ] } },
{ "type": "Feature", "properties": { "u": 376, "v": 407, "weight": 141.42135623737704 }, "geometry": { "type": "LineString", "coordinates": [ [ -0.095189260317165, 51.493379495110091 ], [ -0.093154780842391, 51.493329049359893 ] ] } },
{ "type": "Feature", "properties": { "u": 376, "v": 377, "weight": 141.42135623749346 }, "geometry": { "type": "LineString", "coordinates": [ [ -0.095189260317165, 51.493379495110091 ], [ -0.095108473044001, 51.494649483160678 ] ] } },
{ "type": "Feature", "properties": { "u": 377, "v": 408, "weight": 141.42135623737704 }, "geometry": { "type": "LineString", "coordinates": [ [ -0.095108473044001, 51.494649483160678 ], [ -0.093073937181468, 51.494599035130051 ] ] } },
{ "type": "Feature", "properties": { "u": 377, "v": 378, "weight": 141.42135623656213 }, "geometry": { "type": "LineString", "coordinates": [ [ -0.095108473044001, 51.494649483160678 ], [ -0.095027679856156, 51.495919470843909 ] ] } },
{ "type": "Feature", "properties": { "u": 378, "v": 409, "weight": 141.42135623737704 }, "geometry": { "type": "LineString", "coordinates": [ [ -0.095027679856156, 51.495919470843909 ], [ -0.092993087601753, 51.49586902053273 ] ] } },
{ "type": "Feature", "properties": { "u": 378, "v": 379, "weight": 141.42135623749346 }, "geometry": { "type": "LineString", "coordinates": [ [ -0.095027679856156, 51.495919470843909 ], [ -0.094946880753057, 51.497189458159795 ] ] } },
{ "type": "Feature", "properties": { "u": 379, "v": 410, "weight": 141.42135623737704 }, "geometry": { "type": "LineString", "coordinates": [ [ -0.094946880753057, 51.497189458159795 ], [ -0.09291223210267, 51.497139005567952 ] ] } },
{ "type": "Feature", "properties": { "u": 379, "v": 380, "weight": 141.42135623749346 }, "geometry": { "type": "LineString", "coordinates": [ [ -0.094946880753057, 51.497189458159795 ], [ -0.094866075734134, 51.498459445108317 ] ] } },
{ "type": "Feature", "properties": { "u": 380, "v": 411, "weight": 141.42135623737704 }, "geometry": { "type": "LineString", "coordinates": [ [ -0.094866075734134, 51.498459445108317 ], [ -0.092831370683651, 51.498408990235674 ] ] } },
{ "type": "Feature", "properties": { "u": 380, "v": 381, "weight": 141.42135623749346 }, "geometry": { "type": "LineString", "coordinates": [ [ -0.094866075734134, 51.498459445108317 ], [ -0.094785264798814, 51.499729431689488 ] ] } },
{ "type": "Feature", "properties": { "u": 381, "v": 412, "weight": 141.42135623737704 }, "geometry": { "type": "LineString", "coordinates": [ [ -0.094785264798814, 51.499729431689488 ], [ -0.092750503344122, 51.499678974535904 ] ] } },
{ "type": "Feature", "properties": { "u": 381, "v": 382, "weight": 141.42135623749346 }, "geometry": { "type": "LineString", "coordinates": [ [ -0.094785264798814, 51.499729431689488 ], [ -0.094704447946528, 51.500999417903266 ] ] } },
{ "type": "Feature", "properties": { "u": 382, "v": 413, "weight": 141.42135623737704 }, "geometry": { "type": "LineString", "coordinates": [ [ -0.094704447946528, 51.500999417903266 ], [ -0.092669630083512, 51.500948958468634 ] ] } },
{ "type": "Feature", "properties": { "u": 382, "v": 383, "weight": 141.42135623656213 }, "geometry": { "type": "LineString", "coordinates": [ [ -0.094704447946528, 51.500999417903266 ], [ -0.094623625176702, 51.502269403749672 ] ] } },
{ "type": "Feature", "properties": { "u": 383, "v": 414, "weight": 141.42135623737704 }, "geometry": { "type": "LineString", "coordinates": [ [ -0.094623625176702, 51.502269403749672 ], [ -0.092588750901249, 51.502218942033871 ] ] } },
{ "type": "Feature", "properties": { "u": 383, "v": 384, "weight": 141.42135623749346 }, "geometry": { "type": "LineString", "coordinates": [ [ -0.094623625176702, 51.502269403749672 ], [ -0.094542796488764, 51.503539389228706 ] ] } },
{ "type": "Feature", "properties": { "u": 384, "v": 415, "weight": 141.42135623737704 }, "geometry": { "type": "LineString", "coordinates": [ [ -0.094542796488764, 51.503539389228706 ], [ -0.092507865796758, 51.503488925231601 ] ] } },
{ "type": "Feature", "properties": { "u": 384, "v": 385, "weight": 141.42135623749346 }, "geometry": { "type": "LineString", "coordinates": [ [ -0.094542796488764, 51.503539389228706 ], [ -0.094461961882144, 51.50480937434034 ] ] } },
{ "type": "Feature", "properties": { "u": 385, "v": 416, "weight": 141.42135623737704 }, "geometry": { "type": "LineString", "coordinates": [ [ -0.094461961882144, 51.50480937434034 ], [ -0.092426974769472, 51.504758908061802 ] ] } },
{ "type": "Feature", "properties": { "u": 385, "v": 386, "weight": 141.42135623749346 }, "geometry": { "type": "LineString", "coordinates": [ [ -0.094461961882144, 51.50480937434034 ], [ -0.094381121356268, 51.506079359084588 ] ] } },
{ "type": "Feature", "properties": { "u": 386, "v": 417, "weight": 141.42135623737704 }, "geometry": { "type": "LineString", "coordinates": [ [ -0.094381121356268, 51.506079359084588 ], [ -0.092346077818813, 51.50602889052449 ] ] } },
{ "type": "Feature", "properties": { "u": 386, "v": 387, "weight": 141.42135623749346 }, "geometry": { "type": "LineString", "coordinates": [ [ -0.094381121356268, 51.506079359084588 ], [ -0.094300274910564, 51.507349343461428 ] ] } },
{ "type": "Feature", "properties": { "u": 387, "v": 418, "weight": 141.42135623737704 }, "geometry": { "type": "LineString", "coordinates": [ [ -0.094300274910564, 51.507349343461428 ], [ -0.092265174944212, 51.507298872619643 ] ] } },
{ "type": "Feature", "properties": { "u": 387, "v": 388, "weight": 141.42135623656213 }, "geometry": { "type": "LineString", "coordinates": [ [ -0.094300274910564, 51.507349343461428 ], [ -0.094219422544463, 51.508619327470853 ] ] } },
{ "type": "Feature", "properties": { "u": 388, "v": 419, "weight": 141.42135623737704 }, "geometry": { "type": "LineString", "coordinates": [ [ -0.094219422544463, 51.508619327470853 ], [ -0.092184266145097, 51.508568854347253 ] ] } },
{ "type": "Feature", "properties": { "u": 388, "v": 389, "weight": 141.42135623749346 }, "geometry": { "type": "LineString", "coordinates": [ [ -0.094219422544463, 51.508619327470853 ], [ -0.094138564257388, 51.509889311112858 ] ] } },
{ "type": "Feature", "properties": { "u": 389, "v": 420, "weight": 141.42135623737704 }, "geometry": { "type": "LineString", "coordinates": [ [ -0.094138564257388, 51.509889311112858 ], [ -0.092103351420892, 51.509838835707335 ] ] } },
{ "type": "Feature", "properties": { "u": 389, "v": 390, "weight": 141.42135623749346 }, "geometry": { "type": "LineString", "coordinates": [ [ -0.094138564257388, 51.509889311112858 ], [ -0.094057700048771, 51.511159294387468 ] ] } },
{ "type": "Feature", "properties": { "u": 390, "v": 421, "weight": 141.42135623737704 }, "geometry": { "type": "LineString", "coordinates": [ [ -0.094057700048771, 51.511159294387468 ], [ -0.092022430771027, 51.511108816699874 ] ] } },
{ "type": "Feature", "properties": { "u": 390, "v": 391, "weight": 141.42135623749346 }, "geometry": { "type": "LineString", "coordinates": [ [ -0.094057700048771, 51.511159294387468 ], [ -0.093976829918037, 51.512429277294629 ] ] } },
{ "type": "Feature", "properties": { "u": 391, "v": 422, "weight": 141.42135623737704 }, "geometry": { "type": "LineString", "coordinates": [ [ -0.093976829918037, 51.512429277294629 ], [ -0.091941504194928, 51.512378797324857 ] ] } },
{ "type": "Feature", "properties": { "u": 391, "v": 392, "weight": 141.42135623749346 }, "geometry": { "type": "LineString", "coordinates": [ [ -0.093976829918037, 51.512429277294629 ], [ -0.093895953864613, 51.513699259834368 ] ] } },
{ "type": "Feature", "properties": { "u": 392, "v": 423, "weight": 141.42135623737704 }, "geometry": { "type": "LineString", "coordinates": [ [ -0.093895953864613, 51.513699259834368 ], [ -0.091860571692024, 51.513648777582276 ] ] } },
{ "type": "Feature", "properties": { "u": 392, "v": 393, "weight": 141.42135623656213 }, "geometry": { "type": "LineString", "coordinates": [ [ -0.093895953864613, 51.513699259834368 ], [ -0.09381507188793, 51.514969242006664 ] ] } },
{ "type": "Feature", "properties": { "u": 393, "v": 424, "weight": 141.42135623737704 }, "geometry": { "type": "LineString", "coordinates": [ [ -0.09381507188793, 51.514969242006664 ], [ -0.09177963326174, 51.514918757472117 ] ] } },
{ "type": "Feature", "properties": { "u": 393, "v": 394, "weight": 141.42135623749346 }, "geometry": { "type": "LineString", "coordinates": [ [ -0.09381507188793, 51.514969242006664 ], [ -0.093734183987413, 51.51623922381151 ] ] } },
{ "type": "Feature", "properties": { "u": 394, "v": 425, "weight": 141.42135623737704 }, "geometry": { "type": "LineString", "coordinates": [ [ -0.093734183987413, 51.51623922381151 ], [ -0.091698688903503, 51.516188736994401 ] ] } },
{ "type": "Feature", "properties": { "u": 394, "v": 395, "weight": 141.42135623749346 }, "geometry": { "type": "LineString", "coordinates": [ [ -0.093734183987413, 51.51623922381151 ], [ -0.093653290162488, 51.517509205248913 ] ] } },
{ "type": "Feature", "properties": { "u": 395, "v": 426, "weight": 141.42135623737704 }, "geometry": { "type": "LineString", "coordinates": [ [ -0.093653290162488, 51.517509205248913 ], [ -0.091617738616742, 51.517458716149122 ] ] } },
{ "type": "Feature", "properties": { "u": 395, "v": 396, "weight": 141.42135623749346 }, "geometry": { "type": "LineString", "coordinates": [ [ -0.093653290162488, 51.517509205248913 ], [ -0.093572390412585, 51.518779186318845 ] ] } },
{ "type": "Feature", "properties": { "u": 396, "v": 427, "weight": 141.42135623737704 }, "geometry": { "type": "LineString", "coordinates": [ [ -0.093572390412585, 51.518779186318845 ], [ -0.091536782400883, 51.518728694936229 ] ] } },
{ "type": "Feature", "properties": { "u": 397, "v": 429, "weight": 141.42135623726062 }, "geometry": { "type": "LineString", "coordinates": [ [ -0.093962892043725, 51.480629171448676 ], [ -0.091928982132968, 51.480578713257891 ] ] } },
{ "type": "Feature", "properties": { "u": 397, "v": 398, "weight": 141.42135623749346 }, "geometry": { "type": "LineString", "coordinates": [ [ -0.093962892043725, 51.480629171448676 ], [ -0.093882107539303, 51.481899160893214 ] ] } },
{ "type": "Feature", "properties": { "u": 398, "v": 430, "weight": 141.42135623726062 }, "geometry": { "type": "LineString", "coordinates": [ [ -0.093882107539303, 51.481899160893214 ], [ -0.091848141282459, 51.481848700421679 ] ] } },
{ "type": "Feature", "properties": { "u": 398, "v": 399, "weight": 141.42135623656213 }, "geometry": { "type": "LineString", "coordinates": [ [ -0.093882107539303, 51.481899160893214 ], [ -0.093801317121802, 51.483169149970344 ] ] } },
{ "type": "Feature", "properties": { "u": 399, "v": 431, "weight": 141.42135623726062 }, "geometry": { "type": "LineString", "coordinates": [ [ -0.093801317121802, 51.483169149970344 ], [ -0.091767294514761, 51.483118687217939 ] ] } },
{ "type": "Feature", "properties": { "u": 399, "v": 400, "weight": 141.42135623749346 }, "geometry": { "type": "LineString", "coordinates": [ [ -0.093801317121802, 51.483169149970344 ], [ -0.093720520790651, 51.484439138680067 ] ] } },
{ "type": "Feature", "properties": { "u": 400, "v": 432, "weight": 141.42135623726062 }, "geometry": { "type": "LineString", "coordinates": [ [ -0.093720520790651, 51.484439138680067 ], [ -0.091686441829304, 51.484388673646649 ] ] } },
{ "type": "Feature", "properties": { "u": 400, "v": 401, "weight": 141.42135623749346 }, "geometry": { "type": "LineString", "coordinates": [ [ -0.093720520790651, 51.484439138680067 ], [ -0.093639718545277, 51.485709127022361 ] ] } },
{ "type": "Feature", "properties": { "u": 401, "v": 433, "weight": 141.42135623726062 }, "geometry": { "type": "LineString", "coordinates": [ [ -0.093639718545277, 51.485709127022361 ], [ -0.091605583225518, 51.485658659707809 ] ] } },
{ "type": "Feature", "properties": { "u": 401, "v": 402, "weight": 141.42135623749346 }, "geometry": { "type": "LineString", "coordinates": [ [ -0.093639718545277, 51.485709127022361 ], [ -0.093558910385111, 51.486979114997219 ] ] } },
{ "type": "Feature", "properties": { "u": 402, "v": 434, "weight": 141.42135623726062 }, "geometry": { "type": "LineString", "coordinates": [ [ -0.093558910385111, 51.486979114997219 ], [ -0.091524718702829, 51.486928645401427 ] ] } },
{ "type": "Feature", "properties": { "u": 402, "v": 403, "weight": 141.42135623749346 }, "geometry": { "type": "LineString", "coordinates": [ [ -0.093558910385111, 51.486979114997219 ], [ -0.093478096309582, 51.488249102604648 ] ] } },
{ "type": "Feature", "properties": { "u": 403, "v": 435, "weight": 141.42135623726062 }, "geometry": { "type": "LineString", "coordinates": [ [ -0.093478096309582, 51.488249102604648 ], [ -0.091443848260666, 51.488198630727474 ] ] } },
{ "type": "Feature", "properties": { "u": 403, "v": 404, "weight": 141.42135623656213 }, "geometry": { "type": "LineString", "coordinates": [ [ -0.093478096309582, 51.488249102604648 ], [ -0.093397276318116, 51.489519089844634 ] ] } },
{ "type": "Feature", "properties": { "u": 404, "v": 436, "weight": 141.42135623726062 }, "geometry": { "type": "LineString", "coordinates": [ [ -0.093397276318116, 51.489519089844634 ], [ -0.091362971898458, 51.489468615685958 ] ] } },
{ "type": "Feature", "properties": { "u": 404, "v": 405, "weight": 141.42135623749346 }, "geometry": { "type": "LineString", "coordinates": [ [ -0.093397276318116, 51.489519089844634 ], [ -0.093316450410143, 51.490789076717178 ] ] } },
{ "type": "Feature", "properties": { "u": 405, "v": 437, "weight": 141.42135623726062 }, "geometry": { "type": "LineString", "coordinates": [ [ -0.093316450410143, 51.490789076717178 ], [ -0.091282089615632, 51.490738600276863 ] ] } },
{ "type": "Feature", "properties": { "u": 405, "v": 406, "weight": 141.42135623749346 }, "geometry": { "type": "LineString", "coordinates": [ [ -0.093316450410143, 51.490789076717178 ], [ -0.093235618585092, 51.492059063222257 ] ] } },
{ "type": "Feature", "properties": { "u": 406, "v": 438, "weight": 141.42135623726062 }, "geometry": { "type": "LineString", "coordinates": [ [ -0.093235618585092, 51.492059063222257 ], [ -0.091201201411617, 51.492008584500191 ] ] } },
{ "type": "Feature", "properties": { "u": 406, "v": 407, "weight": 141.42135623749346 }, "geometry": { "type": "LineString", "coordinates": [ [ -0.093235618585092, 51.492059063222257 ], [ -0.093154780842391, 51.493329049359893 ] ] } },
{ "type": "Feature", "properties": { "u": 407, "v": 439, "weight": 141.42135623726062 }, "geometry": { "type": "LineString", "coordinates": [ [ -0.093154780842391, 51.493329049359893 ], [ -0.091120307285841, 51.49327856835594 ] ] } },
{ "type": "Feature", "properties": { "u": 407, "v": 408, "weight": 141.42135623749346 }, "geometry": { "type": "LineString", "coordinates": [ [ -0.093154780842391, 51.493329049359893 ], [ -0.093073937181468, 51.494599035130051 ] ] } },
{ "type": "Feature", "properties": { "u": 408, "v": 440, "weight": 141.42135623726062 }, "geometry": { "type": "LineString", "coordinates": [ [ -0.093073937181468, 51.494599035130051 ], [ -0.09103940723773, 51.494548551844083 ] ] } },
{ "type": "Feature", "properties": { "u": 408, "v": 409, "weight": 141.42135623656213 }, "geometry": { "type": "LineString", "coordinates": [ [ -0.093073937181468, 51.494599035130051 ], [ -0.092993087601753, 51.49586902053273 ] ] } },
{ "type": "Feature", "properties": { "u": 409, "v": 441, "weight": 141.42135623726062 }, "geometry": { "type": "LineString", "coordinates": [ [ -0.092993087601753, 51.49586902053273 ], [ -0.090958501266715, 51.495818534964627 ] ] } },
{ "type": "Feature", "properties": { "u": 409, "v": 410, "weight": 141.42135623749346 }, "geometry": { "type": "LineString", "coordinates": [ [ -0.092993087601753, 51.49586902053273 ], [ -0.09291223210267, 51.497139005567952 ] ] } },
{ "type": "Feature", "properties": { "u": 410, "v": 442, "weight": 141.42135623726062 }, "geometry": { "type": "LineString", "coordinates": [ [ -0.09291223210267, 51.497139005567952 ], [ -0.090877589372222, 51.497088517717579 ] ] } },
{ "type": "Feature", "properties": { "u": 410, "v": 411, "weight": 141.42135623749346 }, "geometry": { "type": "LineString", "coordinates": [ [ -0.09291223210267, 51.497139005567952 ], [ -0.092831370683651, 51.498408990235674 ] ] } },
{ "type": "Feature", "properties": { "u": 411, "v": 443, "weight": 141.42135623726062 }, "geometry": { "type": "LineString", "coordinates": [ [ -0.092831370683651, 51.498408990235674 ], [ -0.090796671553678, 51.498358500102917 ] ] } },
{ "type": "Feature", "properties": { "u": 411, "v": 412, "weight": 141.42135623749346 }, "geometry": { "type": "LineString", "coordinates": [ [ -0.092831370683651, 51.498408990235674 ], [ -0.092750503344122, 51.499678974535904 ] ] } },
{ "type": "Feature", "properties": { "u": 412, "v": 444, "weight": 141.42135623726062 }, "geometry": { "type": "LineString", "coordinates": [ [ -0.092750503344122, 51.499678974535904 ], [ -0.090715747810511, 51.499628482120634 ] ] } },
{ "type": "Feature", "properties": { "u": 412, "v": 413, "weight": 141.42135623749346 }, "geometry": { "type": "LineString", "coordinates": [ [ -0.092750503344122, 51.499678974535904 ], [ -0.092669630083512, 51.500948958468634 ] ] } },
{ "type": "Feature", "properties": { "u": 413, "v": 445, "weight": 141.42135623726062 }, "geometry": { "type": "LineString", "coordinates": [ [ -0.092669630083512, 51.500948958468634 ], [ -0.09063481814215, 51.500898463770724 ] ] } },
{ "type": "Feature", "properties": { "u": 413, "v": 414, "weight": 141.42135623656213 }, "geometry": { "type": "LineString", "coordinates": [ [ -0.092669630083512, 51.500948958468634 ], [ -0.092588750901249, 51.502218942033871 ] ] } },
{ "type": "Feature", "properties": { "u": 414, "v": 446, "weight": 141.42135623726062 }, "geometry": { "type": "LineString", "coordinates": [ [ -0.092588750901249, 51.502218942033871 ], [ -0.090553882548022, 51.502168445053186 ] ] } },
{ "type": "Feature", "properties": { "u": 414, "v": 415, "weight": 141.42135623749346 }, "geometry": { "type": "LineString", "coordinates": [ [ -0.092588750901249, 51.502218942033871 ], [ -0.092507865796758, 51.503488925231601 ] ] } },
{ "type": "Feature", "properties": { "u": 415, "v": 447, "weight": 141.42135623726062 }, "geometry": { "type": "LineString", "coordinates": [ [ -0.092507865796758, 51.503488925231601 ], [ -0.090472941027553, 51.503438425968014 ] ] } },
{ "type": "Feature", "properties": { "u": 415, "v": 416, "weight": 141.42135623749346 }, "geometry": { "type": "LineString", "coordinates": [ [ -0.092507865796758, 51.503488925231601 ], [ -0.092426974769472, 51.504758908061802 ] ] } },
{ "type": "Feature", "properties": { "u": 416, "v": 448, "weight": 141.42135623726062 }, "geometry": { "type": "LineString", "coordinates": [ [ -0.092426974769472, 51.504758908061802 ], [ -0.090391993580171, 51.504708406515213 ] ] } },
{ "type": "Feature", "properties": { "u": 416, "v": 417, "weight": 141.42135623749346 }, "geometry": { "type": "LineString", "coordinates": [ [ -0.092426974769472, 51.504758908061802 ], [ -0.092346077818813, 51.50602889052449 ] ] } },
{ "type": "Feature", "properties": { "u": 417, "v": 449, "weight": 141.42135623726062 }, "geometry": { "type": "LineString", "coordinates": [ [ -0.092346077818813, 51.50602889052449 ], [ -0.090311040205303, 51.505978386694743 ] ] } },
{ "type": "Feature", "properties": { "u": 417, "v": 418, "weight": 141.42135623749346 }, "geometry": { "type": "LineString", "coordinates": [ [ -0.092346077818813, 51.50602889052449 ], [ -0.092265174944212, 51.507298872619643 ] ] } },
{ "type": "Feature", "properties": { "u": 418, "v": 450, "weight": 141.42135623726062 }, "geometry": { "type": "LineString", "coordinates": [ [ -0.092265174944212, 51.507298872619643 ], [ -0.090230080902377, 51.50724836650663 ] ] } },
{ "type": "Feature", "properties": { "u": 418, "v": 419, "weight": 141.42135623656213 }, "geometry": { "type": "LineString", "coordinates": [ [ -0.092265174944212, 51.507298872619643 ], [ -0.092184266145097, 51.508568854347253 ] ] } },
{ "type": "Feature", "properties": { "u": 419, "v": 451, "weight": 141.42135623726062 }, "geometry": { "type": "LineString", "coordinates": [ [ -0.092184266145097, 51.508568854347253 ], [ -0.09014911567082, 51.50851834595084 ] ] } },
{ "type": "Feature", "properties": { "u": 419, "v": 420, "weight": 141.42135623749346 }, "geometry": { "type": "LineString", "coordinates": [ [ -0.092184266145097, 51.508568854347253 ], [ -0.092103351420892, 51.509838835707335 ] ] } },
{ "type": "Feature", "properties": { "u": 420, "v": 452, "weight": 141.42135623726062 }, "geometry": { "type": "LineString", "coordinates": [ [ -0.092103351420892, 51.509838835707335 ], [ -0.090068144510058, 51.509788325027394 ] ] } },
{ "type": "Feature", "properties": { "u": 420, "v": 421, "weight": 141.42135623749346 }, "geometry": { "type": "LineString", "coordinates": [ [ -0.092103351420892, 51.509838835707335 ], [ -0.092022430771027, 51.511108816699874 ] ] } },
{ "type": "Feature", "properties": { "u": 421, "v": 453, "weight": 141.42135623726062 }, "geometry": { "type": "LineString", "coordinates": [ [ -0.092022430771027, 51.511108816699874 ], [ -0.089987167419518, 51.511058303736277 ] ] } },
{ "type": "Feature", "properties": { "u": 421, "v": 422, "weight": 141.42135623749346 }, "geometry": { "type": "LineString", "coordinates": [ [ -0.092022430771027, 51.511108816699874 ], [ -0.091941504194928, 51.512378797324857 ] ] } },
{ "type": "Feature", "properties": { "u": 422, "v": 454, "weight": 141.42135623726062 }, "geometry": { "type": "LineString", "coordinates": [ [ -0.091941504194928, 51.512378797324857 ], [ -0.089906184398628, 51.512328282077497 ] ] } },
{ "type": "Feature", "properties": { "u": 422, "v": 423, "weight": 141.42135623749346 }, "geometry": { "type": "LineString", "coordinates": [ [ -0.091941504194928, 51.512378797324857 ], [ -0.091860571692024, 51.513648777582276 ] ] } },
{ "type": "Feature", "properties": { "u": 423, "v": 455, "weight": 141.42135623726062 }, "geometry": { "type": "LineString", "coordinates": [ [ -0.091860571692024, 51.513648777582276 ], [ -0.089825195446814, 51.513598260050998 ] ] } },
{ "type": "Feature", "properties": { "u": 423, "v": 424, "weight": 141.42135623656213 }, "geometry": { "type": "LineString", "coordinates": [ [ -0.091860571692024, 51.513648777582276 ], [ -0.09177963326174, 51.514918757472117 ] ] } },
{ "type": "Feature", "properties": { "u": 424, "v": 456, "weight": 141.42135623726062 }, "geometry": { "type": "LineString", "coordinates": [ [ -0.09177963326174, 51.514918757472117 ], [ -0.089744200563503, 51.514868237656813 ] ] } },
{ "type": "Feature", "properties": { "u": 424, "v": 425, "weight": 141.42135623749346 }, "geometry": { "type": "LineString", "coordinates": [ [ -0.09177963326174, 51.514918757472117 ], [ -0.091698688903503, 51.516188736994401 ] ] } },
{ "type": "Feature", "properties": { "u": 425, "v": 457, "weight": 141.42135623726062 }, "geometry": { "type": "LineString", "coordinates": [ [ -0.091698688903503, 51.516188736994401 ], [ -0.089663199748121, 51.516138214894944 ] ] } },
{ "type": "Feature", "properties": { "u": 425, "v": 426, "weight": 141.42135623749346 }, "geometry": { "type": "LineString", "coordinates": [ [ -0.091698688903503, 51.516188736994401 ], [ -0.091617738616742, 51.517458716149122 ] ] } },
{ "type": "Feature", "properties": { "u": 426, "v": 458, "weight": 141.42135623726062 }, "geometry": { "type": "LineString", "coordinates": [ [ -0.091617738616742, 51.517458716149122 ], [ -0.089582193000095, 51.517408191765362 ] ] } },
{ "type": "Feature", "properties": { "u": 426, "v": 427, "weight": 141.42135623749346 }, "geometry": { "type": "LineString", "coordinates": [ [ -0.091617738616742, 51.517458716149122 ], [ -0.091536782400883, 51.518728694936229 ] ] } },
{ "type": "Feature", "properties": { "u": 427, "v": 459, "weight": 141.42135623726062 }, "geometry": { "type": "LineString", "coordinates": [ [ -0.091536782400883, 51.518728694936229 ], [ -0.089501180318853, 51.518678168268067 ] ] } },
{ "type": "Feature", "properties": { "u": 427, "v": 428, "weight": 141.42135623749346 }, "geometry": { "type": "LineString", "coordinates": [ [ -0.091536782400883, 51.518728694936229 ], [ -0.091455820255351, 51.519998673355765 ] ] } },
{ "type": "Feature", "properties": { "u": 428, "v": 460, "weight": 141.42135623726062 }, "geometry": { "type": "LineString", "coordinates": [ [ -0.091455820255351, 51.519998673355765 ], [ -0.089420161703818, 51.519948144403067 ] ] } },
{ "type": "Feature", "properties": { "u": 429, "v": 461, "weight": 141.42135623737704 }, "geometry": { "type": "LineString", "coordinates": [ [ -0.091928982132968, 51.480578713257891 ], [ -0.089895078138826, 51.48052821982948 ] ] } },
{ "type": "Feature", "properties": { "u": 429, "v": 430, "weight": 141.42135623749346 }, "geometry": { "type": "LineString", "coordinates": [ [ -0.091928982132968, 51.480578713257891 ], [ -0.091848141282459, 51.481848700421679 ] ] } },
{ "type": "Feature", "properties": { "u": 430, "v": 462, "weight": 141.42135623737704 }, "geometry": { "type": "LineString", "coordinates": [ [ -0.091848141282459, 51.481848700421679 ], [ -0.089814180942799, 51.481798204710941 ] ] } },
{ "type": "Feature", "properties": { "u": 430, "v": 431, "weight": 141.42135623656213 }, "geometry": { "type": "LineString", "coordinates": [ [ -0.091848141282459, 51.481848700421679 ], [ -0.091767294514761, 51.483118687217939 ] ] } },
{ "type": "Feature", "properties": { "u": 431, "v": 463, "weight": 141.42135623737704 }, "geometry": { "type": "LineString", "coordinates": [ [ -0.091767294514761, 51.483118687217939 ], [ -0.089733277825477, 51.483068189224717 ] ] } },
{ "type": "Feature", "properties": { "u": 431, "v": 432, "weight": 141.42135623749346 }, "geometry": { "type": "LineString", "coordinates": [ [ -0.091767294514761, 51.483118687217939 ], [ -0.091686441829304, 51.484388673646649 ] ] } },
{ "type": "Feature", "properties": { "u": 432, "v": 464, "weight": 141.42135623737704 }, "geometry": { "type": "LineString", "coordinates": [ [ -0.091686441829304, 51.484388673646649 ], [ -0.089652368786288, 51.484338173370851 ] ] } },
{ "type": "Feature", "properties": { "u": 432, "v": 433, "weight": 141.42135623749346 }, "geometry": { "type": "LineString", "coordinates": [ [ -0.091686441829304, 51.484388673646649 ], [ -0.091605583225518, 51.485658659707809 ] ] } },
{ "type": "Feature", "properties": { "u": 433, "v": 465, "weight": 141.42135623737704 }, "geometry": { "type": "LineString", "coordinates": [ [ -0.091605583225518, 51.485658659707809 ], [ -0.089571453824658, 51.485608157149294 ] ] } },
{ "type": "Feature", "properties": { "u": 433, "v": 434, "weight": 141.42135623749346 }, "geometry": { "type": "LineString", "coordinates": [ [ -0.091605583225518, 51.485658659707809 ], [ -0.091524718702829, 51.486928645401427 ] ] } },
{ "type": "Feature", "properties": { "u": 434, "v": 466, "weight": 141.42135623737704 }, "geometry": { "type": "LineString", "coordinates": [ [ -0.091524718702829, 51.486928645401427 ], [ -0.089490532940018, 51.486878140560073 ] ] } },
{ "type": "Feature", "properties": { "u": 434, "v": 435, "weight": 141.42135623749346 }, "geometry": { "type": "LineString", "coordinates": [ [ -0.091524718702829, 51.486928645401427 ], [ -0.091443848260666, 51.488198630727474 ] ] } },
{ "type": "Feature", "properties": { "u": 435, "v": 467, "weight": 141.42135623737704 }, "geometry": { "type": "LineString", "coordinates": [ [ -0.091443848260666, 51.488198630727474 ], [ -0.089409606131794, 51.488148123603153 ] ] } },
{ "type": "Feature", "properties": { "u": 435, "v": 436, "weight": 141.42135623656213 }, "geometry": { "type": "LineString", "coordinates": [ [ -0.091443848260666, 51.488198630727474 ], [ -0.091362971898458, 51.489468615685958 ] ] } },
{ "type": "Feature", "properties": { "u": 436, "v": 468, "weight": 141.42135623737704 }, "geometry": { "type": "LineString", "coordinates": [ [ -0.091362971898458, 51.489468615685958 ], [ -0.089328673399415, 51.489418106278528 ] ] } },
{ "type": "Feature", "properties": { "u": 436, "v": 437, "weight": 141.42135623749346 }, "geometry": { "type": "LineString", "coordinates": [ [ -0.091362971898458, 51.489468615685958 ], [ -0.091282089615632, 51.490738600276863 ] ] } },
{ "type": "Feature", "properties": { "u": 437, "v": 469, "weight": 141.42135623737704 }, "geometry": { "type": "LineString", "coordinates": [ [ -0.091282089615632, 51.490738600276863 ], [ -0.089247734742308, 51.490688088586218 ] ] } },
{ "type": "Feature", "properties": { "u": 437, "v": 438, "weight": 141.42135623749346 }, "geometry": { "type": "LineString", "coordinates": [ [ -0.091282089615632, 51.490738600276863 ], [ -0.091201201411617, 51.492008584500191 ] ] } },
{ "type": "Feature", "properties": { "u": 438, "v": 470, "weight": 141.42135623737704 }, "geometry": { "type": "LineString", "coordinates": [ [ -0.091201201411617, 51.492008584500191 ], [ -0.089166790159901, 51.491958070526181 ] ] } },
{ "type": "Feature", "properties": { "u": 438, "v": 439, "weight": 141.42135623749346 }, "geometry": { "type": "LineString", "coordinates": [ [ -0.091201201411617, 51.492008584500191 ], [ -0.091120307285841, 51.49327856835594 ] ] } },
{ "type": "Feature", "properties": { "u": 439, "v": 471, "weight": 141.42135623737704 }, "geometry": { "type": "LineString", "coordinates": [ [ -0.091120307285841, 51.49327856835594 ], [ -0.089085839651621, 51.493228052098466 ] ] } },
{ "type": "Feature", "properties": { "u": 439, "v": 440, "weight": 141.42135623749346 }, "geometry": { "type": "LineString", "coordinates": [ [ -0.091120307285841, 51.49327856835594 ], [ -0.09103940723773, 51.494548551844083 ] ] } },
{ "type": "Feature", "properties": { "u": 440, "v": 472, "weight": 141.42135623737704 }, "geometry": { "type": "LineString", "coordinates": [ [ -0.09103940723773, 51.494548551844083 ], [ -0.089004883216897, 51.49449803330301 ] ] } },
{ "type": "Feature", "properties": { "u": 440, "v": 441, "weight": 141.42135623656213 }, "geometry": { "type": "LineString", "coordinates": [ [ -0.09103940723773, 51.494548551844083 ], [ -0.090958501266715, 51.495818534964627 ] ] } },
{ "type": "Feature", "properties": { "u": 441, "v": 473, "weight": 141.42135623737704 }, "geometry": { "type": "LineString", "coordinates": [ [ -0.090958501266715, 51.495818534964627 ], [ -0.088923920855154, 51.495768014139841 ] ] } },
{ "type": "Feature", "properties": { "u": 441, "v": 442, "weight": 141.42135623749346 }, "geometry": { "type": "LineString", "coordinates": [ [ -0.090958501266715, 51.495818534964627 ], [ -0.090877589372222, 51.497088517717579 ] ] } },
{ "type": "Feature", "properties": { "u": 442, "v": 474, "weight": 141.42135623737704 }, "geometry": { "type": "LineString", "coordinates": [ [ -0.090877589372222, 51.497088517717579 ], [ -0.088842952565822, 51.497037994608938 ] ] } },
{ "type": "Feature", "properties": { "u": 442, "v": 443, "weight": 141.42135623749346 }, "geometry": { "type": "LineString", "coordinates": [ [ -0.090877589372222, 51.497088517717579 ], [ -0.090796671553678, 51.498358500102917 ] ] } },
{ "type": "Feature", "properties": { "u": 443, "v": 475, "weight": 141.42135623737704 }, "geometry": { "type": "LineString", "coordinates": [ [ -0.090796671553678, 51.498358500102917 ], [ -0.088761978348326, 51.498307974710286 ] ] } },
{ "type": "Feature", "properties": { "u": 443, "v": 444, "weight": 141.42135623749346 }, "geometry": { "type": "LineString", "coordinates": [ [ -0.090796671553678, 51.498358500102917 ], [ -0.090715747810511, 51.499628482120634 ] ] } },
{ "type": "Feature", "properties": { "u": 444, "v": 476, "weight": 141.42135623737704 }, "geometry": { "type": "LineString", "coordinates": [ [ -0.090715747810511, 51.499628482120634 ], [ -0.088680998202094, 51.499577954443907 ] ] } },
{ "type": "Feature", "properties": { "u": 444, "v": 445, "weight": 141.42135623749346 }, "geometry": { "type": "LineString", "coordinates": [ [ -0.090715747810511, 51.499628482120634 ], [ -0.09063481814215, 51.500898463770724 ] ] } },
{ "type": "Feature", "properties": { "u": 445, "v": 477, "weight": 141.42135623737704 }, "geometry": { "type": "LineString", "coordinates": [ [ -0.09063481814215, 51.500898463770724 ], [ -0.088600012126554, 51.500847933809773 ] ] } },
{ "type": "Feature", "properties": { "u": 445, "v": 446, "weight": 141.42135623656213 }, "geometry": { "type": "LineString", "coordinates": [ [ -0.09063481814215, 51.500898463770724 ], [ -0.090553882548022, 51.502168445053186 ] ] } },
{ "type": "Feature", "properties": { "u": 446, "v": 478, "weight": 141.42135623737704 }, "geometry": { "type": "LineString", "coordinates": [ [ -0.090553882548022, 51.502168445053186 ], [ -0.088519020121133, 51.502117912807876 ] ] } },
{ "type": "Feature", "properties": { "u": 446, "v": 447, "weight": 141.42135623749346 }, "geometry": { "type": "LineString", "coordinates": [ [ -0.090553882548022, 51.502168445053186 ], [ -0.090472941027553, 51.503438425968014 ] ] } },
{ "type": "Feature", "properties": { "u": 447, "v": 479, "weight": 141.42135623737704 }, "geometry": { "type": "LineString", "coordinates": [ [ -0.090472941027553, 51.503438425968014 ], [ -0.088438022185257, 51.503387891438209 ] ] } },
{ "type": "Feature", "properties": { "u": 447, "v": 448, "weight": 141.42135623749346 }, "geometry": { "type": "LineString", "coordinates": [ [ -0.090472941027553, 51.503438425968014 ], [ -0.090391993580171, 51.504708406515213 ] ] } },
{ "type": "Feature", "properties": { "u": 448, "v": 480, "weight": 141.42135623737704 }, "geometry": { "type": "LineString", "coordinates": [ [ -0.090391993580171, 51.504708406515213 ], [ -0.088357018318354, 51.504657869700793 ] ] } },
{ "type": "Feature", "properties": { "u": 448, "v": 449, "weight": 141.42135623749346 }, "geometry": { "type": "LineString", "coordinates": [ [ -0.090391993580171, 51.504708406515213 ], [ -0.090311040205303, 51.505978386694743 ] ] } },
{ "type": "Feature", "properties": { "u": 449, "v": 481, "weight": 141.42135623737704 }, "geometry": { "type": "LineString", "coordinates": [ [ -0.090311040205303, 51.505978386694743 ], [ -0.08827600851985, 51.505927847595594 ] ] } },
{ "type": "Feature", "properties": { "u": 449, "v": 450, "weight": 141.42135623749346 }, "geometry": { "type": "LineString", "coordinates": [ [ -0.090311040205303, 51.505978386694743 ], [ -0.090230080902377, 51.50724836650663 ] ] } },
{ "type": "Feature", "properties": { "u": 450, "v": 482, "weight": 141.42135623737704 }, "geometry": { "type": "LineString", "coordinates": [ [ -0.090230080902377, 51.50724836650663 ], [ -0.088194992789171, 51.507197825122617 ] ] } },
{ "type": "Feature", "properties": { "u": 450, "v": 451, "weight": 141.42135623656213 }, "geometry": { "type": "LineString", "coordinates": [ [ -0.090230080902377, 51.50724836650663 ], [ -0.09014911567082, 51.50851834595084 ] ] } },
{ "type": "Feature", "properties": { "u": 451, "v": 483, "weight": 141.42135623737704 }, "geometry": { "type": "LineString", "coordinates": [ [ -0.09014911567082, 51.50851834595084 ], [ -0.088113971125745, 51.508467802281842 ] ] } },
{ "type": "Feature", "properties": { "u": 451, "v": 452, "weight": 141.42135623749346 }, "geometry": { "type": "LineString", "coordinates": [ [ -0.09014911567082, 51.50851834595084 ], [ -0.090068144510058, 51.509788325027394 ] ] } },
{ "type": "Feature", "properties": { "u": 452, "v": 484, "weight": 141.42135623737704 }, "geometry": { "type": "LineString", "coordinates": [ [ -0.090068144510058, 51.509788325027394 ], [ -0.088032943528999, 51.509737779073284 ] ] } },
{ "type": "Feature", "properties": { "u": 452, "v": 453, "weight": 141.42135623749346 }, "geometry": { "type": "LineString", "coordinates": [ [ -0.090068144510058, 51.509788325027394 ], [ -0.089987167419518, 51.511058303736277 ] ] } },
{ "type": "Feature", "properties": { "u": 453, "v": 485, "weight": 141.42135623737704 }, "geometry": { "type": "LineString", "coordinates": [ [ -0.089987167419518, 51.511058303736277 ], [ -0.087951909998358, 51.511007755496934 ] ] } },
{ "type": "Feature", "properties": { "u": 453, "v": 454, "weight": 141.42135623749346 }, "geometry": { "type": "LineString", "coordinates": [ [ -0.089987167419518, 51.511058303736277 ], [ -0.089906184398628, 51.512328282077497 ] ] } },
{ "type": "Feature", "properties": { "u": 454, "v": 486, "weight": 141.42135623737704 }, "geometry": { "type": "LineString", "coordinates": [ [ -0.089906184398628, 51.512328282077497 ], [ -0.08787087053325, 51.512277731552764 ] ] } },
{ "type": "Feature", "properties": { "u": 454, "v": 455, "weight": 141.42135623749346 }, "geometry": { "type": "LineString", "coordinates": [ [ -0.089906184398628, 51.512328282077497 ], [ -0.089825195446814, 51.513598260050998 ] ] } },
{ "type": "Feature", "properties": { "u": 455, "v": 487, "weight": 141.42135623737704 }, "geometry": { "type": "LineString", "coordinates": [ [ -0.089825195446814, 51.513598260050998 ], [ -0.0877898251331, 51.513547707240789 ] ] } },
{ "type": "Feature", "properties": { "u": 455, "v": 456, "weight": 141.42135623656213 }, "geometry": { "type": "LineString", "coordinates": [ [ -0.089825195446814, 51.513598260050998 ], [ -0.089744200563503, 51.514868237656813 ] ] } },
{ "type": "Feature", "properties": { "u": 456, "v": 488, "weight": 141.42135623737704 }, "geometry": { "type": "LineString", "coordinates": [ [ -0.089744200563503, 51.514868237656813 ], [ -0.087708773797336, 51.514817682560981 ] ] } },
{ "type": "Feature", "properties": { "u": 456, "v": 457, "weight": 141.42135623749346 }, "geometry": { "type": "LineString", "coordinates": [ [ -0.089744200563503, 51.514868237656813 ], [ -0.089663199748121, 51.516138214894944 ] ] } },
{ "type": "Feature", "properties": { "u": 457, "v": 489, "weight": 141.42135623737704 }, "geometry": { "type": "LineString", "coordinates": [ [ -0.089663199748121, 51.516138214894944 ], [ -0.087627716525382, 51.51608765751336 ] ] } },
{ "type": "Feature", "properties": { "u": 457, "v": 458, "weight": 141.42135623749346 }, "geometry": { "type": "LineString", "coordinates": [ [ -0.089663199748121, 51.516138214894944 ], [ -0.089582193000095, 51.517408191765362 ] ] } },
{ "type": "Feature", "properties": { "u": 458, "v": 490, "weight": 141.42135623737704 }, "geometry": { "type": "LineString", "coordinates": [ [ -0.089582193000095, 51.517408191765362 ], [ -0.087546653316664, 51.517357632097912 ] ] } },
{ "type": "Feature", "properties": { "u": 458, "v": 459, "weight": 141.42135623749346 }, "geometry": { "type": "LineString", "coordinates": [ [ -0.089582193000095, 51.517408191765362 ], [ -0.089501180318853, 51.518678168268067 ] ] } },
{ "type": "Feature", "properties": { "u": 459, "v": 491, "weight": 141.42135623737704 }, "geometry": { "type": "LineString", "coordinates": [ [ -0.089501180318853, 51.518678168268067 ], [ -0.087465584170611, 51.518627606314617 ] ] } },
{ "type": "Feature", "properties": { "u": 459, "v": 460, "weight": 141.42135623749346 }, "geometry": { "type": "LineString", "coordinates": [ [ -0.089501180318853, 51.518678168268067 ], [ -0.089420161703818, 51.519948144403067 ] ] } },
{ "type": "Feature", "properties": { "u": 460, "v": 492, "weight": 141.42135623737704 }, "geometry": { "type": "LineString", "coordinates": [ [ -0.089420161703818, 51.519948144403067 ], [ -0.087384509086649, 51.51989758016348 ] ] } },
{ "type": "Feature", "properties": { "u": 461, "v": 493, "weight": 141.42135623726062 }, "geometry": { "type": "LineString", "coordinates": [ [ -0.089895078138826, 51.48052821982948 ], [ -0.08786118006541, 51.480477691163678 ] ] } },
{ "type": "Feature", "properties": { "u": 461, "v": 462, "weight": 141.42135623749346 }, "geometry": { "type": "LineString", "coordinates": [ [ -0.089895078138826, 51.48052821982948 ], [ -0.089814180942799, 51.481798204710941 ] ] } },
{ "type": "Feature", "properties": { "u": 462, "v": 494, "weight": 141.42135623726062 }, "geometry": { "type": "LineString", "coordinates": [ [ -0.089814180942799, 51.481798204710941 ], [ -0.087780226524438, 51.481747673761205 ] ] } },
{ "type": "Feature", "properties": { "u": 462, "v": 463, "weight": 141.42135623656213 }, "geometry": { "type": "LineString", "coordinates": [ [ -0.089814180942799, 51.481798204710941 ], [ -0.089733277825477, 51.483068189224717 ] ] } },
{ "type": "Feature", "properties": { "u": 463, "v": 495, "weight": 141.42135623726062 }, "geometry": { "type": "LineString", "coordinates": [ [ -0.089733277825477, 51.483068189224717 ], [ -0.087699267058063, 51.483017655990942 ] ] } },
{ "type": "Feature", "properties": { "u": 463, "v": 464, "weight": 141.42135623749346 }, "geometry": { "type": "LineString", "coordinates": [ [ -0.089733277825477, 51.483068189224717 ], [ -0.089652368786288, 51.484338173370851 ] ] } },
{ "type": "Feature", "properties": { "u": 464, "v": 496, "weight": 141.42135623726062 }, "geometry": { "type": "LineString", "coordinates": [ [ -0.089652368786288, 51.484338173370851 ], [ -0.087618301665711, 51.484287637852894 ] ] } },
{ "type": "Feature", "properties": { "u": 464, "v": 465, "weight": 141.42135623749346 }, "geometry": { "type": "LineString", "coordinates": [ [ -0.089652368786288, 51.484338173370851 ], [ -0.089571453824658, 51.485608157149294 ] ] } },
{ "type": "Feature", "properties": { "u": 465, "v": 497, "weight": 141.42135623726062 }, "geometry": { "type": "LineString", "coordinates": [ [ -0.089571453824658, 51.485608157149294 ], [ -0.087537330346812, 51.485557619347034 ] ] } },
{ "type": "Feature", "properties": { "u": 465, "v": 466, "weight": 141.42135623749346 }, "geometry": { "type": "LineString", "coordinates": [ [ -0.089571453824658, 51.485608157149294 ], [ -0.089490532940018, 51.486878140560073 ] ] } },
{ "type": "Feature", "properties": { "u": 466, "v": 498, "weight": 141.42135623726062 }, "geometry": { "type": "LineString", "coordinates": [ [ -0.089490532940018, 51.486878140560073 ], [ -0.087456353100793, 51.486827600473383 ] ] } },
{ "type": "Feature", "properties": { "u": 466, "v": 467, "weight": 141.42135623749346 }, "geometry": { "type": "LineString", "coordinates": [ [ -0.089490532940018, 51.486878140560073 ], [ -0.089409606131794, 51.488148123603153 ] ] } },
{ "type": "Feature", "properties": { "u": 467, "v": 499, "weight": 141.42135623726062 }, "geometry": { "type": "LineString", "coordinates": [ [ -0.089409606131794, 51.488148123603153 ], [ -0.08737536992708, 51.488097581231891 ] ] } },
{ "type": "Feature", "properties": { "u": 467, "v": 468, "weight": 141.42135623656213 }, "geometry": { "type": "LineString", "coordinates": [ [ -0.089409606131794, 51.488148123603153 ], [ -0.089328673399415, 51.489418106278528 ] ] } },
{ "type": "Feature", "properties": { "u": 468, "v": 500, "weight": 141.42135623726062 }, "geometry": { "type": "LineString", "coordinates": [ [ -0.089328673399415, 51.489418106278528 ], [ -0.087294380825103, 51.489367561622593 ] ] } },
{ "type": "Feature", "properties": { "u": 468, "v": 469, "weight": 141.42135623749346 }, "geometry": { "type": "LineString", "coordinates": [ [ -0.089328673399415, 51.489418106278528 ], [ -0.089247734742308, 51.490688088586218 ] ] } },
{ "type": "Feature", "properties": { "u": 469, "v": 501, "weight": 141.42135623726062 }, "geometry": { "type": "LineString", "coordinates": [ [ -0.089247734742308, 51.490688088586218 ], [ -0.087213385794286, 51.490637541645476 ] ] } },
{ "type": "Feature", "properties": { "u": 469, "v": 470, "weight": 141.42135623749346 }, "geometry": { "type": "LineString", "coordinates": [ [ -0.089247734742308, 51.490688088586218 ], [ -0.089166790159901, 51.491958070526181 ] ] } },
{ "type": "Feature", "properties": { "u": 470, "v": 502, "weight": 141.42135623726062 }, "geometry": { "type": "LineString", "coordinates": [ [ -0.089166790159901, 51.491958070526181 ], [ -0.08713238483406, 51.491907521300512 ] ] } },
{ "type": "Feature", "properties": { "u": 470, "v": 471, "weight": 141.42135623749346 }, "geometry": { "type": "LineString", "coordinates": [ [ -0.089166790159901, 51.491958070526181 ], [ -0.089085839651621, 51.493228052098466 ] ] } },
{ "type": "Feature", "properties": { "u": 471, "v": 503, "weight": 141.42135623726062 }, "geometry": { "type": "LineString", "coordinates": [ [ -0.089085839651621, 51.493228052098466 ], [ -0.087051377943849, 51.493177500587727 ] ] } },
{ "type": "Feature", "properties": { "u": 471, "v": 472, "weight": 141.42135623749346 }, "geometry": { "type": "LineString", "coordinates": [ [ -0.089085839651621, 51.493228052098466 ], [ -0.089004883216897, 51.49449803330301 ] ] } },
{ "type": "Feature", "properties": { "u": 472, "v": 504, "weight": 141.42135623726062 }, "geometry": { "type": "LineString", "coordinates": [ [ -0.089004883216897, 51.49449803330301 ], [ -0.086970365123082, 51.494447479507095 ] ] } },
{ "type": "Feature", "properties": { "u": 472, "v": 473, "weight": 141.42135623656213 }, "geometry": { "type": "LineString", "coordinates": [ [ -0.089004883216897, 51.49449803330301 ], [ -0.088923920855154, 51.495768014139841 ] ] } },
{ "type": "Feature", "properties": { "u": 473, "v": 505, "weight": 141.42135623726062 }, "geometry": { "type": "LineString", "coordinates": [ [ -0.088923920855154, 51.495768014139841 ], [ -0.086889346371185, 51.495717458058593 ] ] } },
{ "type": "Feature", "properties": { "u": 473, "v": 474, "weight": 141.42135623749346 }, "geometry": { "type": "LineString", "coordinates": [ [ -0.088923920855154, 51.495768014139841 ], [ -0.088842952565822, 51.497037994608938 ] ] } },
{ "type": "Feature", "properties": { "u": 474, "v": 506, "weight": 141.42135623726062 }, "geometry": { "type": "LineString", "coordinates": [ [ -0.088842952565822, 51.497037994608938 ], [ -0.086808321687586, 51.49698743624225 ] ] } },
{ "type": "Feature", "properties": { "u": 474, "v": 475, "weight": 141.42135623749346 }, "geometry": { "type": "LineString", "coordinates": [ [ -0.088842952565822, 51.497037994608938 ], [ -0.088761978348326, 51.498307974710286 ] ] } },
{ "type": "Feature", "properties": { "u": 475, "v": 507, "weight": 141.42135623726062 }, "geometry": { "type": "LineString", "coordinates": [ [ -0.088761978348326, 51.498307974710286 ], [ -0.086727291071712, 51.498257414058038 ] ] } },
{ "type": "Feature", "properties": { "u": 475, "v": 476, "weight": 141.42135623749346 }, "geometry": { "type": "LineString", "coordinates": [ [ -0.088761978348326, 51.498307974710286 ], [ -0.088680998202094, 51.499577954443907 ] ] } },
{ "type": "Feature", "properties": { "u": 476, "v": 508, "weight": 141.42135623726062 }, "geometry": { "type": "LineString", "coordinates": [ [ -0.088680998202094, 51.499577954443907 ], [ -0.086646254522988, 51.499527391505957 ] ] } },
{ "type": "Feature", "properties": { "u": 476, "v": 477, "weight": 141.42135623749346 }, "geometry": { "type": "LineString", "coordinates": [ [ -0.088680998202094, 51.499577954443907 ], [ -0.088600012126554, 51.500847933809773 ] ] } },
{ "type": "Feature", "properties": { "u": 477, "v": 509, "weight": 141.42135623726062 }, "geometry": { "type": "LineString", "coordinates": [ [ -0.088600012126554, 51.500847933809773 ], [ -0.086565212040843, 51.500797368585999 ] ] } },
{ "type": "Feature", "properties": { "u": 477, "v": 478, "weight": 141.42135623656213 }, "geometry": { "type": "LineString", "coordinates": [ [ -0.088600012126554, 51.500847933809773 ], [ -0.088519020121133, 51.502117912807876 ] ] } },
{ "type": "Feature", "properties": { "u": 478, "v": 510, "weight": 141.42135623726062 }, "geometry": { "type": "LineString", "coordinates": [ [ -0.088519020121133, 51.502117912807876 ], [ -0.086484163624702, 51.502067345298158 ] ] } },
{ "type": "Feature", "properties": { "u": 478, "v": 479, "weight": 141.42135623749346 }, "geometry": { "type": "LineString", "coordinates": [ [ -0.088519020121133, 51.502117912807876 ], [ -0.088438022185257, 51.503387891438209 ] ] } },
{ "type": "Feature", "properties": { "u": 479, "v": 511, "weight": 141.42135623726062 }, "geometry": { "type": "LineString", "coordinates": [ [ -0.088438022185257, 51.503387891438209 ], [ -0.086403109273992, 51.503337321642441 ] ] } },
{ "type": "Feature", "properties": { "u": 479, "v": 480, "weight": 141.42135623749346 }, "geometry": { "type": "LineString", "coordinates": [ [ -0.088438022185257, 51.503387891438209 ], [ -0.088357018318354, 51.504657869700793 ] ] } },
{ "type": "Feature", "properties": { "u": 480, "v": 512, "weight": 141.42135623726062 }, "geometry": { "type": "LineString", "coordinates": [ [ -0.088357018318354, 51.504657869700793 ], [ -0.086322048988141, 51.504607297618811 ] ] } },
{ "type": "Feature", "properties": { "u": 480, "v": 481, "weight": 141.42135623749346 }, "geometry": { "type": "LineString", "coordinates": [ [ -0.088357018318354, 51.504657869700793 ], [ -0.08827600851985, 51.505927847595594 ] ] } },
{ "type": "Feature", "properties": { "u": 481, "v": 513, "weight": 141.42135623726062 }, "geometry": { "type": "LineString", "coordinates": [ [ -0.08827600851985, 51.505927847595594 ], [ -0.086240982766573, 51.505877273227284 ] ] } },
{ "type": "Feature", "properties": { "u": 481, "v": 482, "weight": 141.42135623749346 }, "geometry": { "type": "LineString", "coordinates": [ [ -0.08827600851985, 51.505927847595594 ], [ -0.088194992789171, 51.507197825122617 ] ] } },
{ "type": "Feature", "properties": { "u": 482, "v": 514, "weight": 141.42135623726062 }, "geometry": { "type": "LineString", "coordinates": [ [ -0.088194992789171, 51.507197825122617 ], [ -0.086159910608715, 51.507147248467859 ] ] } },
{ "type": "Feature", "properties": { "u": 482, "v": 483, "weight": 141.42135623656213 }, "geometry": { "type": "LineString", "coordinates": [ [ -0.088194992789171, 51.507197825122617 ], [ -0.088113971125745, 51.508467802281842 ] ] } },
{ "type": "Feature", "properties": { "u": 483, "v": 515, "weight": 141.42135623726062 }, "geometry": { "type": "LineString", "coordinates": [ [ -0.088113971125745, 51.508467802281842 ], [ -0.086078832513994, 51.508417223340501 ] ] } },
{ "type": "Feature", "properties": { "u": 483, "v": 484, "weight": 141.42135623749346 }, "geometry": { "type": "LineString", "coordinates": [ [ -0.088113971125745, 51.508467802281842 ], [ -0.088032943528999, 51.509737779073284 ] ] } },
{ "type": "Feature", "properties": { "u": 484, "v": 516, "weight": 141.42135623726062 }, "geometry": { "type": "LineString", "coordinates": [ [ -0.088032943528999, 51.509737779073284 ], [ -0.085997748481837, 51.509687197845231 ] ] } },
{ "type": "Feature", "properties": { "u": 484, "v": 485, "weight": 141.42135623749346 }, "geometry": { "type": "LineString", "coordinates": [ [ -0.088032943528999, 51.509737779073284 ], [ -0.087951909998358, 51.511007755496934 ] ] } },
{ "type": "Feature", "properties": { "u": 485, "v": 517, "weight": 141.42135623726062 }, "geometry": { "type": "LineString", "coordinates": [ [ -0.087951909998358, 51.511007755496934 ], [ -0.085916658511668, 51.510957171982049 ] ] } },
{ "type": "Feature", "properties": { "u": 485, "v": 486, "weight": 141.42135623749346 }, "geometry": { "type": "LineString", "coordinates": [ [ -0.087951909998358, 51.511007755496934 ], [ -0.08787087053325, 51.512277731552764 ] ] } },
{ "type": "Feature", "properties": { "u": 486, "v": 518, "weight": 141.42135623726062 }, "geometry": { "type": "LineString", "coordinates": [ [ -0.08787087053325, 51.512277731552764 ], [ -0.085835562602915, 51.512227145750934 ] ] } },
{ "type": "Feature", "properties": { "u": 486, "v": 487, "weight": 141.42135623749346 }, "geometry": { "type": "LineString", "coordinates": [ [ -0.08787087053325, 51.512277731552764 ], [ -0.0877898251331, 51.513547707240789 ] ] } },
{ "type": "Feature", "properties": { "u": 487, "v": 519, "weight": 141.42135623726062 }, "geometry": { "type": "LineString", "coordinates": [ [ -0.0877898251331, 51.513547707240789 ], [ -0.085754460755003, 51.513497119151872 ] ] } },
{ "type": "Feature", "properties": { "u": 487, "v": 488, "weight": 141.42135623656213 }, "geometry": { "type": "LineString", "coordinates": [ [ -0.0877898251331, 51.513547707240789 ], [ -0.087708773797336, 51.514817682560981 ] ] } },
{ "type": "Feature", "properties": { "u": 488, "v": 520, "weight": 141.42135623726062 }, "geometry": { "type": "LineString", "coordinates": [ [ -0.087708773797336, 51.514817682560981 ], [ -0.085673352967359, 51.514767092184847 ] ] } },
{ "type": "Feature", "properties": { "u": 488, "v": 489, "weight": 141.42135623749346 }, "geometry": { "type": "LineString", "coordinates": [ [ -0.087708773797336, 51.514817682560981 ], [ -0.087627716525382, 51.51608765751336 ] ] } },
{ "type": "Feature", "properties": { "u": 489, "v": 521, "weight": 141.42135623726062 }, "geometry": { "type": "LineString", "coordinates": [ [ -0.087627716525382, 51.51608765751336 ], [ -0.085592239239406, 51.51603706484989 ] ] } },
{ "type": "Feature", "properties": { "u": 489, "v": 490, "weight": 141.42135623749346 }, "geometry": { "type": "LineString", "coordinates": [ [ -0.087627716525382, 51.51608765751336 ], [ -0.087546653316664, 51.517357632097912 ] ] } },
{ "type": "Feature", "properties": { "u": 490, "v": 522, "weight": 141.42135623726062 }, "geometry": { "type": "LineString", "coordinates": [ [ -0.087546653316664, 51.517357632097912 ], [ -0.085511119570573, 51.517307037146978 ] ] } },
{ "type": "Feature", "properties": { "u": 490, "v": 491, "weight": 141.42135623749346 }, "geometry": { "type": "LineString", "coordinates": [ [ -0.087546653316664, 51.517357632097912 ], [ -0.087465584170611, 51.518627606314617 ] ] } },
{ "type": "Feature", "properties": { "u": 491, "v": 523, "weight": 141.42135623726062 }, "geometry": { "type": "LineString", "coordinates": [ [ -0.087465584170611, 51.518627606314617 ], [ -0.085429993960285, 51.518577009076097 ] ] } },
{ "type": "Feature", "properties": { "u": 491, "v": 492, "weight": 141.42135623749346 }, "geometry": { "type": "LineString", "coordinates": [ [ -0.087465584170611, 51.518627606314617 ], [ -0.087384509086649, 51.51989758016348 ] ] } },
{ "type": "Feature", "properties": { "u": 492, "v": 524, "weight": 141.42135623726062 }, "geometry": { "type": "LineString", "coordinates": [ [ -0.087384509086649, 51.51989758016348 ], [ -0.085348862407966, 51.51984698063724 ] ] } },
{ "type": "Feature", "properties": { "u": 493, "v": 525, "weight": 141.42135623737704 }, "geometry": { "type": "LineString", "coordinates": [ [ -0.08786118006541, 51.480477691163678 ], [ -0.085827287916822, 51.480427127260718 ] ] } },
{ "type": "Feature", "properties": { "u": 493, "v": 494, "weight": 141.42135623749346 }, "geometry": { "type": "LineString", "coordinates": [ [ -0.08786118006541, 51.480477691163678 ], [ -0.087780226524438, 51.481747673761205 ] ] } },
{ "type": "Feature", "properties": { "u": 494, "v": 526, "weight": 141.42135623737704 }, "geometry": { "type": "LineString", "coordinates": [ [ -0.087780226524438, 51.481747673761205 ], [ -0.085746278031478, 51.481697107572742 ] ] } },
{ "type": "Feature", "properties": { "u": 494, "v": 495, "weight": 141.42135623656213 }, "geometry": { "type": "LineString", "coordinates": [ [ -0.087780226524438, 51.481747673761205 ], [ -0.087699267058063, 51.483017655990942 ] ] } },
{ "type": "Feature", "properties": { "u": 495, "v": 527, "weight": 141.42135623737704 }, "geometry": { "type": "LineString", "coordinates": [ [ -0.087699267058063, 51.483017655990942 ], [ -0.085665262216621, 51.48296708751684 ] ] } },
{ "type": "Feature", "properties": { "u": 495, "v": 496, "weight": 141.42135623749346 }, "geometry": { "type": "LineString", "coordinates": [ [ -0.087699267058063, 51.483017655990942 ], [ -0.087618301665711, 51.484287637852894 ] ] } },
{ "type": "Feature", "properties": { "u": 496, "v": 528, "weight": 141.42135623737704 }, "geometry": { "type": "LineString", "coordinates": [ [ -0.087618301665711, 51.484287637852894 ], [ -0.085584240471681, 51.484237067093012 ] ] } },
{ "type": "Feature", "properties": { "u": 496, "v": 497, "weight": 141.42135623749346 }, "geometry": { "type": "LineString", "coordinates": [ [ -0.087618301665711, 51.484287637852894 ], [ -0.087537330346812, 51.485557619347034 ] ] } },
{ "type": "Feature", "properties": { "u": 497, "v": 529, "weight": 141.42135623737704 }, "geometry": { "type": "LineString", "coordinates": [ [ -0.087537330346812, 51.485557619347034 ], [ -0.085503212796085, 51.485507046301265 ] ] } },
{ "type": "Feature", "properties": { "u": 497, "v": 498, "weight": 141.42135623749346 }, "geometry": { "type": "LineString", "coordinates": [ [ -0.087537330346812, 51.485557619347034 ], [ -0.087456353100793, 51.486827600473383 ] ] } },
{ "type": "Feature", "properties": { "u": 498, "v": 530, "weight": 141.42135623737704 }, "geometry": { "type": "LineString", "coordinates": [ [ -0.087456353100793, 51.486827600473383 ], [ -0.085422179189259, 51.486777025141578 ] ] } },
{ "type": "Feature", "properties": { "u": 498, "v": 499, "weight": 141.42135623749346 }, "geometry": { "type": "LineString", "coordinates": [ [ -0.087456353100793, 51.486827600473383 ], [ -0.08737536992708, 51.488097581231891 ] ] } },
{ "type": "Feature", "properties": { "u": 499, "v": 531, "weight": 141.42135623737704 }, "geometry": { "type": "LineString", "coordinates": [ [ -0.08737536992708, 51.488097581231891 ], [ -0.085341139650629, 51.488047003613971 ] ] } },
{ "type": "Feature", "properties": { "u": 499, "v": 500, "weight": 141.42135623656213 }, "geometry": { "type": "LineString", "coordinates": [ [ -0.08737536992708, 51.488097581231891 ], [ -0.087294380825103, 51.489367561622593 ] ] } },
{ "type": "Feature", "properties": { "u": 500, "v": 532, "weight": 141.42135623737704 }, "geometry": { "type": "LineString", "coordinates": [ [ -0.087294380825103, 51.489367561622593 ], [ -0.085260094179626, 51.489316981718396 ] ] } },
{ "type": "Feature", "properties": { "u": 500, "v": 501, "weight": 141.42135623749346 }, "geometry": { "type": "LineString", "coordinates": [ [ -0.087294380825103, 51.489367561622593 ], [ -0.087213385794286, 51.490637541645476 ] ] } },
{ "type": "Feature", "properties": { "u": 501, "v": 533, "weight": 141.42135623737704 }, "geometry": { "type": "LineString", "coordinates": [ [ -0.087213385794286, 51.490637541645476 ], [ -0.085179042775673, 51.490586959454873 ] ] } },
{ "type": "Feature", "properties": { "u": 501, "v": 502, "weight": 141.42135623749346 }, "geometry": { "type": "LineString", "coordinates": [ [ -0.087213385794286, 51.490637541645476 ], [ -0.08713238483406, 51.491907521300512 ] ] } },
{ "type": "Feature", "properties": { "u": 502, "v": 534, "weight": 141.42135623737704 }, "geometry": { "type": "LineString", "coordinates": [ [ -0.08713238483406, 51.491907521300512 ], [ -0.0850979854382, 51.491856936823389 ] ] } },
{ "type": "Feature", "properties": { "u": 502, "v": 503, "weight": 141.42135623749346 }, "geometry": { "type": "LineString", "coordinates": [ [ -0.08713238483406, 51.491907521300512 ], [ -0.087051377943849, 51.493177500587727 ] ] } },
{ "type": "Feature", "properties": { "u": 503, "v": 535, "weight": 141.42135623737704 }, "geometry": { "type": "LineString", "coordinates": [ [ -0.087051377943849, 51.493177500587727 ], [ -0.085016922166632, 51.493126913823957 ] ] } },
{ "type": "Feature", "properties": { "u": 503, "v": 504, "weight": 141.42135623749346 }, "geometry": { "type": "LineString", "coordinates": [ [ -0.087051377943849, 51.493177500587727 ], [ -0.086970365123082, 51.494447479507095 ] ] } },
{ "type": "Feature", "properties": { "u": 504, "v": 536, "weight": 141.42135623737704 }, "geometry": { "type": "LineString", "coordinates": [ [ -0.086970365123082, 51.494447479507095 ], [ -0.084935852960395, 51.494396890456542 ] ] } },
{ "type": "Feature", "properties": { "u": 504, "v": 505, "weight": 141.42135623656213 }, "geometry": { "type": "LineString", "coordinates": [ [ -0.086970365123082, 51.494447479507095 ], [ -0.086889346371185, 51.495717458058593 ] ] } },
{ "type": "Feature", "properties": { "u": 505, "v": 537, "weight": 141.42135623737704 }, "geometry": { "type": "LineString", "coordinates": [ [ -0.086889346371185, 51.495717458058593 ], [ -0.084854777818918, 51.49566686672113 ] ] } },
{ "type": "Feature", "properties": { "u": 505, "v": 506, "weight": 141.42135623749346 }, "geometry": { "type": "LineString", "coordinates": [ [ -0.086889346371185, 51.495717458058593 ], [ -0.086808321687586, 51.49698743624225 ] ] } },
{ "type": "Feature", "properties": { "u": 506, "v": 538, "weight": 141.42135623737704 }, "geometry": { "type": "LineString", "coordinates": [ [ -0.086808321687586, 51.49698743624225 ], [ -0.084773696741625, 51.496936842617757 ] ] } },
{ "type": "Feature", "properties": { "u": 506, "v": 507, "weight": 141.42135623749346 }, "geometry": { "type": "LineString", "coordinates": [ [ -0.086808321687586, 51.49698743624225 ], [ -0.086727291071712, 51.498257414058038 ] ] } },
{ "type": "Feature", "properties": { "u": 507, "v": 539, "weight": 141.42135623737704 }, "geometry": { "type": "LineString", "coordinates": [ [ -0.086727291071712, 51.498257414058038 ], [ -0.084692609727944, 51.4982068181464 ] ] } },
{ "type": "Feature", "properties": { "u": 507, "v": 508, "weight": 141.42135623749346 }, "geometry": { "type": "LineString", "coordinates": [ [ -0.086727291071712, 51.498257414058038 ], [ -0.086646254522988, 51.499527391505957 ] ] } },
{ "type": "Feature", "properties": { "u": 508, "v": 540, "weight": 141.42135623737704 }, "geometry": { "type": "LineString", "coordinates": [ [ -0.086646254522988, 51.499527391505957 ], [ -0.084611516777302, 51.499476793307039 ] ] } },
{ "type": "Feature", "properties": { "u": 508, "v": 509, "weight": 141.42135623749346 }, "geometry": { "type": "LineString", "coordinates": [ [ -0.086646254522988, 51.499527391505957 ], [ -0.086565212040843, 51.500797368585999 ] ] } },
{ "type": "Feature", "properties": { "u": 509, "v": 541, "weight": 141.42135623737704 }, "geometry": { "type": "LineString", "coordinates": [ [ -0.086565212040843, 51.500797368585999 ], [ -0.084530417889124, 51.500746768099674 ] ] } },
{ "type": "Feature", "properties": { "u": 509, "v": 510, "weight": 141.42135623656213 }, "geometry": { "type": "LineString", "coordinates": [ [ -0.086565212040843, 51.500797368585999 ], [ -0.086484163624702, 51.502067345298158 ] ] } },
{ "type": "Feature", "properties": { "u": 510, "v": 542, "weight": 141.42135623737704 }, "geometry": { "type": "LineString", "coordinates": [ [ -0.086484163624702, 51.502067345298158 ], [ -0.084449313062838, 51.50201674252429 ] ] } },
{ "type": "Feature", "properties": { "u": 510, "v": 511, "weight": 141.42135623749346 }, "geometry": { "type": "LineString", "coordinates": [ [ -0.086484163624702, 51.502067345298158 ], [ -0.086403109273992, 51.503337321642441 ] ] } },
{ "type": "Feature", "properties": { "u": 511, "v": 543, "weight": 141.42135623737704 }, "geometry": { "type": "LineString", "coordinates": [ [ -0.086403109273992, 51.503337321642441 ], [ -0.084368202297866, 51.503286716580902 ] ] } },
{ "type": "Feature", "properties": { "u": 511, "v": 512, "weight": 141.42135623749346 }, "geometry": { "type": "LineString", "coordinates": [ [ -0.086403109273992, 51.503337321642441 ], [ -0.086322048988141, 51.504607297618811 ] ] } },
{ "type": "Feature", "properties": { "u": 512, "v": 544, "weight": 141.42135623737704 }, "geometry": { "type": "LineString", "coordinates": [ [ -0.086322048988141, 51.504607297618811 ], [ -0.084287085593639, 51.504556690269496 ] ] } },
{ "type": "Feature", "properties": { "u": 512, "v": 513, "weight": 141.42135623749346 }, "geometry": { "type": "LineString", "coordinates": [ [ -0.086322048988141, 51.504607297618811 ], [ -0.086240982766573, 51.505877273227284 ] ] } },
{ "type": "Feature", "properties": { "u": 513, "v": 545, "weight": 141.42135623737704 }, "geometry": { "type": "LineString", "coordinates": [ [ -0.086240982766573, 51.505877273227284 ], [ -0.084205962949582, 51.505826663590049 ] ] } },
{ "type": "Feature", "properties": { "u": 513, "v": 514, "weight": 141.42135623749346 }, "geometry": { "type": "LineString", "coordinates": [ [ -0.086240982766573, 51.505877273227284 ], [ -0.086159910608715, 51.507147248467859 ] ] } },
{ "type": "Feature", "properties": { "u": 514, "v": 546, "weight": 141.42135623737704 }, "geometry": { "type": "LineString", "coordinates": [ [ -0.086159910608715, 51.507147248467859 ], [ -0.08412483436512, 51.507096636542578 ] ] } },
{ "type": "Feature", "properties": { "u": 514, "v": 515, "weight": 141.42135623656213 }, "geometry": { "type": "LineString", "coordinates": [ [ -0.086159910608715, 51.507147248467859 ], [ -0.086078832513994, 51.508417223340501 ] ] } },
{ "type": "Feature", "properties": { "u": 515, "v": 547, "weight": 141.42135623737704 }, "geometry": { "type": "LineString", "coordinates": [ [ -0.086078832513994, 51.508417223340501 ], [ -0.084043699839678, 51.508366609127066 ] ] } },
{ "type": "Feature", "properties": { "u": 515, "v": 516, "weight": 141.42135623749346 }, "geometry": { "type": "LineString", "coordinates": [ [ -0.086078832513994, 51.508417223340501 ], [ -0.085997748481837, 51.509687197845231 ] ] } },
{ "type": "Feature", "properties": { "u": 516, "v": 548, "weight": 141.42135623737704 }, "geometry": { "type": "LineString", "coordinates": [ [ -0.085997748481837, 51.509687197845231 ], [ -0.083962559372683, 51.509636581343507 ] ] } },
{ "type": "Feature", "properties": { "u": 516, "v": 517, "weight": 141.42135623749346 }, "geometry": { "type": "LineString", "coordinates": [ [ -0.085997748481837, 51.509687197845231 ], [ -0.085916658511668, 51.510957171982049 ] ] } },
{ "type": "Feature", "properties": { "u": 517, "v": 549, "weight": 141.42135623737704 }, "geometry": { "type": "LineString", "coordinates": [ [ -0.085916658511668, 51.510957171982049 ], [ -0.08388141296356, 51.510906553191901 ] ] } },
{ "type": "Feature", "properties": { "u": 517, "v": 518, "weight": 141.42135623749346 }, "geometry": { "type": "LineString", "coordinates": [ [ -0.085916658511668, 51.510957171982049 ], [ -0.085835562602915, 51.512227145750934 ] ] } },
{ "type": "Feature", "properties": { "u": 518, "v": 550, "weight": 141.42135623737704 }, "geometry": { "type": "LineString", "coordinates": [ [ -0.085835562602915, 51.512227145750934 ], [ -0.083800260611737, 51.512176524672228 ] ] } },
{ "type": "Feature", "properties": { "u": 518, "v": 519, "weight": 141.42135623749346 }, "geometry": { "type": "LineString", "coordinates": [ [ -0.085835562602915, 51.512227145750934 ], [ -0.085754460755003, 51.513497119151872 ] ] } },
{ "type": "Feature", "properties": { "u": 519, "v": 551, "weight": 141.42135623737704 }, "geometry": { "type": "LineString", "coordinates": [ [ -0.085754460755003, 51.513497119151872 ], [ -0.083719102316637, 51.513446495784493 ] ] } },
{ "type": "Feature", "properties": { "u": 519, "v": 520, "weight": 141.42135623656213 }, "geometry": { "type": "LineString", "coordinates": [ [ -0.085754460755003, 51.513497119151872 ], [ -0.085673352967359, 51.514767092184847 ] ] } },
{ "type": "Feature", "properties": { "u": 520, "v": 552, "weight": 141.42135623737704 }, "geometry": { "type": "LineString", "coordinates": [ [ -0.085673352967359, 51.514767092184847 ], [ -0.083637938077687, 51.514716466528661 ] ] } },
{ "type": "Feature", "properties": { "u": 520, "v": 521, "weight": 141.42135623749346 }, "geometry": { "type": "LineString", "coordinates": [ [ -0.085673352967359, 51.514767092184847 ], [ -0.085592239239406, 51.51603706484989 ] ] } },
{ "type": "Feature", "properties": { "u": 521, "v": 553, "weight": 141.42135623737704 }, "geometry": { "type": "LineString", "coordinates": [ [ -0.085592239239406, 51.51603706484989 ], [ -0.08355676789431, 51.51598643690479 ] ] } },
{ "type": "Feature", "properties": { "u": 521, "v": 522, "weight": 141.42135623749346 }, "geometry": { "type": "LineString", "coordinates": [ [ -0.085592239239406, 51.51603706484989 ], [ -0.085511119570573, 51.517307037146978 ] ] } },
{ "type": "Feature", "properties": { "u": 522, "v": 554, "weight": 141.42135623737704 }, "geometry": { "type": "LineString", "coordinates": [ [ -0.085511119570573, 51.517307037146978 ], [ -0.083475591765934, 51.517256406912814 ] ] } },
{ "type": "Feature", "properties": { "u": 522, "v": 523, "weight": 141.42135623749346 }, "geometry": { "type": "LineString", "coordinates": [ [ -0.085511119570573, 51.517307037146978 ], [ -0.085429993960285, 51.518577009076097 ] ] } },
{ "type": "Feature", "properties": { "u": 523, "v": 555, "weight": 141.42135623737704 }, "geometry": { "type": "LineString", "coordinates": [ [ -0.085429993960285, 51.518577009076097 ], [ -0.083394409691985, 51.518526376552749 ] ] } },
{ "type": "Feature", "properties": { "u": 523, "v": 524, "weight": 141.42135623749346 }, "geometry": { "type": "LineString", "coordinates": [ [ -0.085429993960285, 51.518577009076097 ], [ -0.085348862407966, 51.51984698063724 ] ] } },
{ "type": "Feature", "properties": { "u": 524, "v": 556, "weight": 141.42135623737704 }, "geometry": { "type": "LineString", "coordinates": [ [ -0.085348862407966, 51.51984698063724 ], [ -0.083313221671884, 51.519796345824595 ] ] } },
{ "type": "Feature", "properties": { "u": 525, "v": 557, "weight": 141.42135623726062 }, "geometry": { "type": "LineString", "coordinates": [ [ -0.085827287916822, 51.480427127260718 ], [ -0.083793401697174, 51.480376528120857 ] ] } },
{ "type": "Feature", "properties": { "u": 525, "v": 526, "weight": 141.42135623749346 }, "geometry": { "type": "LineString", "coordinates": [ [ -0.085827287916822, 51.480427127260718 ], [ -0.085746278031478, 51.481697107572742 ] ] } },
{ "type": "Feature", "properties": { "u": 526, "v": 558, "weight": 141.42135623726062 }, "geometry": { "type": "LineString", "coordinates": [ [ -0.085746278031478, 51.481697107572742 ], [ -0.08371233546803, 51.481646506145772 ] ] } },
{ "type": "Feature", "properties": { "u": 526, "v": 527, "weight": 141.42135623656213 }, "geometry": { "type": "LineString", "coordinates": [ [ -0.085746278031478, 51.481697107572742 ], [ -0.085665262216621, 51.48296708751684 ] ] } },
{ "type": "Feature", "properties": { "u": 527, "v": 559, "weight": 141.42135623726062 }, "geometry": { "type": "LineString", "coordinates": [ [ -0.085665262216621, 51.48296708751684 ], [ -0.083631263305265, 51.48291648380264 ] ] } },
{ "type": "Feature", "properties": { "u": 527, "v": 528, "weight": 141.42135623749346 }, "geometry": { "type": "LineString", "coordinates": [ [ -0.085665262216621, 51.48296708751684 ], [ -0.085584240471681, 51.484237067093012 ] ] } },
{ "type": "Feature", "properties": { "u": 528, "v": 560, "weight": 141.42135623726062 }, "geometry": { "type": "LineString", "coordinates": [ [ -0.085584240471681, 51.484237067093012 ], [ -0.083550185208309, 51.484186461091468 ] ] } },
{ "type": "Feature", "properties": { "u": 528, "v": 529, "weight": 141.42135623749346 }, "geometry": { "type": "LineString", "coordinates": [ [ -0.085584240471681, 51.484237067093012 ], [ -0.085503212796085, 51.485507046301265 ] ] } },
{ "type": "Feature", "properties": { "u": 529, "v": 561, "weight": 141.42135623726062 }, "geometry": { "type": "LineString", "coordinates": [ [ -0.085503212796085, 51.485507046301265 ], [ -0.083469101176588, 51.485456438012235 ] ] } },
{ "type": "Feature", "properties": { "u": 529, "v": 530, "weight": 141.42135623749346 }, "geometry": { "type": "LineString", "coordinates": [ [ -0.085503212796085, 51.485507046301265 ], [ -0.085422179189259, 51.486777025141578 ] ] } },
{ "type": "Feature", "properties": { "u": 530, "v": 562, "weight": 141.42135623726062 }, "geometry": { "type": "LineString", "coordinates": [ [ -0.085422179189259, 51.486777025141578 ], [ -0.083388011209527, 51.486726414564956 ] ] } },
{ "type": "Feature", "properties": { "u": 530, "v": 531, "weight": 141.42135623749346 }, "geometry": { "type": "LineString", "coordinates": [ [ -0.085422179189259, 51.486777025141578 ], [ -0.085341139650629, 51.488047003613971 ] ] } },
{ "type": "Feature", "properties": { "u": 531, "v": 563, "weight": 141.42135623726062 }, "geometry": { "type": "LineString", "coordinates": [ [ -0.085341139650629, 51.488047003613971 ], [ -0.083306915306556, 51.487996390749593 ] ] } },
{ "type": "Feature", "properties": { "u": 531, "v": 532, "weight": 141.42135623656213 }, "geometry": { "type": "LineString", "coordinates": [ [ -0.085341139650629, 51.488047003613971 ], [ -0.085260094179626, 51.489316981718396 ] ] } },
{ "type": "Feature", "properties": { "u": 532, "v": 564, "weight": 141.42135623726062 }, "geometry": { "type": "LineString", "coordinates": [ [ -0.085260094179626, 51.489316981718396 ], [ -0.083225813467099, 51.48926636656617 ] ] } },
{ "type": "Feature", "properties": { "u": 532, "v": 533, "weight": 141.42135623749346 }, "geometry": { "type": "LineString", "coordinates": [ [ -0.085260094179626, 51.489316981718396 ], [ -0.085179042775673, 51.490586959454873 ] ] } },
{ "type": "Feature", "properties": { "u": 533, "v": 565, "weight": 141.42135623726062 }, "geometry": { "type": "LineString", "coordinates": [ [ -0.085179042775673, 51.490586959454873 ], [ -0.083144705690583, 51.490536342014664 ] ] } },
{ "type": "Feature", "properties": { "u": 533, "v": 534, "weight": 141.42135623749346 }, "geometry": { "type": "LineString", "coordinates": [ [ -0.085179042775673, 51.490586959454873 ], [ -0.0850979854382, 51.491856936823389 ] ] } },
{ "type": "Feature", "properties": { "u": 534, "v": 566, "weight": 141.42135623726062 }, "geometry": { "type": "LineString", "coordinates": [ [ -0.0850979854382, 51.491856936823389 ], [ -0.083063591976436, 51.491806317095062 ] ] } },
{ "type": "Feature", "properties": { "u": 534, "v": 535, "weight": 141.42135623749346 }, "geometry": { "type": "LineString", "coordinates": [ [ -0.0850979854382, 51.491856936823389 ], [ -0.085016922166632, 51.493126913823957 ] ] } },
{ "type": "Feature", "properties": { "u": 535, "v": 567, "weight": 141.42135623726062 }, "geometry": { "type": "LineString", "coordinates": [ [ -0.085016922166632, 51.493126913823957 ], [ -0.082982472324083, 51.493076291807384 ] ] } },
{ "type": "Feature", "properties": { "u": 535, "v": 536, "weight": 141.42135623749346 }, "geometry": { "type": "LineString", "coordinates": [ [ -0.085016922166632, 51.493126913823957 ], [ -0.084935852960395, 51.494396890456542 ] ] } },
{ "type": "Feature", "properties": { "u": 536, "v": 568, "weight": 141.42135623726062 }, "geometry": { "type": "LineString", "coordinates": [ [ -0.084935852960395, 51.494396890456542 ], [ -0.08290134673295, 51.494346266151609 ] ] } },
{ "type": "Feature", "properties": { "u": 536, "v": 537, "weight": 141.42135623656213 }, "geometry": { "type": "LineString", "coordinates": [ [ -0.084935852960395, 51.494396890456542 ], [ -0.084854777818918, 51.49566686672113 ] ] } },
{ "type": "Feature", "properties": { "u": 537, "v": 569, "weight": 141.42135623726062 }, "geometry": { "type": "LineString", "coordinates": [ [ -0.084854777818918, 51.49566686672113 ], [ -0.082820215202465, 51.49561624012771 ] ] } },
{ "type": "Feature", "properties": { "u": 537, "v": 538, "weight": 141.42135623749346 }, "geometry": { "type": "LineString", "coordinates": [ [ -0.084854777818918, 51.49566686672113 ], [ -0.084773696741625, 51.496936842617757 ] ] } },
{ "type": "Feature", "properties": { "u": 538, "v": 570, "weight": 141.42135623726062 }, "geometry": { "type": "LineString", "coordinates": [ [ -0.084773696741625, 51.496936842617757 ], [ -0.082739077732052, 51.496886213735714 ] ] } },
{ "type": "Feature", "properties": { "u": 538, "v": 539, "weight": 141.42135623749346 }, "geometry": { "type": "LineString", "coordinates": [ [ -0.084773696741625, 51.496936842617757 ], [ -0.084692609727944, 51.4982068181464 ] ] } },
{ "type": "Feature", "properties": { "u": 539, "v": 571, "weight": 141.42135623726062 }, "geometry": { "type": "LineString", "coordinates": [ [ -0.084692609727944, 51.4982068181464 ], [ -0.08265793432114, 51.498156186975606 ] ] } },
{ "type": "Feature", "properties": { "u": 539, "v": 540, "weight": 141.42135623749346 }, "geometry": { "type": "LineString", "coordinates": [ [ -0.084692609727944, 51.4982068181464 ], [ -0.084611516777302, 51.499476793307039 ] ] } },
{ "type": "Feature", "properties": { "u": 540, "v": 572, "weight": 141.42135623726062 }, "geometry": { "type": "LineString", "coordinates": [ [ -0.084611516777302, 51.499476793307039 ], [ -0.082576784969152, 51.499426159847388 ] ] } },
{ "type": "Feature", "properties": { "u": 540, "v": 541, "weight": 141.42135623749346 }, "geometry": { "type": "LineString", "coordinates": [ [ -0.084611516777302, 51.499476793307039 ], [ -0.084530417889124, 51.500746768099674 ] ] } },
{ "type": "Feature", "properties": { "u": 541, "v": 573, "weight": 141.42135623726062 }, "geometry": { "type": "LineString", "coordinates": [ [ -0.084530417889124, 51.500746768099674 ], [ -0.082495629675515, 51.500696132351017 ] ] } },
{ "type": "Feature", "properties": { "u": 541, "v": 542, "weight": 141.42135623656213 }, "geometry": { "type": "LineString", "coordinates": [ [ -0.084530417889124, 51.500746768099674 ], [ -0.084449313062838, 51.50201674252429 ] ] } },
{ "type": "Feature", "properties": { "u": 542, "v": 574, "weight": 141.42135623726062 }, "geometry": { "type": "LineString", "coordinates": [ [ -0.084449313062838, 51.50201674252429 ], [ -0.082414468439656, 51.501966104486513 ] ] } },
{ "type": "Feature", "properties": { "u": 542, "v": 543, "weight": 141.42135623749346 }, "geometry": { "type": "LineString", "coordinates": [ [ -0.084449313062838, 51.50201674252429 ], [ -0.084368202297866, 51.503286716580902 ] ] } },
{ "type": "Feature", "properties": { "u": 543, "v": 575, "weight": 141.42135623726062 }, "geometry": { "type": "LineString", "coordinates": [ [ -0.084368202297866, 51.503286716580902 ], [ -0.082333301260998, 51.503236076253877 ] ] } },
{ "type": "Feature", "properties": { "u": 543, "v": 544, "weight": 141.42135623749346 }, "geometry": { "type": "LineString", "coordinates": [ [ -0.084368202297866, 51.503286716580902 ], [ -0.084287085593639, 51.504556690269496 ] ] } },
{ "type": "Feature", "properties": { "u": 544, "v": 576, "weight": 141.42135623726062 }, "geometry": { "type": "LineString", "coordinates": [ [ -0.084287085593639, 51.504556690269496 ], [ -0.082252128138972, 51.504506047653081 ] ] } },
{ "type": "Feature", "properties": { "u": 544, "v": 545, "weight": 141.42135623749346 }, "geometry": { "type": "LineString", "coordinates": [ [ -0.084287085593639, 51.504556690269496 ], [ -0.084205962949582, 51.505826663590049 ] ] } },
{ "type": "Feature", "properties": { "u": 545, "v": 577, "weight": 141.42135623726062 }, "geometry": { "type": "LineString", "coordinates": [ [ -0.084205962949582, 51.505826663590049 ], [ -0.082170949072997, 51.505776018684138 ] ] } },
{ "type": "Feature", "properties": { "u": 545, "v": 546, "weight": 141.42135623749346 }, "geometry": { "type": "LineString", "coordinates": [ [ -0.084205962949582, 51.505826663590049 ], [ -0.08412483436512, 51.507096636542578 ] ] } },
{ "type": "Feature", "properties": { "u": 546, "v": 578, "weight": 141.42135623726062 }, "geometry": { "type": "LineString", "coordinates": [ [ -0.08412483436512, 51.507096636542578 ], [ -0.082089764062504, 51.507045989347041 ] ] } },
{ "type": "Feature", "properties": { "u": 546, "v": 547, "weight": 141.42135623656213 }, "geometry": { "type": "LineString", "coordinates": [ [ -0.08412483436512, 51.507096636542578 ], [ -0.084043699839678, 51.508366609127066 ] ] } },
{ "type": "Feature", "properties": { "u": 547, "v": 579, "weight": 141.42135623726062 }, "geometry": { "type": "LineString", "coordinates": [ [ -0.084043699839678, 51.508366609127066 ], [ -0.082008573106916, 51.508315959641763 ] ] } },
{ "type": "Feature", "properties": { "u": 547, "v": 548, "weight": 141.42135623749346 }, "geometry": { "type": "LineString", "coordinates": [ [ -0.084043699839678, 51.508366609127066 ], [ -0.083962559372683, 51.509636581343507 ] ] } },
{ "type": "Feature", "properties": { "u": 548, "v": 580, "weight": 141.42135623726062 }, "geometry": { "type": "LineString", "coordinates": [ [ -0.083962559372683, 51.509636581343507 ], [ -0.081927376205658, 51.509585929568324 ] ] } },
{ "type": "Feature", "properties": { "u": 548, "v": 549, "weight": 141.42135623749346 }, "geometry": { "type": "LineString", "coordinates": [ [ -0.083962559372683, 51.509636581343507 ], [ -0.08388141296356, 51.510906553191901 ] ] } },
{ "type": "Feature", "properties": { "u": 549, "v": 581, "weight": 141.42135623726062 }, "geometry": { "type": "LineString", "coordinates": [ [ -0.08388141296356, 51.510906553191901 ], [ -0.081846173358156, 51.510855899126703 ] ] } },
{ "type": "Feature", "properties": { "u": 549, "v": 550, "weight": 141.42135623749346 }, "geometry": { "type": "LineString", "coordinates": [ [ -0.08388141296356, 51.510906553191901 ], [ -0.083800260611737, 51.512176524672228 ] ] } },
{ "type": "Feature", "properties": { "u": 550, "v": 582, "weight": 141.42135623726062 }, "geometry": { "type": "LineString", "coordinates": [ [ -0.083800260611737, 51.512176524672228 ], [ -0.081764964563836, 51.512125868316886 ] ] } },
{ "type": "Feature", "properties": { "u": 550, "v": 551, "weight": 141.42135623749346 }, "geometry": { "type": "LineString", "coordinates": [ [ -0.083800260611737, 51.512176524672228 ], [ -0.083719102316637, 51.513446495784493 ] ] } },
{ "type": "Feature", "properties": { "u": 551, "v": 583, "weight": 141.42135623726062 }, "geometry": { "type": "LineString", "coordinates": [ [ -0.083719102316637, 51.513446495784493 ], [ -0.081683749822122, 51.513395837138894 ] ] } },
{ "type": "Feature", "properties": { "u": 551, "v": 552, "weight": 141.42135623656213 }, "geometry": { "type": "LineString", "coordinates": [ [ -0.083719102316637, 51.513446495784493 ], [ -0.083637938077687, 51.514716466528661 ] ] } },
{ "type": "Feature", "properties": { "u": 552, "v": 584, "weight": 141.42135623726062 }, "geometry": { "type": "LineString", "coordinates": [ [ -0.083637938077687, 51.514716466528661 ], [ -0.081602529132441, 51.514665805592678 ] ] } },
{ "type": "Feature", "properties": { "u": 552, "v": 553, "weight": 141.42135623749346 }, "geometry": { "type": "LineString", "coordinates": [ [ -0.083637938077687, 51.514716466528661 ], [ -0.08355676789431, 51.51598643690479 ] ] } },
{ "type": "Feature", "properties": { "u": 553, "v": 585, "weight": 141.42135623726062 }, "geometry": { "type": "LineString", "coordinates": [ [ -0.08355676789431, 51.51598643690479 ], [ -0.081521302494215, 51.515935773678279 ] ] } },
{ "type": "Feature", "properties": { "u": 553, "v": 554, "weight": 141.42135623749346 }, "geometry": { "type": "LineString", "coordinates": [ [ -0.08355676789431, 51.51598643690479 ], [ -0.083475591765934, 51.517256406912814 ] ] } },
{ "type": "Feature", "properties": { "u": 554, "v": 586, "weight": 141.42135623726062 }, "geometry": { "type": "LineString", "coordinates": [ [ -0.083475591765934, 51.517256406912814 ], [ -0.081440069906872, 51.517205741395664 ] ] } },
{ "type": "Feature", "properties": { "u": 554, "v": 555, "weight": 141.42135623749346 }, "geometry": { "type": "LineString", "coordinates": [ [ -0.083475591765934, 51.517256406912814 ], [ -0.083394409691985, 51.518526376552749 ] ] } },
{ "type": "Feature", "properties": { "u": 555, "v": 587, "weight": 141.42135623726062 }, "geometry": { "type": "LineString", "coordinates": [ [ -0.083394409691985, 51.518526376552749 ], [ -0.081358831369836, 51.518475708744823 ] ] } },
{ "type": "Feature", "properties": { "u": 555, "v": 556, "weight": 141.42135623749346 }, "geometry": { "type": "LineString", "coordinates": [ [ -0.083394409691985, 51.518526376552749 ], [ -0.083313221671884, 51.519796345824595 ] ] } },
{ "type": "Feature", "properties": { "u": 556, "v": 588, "weight": 141.42135623726062 }, "geometry": { "type": "LineString", "coordinates": [ [ -0.083313221671884, 51.519796345824595 ], [ -0.081277586882529, 51.51974567572578 ] ] } },
{ "type": "Feature", "properties": { "u": 557, "v": 589, "weight": 141.42135623726062 }, "geometry": { "type": "LineString", "coordinates": [ [ -0.083793401697174, 51.480376528120857 ], [ -0.081759521410573, 51.480325893744322 ] ] } },
{ "type": "Feature", "properties": { "u": 557, "v": 558, "weight": 141.42135623749346 }, "geometry": { "type": "LineString", "coordinates": [ [ -0.083793401697174, 51.480376528120857 ], [ -0.08371233546803, 51.481646506145772 ] ] } },
{ "type": "Feature", "properties": { "u": 558, "v": 590, "weight": 141.42135623726062 }, "geometry": { "type": "LineString", "coordinates": [ [ -0.08371233546803, 51.481646506145772 ], [ -0.081678398838201, 51.481595869480536 ] ] } },
{ "type": "Feature", "properties": { "u": 558, "v": 559, "weight": 141.42135623656213 }, "geometry": { "type": "LineString", "coordinates": [ [ -0.08371233546803, 51.481646506145772 ], [ -0.083631263305265, 51.48291648380264 ] ] } },
{ "type": "Feature", "properties": { "u": 559, "v": 591, "weight": 141.42135623726062 }, "geometry": { "type": "LineString", "coordinates": [ [ -0.083631263305265, 51.48291648380264 ], [ -0.081597270328102, 51.48286584484859 ] ] } },
{ "type": "Feature", "properties": { "u": 559, "v": 560, "weight": 141.42135623749346 }, "geometry": { "type": "LineString", "coordinates": [ [ -0.083631263305265, 51.48291648380264 ], [ -0.083550185208309, 51.484186461091468 ] ] } },
{ "type": "Feature", "properties": { "u": 560, "v": 592, "weight": 141.42135623726062 }, "geometry": { "type": "LineString", "coordinates": [ [ -0.083550185208309, 51.484186461091468 ], [ -0.081516135879702, 51.484135819848483 ] ] } },
{ "type": "Feature", "properties": { "u": 560, "v": 561, "weight": 141.42135623749346 }, "geometry": { "type": "LineString", "coordinates": [ [ -0.083550185208309, 51.484186461091468 ], [ -0.083469101176588, 51.485456438012235 ] ] } },
{ "type": "Feature", "properties": { "u": 561, "v": 593, "weight": 141.42135623726062 }, "geometry": { "type": "LineString", "coordinates": [ [ -0.083469101176588, 51.485456438012235 ], [ -0.081434995492429, 51.48540579448018 ] ] } },
{ "type": "Feature", "properties": { "u": 561, "v": 562, "weight": 141.42135623749346 }, "geometry": { "type": "LineString", "coordinates": [ [ -0.083469101176588, 51.485456438012235 ], [ -0.083388011209527, 51.486726414564956 ] ] } },
{ "type": "Feature", "properties": { "u": 562, "v": 594, "weight": 141.42135623726062 }, "geometry": { "type": "LineString", "coordinates": [ [ -0.083388011209527, 51.486726414564956 ], [ -0.081353849165709, 51.486675768743702 ] ] } },
{ "type": "Feature", "properties": { "u": 562, "v": 563, "weight": 141.42135623749346 }, "geometry": { "type": "LineString", "coordinates": [ [ -0.083388011209527, 51.486726414564956 ], [ -0.083306915306556, 51.487996390749593 ] ] } },
{ "type": "Feature", "properties": { "u": 563, "v": 595, "weight": 141.42135623726062 }, "geometry": { "type": "LineString", "coordinates": [ [ -0.083306915306556, 51.487996390749593 ], [ -0.081272696898967, 51.487945742639027 ] ] } },
{ "type": "Feature", "properties": { "u": 563, "v": 564, "weight": 141.42135623656213 }, "geometry": { "type": "LineString", "coordinates": [ [ -0.083306915306556, 51.487996390749593 ], [ -0.083225813467099, 51.48926636656617 ] ] } },
{ "type": "Feature", "properties": { "u": 564, "v": 596, "weight": 141.42135623726062 }, "geometry": { "type": "LineString", "coordinates": [ [ -0.083225813467099, 51.48926636656617 ], [ -0.08119153869163, 51.48921571616615 ] ] } },
{ "type": "Feature", "properties": { "u": 564, "v": 565, "weight": 141.42135623749346 }, "geometry": { "type": "LineString", "coordinates": [ [ -0.083225813467099, 51.48926636656617 ], [ -0.083144705690583, 51.490536342014664 ] ] } },
{ "type": "Feature", "properties": { "u": 565, "v": 597, "weight": 141.42135623726062 }, "geometry": { "type": "LineString", "coordinates": [ [ -0.083144705690583, 51.490536342014664 ], [ -0.081110374543126, 51.490485689325062 ] ] } },
{ "type": "Feature", "properties": { "u": 565, "v": 566, "weight": 141.42135623749346 }, "geometry": { "type": "LineString", "coordinates": [ [ -0.083144705690583, 51.490536342014664 ], [ -0.083063591976436, 51.491806317095062 ] ] } },
{ "type": "Feature", "properties": { "u": 566, "v": 598, "weight": 141.42135623726062 }, "geometry": { "type": "LineString", "coordinates": [ [ -0.083063591976436, 51.491806317095062 ], [ -0.081029204452879, 51.491755662115764 ] ] } },
{ "type": "Feature", "properties": { "u": 566, "v": 567, "weight": 141.42135623749346 }, "geometry": { "type": "LineString", "coordinates": [ [ -0.083063591976436, 51.491806317095062 ], [ -0.082982472324083, 51.493076291807384 ] ] } },
{ "type": "Feature", "properties": { "u": 567, "v": 599, "weight": 141.42135623726062 }, "geometry": { "type": "LineString", "coordinates": [ [ -0.082982472324083, 51.493076291807384 ], [ -0.080948028420314, 51.493025634538256 ] ] } },
{ "type": "Feature", "properties": { "u": 567, "v": 568, "weight": 141.42135623749346 }, "geometry": { "type": "LineString", "coordinates": [ [ -0.082982472324083, 51.493076291807384 ], [ -0.08290134673295, 51.494346266151609 ] ] } },
{ "type": "Feature", "properties": { "u": 568, "v": 600, "weight": 141.42135623726062 }, "geometry": { "type": "LineString", "coordinates": [ [ -0.08290134673295, 51.494346266151609 ], [ -0.080866846444859, 51.494295606592537 ] ] } },
{ "type": "Feature", "properties": { "u": 568, "v": 569, "weight": 141.42135623656213 }, "geometry": { "type": "LineString", "coordinates": [ [ -0.08290134673295, 51.494346266151609 ], [ -0.082820215202465, 51.49561624012771 ] ] } },
{ "type": "Feature", "properties": { "u": 569, "v": 601, "weight": 141.42135623726062 }, "geometry": { "type": "LineString", "coordinates": [ [ -0.082820215202465, 51.49561624012771 ], [ -0.080785658525941, 51.495565578278558 ] ] } },
{ "type": "Feature", "properties": { "u": 569, "v": 570, "weight": 141.42135623749346 }, "geometry": { "type": "LineString", "coordinates": [ [ -0.082820215202465, 51.49561624012771 ], [ -0.082739077732052, 51.496886213735714 ] ] } },
{ "type": "Feature", "properties": { "u": 570, "v": 602, "weight": 141.42135623726062 }, "geometry": { "type": "LineString", "coordinates": [ [ -0.082739077732052, 51.496886213735714 ], [ -0.080704464662982, 51.496835549596355 ] ] } },
{ "type": "Feature", "properties": { "u": 570, "v": 571, "weight": 141.42135623749346 }, "geometry": { "type": "LineString", "coordinates": [ [ -0.082739077732052, 51.496886213735714 ], [ -0.08265793432114, 51.498156186975606 ] ] } },
{ "type": "Feature", "properties": { "u": 571, "v": 603, "weight": 141.42135623726062 }, "geometry": { "type": "LineString", "coordinates": [ [ -0.08265793432114, 51.498156186975606 ], [ -0.08062326485541, 51.498105520545913 ] ] } },
{ "type": "Feature", "properties": { "u": 571, "v": 572, "weight": 141.42135623749346 }, "geometry": { "type": "LineString", "coordinates": [ [ -0.08265793432114, 51.498156186975606 ], [ -0.082576784969152, 51.499426159847388 ] ] } },
{ "type": "Feature", "properties": { "u": 572, "v": 604, "weight": 141.42135623726062 }, "geometry": { "type": "LineString", "coordinates": [ [ -0.082576784969152, 51.499426159847388 ], [ -0.080542059102651, 51.499375491127225 ] ] } },
{ "type": "Feature", "properties": { "u": 572, "v": 573, "weight": 141.42135623749346 }, "geometry": { "type": "LineString", "coordinates": [ [ -0.082576784969152, 51.499426159847388 ], [ -0.082495629675515, 51.500696132351017 ] ] } },
{ "type": "Feature", "properties": { "u": 573, "v": 605, "weight": 141.42135623726062 }, "geometry": { "type": "LineString", "coordinates": [ [ -0.082495629675515, 51.500696132351017 ], [ -0.08046084740413, 51.500645461340277 ] ] } },
{ "type": "Feature", "properties": { "u": 573, "v": 574, "weight": 141.42135623656213 }, "geometry": { "type": "LineString", "coordinates": [ [ -0.082495629675515, 51.500696132351017 ], [ -0.082414468439656, 51.501966104486513 ] ] } },
{ "type": "Feature", "properties": { "u": 574, "v": 606, "weight": 141.42135623726062 }, "geometry": { "type": "LineString", "coordinates": [ [ -0.082414468439656, 51.501966104486513 ], [ -0.080379629759273, 51.501915431185054 ] ] } },
{ "type": "Feature", "properties": { "u": 574, "v": 575, "weight": 141.42135623749346 }, "geometry": { "type": "LineString", "coordinates": [ [ -0.082414468439656, 51.501966104486513 ], [ -0.082333301260998, 51.503236076253877 ] ] } },
{ "type": "Feature", "properties": { "u": 575, "v": 607, "weight": 141.42135623726062 }, "geometry": { "type": "LineString", "coordinates": [ [ -0.082333301260998, 51.503236076253877 ], [ -0.080298406167504, 51.503185400661565 ] ] } },
{ "type": "Feature", "properties": { "u": 575, "v": 576, "weight": 141.42135623749346 }, "geometry": { "type": "LineString", "coordinates": [ [ -0.082333301260998, 51.503236076253877 ], [ -0.082252128138972, 51.504506047653081 ] ] } },
{ "type": "Feature", "properties": { "u": 576, "v": 608, "weight": 141.42135623726062 }, "geometry": { "type": "LineString", "coordinates": [ [ -0.082252128138972, 51.504506047653081 ], [ -0.080217176628249, 51.504455369769822 ] ] } },
{ "type": "Feature", "properties": { "u": 576, "v": 577, "weight": 141.42135623749346 }, "geometry": { "type": "LineString", "coordinates": [ [ -0.082252128138972, 51.504506047653081 ], [ -0.082170949072997, 51.505776018684138 ] ] } },
{ "type": "Feature", "properties": { "u": 577, "v": 609, "weight": 141.42135623726062 }, "geometry": { "type": "LineString", "coordinates": [ [ -0.082170949072997, 51.505776018684138 ], [ -0.080135941140934, 51.505725338509784 ] ] } },
{ "type": "Feature", "properties": { "u": 577, "v": 578, "weight": 141.42135623749346 }, "geometry": { "type": "LineString", "coordinates": [ [ -0.082170949072997, 51.505776018684138 ], [ -0.082089764062504, 51.507045989347041 ] ] } },
{ "type": "Feature", "properties": { "u": 578, "v": 610, "weight": 141.42135623726062 }, "geometry": { "type": "LineString", "coordinates": [ [ -0.082089764062504, 51.507045989347041 ], [ -0.080054699704984, 51.506995306881464 ] ] } },
{ "type": "Feature", "properties": { "u": 578, "v": 579, "weight": 141.42135623656213 }, "geometry": { "type": "LineString", "coordinates": [ [ -0.082089764062504, 51.507045989347041 ], [ -0.082008573106916, 51.508315959641763 ] ] } },
{ "type": "Feature", "properties": { "u": 579, "v": 580, "weight": 141.42135623749346 }, "geometry": { "type": "LineString", "coordinates": [ [ -0.082008573106916, 51.508315959641763 ], [ -0.081927376205658, 51.509585929568324 ] ] } },
{ "type": "Feature", "properties": { "u": 580, "v": 581, "weight": 141.42135623749346 }, "geometry": { "type": "LineString", "coordinates": [ [ -0.081927376205658, 51.509585929568324 ], [ -0.081846173358156, 51.510855899126703 ] ] } },
{ "type": "Feature", "properties": { "u": 581, "v": 582, "weight": 141.42135623749346 }, "geometry": { "type": "LineString", "coordinates": [ [ -0.081846173358156, 51.510855899126703 ], [ -0.081764964563836, 51.512125868316886 ] ] } },
{ "type": "Feature", "properties": { "u": 582, "v": 583, "weight": 141.42135623749346 }, "geometry": { "type": "LineString", "coordinates": [ [ -0.081764964563836, 51.512125868316886 ], [ -0.081683749822122, 51.513395837138894 ] ] } },
{ "type": "Feature", "properties": { "u": 583, "v": 584, "weight": 141.42135623656213 }, "geometry": { "type": "LineString", "coordinates": [ [ -0.081683749822122, 51.513395837138894 ], [ -0.081602529132441, 51.514665805592678 ] ] } },
{ "type": "Feature", "properties": { "u": 584, "v": 585, "weight": 141.42135623749346 }, "geometry": { "type": "LineString", "coordinates": [ [ -0.081602529132441, 51.514665805592678 ], [ -0.081521302494215, 51.515935773678279 ] ] } },
{ "type": "Feature", "properties": { "u": 585, "v": 586, "weight": 141.42135623749346 }, "geometry": { "type": "LineString", "coordinates": [ [ -0.081521302494215, 51.515935773678279 ], [ -0.081440069906872, 51.517205741395664 ] ] } },
{ "type": "Feature", "properties": { "u": 586, "v": 587, "weight": 141.42135623749346 }, "geometry": { "type": "LineString", "coordinates": [ [ -0.081440069906872, 51.517205741395664 ], [ -0.081358831369836, 51.518475708744823 ] ] } },
{ "type": "Feature", "properties": { "u": 587, "v": 588, "weight": 141.42135623749346 }, "geometry": { "type": "LineString", "coordinates": [ [ -0.081358831369836, 51.518475708744823 ], [ -0.081277586882529, 51.51974567572578 ] ] } },
{ "type": "Feature", "properties": { "u": 589, "v": 590, "weight": 141.42135623749346 }, "geometry": { "type": "LineString", "coordinates": [ [ -0.081759521410573, 51.480325893744322 ], [ -0.081678398838201, 51.481595869480536 ] ] } },
{ "type": "Feature", "properties": { "u": 590, "v": 591, "weight": 141.42135623656213 }, "geometry": { "type": "LineString", "coordinates": [ [ -0.081678398838201, 51.481595869480536 ], [ -0.081597270328102, 51.48286584484859 ] ] } },
{ "type": "Feature", "properties": { "u": 591, "v": 592, "weight": 141.42135623749346 }, "geometry": { "type": "LineString", "coordinates": [ [ -0.081597270328102, 51.48286584484859 ], [ -0.081516135879702, 51.484135819848483 ] ] } },
{ "type": "Feature", "properties": { "u": 592, "v": 593, "weight": 141.42135623749346 }, "geometry": { "type": "LineString", "coordinates": [ [ -0.081516135879702, 51.484135819848483 ], [ -0.081434995492429, 51.48540579448018 ] ] } },
{ "type": "Feature", "properties": { "u": 593, "v": 594, "weight": 141.42135623749346 }, "geometry": { "type": "LineString", "coordinates": [ [ -0.081434995492429, 51.48540579448018 ], [ -0.081353849165709, 51.486675768743702 ] ] } },
{ "type": "Feature", "properties": { "u": 594, "v": 595, "weight": 141.42135623749346 }, "geometry": { "type": "LineString", "coordinates": [ [ -0.081353849165709, 51.486675768743702 ], [ -0.081272696898967, 51.487945742639027 ] ] } },
{ "type": "Feature", "properties": { "u": 595, "v": 596, "weight": 141.42135623656213 }, "geometry": { "type": "LineString", "coordinates": [ [ -0.081272696898967, 51.487945742639027 ], [ -0.08119153869163, 51.48921571616615 ] ] } },
{ "type": "Feature", "properties": { "u": 596, "v": 597, "weight": 141.42135623749346 }, "geometry": { "type": "LineString", "coordinates": [ [ -0.08119153869163, 51.48921571616615 ], [ -0.081110374543126, 51.490485689325062 ] ] } },
{ "type": "Feature", "properties": { "u": 597, "v": 598, "weight": 141.42135623749346 }, "geometry": { "type": "LineString", "coordinates": [ [ -0.081110374543126, 51.490485689325062 ], [ -0.081029204452879, 51.491755662115764 ] ] } },
{ "type": "Feature", "properties": { "u": 598, "v": 599, "weight": 141.42135623749346 }, "geometry": { "type": "LineString", "coordinates": [ [ -0.081029204452879, 51.491755662115764 ], [ -0.080948028420314, 51.493025634538256 ] ] } },
{ "type": "Feature", "properties": { "u": 599, "v": 600, "weight": 141.42135623749346 }, "geometry": { "type": "LineString", "coordinates": [ [ -0.080948028420314, 51.493025634538256 ], [ -0.080866846444859, 51.494295606592537 ] ] } },
{ "type": "Feature", "properties": { "u": 600, "v": 601, "weight": 141.42135623656213 }, "geometry": { "type": "LineString", "coordinates": [ [ -0.080866846444859, 51.494295606592537 ], [ -0.080785658525941, 51.495565578278558 ] ] } },
{ "type": "Feature", "properties": { "u": 601, "v": 602, "weight": 141.42135623749346 }, "geometry": { "type": "LineString", "coordinates": [ [ -0.080785658525941, 51.495565578278558 ], [ -0.080704464662982, 51.496835549596355 ] ] } },
{ "type": "Feature", "properties": { "u": 602, "v": 603, "weight": 141.42135623749346 }, "geometry": { "type": "LineString", "coordinates": [ [ -0.080704464662982, 51.496835549596355 ], [ -0.08062326485541, 51.498105520545913 ] ] } },
{ "type": "Feature", "properties": { "u": 603, "v": 604, "weight": 141.42135623749346 }, "geometry": { "type": "LineString", "coordinates": [ [ -0.08062326485541, 51.498105520545913 ], [ -0.080542059102651, 51.499375491127225 ] ] } },
{ "type": "Feature", "properties": { "u": 604, "v": 605, "weight": 141.42135623749346 }, "geometry": { "type": "LineString", "coordinates": [ [ -0.080542059102651, 51.499375491127225 ], [ -0.08046084740413, 51.500645461340277 ] ] } },
{ "type": "Feature", "properties": { "u": 605, "v": 606, "weight": 141.42135623656213 }, "geometry": { "type": "LineString", "coordinates": [ [ -0.08046084740413, 51.500645461340277 ], [ -0.080379629759273, 51.501915431185054 ] ] } },
{ "type": "Feature", "properties": { "u": 606, "v": 607, "weight": 141.42135623749346 }, "geometry": { "type": "LineString", "coordinates": [ [ -0.080379629759273, 51.501915431185054 ], [ -0.080298406167504, 51.503185400661565 ] ] } },
{ "type": "Feature", "properties": { "u": 607, "v": 608, "weight": 141.42135623749346 }, "geometry": { "type": "LineString", "coordinates": [ [ -0.080298406167504, 51.503185400661565 ], [ -0.080217176628249, 51.504455369769822 ] ] } },
{ "type": "Feature", "properties": { "u": 608, "v": 609, "weight": 141.42135623749346 }, "geometry": { "type": "LineString", "coordinates": [ [ -0.080217176628249, 51.504455369769822 ], [ -0.080135941140934, 51.505725338509784 ] ] } },
{ "type": "Feature", "properties": { "u": 609, "v": 610, "weight": 141.42135623749346 }, "geometry": { "type": "LineString", "coordinates": [ [ -0.080135941140934, 51.505725338509784 ], [ -0.080054699704984, 51.506995306881464 ] ] } }
]
}
