{
"type": "FeatureCollection",
"name": "nodes",
"crs": { "type": "name", "properties": { "name": "urn:ogc:def:crs:OGC:1.3:CRS84" } },
"features": [
{ "type": "Feature", "properties": { "id": 0, "utm_x": 699943.66834190697, "utm_y": 5708128.609692255, "lon": -0.1199238577994514, "lat": 51.488902029407704 }, "geometry": { "type": "Point", "coordinates": [ -0.119923857799451, 51.488902029407704 ] } },
{ "type": "Feature", "properties": { "id": 1, "utm_x": 699943.66834190697, "utm_y": 5708270.0310484916, "lon": -0.11984377067950268, "lat": 51.490172046162741 }, "geometry": { "type": "Point", "coordinates": [ -0.119843770679503, 51.490172046162741 ] } },
{ "type": "Feature", "properties": { "id": 2, "utm_x": 699943.66834190697, "utm_y": 5708411.4524047291, "lon": -0.11976367769648924, "lat": 51.491442062551947 }, "geometry": { "type": "Point", "coordinates": [ -0.119763677696489, 51.491442062551947 ] } },
{ "type": "Feature", "properties": { "id": 3, "utm_x": 699943.66834190697, "utm_y": 5708552.8737609666, "lon": -0.11968357884984533, "lat": 51.492712078575337 }, "geometry": { "type": "Point", "coordinates": [ -0.119683578849845, 51.492712078575337 ] } },
{ "type": "Feature", "properties": { "id": 4, "utm_x": 699943.66834190697, "utm_y": 5708694.2951172041, "lon": -0.11960347413900366, "lat": 51.493982094232912 }, "geometry": { "type": "Point", "coordinates": [ -0.119603474139004, 51.493982094232912 ] } },
{ "type": "Feature", "properties": { "id": 5, "utm_x": 699943.66834190697, "utm_y": 5708835.7164734416, "lon": -0.11952336356339884, "lat": 51.49525210952465 }, "geometry": { "type": "Point", "coordinates": [ -0.119523363563399, 51.49525210952465 ] } },
{ "type": "Feature", "properties": { "id": 6, "utm_x": 699943.66834190697, "utm_y": 5708977.1378296781, "lon": -0.11944324712246396, "lat": 51.496522124450543 }, "geometry": { "type": "Point", "coordinates": [ -0.119443247122464, 51.496522124450543 ] } },
{ "type": "Feature", "properties": { "id": 7, "utm_x": 699943.66834190697, "utm_y": 5709118.5591859156, "lon": -0.11936312481563287, "lat": 51.497792139010585 }, "geometry": { "type": "Point", "coordinates": [ -0.119363124815633, 51.497792139010585 ] } },
{ "type": "Feature", "properties": { "id": 8, "utm_x": 699943.66834190697, "utm_y": 5709259.9805421531, "lon": -0.11928299664233746, "lat": 51.499062153204768 }, "geometry": { "type": "Point", "coordinates": [ -0.119282996642337, 51.499062153204768 ] } },
{ "type": "Feature", "properties": { "id": 9, "utm_x": 699943.66834190697, "utm_y": 5709401.4018983906, "lon": -0.11920286260201078, "lat": 51.500332167033115 }, "geometry": { "type": "Point", "coordinates": [ -0.119202862602011, 51.500332167033115 ] } },
{ "type": "Feature", "properties": { "id": 10, "utm_x": 699943.66834190697, "utm_y": 5709542.8232546281, "lon": -0.11912272269408829, "lat": 51.501602180495574 }, "geometry": { "type": "Point", "coordinates": [ -0.119122722694088, 51.501602180495574 ] } },
{ "type": "Feature", "properties": { "id": 11, "utm_x": 699943.66834190697, "utm_y": 5709684.2446108647, "lon": -0.11904257691800027, "lat": 51.502872193592175 }, "geometry": { "type": "Point", "coordinates": [ -0.119042576918, 51.502872193592175 ] } },
{ "type": "Feature", "properties": { "id": 12, "utm_x": 699943.66834190697, "utm_y": 5709825.6659671022, "lon": -0.11896242527318217, "lat": 51.504142206322896 }, "geometry": { "type": "Point", "coordinates": [ -0.118962425273182, 51.504142206322896 ] } },
{ "type": "Feature", "properties": { "id": 13, "utm_x": 699943.66834190697, "utm_y": 5709967.0873233397, "lon": -0.11888226775906388, "lat": 51.505412218687731 }, "geometry": { "type": "Point", "coordinates": [ -0.118882267759064, 51.505412218687731 ] } },
{ "type": "Feature", "properties": { "id": 14, "utm_x": 699943.66834190697, "utm_y": 5710108.5086795771, "lon": -0.11880210437508085, "lat": 51.506682230686671 }, "geometry": { "type": "Point", "coordinates": [ -0.118802104375081, 51.506682230686671 ] } },
{ "type": "Feature", "properties": { "id": 15, "utm_x": 699943.66834190697, "utm_y": 5710249.9300358146, "lon": -0.11872193512066335, "lat": 51.507952242319739 }, "geometry": { "type": "Point", "coordinates": [ -0.118721935120663, 51.507952242319739 ] } },
{ "type": "Feature", "properties": { "id": 16, "utm_x": 699943.66834190697, "utm_y": 5710391.3513920512, "lon": -0.11864175999524607, "lat": 51.509222253586884 }, "geometry": { "type": "Point", "coordinates": [ -0.118641759995246, 51.509222253586884 ] } },
{ "type": "Feature", "properties": { "id": 17, "utm_x": 699943.66834190697, "utm_y": 5710532.7727482887, "lon": -0.11856157899826045, "lat": 51.510492264488128 }, "geometry": { "type": "Point", "coordinates": [ -0.11856157899826, 51.510492264488128 ] } },
{ "type": "Feature", "properties": { "id": 18, "utm_x": 699943.66834190697, "utm_y": 5710674.1941045262, "lon": -0.11848139212913877, "lat": 51.511762275023464 }, "geometry": { "type": "Point", "coordinates": [ -0.118481392129139, 51.511762275023464 ] } },
{ "type": "Feature", "properties": { "id": 19, "utm_x": 699943.66834190697, "utm_y": 5710815.6154607637, "lon": -0.11840119938731411, "lat": 51.513032285192878 }, "geometry": { "type": "Point", "coordinates": [ -0.118401199387314, 51.513032285192878 ] } },
{ "type": "Feature", "properties": { "id": 20, "utm_x": 699943.66834190697, "utm_y": 5710957.0368170012, "lon": -0.11832100077221913, "lat": 51.514302294996369 }, "geometry": { "type": "Point", "coordinates": [ -0.118321000772219, 51.514302294996369 ] } },
{ "type": "Feature", "properties": { "id": 21, "utm_x": 699943.66834190697, "utm_y": 5711098.4581732377, "lon": -0.1182407962832865, "lat": 51.515572304433917 }, "geometry": { "type": "Point", "coordinates": [ -0.118240796283287, 51.515572304433917 ] } },
{ "type": "Feature", "properties": { "id": 22, "utm_x": 699943.66834190697, "utm_y": 5711239.8795294752, "lon": -0.11816058591994451, "lat": 51.516842313505535 }, "geometry": { "type": "Point", "coordinates": [ -0.118160585919945, 51.516842313505535 ] } },
{ "type": "Feature", "properties": { "id": 23, "utm_x": 699943.66834190697, "utm_y": 5711381.3008857127, "lon": -0.11808036968162941, "lat": 51.518112322211209 }, "geometry": { "type": "Point", "coordinates": [ -0.118080369681629, 51.518112322211209 ] } },
{ "type": "Feature", "properties": { "id": 24, "utm_x": 699943.66834190697, "utm_y": 5711522.7222419502, "lon": -0.11800014756777268, "lat": 51.519382330550926 }, "geometry": { "type": "Point", "coordinates": [ -0.118000147567773, 51.519382330550926 ] } },
{ "type": "Feature", "properties": { "id": 25, "utm_x": 700085.08969814435, "utm_y": 5707280.081554831, "lon": -0.1183702709735789, "lat": 51.481231921115828 }, "geometry": { "type": "Point", "coordinates": [ -0.118370270973579, 51.481231921115828 ] } },
{ "type": "Feature", "properties": { "id": 26, "utm_x": 700085.08969814435, "utm_y": 5707421.5029110685, "lon": -0.11829016266664148, "lat": 51.482501937805523 }, "geometry": { "type": "Point", "coordinates": [ -0.118290162666641, 51.482501937805523 ] } },
{ "type": "Feature", "properties": { "id": 27, "utm_x": 700085.08969814435, "utm_y": 5707562.9242673051, "lon": -0.11821004849592928, "lat": 51.483771954129317 }, "geometry": { "type": "Point", "coordinates": [ -0.118210048495929, 51.483771954129317 ] } },
{ "type": "Feature", "properties": { "id": 28, "utm_x": 700085.08969814435, "utm_y": 5707704.3456235426, "lon": -0.11812992846087299, "lat": 51.485041970087202 }, "geometry": { "type": "Point", "coordinates": [ -0.118129928460873, 51.485041970087202 ] } },
{ "type": "Feature", "properties": { "id": 29, "utm_x": 700085.08969814435, "utm_y": 5707845.76697978, "lon": -0.11804980256090884, "lat": 51.486311985679158 }, "geometry": { "type": "Point", "coordinates": [ -0.118049802560909, 51.486311985679158 ] } },
{ "type": "Feature", "properties": { "id": 30, "utm_x": 700085.08969814435, "utm_y": 5707987.1883360175, "lon": -0.11796967079546873, "lat": 51.487582000905206 }, "geometry": { "type": "Point", "coordinates": [ -0.117969670795469, 51.487582000905206 ] } },
{ "type": "Feature", "properties": { "id": 31, "utm_x": 700085.08969814435, "utm_y": 5708128.609692255, "lon": -0.11788953316398691, "lat": 51.488852015765325 }, "geometry": { "type": "Point", "coordinates": [ -0.117889533163987, 51.488852015765325 ] } },
{ "type": "Feature", "properties": { "id": 32, "utm_x": 700085.08969814435, "utm_y": 5708270.0310484916, "lon": -0.11780938966589605, "lat": 51.490122030259506 }, "geometry": { "type": "Point", "coordinates": [ -0.117809389665896, 51.490122030259506 ] } },
{ "type": "Feature", "properties": { "id": 33, "utm_x": 700085.08969814435, "utm_y": 5708411.4524047291, "lon": -0.11772924030062998, "lat": 51.49139204438773 }, "geometry": { "type": "Point", "coordinates": [ -0.11772924030063, 51.49139204438773 ] } },
{ "type": "Feature", "properties": { "id": 34, "utm_x": 700085.08969814435, "utm_y": 5708552.8737609666, "lon": -0.11764908506762141, "lat": 51.49266205815001 }, "geometry": { "type": "Point", "coordinates": [ -0.117649085067621, 51.49266205815001 ] } },
{ "type": "Feature", "properties": { "id": 35, "utm_x": 700085.08969814435, "utm_y": 5708694.2951172041, "lon": -0.11756892396630379, "lat": 51.493932071546354 }, "geometry": { "type": "Point", "coordinates": [ -0.117568923966304, 51.493932071546354 ] } },
{ "type": "Feature", "properties": { "id": 36, "utm_x": 700085.08969814435, "utm_y": 5708835.7164734416, "lon": -0.11748875699610939, "lat": 51.495202084576732 }, "geometry": { "type": "Point", "coordinates": [ -0.117488756996109, 51.495202084576732 ] } },
{ "type": "Feature", "properties": { "id": 37, "utm_x": 700085.08969814435, "utm_y": 5708977.1378296781, "lon": -0.11740858415647365, "lat": 51.496472097241124 }, "geometry": { "type": "Point", "coordinates": [ -0.117408584156474, 51.496472097241124 ] } },
{ "type": "Feature", "properties": { "id": 38, "utm_x": 700085.08969814435, "utm_y": 5709118.5591859156, "lon": -0.11732840544682528, "lat": 51.497742109539566 }, "geometry": { "type": "Point", "coordinates": [ -0.117328405446825, 51.497742109539566 ] } },
{ "type": "Feature", "properties": { "id": 39, "utm_x": 700085.08969814435, "utm_y": 5709259.9805421531, "lon": -0.11724822086660051, "lat": 51.499012121472042 }, "geometry": { "type": "Point", "coordinates": [ -0.117248220866601, 51.499012121472042 ] } },
{ "type": "Feature", "properties": { "id": 40, "utm_x": 700085.08969814435, "utm_y": 5709401.4018983906, "lon": -0.11716803041523123, "lat": 51.500282133038517 }, "geometry": { "type": "Point", "coordinates": [ -0.117168030415231, 51.500282133038517 ] } },
{ "type": "Feature", "properties": { "id": 41, "utm_x": 700085.08969814435, "utm_y": 5709542.8232546281, "lon": -0.11708783409215011, "lat": 51.501552144239 }, "geometry": { "type": "Point", "coordinates": [ -0.11708783409215, 51.501552144239 ] } },
{ "type": "Feature", "properties": { "id": 42, "utm_x": 700085.08969814435, "utm_y": 5709684.2446108647, "lon": -0.11700763189678981, "lat": 51.502822155073481 }, "geometry": { "type": "Point", "coordinates": [ -0.11700763189679, 51.502822155073481 ] } },
{ "type": "Feature", "properties": { "id": 43, "utm_x": 700085.08969814435, "utm_y": 5709825.6659671022, "lon": -0.1169274238285814, "lat": 51.504092165541977 }, "geometry": { "type": "Point", "coordinates": [ -0.116927423828581, 51.504092165541977 ] } },
{ "type": "Feature", "properties": { "id": 44, "utm_x": 700085.08969814435, "utm_y": 5709967.0873233397, "lon": -0.11684720988695915, "lat": 51.505362175644457 }, "geometry": { "type": "Point", "coordinates": [ -0.116847209886959, 51.505362175644457 ] } },
{ "type": "Feature", "properties": { "id": 45, "utm_x": 700085.08969814435, "utm_y": 5710108.5086795771, "lon": -0.11676699007135492, "lat": 51.506632185380923 }, "geometry": { "type": "Point", "coordinates": [ -0.116766990071355, 51.506632185380923 ] } },
{ "type": "Feature", "properties": { "id": 46, "utm_x": 700085.08969814435, "utm_y": 5710249.9300358146, "lon": -0.11668676438120022, "lat": 51.507902194751374 }, "geometry": { "type": "Point", "coordinates": [ -0.1166867643812, 51.507902194751374 ] } },
{ "type": "Feature", "properties": { "id": 47, "utm_x": 700085.08969814435, "utm_y": 5710391.3513920512, "lon": -0.11660653281592967, "lat": 51.509172203755782 }, "geometry": { "type": "Point", "coordinates": [ -0.11660653281593, 51.509172203755782 ] } },
{ "type": "Feature", "properties": { "id": 48, "utm_x": 700085.08969814435, "utm_y": 5710532.7727482887, "lon": -0.11652629537497197, "lat": 51.510442212394167 }, "geometry": { "type": "Point", "coordinates": [ -0.116526295374972, 51.510442212394167 ] } },
{ "type": "Feature", "properties": { "id": 49, "utm_x": 700085.08969814435, "utm_y": 5710674.1941045262, "lon": -0.11644605205776179, "lat": 51.511712220666524 }, "geometry": { "type": "Point", "coordinates": [ -0.116446052057762, 51.511712220666524 ] } },
{ "type": "Feature", "properties": { "id": 50, "utm_x": 700085.08969814435, "utm_y": 5710815.6154607637, "lon": -0.11636580286372941, "lat": 51.512982228572817 }, "geometry": { "type": "Point", "coordinates": [ -0.116365802863729, 51.512982228572817 ] } },
{ "type": "Feature", "properties": { "id": 51, "utm_x": 700085.08969814435, "utm_y": 5710957.0368170012, "lon": -0.11628554779230789, "lat": 51.514252236113087 }, "geometry": { "type": "Point", "coordinates": [ -0.116285547792308, 51.514252236113087 ] } },
{ "type": "Feature", "properties": { "id": 52, "utm_x": 700085.08969814435, "utm_y": 5711098.4581732377, "lon": -0.1162052868429299, "lat": 51.515522243287265 }, "geometry": { "type": "Point", "coordinates": [ -0.11620528684293, 51.515522243287265 ] } },
{ "type": "Feature", "properties": { "id": 53, "utm_x": 700085.08969814435, "utm_y": 5711239.8795294752, "lon": -0.11612502001502373, "lat": 51.516792250095406 }, "geometry": { "type": "Point", "coordinates": [ -0.116125020015024, 51.516792250095406 ] } },
{ "type": "Feature", "properties": { "id": 54, "utm_x": 700085.08969814435, "utm_y": 5711381.3008857127, "lon": -0.11604474730802483, "lat": 51.518062256537469 }, "geometry": { "type": "Point", "coordinates": [ -0.116044747308025, 51.518062256537469 ] } },
{ "type": "Feature", "properties": { "id": 55, "utm_x": 700085.08969814435, "utm_y": 5711522.7222419502, "lon": -0.1159644687213639, "lat": 51.51933226261346 }, "geometry": { "type": "Point", "coordinates": [ -0.115964468721364, 51.51933226261346 ] } },
{ "type": "Feature", "properties": { "id": 56, "utm_x": 700226.51105438161, "utm_y": 5707280.081554831, "lon": -0.1163362903838525, "lat": 51.481181885795245 }, "geometry": { "type": "Point", "coordinates": [ -0.116336290383853, 51.481181885795245 ] } },
{ "type": "Feature", "properties": { "id": 57, "utm_x": 700226.51105438161, "utm_y": 5707421.5029110685, "lon": -0.11625612572400108, "lat": 51.482451900223246 }, "geometry": { "type": "Point", "coordinates": [ -0.116256125724001, 51.482451900223246 ] } },
{ "type": "Feature", "properties": { "id": 58, "utm_x": 700226.51105438161, "utm_y": 5707562.9242673051, "lon": -0.11617595519626482, "lat": 51.483721914285219 }, "geometry": { "type": "Point", "coordinates": [ -0.116175955196265, 51.483721914285219 ] } },
{ "type": "Feature", "properties": { "id": 59, "utm_x": 700226.51105438161, "utm_y": 5707704.3456235426, "lon": -0.11609577880007679, "lat": 51.484991927981149 }, "geometry": { "type": "Point", "coordinates": [ -0.116095778800077, 51.484991927981149 ] } },
{ "type": "Feature", "properties": { "id": 60, "utm_x": 700226.51105438161, "utm_y": 5707845.76697978, "lon": -0.11601559653487004, "lat": 51.486261941311035 }, "geometry": { "type": "Point", "coordinates": [ -0.11601559653487, 51.486261941311035 ] } },
{ "type": "Feature", "properties": { "id": 61, "utm_x": 700226.51105438161, "utm_y": 5707987.1883360175, "lon": -0.11593540840007724, "lat": 51.487531954274893 }, "geometry": { "type": "Point", "coordinates": [ -0.115935408400077, 51.487531954274893 ] } },
{ "type": "Feature", "properties": { "id": 62, "utm_x": 700226.51105438161, "utm_y": 5708128.609692255, "lon": -0.11585521439513108, "lat": 51.488801966872686 }, "geometry": { "type": "Point", "coordinates": [ -0.115855214395131, 51.488801966872686 ] } },
{ "type": "Feature", "properties": { "id": 63, "utm_x": 700226.51105438161, "utm_y": 5708270.0310484916, "lon": -0.11577501451946658, "lat": 51.490071979104414 }, "geometry": { "type": "Point", "coordinates": [ -0.115775014519467, 51.490071979104414 ] } },
{ "type": "Feature", "properties": { "id": 64, "utm_x": 700226.51105438161, "utm_y": 5708411.4524047291, "lon": -0.11569480877251444, "lat": 51.491341990970078 }, "geometry": { "type": "Point", "coordinates": [ -0.115694808772514, 51.491341990970078 ] } },
{ "type": "Feature", "properties": { "id": 65, "utm_x": 700226.51105438161, "utm_y": 5708552.8737609666, "lon": -0.11561459715370853, "lat": 51.49261200246967 }, "geometry": { "type": "Point", "coordinates": [ -0.115614597153709, 51.49261200246967 ] } },
{ "type": "Feature", "properties": { "id": 66, "utm_x": 700226.51105438161, "utm_y": 5708694.2951172041, "lon": -0.1155343796624811, "lat": 51.493882013603177 }, "geometry": { "type": "Point", "coordinates": [ -0.115534379662481, 51.493882013603177 ] } },
{ "type": "Feature", "properties": { "id": 67, "utm_x": 700226.51105438161, "utm_y": 5708835.7164734416, "lon": -0.11545415629826483, "lat": 51.495152024370611 }, "geometry": { "type": "Point", "coordinates": [ -0.115454156298265, 51.495152024370611 ] } },
{ "type": "Feature", "properties": { "id": 68, "utm_x": 700226.51105438161, "utm_y": 5708977.1378296781, "lon": -0.11537392706049399, "lat": 51.496422034771946 }, "geometry": { "type": "Point", "coordinates": [ -0.115373927060494, 51.496422034771946 ] } },
{ "type": "Feature", "properties": { "id": 69, "utm_x": 700226.51105438161, "utm_y": 5709118.5591859156, "lon": -0.11529369194859686, "lat": 51.497692044807181 }, "geometry": { "type": "Point", "coordinates": [ -0.115293691948597, 51.497692044807181 ] } },
{ "type": "Feature", "properties": { "id": 70, "utm_x": 700226.51105438161, "utm_y": 5709259.9805421531, "lon": -0.11521345096201008, "lat": 51.498962054476337 }, "geometry": { "type": "Point", "coordinates": [ -0.11521345096201, 51.498962054476337 ] } },
{ "type": "Feature", "properties": { "id": 71, "utm_x": 700226.51105438161, "utm_y": 5709401.4018983906, "lon": -0.11513320410016434, "lat": 51.500232063779364 }, "geometry": { "type": "Point", "coordinates": [ -0.115133204100164, 51.500232063779364 ] } },
{ "type": "Feature", "properties": { "id": 72, "utm_x": 700226.51105438161, "utm_y": 5709542.8232546281, "lon": -0.11505295136249191, "lat": 51.501502072716278 }, "geometry": { "type": "Point", "coordinates": [ -0.115052951362492, 51.501502072716278 ] } },
{ "type": "Feature", "properties": { "id": 73, "utm_x": 700226.51105438161, "utm_y": 5709684.2446108647, "lon": -0.11497269274842585, "lat": 51.502772081287063 }, "geometry": { "type": "Point", "coordinates": [ -0.114972692748426, 51.502772081287063 ] } },
{ "type": "Feature", "properties": { "id": 74, "utm_x": 700226.51105438161, "utm_y": 5709825.6659671022, "lon": -0.11489242825739725, "lat": 51.504042089491733 }, "geometry": { "type": "Point", "coordinates": [ -0.114892428257397, 51.504042089491733 ] } },
{ "type": "Feature", "properties": { "id": 75, "utm_x": 700226.51105438161, "utm_y": 5709967.0873233397, "lon": -0.11481215788883758, "lat": 51.505312097330261 }, "geometry": { "type": "Point", "coordinates": [ -0.114812157888838, 51.505312097330261 ] } },
{ "type": "Feature", "properties": { "id": 76, "utm_x": 700226.51105438161, "utm_y": 5710108.5086795771, "lon": -0.1147318816421799, "lat": 51.506582104802661 }, "geometry": { "type": "Point", "coordinates": [ -0.11473188164218, 51.506582104802661 ] } },
{ "type": "Feature", "properties": { "id": 77, "utm_x": 700226.51105438161, "utm_y": 5710249.9300358146, "lon": -0.11465159951685609, "lat": 51.50785211190891 }, "geometry": { "type": "Point", "coordinates": [ -0.114651599516856, 51.50785211190891 ] } },
{ "type": "Feature", "properties": { "id": 78, "utm_x": 700226.51105438161, "utm_y": 5710391.3513920512, "lon": -0.11457131151229923, "lat": 51.509122118648996 }, "geometry": { "type": "Point", "coordinates": [ -0.114571311512299, 51.509122118648996 ] } },
{ "type": "Feature", "properties": { "id": 79, "utm_x": 700226.51105438161, "utm_y": 5710532.7727482887, "lon": -0.11449101762793798, "lat": 51.510392125022939 }, "geometry": { "type": "Point", "coordinates": [ -0.114491017627938, 51.510392125022939 ] } },
{ "type": "Feature", "properties": { "id": 80, "utm_x": 700226.51105438161, "utm_y": 5710674.1941045262, "lon": -0.11441071786320622, "lat": 51.511662131030704 }, "geometry": { "type": "Point", "coordinates": [ -0.114410717863206, 51.511662131030704 ] } },
{ "type": "Feature", "properties": { "id": 81, "utm_x": 700226.51105438161, "utm_y": 5710815.6154607637, "lon": -0.11433041221753465, "lat": 51.512932136672312 }, "geometry": { "type": "Point", "coordinates": [ -0.114330412217535, 51.512932136672312 ] } },
{ "type": "Feature", "properties": { "id": 82, "utm_x": 700226.51105438161, "utm_y": 5710957.0368170012, "lon": -0.1142501006903551, "lat": 51.514202141947756 }, "geometry": { "type": "Point", "coordinates": [ -0.114250100690355, 51.514202141947756 ] } },
{ "type": "Feature", "properties": { "id": 83, "utm_x": 700226.51105438161, "utm_y": 5711098.4581732377, "lon": -0.11416978328109988, "lat": 51.515472146856986 }, "geometry": { "type": "Point", "coordinates": [ -0.1141697832811, 51.515472146856986 ] } },
{ "type": "Feature", "properties": { "id": 84, "utm_x": 700226.51105438161, "utm_y": 5711239.8795294752, "lon": -0.11408945998919885, "lat": 51.516742151400052 }, "geometry": { "type": "Point", "coordinates": [ -0.114089459989199, 51.516742151400052 ] } },
{ "type": "Feature", "properties": { "id": 85, "utm_x": 700226.51105438161, "utm_y": 5711381.3008857127, "lon": -0.11400913081408351, "lat": 51.518012155576912 }, "geometry": { "type": "Point", "coordinates": [ -0.114009130814084, 51.518012155576912 ] } },
{ "type": "Feature", "properties": { "id": 86, "utm_x": 700226.51105438161, "utm_y": 5711522.7222419502, "lon": -0.1139287957551869, "lat": 51.519282159387572 }, "geometry": { "type": "Point", "coordinates": [ -0.113928795755187, 51.519282159387572 ] } },
{ "type": "Feature", "properties": { "id": 87, "utm_x": 700367.93241061899, "utm_y": 5707280.081554831, "lon": -0.1143023156614436, "lat": 51.481131815234164 }, "geometry": { "type": "Point", "coordinates": [ -0.114302315661444, 51.481131815234164 ] } },
{ "type": "Feature", "properties": { "id": 88, "utm_x": 700367.93241061899, "utm_y": 5707421.5029110685, "lon": -0.11422209464924514, "lat": 51.482401827398881 }, "geometry": { "type": "Point", "coordinates": [ -0.114222094649245, 51.482401827398881 ] } },
{ "type": "Feature", "properties": { "id": 89, "utm_x": 700367.93241061899, "utm_y": 5707562.9242673051, "lon": -0.11414186776505215, "lat": 51.483671839197441 }, "geometry": { "type": "Point", "coordinates": [ -0.114141867765052, 51.483671839197441 ] } },
{ "type": "Feature", "properties": { "id": 90, "utm_x": 700367.93241061899, "utm_y": 5707704.3456235426, "lon": -0.11406163500829772, "lat": 51.484941850629852 }, "geometry": { "type": "Point", "coordinates": [ -0.114061635008298, 51.484941850629852 ] } },
{ "type": "Feature", "properties": { "id": 91, "utm_x": 700367.93241061899, "utm_y": 5707845.76697978, "lon": -0.11398139637841528, "lat": 51.48621186169607 }, "geometry": { "type": "Point", "coordinates": [ -0.113981396378415, 51.48621186169607 ] } },
{ "type": "Feature", "properties": { "id": 92, "utm_x": 700367.93241061899, "utm_y": 5707987.1883360175, "lon": -0.11390115187483674, "lat": 51.487481872396145 }, "geometry": { "type": "Point", "coordinates": [ -0.113901151874837, 51.487481872396145 ] } },
{ "type": "Feature", "properties": { "id": 93, "utm_x": 700367.93241061899, "utm_y": 5708128.609692255, "lon": -0.11382090149699514, "lat": 51.488751882730028 }, "geometry": { "type": "Point", "coordinates": [ -0.113820901496995, 51.488751882730028 ] } },
{ "type": "Feature", "properties": { "id": 94, "utm_x": 700367.93241061899, "utm_y": 5708270.0310484916, "lon": -0.11374064524432237, "lat": 51.490021892697726 }, "geometry": { "type": "Point", "coordinates": [ -0.113740645244322, 51.490021892697726 ] } },
{ "type": "Feature", "properties": { "id": 95, "utm_x": 700367.93241061899, "utm_y": 5708411.4524047291, "lon": -0.11366038311625189, "lat": 51.491291902299231 }, "geometry": { "type": "Point", "coordinates": [ -0.113660383116252, 51.491291902299231 ] } },
{ "type": "Feature", "properties": { "id": 96, "utm_x": 700367.93241061899, "utm_y": 5708552.8737609666, "lon": -0.11358011511221636, "lat": 51.49256191153453 }, "geometry": { "type": "Point", "coordinates": [ -0.113580115112216, 51.49256191153453 ] } },
{ "type": "Feature", "properties": { "id": 97, "utm_x": 700367.93241061899, "utm_y": 5708694.2951172041, "lon": -0.11349984123164646, "lat": 51.493831920403629 }, "geometry": { "type": "Point", "coordinates": [ -0.113499841231646, 51.493831920403629 ] } },
{ "type": "Feature", "properties": { "id": 98, "utm_x": 700367.93241061899, "utm_y": 5708835.7164734416, "lon": -0.11341956147397488, "lat": 51.495101928906529 }, "geometry": { "type": "Point", "coordinates": [ -0.113419561473975, 51.495101928906529 ] } },
{ "type": "Feature", "properties": { "id": 99, "utm_x": 700367.93241061899, "utm_y": 5708977.1378296781, "lon": -0.11333927583863544, "lat": 51.496371937043214 }, "geometry": { "type": "Point", "coordinates": [ -0.113339275838635, 51.496371937043214 ] } },
{ "type": "Feature", "properties": { "id": 100, "utm_x": 700367.93241061899, "utm_y": 5709118.5591859156, "lon": -0.11325898432505926, "lat": 51.497641944813658 }, "geometry": { "type": "Point", "coordinates": [ -0.113258984325059, 51.497641944813658 ] } },
{ "type": "Feature", "properties": { "id": 101, "utm_x": 700367.93241061899, "utm_y": 5709259.9805421531, "lon": -0.1131786869326778, "lat": 51.498911952217895 }, "geometry": { "type": "Point", "coordinates": [ -0.113178686932678, 51.498911952217895 ] } },
{ "type": "Feature", "properties": { "id": 102, "utm_x": 700367.93241061899, "utm_y": 5709401.4018983906, "lon": -0.11309838366092333, "lat": 51.50018195925589 }, "geometry": { "type": "Point", "coordinates": [ -0.113098383660923, 51.50018195925589 ] } },
{ "type": "Feature", "properties": { "id": 103, "utm_x": 700367.93241061899, "utm_y": 5709542.8232546281, "lon": -0.11301807450922813, "lat": 51.501451965927643 }, "geometry": { "type": "Point", "coordinates": [ -0.113018074509228, 51.501451965927643 ] } },
{ "type": "Feature", "properties": { "id": 104, "utm_x": 700367.93241061899, "utm_y": 5709684.2446108647, "lon": -0.11293775947702366, "lat": 51.50272197223314 }, "geometry": { "type": "Point", "coordinates": [ -0.112937759477024, 51.50272197223314 ] } },
{ "type": "Feature", "properties": { "id": 105, "utm_x": 700367.93241061899, "utm_y": 5709825.6659671022, "lon": -0.11285743856374099, "lat": 51.503991978172394 }, "geometry": { "type": "Point", "coordinates": [ -0.112857438563741, 51.503991978172394 ] } },
{ "type": "Feature", "properties": { "id": 106, "utm_x": 700367.93241061899, "utm_y": 5709967.0873233397, "lon": -0.11277711176881362, "lat": 51.505261983745392 }, "geometry": { "type": "Point", "coordinates": [ -0.112777111768814, 51.505261983745392 ] } },
{ "type": "Feature", "properties": { "id": 107, "utm_x": 700367.93241061899, "utm_y": 5710108.5086795771, "lon": -0.11269677909167181, "lat": 51.506531988952126 }, "geometry": { "type": "Point", "coordinates": [ -0.112696779091672, 51.506531988952126 ] } },
{ "type": "Feature", "properties": { "id": 108, "utm_x": 700367.93241061899, "utm_y": 5710249.9300358146, "lon": -0.11261644053174663, "lat": 51.50780199379259 }, "geometry": { "type": "Point", "coordinates": [ -0.112616440531747, 51.50780199379259 ] } },
{ "type": "Feature", "properties": { "id": 109, "utm_x": 700367.93241061899, "utm_y": 5710391.3513920512, "lon": -0.11253609608847037, "lat": 51.509071998266762 }, "geometry": { "type": "Point", "coordinates": [ -0.11253609608847, 51.509071998266762 ] } },
{ "type": "Feature", "properties": { "id": 110, "utm_x": 700367.93241061899, "utm_y": 5710532.7727482887, "lon": -0.1124557457612745, "lat": 51.510342002374671 }, "geometry": { "type": "Point", "coordinates": [ -0.112455745761274, 51.510342002374671 ] } },
{ "type": "Feature", "properties": { "id": 111, "utm_x": 700367.93241061899, "utm_y": 5710674.1941045262, "lon": -0.11237538954958891, "lat": 51.511612006116287 }, "geometry": { "type": "Point", "coordinates": [ -0.112375389549589, 51.511612006116287 ] } },
{ "type": "Feature", "properties": { "id": 112, "utm_x": 700367.93241061899, "utm_y": 5710815.6154607637, "lon": -0.11229502745284745, "lat": 51.512882009491591 }, "geometry": { "type": "Point", "coordinates": [ -0.112295027452847, 51.512882009491591 ] } },
{ "type": "Feature", "properties": { "id": 113, "utm_x": 700367.93241061899, "utm_y": 5710957.0368170012, "lon": -0.1122146594704788, "lat": 51.514152012500617 }, "geometry": { "type": "Point", "coordinates": [ -0.112214659470479, 51.514152012500617 ] } },
{ "type": "Feature", "properties": { "id": 114, "utm_x": 700367.93241061899, "utm_y": 5711098.4581732377, "lon": -0.11213428560191448, "lat": 51.515422015143315 }, "geometry": { "type": "Point", "coordinates": [ -0.112134285601914, 51.515422015143315 ] } },
{ "type": "Feature", "properties": { "id": 115, "utm_x": 700367.93241061899, "utm_y": 5711239.8795294752, "lon": -0.11205390584658592, "lat": 51.516692017419714 }, "geometry": { "type": "Point", "coordinates": [ -0.112053905846586, 51.516692017419714 ] } },
{ "type": "Feature", "properties": { "id": 116, "utm_x": 700367.93241061899, "utm_y": 5711381.3008857127, "lon": -0.11197352020392462, "lat": 51.517962019329786 }, "geometry": { "type": "Point", "coordinates": [ -0.111973520203925, 51.517962019329786 ] } },
{ "type": "Feature", "properties": { "id": 117, "utm_x": 700367.93241061899, "utm_y": 5711522.7222419502, "lon": -0.11189312867336046, "lat": 51.519232020873531 }, "geometry": { "type": "Point", "coordinates": [ -0.11189312867336, 51.519232020873531 ] } },
{ "type": "Feature", "properties": { "id": 118, "utm_x": 700509.35376685625, "utm_y": 5707280.081554831, "lon": -0.11226834681046388, "lat": 51.481081709432836 }, "geometry": { "type": "Point", "coordinates": [ -0.112268346810464, 51.481081709432836 ] } },
{ "type": "Feature", "properties": { "id": 119, "utm_x": 700509.35376685625, "utm_y": 5707421.5029110685, "lon": -0.1121880694464841, "lat": 51.482351719332669 }, "geometry": { "type": "Point", "coordinates": [ -0.112188069446484, 51.482351719332669 ] } },
{ "type": "Feature", "properties": { "id": 120, "utm_x": 700509.35376685625, "utm_y": 5707562.9242673051, "lon": -0.11210778620640292, "lat": 51.48362172886624 }, "geometry": { "type": "Point", "coordinates": [ -0.112107786206403, 51.48362172886624 ] } },
{ "type": "Feature", "properties": { "id": 121, "utm_x": 700509.35376685625, "utm_y": 5707704.3456235426, "lon": -0.11202749708964942, "lat": 51.484891738033518 }, "geometry": { "type": "Point", "coordinates": [ -0.112027497089649, 51.484891738033518 ] } },
{ "type": "Feature", "properties": { "id": 122, "utm_x": 700509.35376685625, "utm_y": 5707845.76697978, "lon": -0.11194720209565784, "lat": 51.486161746834505 }, "geometry": { "type": "Point", "coordinates": [ -0.111947202095658, 51.486161746834505 ] } },
{ "type": "Feature", "properties": { "id": 123, "utm_x": 700509.35376685625, "utm_y": 5707987.1883360175, "lon": -0.11186690122386009, "lat": 51.487431755269199 }, "geometry": { "type": "Point", "coordinates": [ -0.11186690122386, 51.487431755269199 ] } },
{ "type": "Feature", "properties": { "id": 124, "utm_x": 700509.35376685625, "utm_y": 5708128.609692255, "lon": -0.11178659447368999, "lat": 51.488701763337581 }, "geometry": { "type": "Point", "coordinates": [ -0.11178659447369, 51.488701763337581 ] } },
{ "type": "Feature", "properties": { "id": 125, "utm_x": 700509.35376685625, "utm_y": 5708270.0310484916, "lon": -0.11170628184457826, "lat": 51.489971771039656 }, "geometry": { "type": "Point", "coordinates": [ -0.111706281844578, 51.489971771039656 ] } },
{ "type": "Feature", "properties": { "id": 126, "utm_x": 700509.35376685625, "utm_y": 5708411.4524047291, "lon": -0.11162596333595755, "lat": 51.491241778375411 }, "geometry": { "type": "Point", "coordinates": [ -0.111625963335958, 51.491241778375411 ] } },
{ "type": "Feature", "properties": { "id": 127, "utm_x": 700509.35376685625, "utm_y": 5708552.8737609666, "lon": -0.11154563894725855, "lat": 51.492511785344838 }, "geometry": { "type": "Point", "coordinates": [ -0.111545638947259, 51.492511785344838 ] } },
{ "type": "Feature", "properties": { "id": 128, "utm_x": 700509.35376685625, "utm_y": 5708694.2951172041, "lon": -0.1114653086779139, "lat": 51.493781791947953 }, "geometry": { "type": "Point", "coordinates": [ -0.111465308677914, 51.493781791947953 ] } },
{ "type": "Feature", "properties": { "id": 129, "utm_x": 700509.35376685625, "utm_y": 5708835.7164734416, "lon": -0.11138497252735592, "lat": 51.495051798184718 }, "geometry": { "type": "Point", "coordinates": [ -0.111384972527356, 51.495051798184718 ] } },
{ "type": "Feature", "properties": { "id": 130, "utm_x": 700509.35376685625, "utm_y": 5708977.1378296781, "lon": -0.11130463049501724, "lat": 51.496321804055135 }, "geometry": { "type": "Point", "coordinates": [ -0.111304630495017, 51.496321804055135 ] } },
{ "type": "Feature", "properties": { "id": 131, "utm_x": 700509.35376685625, "utm_y": 5709118.5591859156, "lon": -0.11122428258032775, "lat": 51.497591809559232 }, "geometry": { "type": "Point", "coordinates": [ -0.111224282580328, 51.497591809559232 ] } },
{ "type": "Feature", "properties": { "id": 132, "utm_x": 700509.35376685625, "utm_y": 5709259.9805421531, "lon": -0.11114392878271934, "lat": 51.498861814696966 }, "geometry": { "type": "Point", "coordinates": [ -0.111143928782719, 51.498861814696966 ] } },
{ "type": "Feature", "properties": { "id": 133, "utm_x": 700509.35376685625, "utm_y": 5709401.4018983906, "lon": -0.11106356910162506, "lat": 51.500131819468329 }, "geometry": { "type": "Point", "coordinates": [ -0.111063569101625, 51.500131819468329 ] } },
{ "type": "Feature", "properties": { "id": 134, "utm_x": 700509.35376685625, "utm_y": 5709542.8232546281, "lon": -0.1109832035364744, "lat": 51.50140182387333 }, "geometry": { "type": "Point", "coordinates": [ -0.110983203536474, 51.50140182387333 ] } },
{ "type": "Feature", "properties": { "id": 135, "utm_x": 700509.35376685625, "utm_y": 5709684.2446108647, "lon": -0.11090283208670082, "lat": 51.502671827911954 }, "geometry": { "type": "Point", "coordinates": [ -0.110902832086701, 51.502671827911954 ] } },
{ "type": "Feature", "properties": { "id": 136, "utm_x": 700509.35376685625, "utm_y": 5709825.6659671022, "lon": -0.11082245475173344, "lat": 51.503941831584214 }, "geometry": { "type": "Point", "coordinates": [ -0.110822454751733, 51.503941831584214 ] } },
{ "type": "Feature", "properties": { "id": 137, "utm_x": 700509.35376685625, "utm_y": 5709967.0873233397, "lon": -0.11074207153100489, "lat": 51.505211834890083 }, "geometry": { "type": "Point", "coordinates": [ -0.110742071531005, 51.505211834890083 ] } },
{ "type": "Feature", "properties": { "id": 138, "utm_x": 700509.35376685625, "utm_y": 5710108.5086795771, "lon": -0.11066168242394667, "lat": 51.506481837829561 }, "geometry": { "type": "Point", "coordinates": [ -0.110661682423947, 51.506481837829561 ] } },
{ "type": "Feature", "properties": { "id": 139, "utm_x": 700509.35376685625, "utm_y": 5710249.9300358146, "lon": -0.11058128742998906, "lat": 51.507751840402648 }, "geometry": { "type": "Point", "coordinates": [ -0.110581287429989, 51.507751840402648 ] } },
{ "type": "Feature", "properties": { "id": 140, "utm_x": 700509.35376685625, "utm_y": 5710391.3513920512, "lon": -0.11050088654856352, "lat": 51.509021842609329 }, "geometry": { "type": "Point", "coordinates": [ -0.110500886548564, 51.509021842609329 ] } },
{ "type": "Feature", "properties": { "id": 141, "utm_x": 700509.35376685625, "utm_y": 5710532.7727482887, "lon": -0.11042047977910155, "lat": 51.510291844449604 }, "geometry": { "type": "Point", "coordinates": [ -0.110420479779102, 51.510291844449604 ] } },
{ "type": "Feature", "properties": { "id": 142, "utm_x": 700509.35376685625, "utm_y": 5710674.1941045262, "lon": -0.11034006712103221, "lat": 51.511561845923453 }, "geometry": { "type": "Point", "coordinates": [ -0.110340067121032, 51.511561845923453 ] } },
{ "type": "Feature", "properties": { "id": 143, "utm_x": 700509.35376685625, "utm_y": 5710815.6154607637, "lon": -0.11025964857378741, "lat": 51.512831847030903 }, "geometry": { "type": "Point", "coordinates": [ -0.110259648573787, 51.512831847030903 ] } },
{ "type": "Feature", "properties": { "id": 144, "utm_x": 700509.35376685625, "utm_y": 5710957.0368170012, "lon": -0.1101792241367978, "lat": 51.514101847771911 }, "geometry": { "type": "Point", "coordinates": [ -0.110179224136798, 51.514101847771911 ] } },
{ "type": "Feature", "properties": { "id": 145, "utm_x": 700509.35376685625, "utm_y": 5711098.4581732377, "lon": -0.11009879380949567, "lat": 51.515371848146479 }, "geometry": { "type": "Point", "coordinates": [ -0.110098793809496, 51.515371848146479 ] } },
{ "type": "Feature", "properties": { "id": 146, "utm_x": 700509.35376685625, "utm_y": 5711239.8795294752, "lon": -0.11001835759130851, "lat": 51.51664184815462 }, "geometry": { "type": "Point", "coordinates": [ -0.110018357591309, 51.51664184815462 ] } },
{ "type": "Feature", "properties": { "id": 147, "utm_x": 700509.35376685625, "utm_y": 5711381.3008857127, "lon": -0.10993791548166899, "lat": 51.51791184779632 }, "geometry": { "type": "Point", "coordinates": [ -0.109937915481669, 51.51791184779632 ] } },
{ "type": "Feature", "properties": { "id": 148, "utm_x": 700509.35376685625, "utm_y": 5711522.7222419502, "lon": -0.1098574674800074, "lat": 51.519181847071557 }, "geometry": { "type": "Point", "coordinates": [ -0.109857467480007, 51.519181847071557 ] } },
{ "type": "Feature", "properties": { "id": 149, "utm_x": 700650.77512309363, "utm_y": 5707280.081554831, "lon": -0.11023438383501705, "lat": 51.481031568391487 }, "geometry": { "type": "Point", "coordinates": [ -0.110234383835017, 51.481031568391487 ] } },
{ "type": "Feature", "properties": { "id": 150, "utm_x": 700650.77512309363, "utm_y": 5707421.5029110685, "lon": -0.11015405011982489, "lat": 51.482301576024867 }, "geometry": { "type": "Point", "coordinates": [ -0.110154050119825, 51.482301576024867 ] } },
{ "type": "Feature", "properties": { "id": 151, "utm_x": 700650.77512309363, "utm_y": 5707562.9242673051, "lon": -0.11007371052442004, "lat": 51.483571583291848 }, "geometry": { "type": "Point", "coordinates": [ -0.11007371052442, 51.483571583291848 ] } },
{ "type": "Feature", "properties": { "id": 152, "utm_x": 700650.77512309363, "utm_y": 5707704.3456235426, "lon": -0.10999336504823599, "lat": 51.484841590192424 }, "geometry": { "type": "Point", "coordinates": [ -0.109993365048236, 51.484841590192424 ] } },
{ "type": "Feature", "properties": { "id": 153, "utm_x": 700650.77512309363, "utm_y": 5707845.76697978, "lon": -0.109913013690705, "lat": 51.486111596726559 }, "geometry": { "type": "Point", "coordinates": [ -0.109913013690705, 51.486111596726559 ] } },
{ "type": "Feature", "properties": { "id": 154, "utm_x": 700650.77512309363, "utm_y": 5707987.1883360175, "lon": -0.10983265645125655, "lat": 51.487381602894295 }, "geometry": { "type": "Point", "coordinates": [ -0.109832656451257, 51.487381602894295 ] } },
{ "type": "Feature", "properties": { "id": 155, "utm_x": 700650.77512309363, "utm_y": 5708128.609692255, "lon": -0.1097522933293253, "lat": 51.488651608695598 }, "geometry": { "type": "Point", "coordinates": [ -0.109752293329325, 51.488651608695598 ] } },
{ "type": "Feature", "properties": { "id": 156, "utm_x": 700650.77512309363, "utm_y": 5708270.0310484916, "lon": -0.10967192432434233, "lat": 51.489921614130459 }, "geometry": { "type": "Point", "coordinates": [ -0.109671924324342, 51.489921614130459 ] } },
{ "type": "Feature", "properties": { "id": 157, "utm_x": 700650.77512309363, "utm_y": 5708411.4524047291, "lon": -0.10959154943573794, "lat": 51.491191619198879 }, "geometry": { "type": "Point", "coordinates": [ -0.109591549435738, 51.491191619198879 ] } },
{ "type": "Feature", "properties": { "id": 158, "utm_x": 700650.77512309363, "utm_y": 5708552.8737609666, "lon": -0.10951116866294477, "lat": 51.492461623900844 }, "geometry": { "type": "Point", "coordinates": [ -0.109511168662945, 51.492461623900844 ] } },
{ "type": "Feature", "properties": { "id": 159, "utm_x": 700650.77512309363, "utm_y": 5708694.2951172041, "lon": -0.10943078200539393, "lat": 51.493731628236361 }, "geometry": { "type": "Point", "coordinates": [ -0.109430782005394, 51.493731628236361 ] } },
{ "type": "Feature", "properties": { "id": 160, "utm_x": 700650.77512309363, "utm_y": 5708835.7164734416, "lon": -0.10935038946251725, "lat": 51.495001632205422 }, "geometry": { "type": "Point", "coordinates": [ -0.109350389462517, 51.495001632205422 ] } },
{ "type": "Feature", "properties": { "id": 161, "utm_x": 700650.77512309363, "utm_y": 5708977.1378296781, "lon": -0.10926999103374745, "lat": 51.496271635808007 }, "geometry": { "type": "Point", "coordinates": [ -0.109269991033747, 51.496271635808007 ] } },
{ "type": "Feature", "properties": { "id": 162, "utm_x": 700650.77512309363, "utm_y": 5709118.5591859156, "lon": -0.10918958671851198, "lat": 51.49754163904413 }, "geometry": { "type": "Point", "coordinates": [ -0.109189586718512, 51.49754163904413 ] } },
{ "type": "Feature", "properties": { "id": 163, "utm_x": 700650.77512309363, "utm_y": 5709259.9805421531, "lon": -0.10910917651624594, "lat": 51.498811641913768 }, "geometry": { "type": "Point", "coordinates": [ -0.109109176516246, 51.498811641913768 ] } },
{ "type": "Feature", "properties": { "id": 164, "utm_x": 700650.77512309363, "utm_y": 5709401.4018983906, "lon": -0.10902876042637917, "lat": 51.50008164441693 }, "geometry": { "type": "Point", "coordinates": [ -0.109028760426379, 51.50008164441693 ] } },
{ "type": "Feature", "properties": { "id": 165, "utm_x": 700650.77512309363, "utm_y": 5709542.8232546281, "lon": -0.10894833844834319, "lat": 51.501351646553594 }, "geometry": { "type": "Point", "coordinates": [ -0.108948338448343, 51.501351646553594 ] } },
{ "type": "Feature", "properties": { "id": 166, "utm_x": 700650.77512309363, "utm_y": 5709684.2446108647, "lon": -0.10886791058156864, "lat": 51.502621648323753 }, "geometry": { "type": "Point", "coordinates": [ -0.108867910581569, 51.502621648323753 ] } },
{ "type": "Feature", "properties": { "id": 167, "utm_x": 700650.77512309363, "utm_y": 5709825.6659671022, "lon": -0.10878747682548504, "lat": 51.503891649727422 }, "geometry": { "type": "Point", "coordinates": [ -0.108787476825485, 51.503891649727422 ] } },
{ "type": "Feature", "properties": { "id": 168, "utm_x": 700650.77512309363, "utm_y": 5709967.0873233397, "lon": -0.10870703717952504, "lat": 51.50516165076457 }, "geometry": { "type": "Point", "coordinates": [ -0.108707037179525, 51.50516165076457 ] } },
{ "type": "Feature", "properties": { "id": 169, "utm_x": 700650.77512309363, "utm_y": 5710108.5086795771, "lon": -0.10862659164311934, "lat": 51.506431651435207 }, "geometry": { "type": "Point", "coordinates": [ -0.108626591643119, 51.506431651435207 ] } },
{ "type": "Feature", "properties": { "id": 170, "utm_x": 700650.77512309363, "utm_y": 5710249.9300358146, "lon": -0.1085461402156974, "lat": 51.507701651739332 }, "geometry": { "type": "Point", "coordinates": [ -0.108546140215697, 51.507701651739332 ] } },
{ "type": "Feature", "properties": { "id": 171, "utm_x": 700650.77512309363, "utm_y": 5710391.3513920512, "lon": -0.10846568289669271, "lat": 51.508971651676909 }, "geometry": { "type": "Point", "coordinates": [ -0.108465682896693, 51.508971651676909 ] } },
{ "type": "Feature", "properties": { "id": 172, "utm_x": 700650.77512309363, "utm_y": 5710532.7727482887, "lon": -0.10838521968553196, "lat": 51.510241651247973 }, "geometry": { "type": "Point", "coordinates": [ -0.108385219685532, 51.510241651247973 ] } },
{ "type": "Feature", "properties": { "id": 173, "utm_x": 700650.77512309363, "utm_y": 5710674.1941045262, "lon": -0.10830475058164782, "lat": 51.511511650452483 }, "geometry": { "type": "Point", "coordinates": [ -0.108304750581648, 51.511511650452483 ] } },
{ "type": "Feature", "properties": { "id": 174, "utm_x": 700650.77512309363, "utm_y": 5710815.6154607637, "lon": -0.10822427558446979, "lat": 51.512781649290453 }, "geometry": { "type": "Point", "coordinates": [ -0.10822427558447, 51.512781649290453 ] } },
{ "type": "Feature", "properties": { "id": 175, "utm_x": 700650.77512309363, "utm_y": 5710957.0368170012, "lon": -0.10814379469343012, "lat": 51.514051647761875 }, "geometry": { "type": "Point", "coordinates": [ -0.10814379469343, 51.514051647761875 ] } },
{ "type": "Feature", "properties": { "id": 176, "utm_x": 700650.77512309363, "utm_y": 5711098.4581732377, "lon": -0.10806330790795832, "lat": 51.51532164586672 }, "geometry": { "type": "Point", "coordinates": [ -0.108063307907958, 51.51532164586672 ] } },
{ "type": "Feature", "properties": { "id": 177, "utm_x": 700650.77512309363, "utm_y": 5711239.8795294752, "lon": -0.10798281522748227, "lat": 51.516591643605011 }, "geometry": { "type": "Point", "coordinates": [ -0.107982815227482, 51.516591643605011 ] } },
{ "type": "Feature", "properties": { "id": 178, "utm_x": 700650.77512309363, "utm_y": 5711381.3008857127, "lon": -0.10790231665143385, "lat": 51.517861640976747 }, "geometry": { "type": "Point", "coordinates": [ -0.107902316651434, 51.517861640976747 ] } },
{ "type": "Feature", "properties": { "id": 179, "utm_x": 700650.77512309363, "utm_y": 5711522.7222419502, "lon": -0.10782181217924454, "lat": 51.519131637981886 }, "geometry": { "type": "Point", "coordinates": [ -0.107821812179245, 51.519131637981886 ] } },
{ "type": "Feature", "properties": { "id": 180, "utm_x": 700792.19647933089, "utm_y": 5707280.081554831, "lon": -0.10820042673921636, "lat": 51.480981392110365 }, "geometry": { "type": "Point", "coordinates": [ -0.108200426739216, 51.480981392110365 ] } },
{ "type": "Feature", "properties": { "id": 181, "utm_x": 700792.19647933089, "utm_y": 5707421.5029110685, "lon": -0.10812003667337874, "lat": 51.482251397475693 }, "geometry": { "type": "Point", "coordinates": [ -0.108120036673379, 51.482251397475693 ] } },
{ "type": "Feature", "properties": { "id": 182, "utm_x": 700792.19647933089, "utm_y": 5707562.9242673051, "lon": -0.10803964072322075, "lat": 51.483521402474494 }, "geometry": { "type": "Point", "coordinates": [ -0.108039640723221, 51.483521402474494 ] } },
{ "type": "Feature", "properties": { "id": 183, "utm_x": 700792.19647933089, "utm_y": 5707704.3456235426, "lon": -0.10795923888817309, "lat": 51.484791407106776 }, "geometry": { "type": "Point", "coordinates": [ -0.107959238888173, 51.484791407106776 ] } },
{ "type": "Feature", "properties": { "id": 184, "utm_x": 700792.19647933089, "utm_y": 5707845.76697978, "lon": -0.10787883116766921, "lat": 51.486061411372503 }, "geometry": { "type": "Point", "coordinates": [ -0.107878831167669, 51.486061411372503 ] } },
{ "type": "Feature", "properties": { "id": 185, "utm_x": 700792.19647933089, "utm_y": 5707987.1883360175, "lon": -0.1077984175611382, "lat": 51.487331415271683 }, "geometry": { "type": "Point", "coordinates": [ -0.107798417561138, 51.487331415271683 ] } },
{ "type": "Feature", "properties": { "id": 186, "utm_x": 700792.19647933089, "utm_y": 5708128.609692255, "lon": -0.10771799806801392, "lat": 51.488601418804308 }, "geometry": { "type": "Point", "coordinates": [ -0.107717998068014, 51.488601418804308 ] } },
{ "type": "Feature", "properties": { "id": 187, "utm_x": 700792.19647933089, "utm_y": 5708270.0310484916, "lon": -0.10763757268772746, "lat": 51.489871421970363 }, "geometry": { "type": "Point", "coordinates": [ -0.107637572687727, 51.489871421970363 ] } },
{ "type": "Feature", "properties": { "id": 188, "utm_x": 700792.19647933089, "utm_y": 5708411.4524047291, "lon": -0.10755714141970829, "lat": 51.491141424769857 }, "geometry": { "type": "Point", "coordinates": [ -0.107557141419708, 51.491141424769857 ] } },
{ "type": "Feature", "properties": { "id": 189, "utm_x": 700792.19647933089, "utm_y": 5708552.8737609666, "lon": -0.10747670426338989, "lat": 51.492411427202775 }, "geometry": { "type": "Point", "coordinates": [ -0.10747670426339, 51.492411427202775 ] } },
{ "type": "Feature", "properties": { "id": 190, "utm_x": 700792.19647933089, "utm_y": 5708694.2951172041, "lon": -0.10739626121820134, "lat": 51.493681429269117 }, "geometry": { "type": "Point", "coordinates": [ -0.107396261218201, 51.493681429269117 ] } },
{ "type": "Feature", "properties": { "id": 191, "utm_x": 700792.19647933089, "utm_y": 5708835.7164734416, "lon": -0.10731581228357373, "lat": 51.494951430968889 }, "geometry": { "type": "Point", "coordinates": [ -0.107315812283574, 51.494951430968889 ] } },
{ "type": "Feature", "properties": { "id": 192, "utm_x": 700792.19647933089, "utm_y": 5708977.1378296781, "lon": -0.10723535745894092, "lat": 51.496221432302029 }, "geometry": { "type": "Point", "coordinates": [ -0.107235357458941, 51.496221432302029 ] } },
{ "type": "Feature", "properties": { "id": 193, "utm_x": 700792.19647933089, "utm_y": 5709118.5591859156, "lon": -0.10715489674373119, "lat": 51.497491433268607 }, "geometry": { "type": "Point", "coordinates": [ -0.107154896743731, 51.497491433268607 ] } },
{ "type": "Feature", "properties": { "id": 194, "utm_x": 700792.19647933089, "utm_y": 5709259.9805421531, "lon": -0.10707443013737562, "lat": 51.498761433868566 }, "geometry": { "type": "Point", "coordinates": [ -0.107074430137376, 51.498761433868566 ] } },
{ "type": "Feature", "properties": { "id": 195, "utm_x": 700792.19647933089, "utm_y": 5709401.4018983906, "lon": -0.10699395763930571, "lat": 51.500031434101921 }, "geometry": { "type": "Point", "coordinates": [ -0.106993957639306, 51.500031434101921 ] } },
{ "type": "Feature", "properties": { "id": 196, "utm_x": 700792.19647933089, "utm_y": 5709542.8232546281, "lon": -0.1069134792489525, "lat": 51.501301433968649 }, "geometry": { "type": "Point", "coordinates": [ -0.106913479248953, 51.501301433968649 ] } },
{ "type": "Feature", "properties": { "id": 197, "utm_x": 700792.19647933089, "utm_y": 5709684.2446108647, "lon": -0.10683299496574512, "lat": 51.502571433468759 }, "geometry": { "type": "Point", "coordinates": [ -0.106832994965745, 51.502571433468759 ] } },
{ "type": "Feature", "properties": { "id": 198, "utm_x": 700792.19647933089, "utm_y": 5709825.6659671022, "lon": -0.10675250478911502, "lat": 51.50384143260225 }, "geometry": { "type": "Point", "coordinates": [ -0.106752504789115, 51.50384143260225 ] } },
{ "type": "Feature", "properties": { "id": 199, "utm_x": 700792.19647933089, "utm_y": 5709967.0873233397, "lon": -0.1066720087184929, "lat": 51.505111431369095 }, "geometry": { "type": "Point", "coordinates": [ -0.106672008718493, 51.505111431369095 ] } },
{ "type": "Feature", "properties": { "id": 200, "utm_x": 700792.19647933089, "utm_y": 5710108.5086795771, "lon": -0.10659150675330903, "lat": 51.506381429769291 }, "geometry": { "type": "Point", "coordinates": [ -0.106591506753309, 51.506381429769291 ] } },
{ "type": "Feature", "properties": { "id": 201, "utm_x": 700792.19647933089, "utm_y": 5710249.9300358146, "lon": -0.10651099889299329, "lat": 51.507651427802863 }, "geometry": { "type": "Point", "coordinates": [ -0.106510998892993, 51.507651427802863 ] } },
{ "type": "Feature", "properties": { "id": 202, "utm_x": 700792.19647933089, "utm_y": 5710391.3513920512, "lon": -0.10643048513697677, "lat": 51.508921425469765 }, "geometry": { "type": "Point", "coordinates": [ -0.106430485136977, 51.508921425469765 ] } },
{ "type": "Feature", "properties": { "id": 203, "utm_x": 700792.19647933089, "utm_y": 5710532.7727482887, "lon": -0.10634996548468816, "lat": 51.510191422770014 }, "geometry": { "type": "Point", "coordinates": [ -0.106349965484688, 51.510191422770014 ] } },
{ "type": "Feature", "properties": { "id": 204, "utm_x": 700792.19647933089, "utm_y": 5710674.1941045262, "lon": -0.10626943993555893, "lat": 51.511461419703593 }, "geometry": { "type": "Point", "coordinates": [ -0.106269439935559, 51.511461419703593 ] } },
{ "type": "Feature", "properties": { "id": 205, "utm_x": 700792.19647933089, "utm_y": 5710815.6154607637, "lon": -0.10618890848901777, "lat": 51.512731416270512 }, "geometry": { "type": "Point", "coordinates": [ -0.106188908489018, 51.512731416270512 ] } },
{ "type": "Feature", "properties": { "id": 206, "utm_x": 700792.19647933089, "utm_y": 5710957.0368170012, "lon": -0.10610837114449696, "lat": 51.514001412470748 }, "geometry": { "type": "Point", "coordinates": [ -0.106108371144497, 51.514001412470748 ] } },
{ "type": "Feature", "properties": { "id": 207, "utm_x": 700792.19647933089, "utm_y": 5711098.4581732377, "lon": -0.10602782790142481, "lat": 51.515271408304287 }, "geometry": { "type": "Point", "coordinates": [ -0.106027827901425, 51.515271408304287 ] } },
{ "type": "Feature", "properties": { "id": 208, "utm_x": 700792.19647933089, "utm_y": 5711239.8795294752, "lon": -0.10594727875922959, "lat": 51.516541403771143 }, "geometry": { "type": "Point", "coordinates": [ -0.10594727875923, 51.516541403771143 ] } },
{ "type": "Feature", "properties": { "id": 209, "utm_x": 700792.19647933089, "utm_y": 5711381.3008857127, "lon": -0.10586672371734437, "lat": 51.517811398871302 }, "geometry": { "type": "Point", "coordinates": [ -0.105866723717344, 51.517811398871302 ] } },
{ "type": "Feature", "properties": { "id": 210, "utm_x": 700792.19647933089, "utm_y": 5711522.7222419502, "lon": -0.10578616277519587, "lat": 51.519081393604758 }, "geometry": { "type": "Point", "coordinates": [ -0.105786162775196, 51.519081393604758 ] } },
{ "type": "Feature", "properties": { "id": 211, "utm_x": 700933.61783556815, "utm_y": 5707280.081554831, "lon": -0.1061664755271679, "lat": 51.480931180589693 }, "geometry": { "type": "Point", "coordinates": [ -0.106166475527168, 51.480931180589693 ] } },
{ "type": "Feature", "properties": { "id": 212, "utm_x": 700933.61783556815, "utm_y": 5707421.5029110685, "lon": -0.10608602911125335, "lat": 51.48220118368539 }, "geometry": { "type": "Point", "coordinates": [ -0.106086029111253, 51.48220118368539 ] } },
{ "type": "Feature", "properties": { "id": 213, "utm_x": 700933.61783556815, "utm_y": 5707562.9242673051, "lon": -0.10600557680690956, "lat": 51.483471186414427 }, "geometry": { "type": "Point", "coordinates": [ -0.10600557680691, 51.483471186414427 ] } },
{ "type": "Feature", "properties": { "id": 214, "utm_x": 700933.61783556815, "utm_y": 5707704.3456235426, "lon": -0.1059251186135672, "lat": 51.48474118877683 }, "geometry": { "type": "Point", "coordinates": [ -0.105925118613567, 51.48474118877683 ] } },
{ "type": "Feature", "properties": { "id": 215, "utm_x": 700933.61783556815, "utm_y": 5707845.76697978, "lon": -0.10584465453065935, "lat": 51.48601119077253 }, "geometry": { "type": "Point", "coordinates": [ -0.105844654530659, 51.48601119077253 ] } },
{ "type": "Feature", "properties": { "id": 216, "utm_x": 700933.61783556815, "utm_y": 5707987.1883360175, "lon": -0.10576418455761549, "lat": 51.487281192401582 }, "geometry": { "type": "Point", "coordinates": [ -0.105764184557615, 51.487281192401582 ] } },
{ "type": "Feature", "properties": { "id": 217, "utm_x": 700933.61783556815, "utm_y": 5708128.609692255, "lon": -0.10568370869386631, "lat": 51.488551193663945 }, "geometry": { "type": "Point", "coordinates": [ -0.105683708693866, 51.488551193663945 ] } },
{ "type": "Feature", "properties": { "id": 218, "utm_x": 700933.61783556815, "utm_y": 5708270.0310484916, "lon": -0.10560322693884487, "lat": 51.48982119455961 }, "geometry": { "type": "Point", "coordinates": [ -0.105603226938845, 51.48982119455961 ] } },
{ "type": "Feature", "properties": { "id": 219, "utm_x": 700933.61783556815, "utm_y": 5708411.4524047291, "lon": -0.10552273929198026, "lat": 51.491091195088586 }, "geometry": { "type": "Point", "coordinates": [ -0.10552273929198, 51.491091195088586 ] } },
{ "type": "Feature", "properties": { "id": 220, "utm_x": 700933.61783556815, "utm_y": 5708552.8737609666, "lon": -0.10544224575270356, "lat": 51.492361195250865 }, "geometry": { "type": "Point", "coordinates": [ -0.105442245752704, 51.492361195250865 ] } },
{ "type": "Feature", "properties": { "id": 221, "utm_x": 700933.61783556815, "utm_y": 5708694.2951172041, "lon": -0.10536174632044704, "lat": 51.493631195046447 }, "geometry": { "type": "Point", "coordinates": [ -0.105361746320447, 51.493631195046447 ] } },
{ "type": "Feature", "properties": { "id": 222, "utm_x": 700933.61783556815, "utm_y": 5708835.7164734416, "lon": -0.10528124099463859, "lat": 51.494901194475318 }, "geometry": { "type": "Point", "coordinates": [ -0.105281240994639, 51.494901194475318 ] } },
{ "type": "Feature", "properties": { "id": 223, "utm_x": 700933.61783556815, "utm_y": 5708977.1378296781, "lon": -0.10520072977471169, "lat": 51.496171193537457 }, "geometry": { "type": "Point", "coordinates": [ -0.105200729774712, 51.496171193537457 ] } },
{ "type": "Feature", "properties": { "id": 224, "utm_x": 700933.61783556815, "utm_y": 5709118.5591859156, "lon": -0.10512021266009582, "lat": 51.497441192232877 }, "geometry": { "type": "Point", "coordinates": [ -0.105120212660096, 51.497441192232877 ] } },
{ "type": "Feature", "properties": { "id": 225, "utm_x": 700933.61783556815, "utm_y": 5709259.9805421531, "lon": -0.10503968965021968, "lat": 51.498711190561586 }, "geometry": { "type": "Point", "coordinates": [ -0.10503968965022, 51.498711190561586 ] } },
{ "type": "Feature", "properties": { "id": 226, "utm_x": 700933.61783556815, "utm_y": 5709401.4018983906, "lon": -0.10495916074451592, "lat": 51.499981188523549 }, "geometry": { "type": "Point", "coordinates": [ -0.104959160744516, 51.499981188523549 ] } },
{ "type": "Feature", "properties": { "id": 227, "utm_x": 700933.61783556815, "utm_y": 5709542.8232546281, "lon": -0.10487862594241443, "lat": 51.501251186118758 }, "geometry": { "type": "Point", "coordinates": [ -0.104878625942414, 51.501251186118758 ] } },
{ "type": "Feature", "properties": { "id": 228, "utm_x": 700933.61783556815, "utm_y": 5709684.2446108647, "lon": -0.10479808524334551, "lat": 51.502521183347213 }, "geometry": { "type": "Point", "coordinates": [ -0.104798085243346, 51.502521183347213 ] } },
{ "type": "Feature", "properties": { "id": 229, "utm_x": 700933.61783556815, "utm_y": 5709825.6659671022, "lon": -0.10471753864673784, "lat": 51.503791180208935 }, "geometry": { "type": "Point", "coordinates": [ -0.104717538646738, 51.503791180208935 ] } },
{ "type": "Feature", "properties": { "id": 230, "utm_x": 700933.61783556815, "utm_y": 5709967.0873233397, "lon": -0.1046369861520221, "lat": 51.505061176703897 }, "geometry": { "type": "Point", "coordinates": [ -0.104636986152022, 51.505061176703897 ] } },
{ "type": "Feature", "properties": { "id": 231, "utm_x": 700933.61783556815, "utm_y": 5710108.5086795771, "lon": -0.10455642775863058, "lat": 51.506331172832084 }, "geometry": { "type": "Point", "coordinates": [ -0.104556427758631, 51.506331172832084 ] } },
{ "type": "Feature", "properties": { "id": 232, "utm_x": 700933.61783556815, "utm_y": 5710249.9300358146, "lon": -0.10447586346598917, "lat": 51.507601168593503 }, "geometry": { "type": "Point", "coordinates": [ -0.104475863465989, 51.507601168593503 ] } },
{ "type": "Feature", "properties": { "id": 233, "utm_x": 700933.61783556815, "utm_y": 5710391.3513920512, "lon": -0.10439529327353132, "lat": 51.508871163988125 }, "geometry": { "type": "Point", "coordinates": [ -0.104395293273531, 51.508871163988125 ] } },
{ "type": "Feature", "properties": { "id": 234, "utm_x": 700933.61783556815, "utm_y": 5710532.7727482887, "lon": -0.10431471718068576, "lat": 51.51014115901598 }, "geometry": { "type": "Point", "coordinates": [ -0.104314717180686, 51.51014115901598 ] } },
{ "type": "Feature", "properties": { "id": 235, "utm_x": 700933.61783556815, "utm_y": 5710674.1941045262, "lon": -0.10423413518688115, "lat": 51.511411153677038 }, "geometry": { "type": "Point", "coordinates": [ -0.104234135186881, 51.511411153677038 ] } },
{ "type": "Feature", "properties": { "id": 236, "utm_x": 700933.61783556815, "utm_y": 5710815.6154607637, "lon": -0.1041535472915474, "lat": 51.5126811479713 }, "geometry": { "type": "Point", "coordinates": [ -0.104153547291547, 51.5126811479713 ] } },
{ "type": "Feature", "properties": { "id": 237, "utm_x": 700933.61783556815, "utm_y": 5710957.0368170012, "lon": -0.10407295349411437, "lat": 51.513951141898758 }, "geometry": { "type": "Point", "coordinates": [ -0.104072953494114, 51.513951141898758 ] } },
{ "type": "Feature", "properties": { "id": 238, "utm_x": 700933.61783556815, "utm_y": 5711098.4581732377, "lon": -0.10399235379401238, "lat": 51.515221135459399 }, "geometry": { "type": "Point", "coordinates": [ -0.103992353794012, 51.515221135459399 ] } },
{ "type": "Feature", "properties": { "id": 239, "utm_x": 700933.61783556815, "utm_y": 5711239.8795294752, "lon": -0.1039117481906689, "lat": 51.516491128653236 }, "geometry": { "type": "Point", "coordinates": [ -0.103911748190669, 51.516491128653236 ] } },
{ "type": "Feature", "properties": { "id": 240, "utm_x": 700933.61783556815, "utm_y": 5711381.3008857127, "lon": -0.1038311366835158, "lat": 51.517761121480241 }, "geometry": { "type": "Point", "coordinates": [ -0.103831136683516, 51.517761121480241 ] } },
{ "type": "Feature", "properties": { "id": 241, "utm_x": 700933.61783556815, "utm_y": 5711522.7222419502, "lon": -0.1037505192719802, "lat": 51.519031113940414 }, "geometry": { "type": "Point", "coordinates": [ -0.10375051927198, 51.519031113940414 ] } },
{ "type": "Feature", "properties": { "id": 242, "utm_x": 701075.03919180552, "utm_y": 5707280.081554831, "lon": -0.10413253020297858, "lat": 51.48088093382971 }, "geometry": { "type": "Point", "coordinates": [ -0.104132530202979, 51.48088093382971 ] } },
{ "type": "Feature", "properties": { "id": 243, "utm_x": 701075.03919180552, "utm_y": 5707421.5029110685, "lon": -0.10405202743755522, "lat": 51.4821509346542 }, "geometry": { "type": "Point", "coordinates": [ -0.104052027437555, 51.4821509346542 ] } },
{ "type": "Feature", "properties": { "id": 244, "utm_x": 701075.03919180552, "utm_y": 5707562.9242673051, "lon": -0.10397151877959453, "lat": 51.483420935111887 }, "geometry": { "type": "Point", "coordinates": [ -0.103971518779595, 51.483420935111887 ] } },
{ "type": "Feature", "properties": { "id": 245, "utm_x": 701075.03919180552, "utm_y": 5707704.3456235426, "lon": -0.10389100422852601, "lat": 51.484690935202806 }, "geometry": { "type": "Point", "coordinates": [ -0.103891004228526, 51.484690935202806 ] } },
{ "type": "Feature", "properties": { "id": 246, "utm_x": 701075.03919180552, "utm_y": 5707845.76697978, "lon": -0.10381048378378271, "lat": 51.485960934926922 }, "geometry": { "type": "Point", "coordinates": [ -0.103810483783783, 51.485960934926922 ] } },
{ "type": "Feature", "properties": { "id": 247, "utm_x": 701075.03919180552, "utm_y": 5707987.1883360175, "lon": -0.10372995744479414, "lat": 51.487230934284227 }, "geometry": { "type": "Point", "coordinates": [ -0.103729957444794, 51.487230934284227 ] } },
{ "type": "Feature", "properties": { "id": 248, "utm_x": 701075.03919180552, "utm_y": 5708128.609692255, "lon": -0.10364942521098977, "lat": 51.488500933274743 }, "geometry": { "type": "Point", "coordinates": [ -0.10364942521099, 51.488500933274743 ] } },
{ "type": "Feature", "properties": { "id": 249, "utm_x": 701075.03919180552, "utm_y": 5708270.0310484916, "lon": -0.10356888708180187, "lat": 51.489770931898441 }, "geometry": { "type": "Point", "coordinates": [ -0.103568887081802, 51.489770931898441 ] } },
{ "type": "Feature", "properties": { "id": 250, "utm_x": 701075.03919180552, "utm_y": 5708411.4524047291, "lon": -0.10348834305666113, "lat": 51.491040930155314 }, "geometry": { "type": "Point", "coordinates": [ -0.103488343056661, 51.491040930155314 ] } },
{ "type": "Feature", "properties": { "id": 251, "utm_x": 701075.03919180552, "utm_y": 5708552.8737609666, "lon": -0.10340779313499784, "lat": 51.492310928045363 }, "geometry": { "type": "Point", "coordinates": [ -0.103407793134998, 51.492310928045363 ] } },
{ "type": "Feature", "properties": { "id": 252, "utm_x": 701075.03919180552, "utm_y": 5708694.2951172041, "lon": -0.10332723731624027, "lat": 51.493580925568601 }, "geometry": { "type": "Point", "coordinates": [ -0.10332723731624, 51.493580925568601 ] } },
{ "type": "Feature", "properties": { "id": 253, "utm_x": 701075.03919180552, "utm_y": 5708835.7164734416, "lon": -0.10324667559982112, "lat": 51.494850922724979 }, "geometry": { "type": "Point", "coordinates": [ -0.103246675599821, 51.494850922724979 ] } },
{ "type": "Feature", "properties": { "id": 254, "utm_x": 701075.03919180552, "utm_y": 5708977.1378296781, "lon": -0.10316610798516945, "lat": 51.49612091951451 }, "geometry": { "type": "Point", "coordinates": [ -0.103166107985169, 51.49612091951451 ] } },
{ "type": "Feature", "properties": { "id": 255, "utm_x": 701075.03919180552, "utm_y": 5709118.5591859156, "lon": -0.10308553447171635, "lat": 51.49739091593721 }, "geometry": { "type": "Point", "coordinates": [ -0.103085534471716, 51.49739091593721 ] } },
{ "type": "Feature", "properties": { "id": 256, "utm_x": 701075.03919180552, "utm_y": 5709259.9805421531, "lon": -0.10300495505889014, "lat": 51.498660911993063 }, "geometry": { "type": "Point", "coordinates": [ -0.10300495505889, 51.498660911993063 ] } },
{ "type": "Feature", "properties": { "id": 257, "utm_x": 701075.03919180552, "utm_y": 5709401.4018983906, "lon": -0.10292436974612265, "lat": 51.499930907682028 }, "geometry": { "type": "Point", "coordinates": [ -0.102924369746123, 51.499930907682028 ] } },
{ "type": "Feature", "properties": { "id": 258, "utm_x": 701075.03919180552, "utm_y": 5709542.8232546281, "lon": -0.1028437785328426, "lat": 51.501200903004147 }, "geometry": { "type": "Point", "coordinates": [ -0.102843778532843, 51.501200903004147 ] } },
{ "type": "Feature", "properties": { "id": 259, "utm_x": 701075.03919180552, "utm_y": 5709684.2446108647, "lon": -0.10276318141848147, "lat": 51.50247089795937 }, "geometry": { "type": "Point", "coordinates": [ -0.102763181418481, 51.50247089795937 ] } },
{ "type": "Feature", "properties": { "id": 260, "utm_x": 701075.03919180552, "utm_y": 5709825.6659671022, "lon": -0.10268257840246554, "lat": 51.503740892547732 }, "geometry": { "type": "Point", "coordinates": [ -0.102682578402466, 51.503740892547732 ] } },
{ "type": "Feature", "properties": { "id": 261, "utm_x": 701075.03919180552, "utm_y": 5709967.0873233397, "lon": -0.1026019694842287, "lat": 51.505010886769199 }, "geometry": { "type": "Point", "coordinates": [ -0.102601969484229, 51.505010886769199 ] } },
{ "type": "Feature", "properties": { "id": 262, "utm_x": 701075.03919180552, "utm_y": 5710108.5086795771, "lon": -0.10252135466319684, "lat": 51.506280880623777 }, "geometry": { "type": "Point", "coordinates": [ -0.102521354663197, 51.506280880623777 ] } },
{ "type": "Feature", "properties": { "id": 263, "utm_x": 701075.03919180552, "utm_y": 5710249.9300358146, "lon": -0.10244073393880185, "lat": 51.507550874111452 }, "geometry": { "type": "Point", "coordinates": [ -0.102440733938802, 51.507550874111452 ] } },
{ "type": "Feature", "properties": { "id": 264, "utm_x": 701075.03919180552, "utm_y": 5710391.3513920512, "lon": -0.10236010731047361, "lat": 51.508820867232217 }, "geometry": { "type": "Point", "coordinates": [ -0.102360107310474, 51.508820867232217 ] } },
{ "type": "Feature", "properties": { "id": 265, "utm_x": 701075.03919180552, "utm_y": 5710532.7727482887, "lon": -0.10227947477763961, "lat": 51.510090859986086 }, "geometry": { "type": "Point", "coordinates": [ -0.10227947477764, 51.510090859986086 ] } },
{ "type": "Feature", "properties": { "id": 266, "utm_x": 701075.03919180552, "utm_y": 5710674.1941045262, "lon": -0.10219883633973015, "lat": 51.511360852373045 }, "geometry": { "type": "Point", "coordinates": [ -0.10219883633973, 51.511360852373045 ] } },
{ "type": "Feature", "properties": { "id": 267, "utm_x": 701075.03919180552, "utm_y": 5710815.6154607637, "lon": -0.1021181919961735, "lat": 51.512630844393058 }, "geometry": { "type": "Point", "coordinates": [ -0.102118191996174, 51.512630844393058 ] } },
{ "type": "Feature", "properties": { "id": 268, "utm_x": 701075.03919180552, "utm_y": 5710957.0368170012, "lon": -0.10203754174640037, "lat": 51.513900836046162 }, "geometry": { "type": "Point", "coordinates": [ -0.1020375417464, 51.513900836046162 ] } },
{ "type": "Feature", "properties": { "id": 269, "utm_x": 701075.03919180552, "utm_y": 5711098.4581732377, "lon": -0.10195688558983824, "lat": 51.515170827332298 }, "geometry": { "type": "Point", "coordinates": [ -0.101956885589838, 51.515170827332298 ] } },
{ "type": "Feature", "properties": { "id": 270, "utm_x": 701075.03919180552, "utm_y": 5711239.8795294752, "lon": -0.1018762235259182, "lat": 51.516440818251532 }, "geometry": { "type": "Point", "coordinates": [ -0.101876223525918, 51.516440818251532 ] } },
{ "type": "Feature", "properties": { "id": 271, "utm_x": 701075.03919180552, "utm_y": 5711381.3008857127, "lon": -0.10179555555406695, "lat": 51.517710808803791 }, "geometry": { "type": "Point", "coordinates": [ -0.101795555554067, 51.517710808803791 ] } },
{ "type": "Feature", "properties": { "id": 272, "utm_x": 701075.03919180552, "utm_y": 5711522.7222419502, "lon": -0.10171488167371477, "lat": 51.518980798989105 }, "geometry": { "type": "Point", "coordinates": [ -0.101714881673715, 51.518980798989105 ] } },
{ "type": "Feature", "properties": { "id": 273, "utm_x": 701216.46054804279, "utm_y": 5707280.081554831, "lon": -0.10209859077075924, "lat": 51.480830651830686 }, "geometry": { "type": "Point", "coordinates": [ -0.102098590770759, 51.480830651830686 ] } },
{ "type": "Feature", "properties": { "id": 274, "utm_x": 701216.46054804279, "utm_y": 5707421.5029110685, "lon": -0.102018031656396, "lat": 51.48210065038235 }, "geometry": { "type": "Point", "coordinates": [ -0.102018031656396, 51.48210065038235 ] } },
{ "type": "Feature", "properties": { "id": 275, "utm_x": 701216.46054804279, "utm_y": 5707562.9242673051, "lon": -0.10193746664538814, "lat": 51.483370648567103 }, "geometry": { "type": "Point", "coordinates": [ -0.101937466645388, 51.483370648567103 ] } },
{ "type": "Feature", "properties": { "id": 276, "utm_x": 701216.46054804279, "utm_y": 5707704.3456235426, "lon": -0.10185689573716317, "lat": 51.484640646384953 }, "geometry": { "type": "Point", "coordinates": [ -0.101856895737163, 51.484640646384953 ] } },
{ "type": "Feature", "properties": { "id": 277, "utm_x": 701216.46054804279, "utm_y": 5707845.76697978, "lon": -0.10177631893115335, "lat": 51.485910643835872 }, "geometry": { "type": "Point", "coordinates": [ -0.101776318931153, 51.485910643835872 ] } },
{ "type": "Feature", "properties": { "id": 278, "utm_x": 701216.46054804279, "utm_y": 5707987.1883360175, "lon": -0.10169573622678899, "lat": 51.487180640919888 }, "geometry": { "type": "Point", "coordinates": [ -0.101695736226789, 51.487180640919888 ] } },
{ "type": "Feature", "properties": { "id": 279, "utm_x": 701216.46054804279, "utm_y": 5708128.609692255, "lon": -0.10161514762349874, "lat": 51.488450637636959 }, "geometry": { "type": "Point", "coordinates": [ -0.101615147623499, 51.488450637636959 ] } },
{ "type": "Feature", "properties": { "id": 280, "utm_x": 701216.46054804279, "utm_y": 5708270.0310484916, "lon": -0.1015345531207153, "lat": 51.489720633987083 }, "geometry": { "type": "Point", "coordinates": [ -0.101534553120715, 51.489720633987083 ] } },
{ "type": "Feature", "properties": { "id": 281, "utm_x": 701216.46054804279, "utm_y": 5708411.4524047291, "lon": -0.10145395271786736, "lat": 51.490990629970277 }, "geometry": { "type": "Point", "coordinates": [ -0.101453952717867, 51.490990629970277 ] } },
{ "type": "Feature", "properties": { "id": 282, "utm_x": 701216.46054804279, "utm_y": 5708552.8737609666, "lon": -0.10137334641438558, "lat": 51.492260625586503 }, "geometry": { "type": "Point", "coordinates": [ -0.101373346414386, 51.492260625586503 ] } },
{ "type": "Feature", "properties": { "id": 283, "utm_x": 701216.46054804279, "utm_y": 5708694.2951172041, "lon": -0.1012927342096983, "lat": 51.493530620835799 }, "geometry": { "type": "Point", "coordinates": [ -0.101292734209698, 51.493530620835799 ] } },
{ "type": "Feature", "properties": { "id": 284, "utm_x": 701216.46054804279, "utm_y": 5708835.7164734416, "lon": -0.10121211610323734, "lat": 51.494800615718113 }, "geometry": { "type": "Point", "coordinates": [ -0.101212116103237, 51.494800615718113 ] } },
{ "type": "Feature", "properties": { "id": 285, "utm_x": 701216.46054804279, "utm_y": 5708977.1378296781, "lon": -0.10113149209443222, "lat": 51.496070610233453 }, "geometry": { "type": "Point", "coordinates": [ -0.101131492094432, 51.496070610233453 ] } },
{ "type": "Feature", "properties": { "id": 286, "utm_x": 701216.46054804279, "utm_y": 5709118.5591859156, "lon": -0.10105086218271082, "lat": 51.49734060438184 }, "geometry": { "type": "Point", "coordinates": [ -0.101050862182711, 51.49734060438184 ] } },
{ "type": "Feature", "properties": { "id": 287, "utm_x": 701216.46054804279, "utm_y": 5709259.9805421531, "lon": -0.10097022636750463, "lat": 51.498610598163232 }, "geometry": { "type": "Point", "coordinates": [ -0.100970226367505, 51.498610598163232 ] } },
{ "type": "Feature", "properties": { "id": 288, "utm_x": 701216.46054804279, "utm_y": 5709401.4018983906, "lon": -0.10088958464824314, "lat": 51.499880591577636 }, "geometry": { "type": "Point", "coordinates": [ -0.100889584648243, 51.499880591577636 ] } },
{ "type": "Feature", "properties": { "id": 289, "utm_x": 701216.46054804279, "utm_y": 5709542.8232546281, "lon": -0.10080893702435544, "lat": 51.501150584625044 }, "geometry": { "type": "Point", "coordinates": [ -0.100808937024355, 51.501150584625044 ] } },
{ "type": "Feature", "properties": { "id": 290, "utm_x": 701216.46054804279, "utm_y": 5709684.2446108647, "lon": -0.1007282834952706, "lat": 51.502420577305465 }, "geometry": { "type": "Point", "coordinates": [ -0.100728283495271, 51.502420577305465 ] } },
{ "type": "Feature", "properties": { "id": 291, "utm_x": 701216.46054804279, "utm_y": 5709825.6659671022, "lon": -0.10064762406041854, "lat": 51.503690569618868 }, "geometry": { "type": "Point", "coordinates": [ -0.100647624060419, 51.503690569618868 ] } },
{ "type": "Feature", "properties": { "id": 292, "utm_x": 701216.46054804279, "utm_y": 5709967.0873233397, "lon": -0.1005669587192291, "lat": 51.504960561565262 }, "geometry": { "type": "Point", "coordinates": [ -0.100566958719229, 51.504960561565262 ] } },
{ "type": "Feature", "properties": { "id": 293, "utm_x": 701216.46054804279, "utm_y": 5710108.5086795771, "lon": -0.10048628747113063, "lat": 51.506230553144633 }, "geometry": { "type": "Point", "coordinates": [ -0.100486287471131, 51.506230553144633 ] } },
{ "type": "Feature", "properties": { "id": 294, "utm_x": 701216.46054804279, "utm_y": 5710249.9300358146, "lon": -0.10040561031555058, "lat": 51.507500544356994 }, "geometry": { "type": "Point", "coordinates": [ -0.100405610315551, 51.507500544356994 ] } },
{ "type": "Feature", "properties": { "id": 295, "utm_x": 701216.46054804279, "utm_y": 5710391.3513920512, "lon": -0.10032492725192203, "lat": 51.508770535202309 }, "geometry": { "type": "Point", "coordinates": [ -0.100324927251922, 51.508770535202309 ] } },
{ "type": "Feature", "properties": { "id": 296, "utm_x": 701216.46054804279, "utm_y": 5710532.7727482887, "lon": -0.10024423827967052, "lat": 51.510040525680594 }, "geometry": { "type": "Point", "coordinates": [ -0.100244238279671, 51.510040525680594 ] } },
{ "type": "Feature", "properties": { "id": 297, "utm_x": 701216.46054804279, "utm_y": 5710674.1941045262, "lon": -0.1001635433982271, "lat": 51.511310515791841 }, "geometry": { "type": "Point", "coordinates": [ -0.100163543398227, 51.511310515791841 ] } },
{ "type": "Feature", "properties": { "id": 298, "utm_x": 701216.46054804279, "utm_y": 5710815.6154607637, "lon": -0.10008284260701888, "lat": 51.512580505536036 }, "geometry": { "type": "Point", "coordinates": [ -0.100082842607019, 51.512580505536036 ] } },
{ "type": "Feature", "properties": { "id": 299, "utm_x": 701216.46054804279, "utm_y": 5710957.0368170012, "lon": -0.10000213590547576, "lat": 51.513850494913186 }, "geometry": { "type": "Point", "coordinates": [ -0.100002135905476, 51.513850494913186 ] } },
{ "type": "Feature", "properties": { "id": 300, "utm_x": 701216.46054804279, "utm_y": 5711098.4581732377, "lon": -0.09992142329302639, "lat": 51.515120483923248 }, "geometry": { "type": "Point", "coordinates": [ -0.099921423293026, 51.515120483923248 ] } },
{ "type": "Feature", "properties": { "id": 301, "utm_x": 701216.46054804279, "utm_y": 5711239.8795294752, "lon": -0.09984070476909912, "lat": 51.51639047256625 }, "geometry": { "type": "Point", "coordinates": [ -0.099840704769099, 51.51639047256625 ] } },
{ "type": "Feature", "properties": { "id": 302, "utm_x": 701216.46054804279, "utm_y": 5711381.3008857127, "lon": -0.099759980333121806, "lat": 51.517660460842194 }, "geometry": { "type": "Point", "coordinates": [ -0.099759980333122, 51.517660460842194 ] } },
{ "type": "Feature", "properties": { "id": 303, "utm_x": 701216.46054804279, "utm_y": 5711522.7222419502, "lon": -0.099679249984524362, "lat": 51.51893044875105 }, "geometry": { "type": "Point", "coordinates": [ -0.099679249984524, 51.51893044875105 ] } },
{ "type": "Feature", "properties": { "id": 304, "utm_x": 701357.88190428016, "utm_y": 5707280.081554831, "lon": -0.1000646572346152, "lat": 51.480780334592822 }, "geometry": { "type": "Point", "coordinates": [ -0.100064657234615, 51.480780334592822 ] } },
{ "type": "Feature", "properties": { "id": 305, "utm_x": 701357.88190428016, "utm_y": 5707421.5029110685, "lon": -0.099984041771882581, "lat": 51.482050330870088 }, "geometry": { "type": "Point", "coordinates": [ -0.099984041771883, 51.482050330870088 ] } },
{ "type": "Feature", "properties": { "id": 306, "utm_x": 701357.88190428016, "utm_y": 5707562.9242673051, "lon": -0.099903420408395685, "lat": 51.483320326780316 }, "geometry": { "type": "Point", "coordinates": [ -0.099903420408396, 51.483320326780316 ] } },
{ "type": "Feature", "properties": { "id": 307, "utm_x": 701357.88190428016, "utm_y": 5707704.3456235426, "lon": -0.099822793143583985, "lat": 51.484590322323527 }, "geometry": { "type": "Point", "coordinates": [ -0.099822793143584, 51.484590322323527 ] } },
{ "type": "Feature", "properties": { "id": 308, "utm_x": 701357.88190428016, "utm_y": 5707845.76697978, "lon": -0.099742159976878159, "lat": 51.485860317499665 }, "geometry": { "type": "Point", "coordinates": [ -0.099742159976878, 51.485860317499665 ] } },
{ "type": "Feature", "properties": { "id": 309, "utm_x": 701357.88190428016, "utm_y": 5707987.1883360175, "lon": -0.099661520907707302, "lat": 51.487130312308778 }, "geometry": { "type": "Point", "coordinates": [ -0.099661520907707, 51.487130312308778 ] } },
{ "type": "Feature", "properties": { "id": 310, "utm_x": 701357.88190428016, "utm_y": 5708128.609692255, "lon": -0.099580875935501301, "lat": 51.488400306750819 }, "geometry": { "type": "Point", "coordinates": [ -0.099580875935501, 51.488400306750819 ] } },
{ "type": "Feature", "properties": { "id": 311, "utm_x": 701357.88190428016, "utm_y": 5708270.0310484916, "lon": -0.099500225059692041, "lat": 51.489670300825786 }, "geometry": { "type": "Point", "coordinates": [ -0.099500225059692, 51.489670300825786 ] } },
{ "type": "Feature", "properties": { "id": 312, "utm_x": 701357.88190428016, "utm_y": 5708411.4524047291, "lon": -0.099419568279706605, "lat": 51.490940294533701 }, "geometry": { "type": "Point", "coordinates": [ -0.099419568279707, 51.490940294533701 ] } },
{ "type": "Feature", "properties": { "id": 313, "utm_x": 701357.88190428016, "utm_y": 5708552.8737609666, "lon": -0.099338905594976087, "lat": 51.492210287874535 }, "geometry": { "type": "Point", "coordinates": [ -0.099338905594976, 51.492210287874535 ] } },
{ "type": "Feature", "properties": { "id": 314, "utm_x": 701357.88190428016, "utm_y": 5708694.2951172041, "lon": -0.099258237004930361, "lat": 51.493480280848274 }, "geometry": { "type": "Point", "coordinates": [ -0.09925823700493, 51.493480280848274 ] } },
{ "type": "Feature", "properties": { "id": 315, "utm_x": 701357.88190428016, "utm_y": 5708835.7164734416, "lon": -0.099177562508996536, "lat": 51.494750273454947 }, "geometry": { "type": "Point", "coordinates": [ -0.099177562508997, 51.494750273454947 ] } },
{ "type": "Feature", "properties": { "id": 316, "utm_x": 701357.88190428016, "utm_y": 5708977.1378296781, "lon": -0.099096882106607276, "lat": 51.496020265694511 }, "geometry": { "type": "Point", "coordinates": [ -0.099096882106607, 51.496020265694511 ] } },
{ "type": "Feature", "properties": { "id": 317, "utm_x": 701357.88190428016, "utm_y": 5709118.5591859156, "lon": -0.099016195797189691, "lat": 51.497290257566981 }, "geometry": { "type": "Point", "coordinates": [ -0.09901619579719, 51.497290257566981 ] } },
{ "type": "Feature", "properties": { "id": 318, "utm_x": 701357.88190428016, "utm_y": 5709259.9805421531, "lon": -0.098935503580172862, "lat": 51.498560249072334 }, "geometry": { "type": "Point", "coordinates": [ -0.098935503580173, 51.498560249072334 ] } },
{ "type": "Feature", "properties": { "id": 319, "utm_x": 701357.88190428016, "utm_y": 5709401.4018983906, "lon": -0.098854805454988273, "lat": 51.499830240210592 }, "geometry": { "type": "Point", "coordinates": [ -0.098854805454988, 51.499830240210592 ] } },
{ "type": "Feature", "properties": { "id": 320, "utm_x": 701357.88190428016, "utm_y": 5709542.8232546281, "lon": -0.098774101421063021, "lat": 51.501100230981713 }, "geometry": { "type": "Point", "coordinates": [ -0.098774101421063, 51.501100230981713 ] } },
{ "type": "Feature", "properties": { "id": 321, "utm_x": 701357.88190428016, "utm_y": 5709684.2446108647, "lon": -0.098693391477827394, "lat": 51.502370221385704 }, "geometry": { "type": "Point", "coordinates": [ -0.098693391477827, 51.502370221385704 ] } },
{ "type": "Feature", "properties": { "id": 322, "utm_x": 701357.88190428016, "utm_y": 5709825.6659671022, "lon": -0.098612675624708088, "lat": 51.503640211422585 }, "geometry": { "type": "Point", "coordinates": [ -0.098612675624708, 51.503640211422585 ] } },
{ "type": "Feature", "properties": { "id": 323, "utm_x": 701357.88190428016, "utm_y": 5709967.0873233397, "lon": -0.098531953861137389, "lat": 51.504910201092315 }, "geometry": { "type": "Point", "coordinates": [ -0.098531953861137, 51.504910201092315 ] } },
{ "type": "Feature", "properties": { "id": 324, "utm_x": 701357.88190428016, "utm_y": 5710108.5086795771, "lon": -0.098451226186540397, "lat": 51.506180190394907 }, "geometry": { "type": "Point", "coordinates": [ -0.09845122618654, 51.506180190394907 ] } },
{ "type": "Feature", "properties": { "id": 325, "utm_x": 701357.88190428016, "utm_y": 5710249.9300358146, "lon": -0.098370492600348983, "lat": 51.507450179330348 }, "geometry": { "type": "Point", "coordinates": [ -0.098370492600349, 51.507450179330348 ] } },
{ "type": "Feature", "properties": { "id": 326, "utm_x": 701357.88190428016, "utm_y": 5710391.3513920512, "lon": -0.098289753101991062, "lat": 51.508720167898609 }, "geometry": { "type": "Point", "coordinates": [ -0.098289753101991, 51.508720167898609 ] } },
{ "type": "Feature", "properties": { "id": 327, "utm_x": 701357.88190428016, "utm_y": 5710532.7727482887, "lon": -0.098209007690894135, "lat": 51.509990156099732 }, "geometry": { "type": "Point", "coordinates": [ -0.098209007690894, 51.509990156099732 ] } },
{ "type": "Feature", "properties": { "id": 328, "utm_x": 701357.88190428016, "utm_y": 5710674.1941045262, "lon": -0.09812825636648688, "lat": 51.511260143933683 }, "geometry": { "type": "Point", "coordinates": [ -0.098128256366487, 51.511260143933683 ] } },
{ "type": "Feature", "properties": { "id": 329, "utm_x": 701357.88190428016, "utm_y": 5710815.6154607637, "lon": -0.098047499128198379, "lat": 51.512530131400467 }, "geometry": { "type": "Point", "coordinates": [ -0.098047499128198, 51.512530131400467 ] } },
{ "type": "Feature", "properties": { "id": 330, "utm_x": 701357.88190428016, "utm_y": 5710957.0368170012, "lon": -0.097966735975456951, "lat": 51.513800118500058 }, "geometry": { "type": "Point", "coordinates": [ -0.097966735975457, 51.513800118500058 ] } },
{ "type": "Feature", "properties": { "id": 331, "utm_x": 701357.88190428016, "utm_y": 5711098.4581732377, "lon": -0.097885966907691288, "lat": 51.515070105232461 }, "geometry": { "type": "Point", "coordinates": [ -0.097885966907691, 51.515070105232461 ] } },
{ "type": "Feature", "properties": { "id": 332, "utm_x": 701357.88190428016, "utm_y": 5711239.8795294752, "lon": -0.097805191924328072, "lat": 51.516340091597677 }, "geometry": { "type": "Point", "coordinates": [ -0.097805191924328, 51.516340091597677 ] } },
{ "type": "Feature", "properties": { "id": 333, "utm_x": 701357.88190428016, "utm_y": 5711381.3008857127, "lon": -0.097724411024796412, "lat": 51.517610077595684 }, "geometry": { "type": "Point", "coordinates": [ -0.097724411024796, 51.517610077595684 ] } },
{ "type": "Feature", "properties": { "id": 334, "utm_x": 701357.88190428016, "utm_y": 5711522.7222419502, "lon": -0.097643624208524599, "lat": 51.518880063226497 }, "geometry": { "type": "Point", "coordinates": [ -0.097643624208525, 51.518880063226497 ] } },
{ "type": "Feature", "properties": { "id": 335, "utm_x": 701499.30326051742, "utm_y": 5707280.081554831, "lon": -0.098030729598657329, "lat": 51.480729982116372 }, "geometry": { "type": "Point", "coordinates": [ -0.098030729598657, 51.480729982116372 ] } },
{ "type": "Feature", "properties": { "id": 336, "utm_x": 701499.30326051742, "utm_y": 5707421.5029110685, "lon": -0.097950057788124656, "lat": 51.481999976117649 }, "geometry": { "type": "Point", "coordinates": [ -0.097950057788125, 51.481999976117649 ] } },
{ "type": "Feature", "properties": { "id": 337, "utm_x": 701499.30326051742, "utm_y": 5707562.9242673051, "lon": -0.09786938007272962, "lat": 51.483269969751767 }, "geometry": { "type": "Point", "coordinates": [ -0.09786938007273, 51.483269969751767 ] } },
{ "type": "Feature", "properties": { "id": 338, "utm_x": 701499.30326051742, "utm_y": 5707704.3456235426, "lon": -0.097788696451899706, "lat": 51.484539963018733 }, "geometry": { "type": "Point", "coordinates": [ -0.0977886964519, 51.484539963018733 ] } },
{ "type": "Feature", "properties": { "id": 339, "utm_x": 701499.30326051742, "utm_y": 5707845.76697978, "lon": -0.097708006925067592, "lat": 51.485809955918519 }, "geometry": { "type": "Point", "coordinates": [ -0.097708006925068, 51.485809955918519 ] } },
{ "type": "Feature", "properties": { "id": 340, "utm_x": 701499.30326051742, "utm_y": 5707987.1883360175, "lon": -0.097627311491661165, "lat": 51.487079948451132 }, "geometry": { "type": "Point", "coordinates": [ -0.097627311491661, 51.487079948451132 ] } },
{ "type": "Feature", "properties": { "id": 341, "utm_x": 701499.30326051742, "utm_y": 5708128.609692255, "lon": -0.097546610151109922, "lat": 51.488349940616565 }, "geometry": { "type": "Point", "coordinates": [ -0.09754661015111, 51.488349940616565 ] } },
{ "type": "Feature", "properties": { "id": 342, "utm_x": 701499.30326051742, "utm_y": 5708270.0310484916, "lon": -0.097465902902844945, "lat": 51.48961993241479 }, "geometry": { "type": "Point", "coordinates": [ -0.097465902902845, 51.48961993241479 ] } },
{ "type": "Feature", "properties": { "id": 343, "utm_x": 701499.30326051742, "utm_y": 5708411.4524047291, "lon": -0.09738518974629333, "lat": 51.490889923845828 }, "geometry": { "type": "Point", "coordinates": [ -0.097385189746293, 51.490889923845828 ] } },
{ "type": "Feature", "properties": { "id": 344, "utm_x": 701499.30326051742, "utm_y": 5708552.8737609666, "lon": -0.09730447068088377, "lat": 51.492159914909671 }, "geometry": { "type": "Point", "coordinates": [ -0.097304470680884, 51.492159914909671 ] } },
{ "type": "Feature", "properties": { "id": 345, "utm_x": 701499.30326051742, "utm_y": 5708694.2951172041, "lon": -0.097223745706049344, "lat": 51.493429905606298 }, "geometry": { "type": "Point", "coordinates": [ -0.097223745706049, 51.493429905606298 ] } },
{ "type": "Feature", "properties": { "id": 346, "utm_x": 701499.30326051742, "utm_y": 5708835.7164734416, "lon": -0.097143014821214749, "lat": 51.494699895935717 }, "geometry": { "type": "Point", "coordinates": [ -0.097143014821215, 51.494699895935717 ] } },
{ "type": "Feature", "properties": { "id": 347, "utm_x": 701499.30326051742, "utm_y": 5708977.1378296781, "lon": -0.097062278025811466, "lat": 51.495969885897907 }, "geometry": { "type": "Point", "coordinates": [ -0.097062278025811, 51.495969885897907 ] } },
{ "type": "Feature", "properties": { "id": 348, "utm_x": 701499.30326051742, "utm_y": 5709118.5591859156, "lon": -0.096981535319268189, "lat": 51.497239875492888 }, "geometry": { "type": "Point", "coordinates": [ -0.096981535319268, 51.497239875492888 ] } },
{ "type": "Feature", "properties": { "id": 349, "utm_x": 701499.30326051742, "utm_y": 5709259.9805421531, "lon": -0.09690078670101282, "lat": 51.498509864720624 }, "geometry": { "type": "Point", "coordinates": [ -0.096900786701013, 51.498509864720624 ] } },
{ "type": "Feature", "properties": { "id": 350, "utm_x": 701499.30326051742, "utm_y": 5709401.4018983906, "lon": -0.096820032170474454, "lat": 51.499779853581124 }, "geometry": { "type": "Point", "coordinates": [ -0.096820032170474, 51.499779853581124 ] } },
{ "type": "Feature", "properties": { "id": 351, "utm_x": 701499.30326051742, "utm_y": 5709542.8232546281, "lon": -0.096739271727082965, "lat": 51.50104984207438 }, "geometry": { "type": "Point", "coordinates": [ -0.096739271727083, 51.50104984207438 ] } },
{ "type": "Feature", "properties": { "id": 352, "utm_x": 701499.30326051742, "utm_y": 5709684.2446108647, "lon": -0.096658505370266656, "lat": 51.502319830200371 }, "geometry": { "type": "Point", "coordinates": [ -0.096658505370267, 51.502319830200371 ] } },
{ "type": "Feature", "properties": { "id": 353, "utm_x": 701499.30326051742, "utm_y": 5709825.6659671022, "lon": -0.096577733099452223, "lat": 51.503589817959117 }, "geometry": { "type": "Point", "coordinates": [ -0.096577733099452, 51.503589817959117 ] } },
{ "type": "Feature", "properties": { "id": 354, "utm_x": 701499.30326051742, "utm_y": 5709967.0873233397, "lon": -0.096496954914070759, "lat": 51.504859805350591 }, "geometry": { "type": "Point", "coordinates": [ -0.096496954914071, 51.504859805350591 ] } },
{ "type": "Feature", "properties": { "id": 355, "utm_x": 701499.30326051742, "utm_y": 5710108.5086795771, "lon": -0.096416170813549348, "lat": 51.506129792374807 }, "geometry": { "type": "Point", "coordinates": [ -0.096416170813549, 51.506129792374807 ] } },
{ "type": "Feature", "properties": { "id": 356, "utm_x": 701499.30326051742, "utm_y": 5710249.9300358146, "lon": -0.096335380797315504, "lat": 51.507399779031743 }, "geometry": { "type": "Point", "coordinates": [ -0.096335380797316, 51.507399779031743 ] } },
{ "type": "Feature", "properties": { "id": 357, "utm_x": 701499.30326051742, "utm_y": 5710391.3513920512, "lon": -0.096254584864799902, "lat": 51.508669765321386 }, "geometry": { "type": "Point", "coordinates": [ -0.0962545848648, 51.508669765321386 ] } },
{ "type": "Feature", "properties": { "id": 358, "utm_x": 701499.30326051742, "utm_y": 5710532.7727482887, "lon": -0.096173783015428463, "lat": 51.509939751243742 }, "geometry": { "type": "Point", "coordinates": [ -0.096173783015428, 51.509939751243742 ] } },
{ "type": "Feature", "properties": { "id": 359, "utm_x": 701499.30326051742, "utm_y": 5710674.1941045262, "lon": -0.096092975248629475, "lat": 51.511209736798811 }, "geometry": { "type": "Point", "coordinates": [ -0.096092975248629, 51.511209736798811 ] } },
{ "type": "Feature", "properties": { "id": 360, "utm_x": 701499.30326051742, "utm_y": 5710815.6154607637, "lon": -0.096012161563832008, "lat": 51.512479721986587 }, "geometry": { "type": "Point", "coordinates": [ -0.096012161563832, 51.512479721986587 ] } },
{ "type": "Feature", "properties": { "id": 361, "utm_x": 701499.30326051742, "utm_y": 5710957.0368170012, "lon": -0.095931341960463989, "lat": 51.513749706807047 }, "geometry": { "type": "Point", "coordinates": [ -0.095931341960464, 51.513749706807047 ] } },
{ "type": "Feature", "properties": { "id": 362, "utm_x": 701499.30326051742, "utm_y": 5711098.4581732377, "lon": -0.095850516437953309, "lat": 51.515019691260193 }, "geometry": { "type": "Point", "coordinates": [ -0.095850516437953, 51.515019691260193 ] } },
{ "type": "Feature", "properties": { "id": 363, "utm_x": 701499.30326051742, "utm_y": 5711239.8795294752, "lon": -0.095769684995726662, "lat": 51.516289675346023 }, "geometry": { "type": "Point", "coordinates": [ -0.095769684995727, 51.516289675346023 ] } },
{ "type": "Feature", "properties": { "id": 364, "utm_x": 701499.30326051742, "utm_y": 5711381.3008857127, "lon": -0.095688847633212754, "lat": 51.517559659064517 }, "geometry": { "type": "Point", "coordinates": [ -0.095688847633213, 51.517559659064517 ] } },
{ "type": "Feature", "properties": { "id": 365, "utm_x": 701499.30326051742, "utm_y": 5711522.7222419502, "lon": -0.095608004349839085, "lat": 51.518829642415682 }, "geometry": { "type": "Point", "coordinates": [ -0.095608004349839, 51.518829642415682 ] } },
{ "type": "Feature", "properties": { "id": 366, "utm_x": 701640.72461675468, "utm_y": 5707280.081554831, "lon": -0.095996807866991302, "lat": 51.480679594401579 }, "geometry": { "type": "Point", "coordinates": [ -0.095996807866991, 51.480679594401579 ] } },
{ "type": "Feature", "properties": { "id": 367, "utm_x": 701640.72461675468, "utm_y": 5707421.5029110685, "lon": -0.095916079709229093, "lat": 51.481949586125282 }, "geometry": { "type": "Point", "coordinates": [ -0.095916079709229, 51.481949586125282 ] } },
{ "type": "Feature", "properties": { "id": 368, "utm_x": 701640.72461675468, "utm_y": 5707562.9242673051, "lon": -0.095835345642494837, "lat": 51.483219577481705 }, "geometry": { "type": "Point", "coordinates": [ -0.095835345642495, 51.483219577481705 ] } },
{ "type": "Feature", "properties": { "id": 369, "utm_x": 701640.72461675468, "utm_y": 5707704.3456235426, "lon": -0.095754605666219614, "lat": 51.484489568470828 }, "geometry": { "type": "Point", "coordinates": [ -0.09575460566622, 51.484489568470828 ] } },
{ "type": "Feature", "properties": { "id": 370, "utm_x": 701640.72461675468, "utm_y": 5707845.76697978, "lon": -0.095673859779831325, "lat": 51.485759559092671 }, "geometry": { "type": "Point", "coordinates": [ -0.095673859779831, 51.485759559092671 ] } },
{ "type": "Feature", "properties": { "id": 371, "utm_x": 701640.72461675468, "utm_y": 5707987.1883360175, "lon": -0.095593107982759842, "lat": 51.487029549347199 }, "geometry": { "type": "Point", "coordinates": [ -0.09559310798276, 51.487029549347199 ] } },
{ "type": "Feature", "properties": { "id": 372, "utm_x": 701640.72461675468, "utm_y": 5708128.609692255, "lon": -0.095512350274433083, "lat": 51.488299539234426 }, "geometry": { "type": "Point", "coordinates": [ -0.095512350274433, 51.488299539234426 ] } },
{ "type": "Feature", "properties": { "id": 373, "utm_x": 701640.72461675468, "utm_y": 5708270.0310484916, "lon": -0.095431586654282502, "lat": 51.48956952875433 }, "geometry": { "type": "Point", "coordinates": [ -0.095431586654283, 51.48956952875433 ] } },
{ "type": "Feature", "properties": { "id": 374, "utm_x": 701640.72461675468, "utm_y": 5708411.4524047291, "lon": -0.095350817121734432, "lat": 51.490839517906906 }, "geometry": { "type": "Point", "coordinates": [ -0.095350817121734, 51.490839517906906 ] } },
{ "type": "Feature", "properties": { "id": 375, "utm_x": 701640.72461675468, "utm_y": 5708552.8737609666, "lon": -0.095270041676219525, "lat": 51.492109506692159 }, "geometry": { "type": "Point", "coordinates": [ -0.09527004167622, 51.492109506692159 ] } },
{ "type": "Feature", "properties": { "id": 376, "utm_x": 701640.72461675468, "utm_y": 5708694.2951172041, "lon": -0.095189260317165306, "lat": 51.493379495110091 }, "geometry": { "type": "Point", "coordinates": [ -0.095189260317165, 51.493379495110091 ] } },
{ "type": "Feature", "properties": { "id": 377, "utm_x": 701640.72461675468, "utm_y": 5708835.7164734416, "lon": -0.095108473044000844, "lat": 51.494649483160678 }, "geometry": { "type": "Point", "coordinates": [ -0.095108473044001, 51.494649483160678 ] } },
{ "type": "Feature", "properties": { "id": 378, "utm_x": 701640.72461675468, "utm_y": 5708977.1378296781, "lon": -0.095027679856156039, "lat": 51.495919470843909 }, "geometry": { "type": "Point", "coordinates": [ -0.095027679856156, 51.495919470843909 ] } },
{ "type": "Feature", "properties": { "id": 379, "utm_x": 701640.72461675468, "utm_y": 5709118.5591859156, "lon": -0.094946880753057197, "lat": 51.497189458159795 }, "geometry": { "type": "Point", "coordinates": [ -0.094946880753057, 51.497189458159795 ] } },
{ "type": "Feature", "properties": { "id": 380, "utm_x": 701640.72461675468, "utm_y": 5709259.9805421531, "lon": -0.094866075734133803, "lat": 51.498459445108317 }, "geometry": { "type": "Point", "coordinates": [ -0.094866075734134, 51.498459445108317 ] } },
{ "type": "Feature", "properties": { "id": 381, "utm_x": 701640.72461675468, "utm_y": 5709401.4018983906, "lon": -0.094785264798814148, "lat": 51.499729431689488 }, "geometry": { "type": "Point", "coordinates": [ -0.094785264798814, 51.499729431689488 ] } },
{ "type": "Feature", "properties": { "id": 382, "utm_x": 701640.72461675468, "utm_y": 5709542.8232546281, "lon": -0.094704447946528131, "lat": 51.500999417903266 }, "geometry": { "type": "Point", "coordinates": [ -0.094704447946528, 51.500999417903266 ] } },
{ "type": "Feature", "properties": { "id": 383, "utm_x": 701640.72461675468, "utm_y": 5709684.2446108647, "lon": -0.094623625176701642, "lat": 51.502269403749672 }, "geometry": { "type": "Point", "coordinates": [ -0.094623625176702, 51.502269403749672 ] } },
{ "type": "Feature", "properties": { "id": 384, "utm_x": 701640.72461675468, "utm_y": 5709825.6659671022, "lon": -0.094542796488763792, "lat": 51.503539389228706 }, "geometry": { "type": "Point", "coordinates": [ -0.094542796488764, 51.503539389228706 ] } },
{ "type": "Feature", "properties": { "id": 385, "utm_x": 701640.72461675468, "utm_y": 5709967.0873233397, "lon": -0.094461961882144063, "lat": 51.50480937434034 }, "geometry": { "type": "Point", "coordinates": [ -0.094461961882144, 51.50480937434034 ] } },
{ "type": "Feature", "properties": { "id": 386, "utm_x": 701640.72461675468, "utm_y": 5710108.5086795771, "lon": -0.094381121356267555, "lat": 51.506079359084588 }, "geometry": { "type": "Point", "coordinates": [ -0.094381121356268, 51.506079359084588 ] } },
{ "type": "Feature", "properties": { "id": 387, "utm_x": 701640.72461675468, "utm_y": 5710249.9300358146, "lon": -0.094300274910564183, "lat": 51.507349343461428 }, "geometry": { "type": "Point", "coordinates": [ -0.094300274910564, 51.507349343461428 ] } },
{ "type": "Feature", "properties": { "id": 388, "utm_x": 701640.72461675468, "utm_y": 5710391.3513920512, "lon": -0.094219422544463, "lat": 51.508619327470853 }, "geometry": { "type": "Point", "coordinates": [ -0.094219422544463, 51.508619327470853 ] } },
{ "type": "Feature", "properties": { "id": 389, "utm_x": 701640.72461675468, "utm_y": 5710532.7727482887, "lon": -0.094138564257388355, "lat": 51.509889311112858 }, "geometry": { "type": "Point", "coordinates": [ -0.094138564257388, 51.509889311112858 ] } },
{ "type": "Feature", "properties": { "id": 390, "utm_x": 701640.72461675468, "utm_y": 5710674.1941045262, "lon": -0.094057700048770523, "lat": 51.511159294387468 }, "geometry": { "type": "Point", "coordinates": [ -0.094057700048771, 51.511159294387468 ] } },
{ "type": "Feature", "properties": { "id": 391, "utm_x": 701640.72461675468, "utm_y": 5710815.6154607637, "lon": -0.093976829918036603, "lat": 51.512429277294629 }, "geometry": { "type": "Point", "coordinates": [ -0.093976829918037, 51.512429277294629 ] } },
{ "type": "Feature", "properties": { "id": 392, "utm_x": 701640.72461675468, "utm_y": 5710957.0368170012, "lon": -0.093895953864613302, "lat": 51.513699259834368 }, "geometry": { "type": "Point", "coordinates": [ -0.093895953864613, 51.513699259834368 ] } },
{ "type": "Feature", "properties": { "id": 393, "utm_x": 701640.72461675468, "utm_y": 5711098.4581732377, "lon": -0.093815071887930104, "lat": 51.514969242006664 }, "geometry": { "type": "Point", "coordinates": [ -0.09381507188793, 51.514969242006664 ] } },
{ "type": "Feature", "properties": { "id": 394, "utm_x": 701640.72461675468, "utm_y": 5711239.8795294752, "lon": -0.093734183987412928, "lat": 51.51623922381151 }, "geometry": { "type": "Point", "coordinates": [ -0.093734183987413, 51.51623922381151 ] } },
{ "type": "Feature", "properties": { "id": 395, "utm_x": 701640.72461675468, "utm_y": 5711381.3008857127, "lon": -0.093653290162488079, "lat": 51.517509205248913 }, "geometry": { "type": "Point", "coordinates": [ -0.093653290162488, 51.517509205248913 ] } },
{ "type": "Feature", "properties": { "id": 396, "utm_x": 701640.72461675468, "utm_y": 5711522.7222419502, "lon": -0.093572390412585041, "lat": 51.518779186318845 }, "geometry": { "type": "Point", "coordinates": [ -0.093572390412585, 51.518779186318845 ] } },
{ "type": "Feature", "properties": { "id": 397, "utm_x": 701782.14597299206, "utm_y": 5707280.081554831, "lon": -0.093962892043725224, "lat": 51.480629171448676 }, "geometry": { "type": "Point", "coordinates": [ -0.093962892043725, 51.480629171448676 ] } },
{ "type": "Feature", "properties": { "id": 398, "utm_x": 701782.14597299206, "utm_y": 5707421.5029110685, "lon": -0.093882107539303192, "lat": 51.481899160893214 }, "geometry": { "type": "Point", "coordinates": [ -0.093882107539303, 51.481899160893214 ] } },
{ "type": "Feature", "properties": { "id": 399, "utm_x": 701782.14597299206, "utm_y": 5707562.9242673051, "lon": -0.093801317121801828, "lat": 51.483169149970344 }, "geometry": { "type": "Point", "coordinates": [ -0.093801317121802, 51.483169149970344 ] } },
{ "type": "Feature", "properties": { "id": 400, "utm_x": 701782.14597299206, "utm_y": 5707704.3456235426, "lon": -0.093720520790650616, "lat": 51.484439138680067 }, "geometry": { "type": "Point", "coordinates": [ -0.093720520790651, 51.484439138680067 ] } },
{ "type": "Feature", "properties": { "id": 401, "utm_x": 701782.14597299206, "utm_y": 5707845.76697978, "lon": -0.093639718545277445, "lat": 51.485709127022361 }, "geometry": { "type": "Point", "coordinates": [ -0.093639718545277, 51.485709127022361 ] } },
{ "type": "Feature", "properties": { "id": 402, "utm_x": 701782.14597299206, "utm_y": 5707987.1883360175, "lon": -0.093558910385111424, "lat": 51.486979114997219 }, "geometry": { "type": "Point", "coordinates": [ -0.093558910385111, 51.486979114997219 ] } },
{ "type": "Feature", "properties": { "id": 403, "utm_x": 701782.14597299206, "utm_y": 5708128.609692255, "lon": -0.093478096309581635, "lat": 51.488249102604648 }, "geometry": { "type": "Point", "coordinates": [ -0.093478096309582, 51.488249102604648 ] } },
{ "type": "Feature", "properties": { "id": 404, "utm_x": 701782.14597299206, "utm_y": 5708270.0310484916, "lon": -0.093397276318115979, "lat": 51.489519089844634 }, "geometry": { "type": "Point", "coordinates": [ -0.093397276318116, 51.489519089844634 ] } },
{ "type": "Feature", "properties": { "id": 405, "utm_x": 701782.14597299206, "utm_y": 5708411.4524047291, "lon": -0.093316450410143137, "lat": 51.490789076717178 }, "geometry": { "type": "Point", "coordinates": [ -0.093316450410143, 51.490789076717178 ] } },
{ "type": "Feature", "properties": { "id": 406, "utm_x": 701782.14597299206, "utm_y": 5708552.8737609666, "lon": -0.093235618585092203, "lat": 51.492059063222257 }, "geometry": { "type": "Point", "coordinates": [ -0.093235618585092, 51.492059063222257 ] } },
{ "type": "Feature", "properties": { "id": 407, "utm_x": 701782.14597299206, "utm_y": 5708694.2951172041, "lon": -0.093154780842391094, "lat": 51.493329049359893 }, "geometry": { "type": "Point", "coordinates": [ -0.093154780842391, 51.493329049359893 ] } },
{ "type": "Feature", "properties": { "id": 408, "utm_x": 701782.14597299206, "utm_y": 5708835.7164734416, "lon": -0.093073937181468475, "lat": 51.494599035130051 }, "geometry": { "type": "Point", "coordinates": [ -0.093073937181468, 51.494599035130051 ] } },
{ "type": "Feature", "properties": { "id": 409, "utm_x": 701782.14597299206, "utm_y": 5708977.1378296781, "lon": -0.092993087601752664, "lat": 51.49586902053273 }, "geometry": { "type": "Point", "coordinates": [ -0.092993087601753, 51.49586902053273 ] } },
{ "type": "Feature", "properties": { "id": 410, "utm_x": 701782.14597299206, "utm_y": 5709118.5591859156, "lon": -0.092912232102669551, "lat": 51.497139005567952 }, "geometry": { "type": "Point", "coordinates": [ -0.09291223210267, 51.497139005567952 ] } },
{ "type": "Feature", "properties": { "id": 411, "utm_x": 701782.14597299206, "utm_y": 5709259.9805421531, "lon": -0.092831370683651035, "lat": 51.498408990235674 }, "geometry": { "type": "Point", "coordinates": [ -0.092831370683651, 51.498408990235674 ] } },
{ "type": "Feature", "properties": { "id": 412, "utm_x": 701782.14597299206, "utm_y": 5709401.4018983906, "lon": -0.092750503344121812, "lat": 51.499678974535904 }, "geometry": { "type": "Point", "coordinates": [ -0.092750503344122, 51.499678974535904 ] } },
{ "type": "Feature", "properties": { "id": 413, "utm_x": 701782.14597299206, "utm_y": 5709542.8232546281, "lon": -0.09266963008351177, "lat": 51.500948958468634 }, "geometry": { "type": "Point", "coordinates": [ -0.092669630083512, 51.500948958468634 ] } },
{ "type": "Feature", "properties": { "id": 414, "utm_x": 701782.14597299206, "utm_y": 5709684.2446108647, "lon": -0.092588750901248809, "lat": 51.502218942033871 }, "geometry": { "type": "Point", "coordinates": [ -0.092588750901249, 51.502218942033871 ] } },
{ "type": "Feature", "properties": { "id": 415, "utm_x": 701782.14597299206, "utm_y": 5709825.6659671022, "lon": -0.092507865796758446, "lat": 51.503488925231601 }, "geometry": { "type": "Point", "coordinates": [ -0.092507865796758, 51.503488925231601 ] } },
{ "type": "Feature", "properties": { "id": 416, "utm_x": 701782.14597299206, "utm_y": 5709967.0873233397, "lon": -0.092426974769471745, "lat": 51.504758908061802 }, "geometry": { "type": "Point", "coordinates": [ -0.092426974769472, 51.504758908061802 ] } },
{ "type": "Feature", "properties": { "id": 417, "utm_x": 701782.14597299206, "utm_y": 5710108.5086795771, "lon": -0.092346077818813446, "lat": 51.50602889052449 }, "geometry": { "type": "Point", "coordinates": [ -0.092346077818813, 51.50602889052449 ] } },
{ "type": "Feature", "properties": { "id": 418, "utm_x": 701782.14597299206, "utm_y": 5710249.9300358146, "lon": -0.092265174944212228, "lat": 51.507298872619643 }, "geometry": { "type": "Point", "coordinates": [ -0.092265174944212, 51.507298872619643 ] } },
{ "type": "Feature", "properties": { "id": 419, "utm_x": 701782.14597299206, "utm_y": 5710391.3513920512, "lon": -0.092184266145096783, "lat": 51.508568854347253 }, "geometry": { "type": "Point", "coordinates": [ -0.092184266145097, 51.508568854347253 ] } },
{ "type": "Feature", "properties": { "id": 420, "utm_x": 701782.14597299206, "utm_y": 5710532.7727482887, "lon": -0.092103351420891835, "lat": 51.509838835707335 }, "geometry": { "type": "Point", "coordinates": [ -0.092103351420892, 51.509838835707335 ] } },
{ "type": "Feature", "properties": { "id": 421, "utm_x": 701782.14597299206, "utm_y": 5710674.1941045262, "lon": -0.09202243077102687, "lat": 51.511108816699874 }, "geometry": { "type": "Point", "coordinates": [ -0.092022430771027, 51.511108816699874 ] } },
{ "type": "Feature", "properties": { "id": 422, "utm_x": 701782.14597299206, "utm_y": 5710815.6154607637, "lon": -0.091941504194927789, "lat": 51.512378797324857 }, "geometry": { "type": "Point", "coordinates": [ -0.091941504194928, 51.512378797324857 ] } },
{ "type": "Feature", "properties": { "id": 423, "utm_x": 701782.14597299206, "utm_y": 5710957.0368170012, "lon": -0.091860571692024093, "lat": 51.513648777582276 }, "geometry": { "type": "Point", "coordinates": [ -0.091860571692024, 51.513648777582276 ] } },
{ "type": "Feature", "properties": { "id": 424, "utm_x": 701782.14597299206, "utm_y": 5711098.4581732377, "lon": -0.091779633261740087, "lat": 51.514918757472117 }, "geometry": { "type": "Point", "coordinates": [ -0.09177963326174, 51.514918757472117 ] } },
{ "type": "Feature", "properties": { "id": 425, "utm_x": 701782.14597299206, "utm_y": 5711239.8795294752, "lon": -0.091698688903503286, "lat": 51.516188736994401 }, "geometry": { "type": "Point", "coordinates": [ -0.091698688903503, 51.516188736994401 ] } },
{ "type": "Feature", "properties": { "id": 426, "utm_x": 701782.14597299206, "utm_y": 5711381.3008857127, "lon": -0.091617738616741579, "lat": 51.517458716149122 }, "geometry": { "type": "Point", "coordinates": [ -0.091617738616742, 51.517458716149122 ] } },
{ "type": "Feature", "properties": { "id": 427, "utm_x": 701782.14597299206, "utm_y": 5711522.7222419502, "lon": -0.09153678240088288, "lat": 51.518728694936229 }, "geometry": { "type": "Point", "coordinates": [ -0.091536782400883, 51.518728694936229 ] } },
{ "type": "Feature", "properties": { "id": 428, "utm_x": 701782.14597299206, "utm_y": 5711664.1435981877, "lon": -0.091455820255350678, "lat": 51.519998673355765 }, "geometry": { "type": "Point", "coordinates": [ -0.091455820255351, 51.519998673355765 ] } },
{ "type": "Feature", "properties": { "id": 429, "utm_x": 701923.56732922932, "utm_y": 5707280.081554831, "lon": -0.091928982132968379, "lat": 51.480578713257891 }, "geometry": { "type": "Point", "coordinates": [ -0.091928982132968, 51.480578713257891 ] } },
{ "type": "Feature", "properties": { "id": 430, "utm_x": 701923.56732922932, "utm_y": 5707421.5029110685, "lon": -0.091848141282459023, "lat": 51.481848700421679 }, "geometry": { "type": "Point", "coordinates": [ -0.091848141282459, 51.481848700421679 ] } },
{ "type": "Feature", "properties": { "id": 431, "utm_x": 701923.56732922932, "utm_y": 5707562.9242673051, "lon": -0.091767294514761052, "lat": 51.483118687217939 }, "geometry": { "type": "Point", "coordinates": [ -0.091767294514761, 51.483118687217939 ] } },
{ "type": "Feature", "properties": { "id": 432, "utm_x": 701923.56732922932, "utm_y": 5707704.3456235426, "lon": -0.091686441829304355, "lat": 51.484388673646649 }, "geometry": { "type": "Point", "coordinates": [ -0.091686441829304, 51.484388673646649 ] } },
{ "type": "Feature", "properties": { "id": 433, "utm_x": 701923.56732922932, "utm_y": 5707845.76697978, "lon": -0.091605583225517623, "lat": 51.485658659707809 }, "geometry": { "type": "Point", "coordinates": [ -0.091605583225518, 51.485658659707809 ] } },
{ "type": "Feature", "properties": { "id": 434, "utm_x": 701923.56732922932, "utm_y": 5707987.1883360175, "lon": -0.091524718702828772, "lat": 51.486928645401427 }, "geometry": { "type": "Point", "coordinates": [ -0.091524718702829, 51.486928645401427 ] } },
{ "type": "Feature", "properties": { "id": 435, "utm_x": 701923.56732922932, "utm_y": 5708128.609692255, "lon": -0.091443848260666066, "lat": 51.488198630727474 }, "geometry": { "type": "Point", "coordinates": [ -0.091443848260666, 51.488198630727474 ] } },
{ "type": "Feature", "properties": { "id": 436, "utm_x": 701923.56732922932, "utm_y": 5708270.0310484916, "lon": -0.091362971898457809, "lat": 51.489468615685958 }, "geometry": { "type": "Point", "coordinates": [ -0.091362971898458, 51.489468615685958 ] } },
{ "type": "Feature", "properties": { "id": 437, "utm_x": 701923.56732922932, "utm_y": 5708411.4524047291, "lon": -0.091282089615631917, "lat": 51.490738600276863 }, "geometry": { "type": "Point", "coordinates": [ -0.091282089615632, 51.490738600276863 ] } },
{ "type": "Feature", "properties": { "id": 438, "utm_x": 701923.56732922932, "utm_y": 5708552.8737609666, "lon": -0.091201201411617472, "lat": 51.492008584500191 }, "geometry": { "type": "Point", "coordinates": [ -0.091201201411617, 51.492008584500191 ] } },
{ "type": "Feature", "properties": { "id": 439, "utm_x": 701923.56732922932, "utm_y": 5708694.2951172041, "lon": -0.091120307285840765, "lat": 51.49327856835594 }, "geometry": { "type": "Point", "coordinates": [ -0.091120307285841, 51.49327856835594 ] } },
{ "type": "Feature", "properties": { "id": 440, "utm_x": 701923.56732922932, "utm_y": 5708835.7164734416, "lon": -0.091039407237730116, "lat": 51.494548551844083 }, "geometry": { "type": "Point", "coordinates": [ -0.09103940723773, 51.494548551844083 ] } },
{ "type": "Feature", "properties": { "id": 441, "utm_x": 701923.56732922932, "utm_y": 5708977.1378296781, "lon": -0.090958501266715383, "lat": 51.495818534964627 }, "geometry": { "type": "Point", "coordinates": [ -0.090958501266715, 51.495818534964627 ] } },
{ "type": "Feature", "properties": { "id": 442, "utm_x": 701923.56732922932, "utm_y": 5709118.5591859156, "lon": -0.090877589372221707, "lat": 51.497088517717579 }, "geometry": { "type": "Point", "coordinates": [ -0.090877589372222, 51.497088517717579 ] } },
{ "type": "Feature", "properties": { "id": 443, "utm_x": 701923.56732922932, "utm_y": 5709259.9805421531, "lon": -0.09079667155367778, "lat": 51.498358500102917 }, "geometry": { "type": "Point", "coordinates": [ -0.090796671553678, 51.498358500102917 ] } },
{ "type": "Feature", "properties": { "id": 444, "utm_x": 701923.56732922932, "utm_y": 5709401.4018983906, "lon": -0.090715747810511477, "lat": 51.499628482120634 }, "geometry": { "type": "Point", "coordinates": [ -0.090715747810511, 51.499628482120634 ] } },
{ "type": "Feature", "properties": { "id": 445, "utm_x": 701923.56732922932, "utm_y": 5709542.8232546281, "lon": -0.090634818142150311, "lat": 51.500898463770724 }, "geometry": { "type": "Point", "coordinates": [ -0.09063481814215, 51.500898463770724 ] } },
{ "type": "Feature", "properties": { "id": 446, "utm_x": 701923.56732922932, "utm_y": 5709684.2446108647, "lon": -0.090553882548021783, "lat": 51.502168445053186 }, "geometry": { "type": "Point", "coordinates": [ -0.090553882548022, 51.502168445053186 ] } },
{ "type": "Feature", "properties": { "id": 447, "utm_x": 701923.56732922932, "utm_y": 5709825.6659671022, "lon": -0.0904729410275526, "lat": 51.503438425968014 }, "geometry": { "type": "Point", "coordinates": [ -0.090472941027553, 51.503438425968014 ] } },
{ "type": "Feature", "properties": { "id": 448, "utm_x": 701923.56732922932, "utm_y": 5709967.0873233397, "lon": -0.090391993580170651, "lat": 51.504708406515213 }, "geometry": { "type": "Point", "coordinates": [ -0.090391993580171, 51.504708406515213 ] } },
{ "type": "Feature", "properties": { "id": 449, "utm_x": 701923.56732922932, "utm_y": 5710108.5086795771, "lon": -0.090311040205303048, "lat": 51.505978386694743 }, "geometry": { "type": "Point", "coordinates": [ -0.090311040205303, 51.505978386694743 ] } },
{ "type": "Feature", "properties": { "id": 450, "utm_x": 701923.56732922932, "utm_y": 5710249.9300358146, "lon": -0.090230080902377288, "lat": 51.50724836650663 }, "geometry": { "type": "Point", "coordinates": [ -0.090230080902377, 51.50724836650663 ] } },
{ "type": "Feature", "properties": { "id": 451, "utm_x": 701923.56732922932, "utm_y": 5710391.3513920512, "lon": -0.090149115670820082, "lat": 51.50851834595084 }, "geometry": { "type": "Point", "coordinates": [ -0.09014911567082, 51.50851834595084 ] } },
{ "type": "Feature", "properties": { "id": 452, "utm_x": 701923.56732922932, "utm_y": 5710532.7727482887, "lon": -0.090068144510057721, "lat": 51.509788325027394 }, "geometry": { "type": "Point", "coordinates": [ -0.090068144510058, 51.509788325027394 ] } },
{ "type": "Feature", "properties": { "id": 453, "utm_x": 701923.56732922932, "utm_y": 5710674.1941045262, "lon": -0.089987167419518121, "lat": 51.511058303736277 }, "geometry": { "type": "Point", "coordinates": [ -0.089987167419518, 51.511058303736277 ] } },
{ "type": "Feature", "properties": { "id": 454, "utm_x": 701923.56732922932, "utm_y": 5710815.6154607637, "lon": -0.089906184398627575, "lat": 51.512328282077497 }, "geometry": { "type": "Point", "coordinates": [ -0.089906184398628, 51.512328282077497 ] } },
{ "type": "Feature", "properties": { "id": 455, "utm_x": 701923.56732922932, "utm_y": 5710957.0368170012, "lon": -0.089825195446813999, "lat": 51.513598260050998 }, "geometry": { "type": "Point", "coordinates": [ -0.089825195446814, 51.513598260050998 ] } },
{ "type": "Feature", "properties": { "id": 456, "utm_x": 701923.56732922932, "utm_y": 5711098.4581732377, "lon": -0.089744200563502879, "lat": 51.514868237656813 }, "geometry": { "type": "Point", "coordinates": [ -0.089744200563503, 51.514868237656813 ] } },
{ "type": "Feature", "properties": { "id": 457, "utm_x": 701923.56732922932, "utm_y": 5711239.8795294752, "lon": -0.089663199748121342, "lat": 51.516138214894944 }, "geometry": { "type": "Point", "coordinates": [ -0.089663199748121, 51.516138214894944 ] } },
{ "type": "Feature", "properties": { "id": 458, "utm_x": 701923.56732922932, "utm_y": 5711381.3008857127, "lon": -0.089582193000095275, "lat": 51.517408191765362 }, "geometry": { "type": "Point", "coordinates": [ -0.089582193000095, 51.517408191765362 ] } },
{ "type": "Feature", "properties": { "id": 459, "utm_x": 701923.56732922932, "utm_y": 5711522.7222419502, "lon": -0.089501180318852597, "lat": 51.518678168268067 }, "geometry": { "type": "Point", "coordinates": [ -0.089501180318853, 51.518678168268067 ] } },
{ "type": "Feature", "properties": { "id": 460, "utm_x": 701923.56732922932, "utm_y": 5711664.1435981877, "lon": -0.089420161703818016, "lat": 51.519948144403067 }, "geometry": { "type": "Point", "coordinates": [ -0.089420161703818, 51.519948144403067 ] } },
{ "type": "Feature", "properties": { "id": 461, "utm_x": 702064.9886854667, "utm_y": 5707280.081554831, "lon": -0.08989507813882644, "lat": 51.48052821982948 }, "geometry": { "type": "Point", "coordinates": [ -0.089895078138826, 51.48052821982948 ] } },
{ "type": "Feature", "properties": { "id": 462, "utm_x": 702064.9886854667, "utm_y": 5707421.5029110685, "lon": -0.089814180942799471, "lat": 51.481798204710941 }, "geometry": { "type": "Point", "coordinates": [ -0.089814180942799, 51.481798204710941 ] } },
{ "type": "Feature", "properties": { "id": 463, "utm_x": 702064.9886854667, "utm_y": 5707562.9242673051, "lon": -0.089733277825477409, "lat": 51.483068189224717 }, "geometry": { "type": "Point", "coordinates": [ -0.089733277825477, 51.483068189224717 ] } },
{ "type": "Feature", "properties": { "id": 464, "utm_x": 702064.9886854667, "utm_y": 5707704.3456235426, "lon": -0.089652368786287726, "lat": 51.484338173370851 }, "geometry": { "type": "Point", "coordinates": [ -0.089652368786288, 51.484338173370851 ] } },
{ "type": "Feature", "properties": { "id": 465, "utm_x": 702064.9886854667, "utm_y": 5707845.76697978, "lon": -0.089571453824658351, "lat": 51.485608157149294 }, "geometry": { "type": "Point", "coordinates": [ -0.089571453824658, 51.485608157149294 ] } },
{ "type": "Feature", "properties": { "id": 466, "utm_x": 702064.9886854667, "utm_y": 5707987.1883360175, "lon": -0.08949053294001795, "lat": 51.486878140560073 }, "geometry": { "type": "Point", "coordinates": [ -0.089490532940018, 51.486878140560073 ] } },
{ "type": "Feature", "properties": { "id": 467, "utm_x": 702064.9886854667, "utm_y": 5708128.609692255, "lon": -0.08940960613179405, "lat": 51.488148123603153 }, "geometry": { "type": "Point", "coordinates": [ -0.089409606131794, 51.488148123603153 ] } },
{ "type": "Feature", "properties": { "id": 468, "utm_x": 702064.9886854667, "utm_y": 5708270.0310484916, "lon": -0.089328673399414915, "lat": 51.489418106278528 }, "geometry": { "type": "Point", "coordinates": [ -0.089328673399415, 51.489418106278528 ] } },
{ "type": "Feature", "properties": { "id": 469, "utm_x": 702064.9886854667, "utm_y": 5708411.4524047291, "lon": -0.089247734742308071, "lat": 51.490688088586218 }, "geometry": { "type": "Point", "coordinates": [ -0.089247734742308, 51.490688088586218 ] } },
{ "type": "Feature", "properties": { "id": 470, "utm_x": 702064.9886854667, "utm_y": 5708552.8737609666, "lon": -0.089166790159901005, "lat": 51.491958070526181 }, "geometry": { "type": "Point", "coordinates": [ -0.089166790159901, 51.491958070526181 ] } },
{ "type": "Feature", "properties": { "id": 471, "utm_x": 702064.9886854667, "utm_y": 5708694.2951172041, "lon": -0.089085839651621215, "lat": 51.493228052098466 }, "geometry": { "type": "Point", "coordinates": [ -0.089085839651621, 51.493228052098466 ] } },
{ "type": "Feature", "properties": { "id": 472, "utm_x": 702064.9886854667, "utm_y": 5708835.7164734416, "lon": -0.089004883216896605, "lat": 51.49449803330301 }, "geometry": { "type": "Point", "coordinates": [ -0.089004883216897, 51.49449803330301 ] } },
{ "type": "Feature", "properties": { "id": 473, "utm_x": 702064.9886854667, "utm_y": 5708977.1378296781, "lon": -0.088923920855153882, "lat": 51.495768014139841 }, "geometry": { "type": "Point", "coordinates": [ -0.088923920855154, 51.495768014139841 ] } },
{ "type": "Feature", "properties": { "id": 474, "utm_x": 702064.9886854667, "utm_y": 5709118.5591859156, "lon": -0.088842952565821739, "lat": 51.497037994608938 }, "geometry": { "type": "Point", "coordinates": [ -0.088842952565822, 51.497037994608938 ] } },
{ "type": "Feature", "properties": { "id": 475, "utm_x": 702064.9886854667, "utm_y": 5709259.9805421531, "lon": -0.088761978348326082, "lat": 51.498307974710286 }, "geometry": { "type": "Point", "coordinates": [ -0.088761978348326, 51.498307974710286 ] } },
{ "type": "Feature", "properties": { "id": 476, "utm_x": 702064.9886854667, "utm_y": 5709401.4018983906, "lon": -0.088680998202094408, "lat": 51.499577954443907 }, "geometry": { "type": "Point", "coordinates": [ -0.088680998202094, 51.499577954443907 ] } },
{ "type": "Feature", "properties": { "id": 477, "utm_x": 702064.9886854667, "utm_y": 5709542.8232546281, "lon": -0.088600012126554231, "lat": 51.500847933809773 }, "geometry": { "type": "Point", "coordinates": [ -0.088600012126554, 51.500847933809773 ] } },
{ "type": "Feature", "properties": { "id": 478, "utm_x": 702064.9886854667, "utm_y": 5709684.2446108647, "lon": -0.088519020121133024, "lat": 51.502117912807876 }, "geometry": { "type": "Point", "coordinates": [ -0.088519020121133, 51.502117912807876 ] } },
{ "type": "Feature", "properties": { "id": 479, "utm_x": 702064.9886854667, "utm_y": 5709825.6659671022, "lon": -0.088438022185257134, "lat": 51.503387891438209 }, "geometry": { "type": "Point", "coordinates": [ -0.088438022185257, 51.503387891438209 ] } },
{ "type": "Feature", "properties": { "id": 480, "utm_x": 702064.9886854667, "utm_y": 5709967.0873233397, "lon": -0.088357018318354019, "lat": 51.504657869700793 }, "geometry": { "type": "Point", "coordinates": [ -0.088357018318354, 51.504657869700793 ] } },
{ "type": "Feature", "properties": { "id": 481, "utm_x": 702064.9886854667, "utm_y": 5710108.5086795771, "lon": -0.088276008519849611, "lat": 51.505927847595594 }, "geometry": { "type": "Point", "coordinates": [ -0.08827600851985, 51.505927847595594 ] } },
{ "type": "Feature", "properties": { "id": 482, "utm_x": 702064.9886854667, "utm_y": 5710249.9300358146, "lon": -0.088194992789171422, "lat": 51.507197825122617 }, "geometry": { "type": "Point", "coordinates": [ -0.088194992789171, 51.507197825122617 ] } },
{ "type": "Feature", "properties": { "id": 483, "utm_x": 702064.9886854667, "utm_y": 5710391.3513920512, "lon": -0.08811397112574533, "lat": 51.508467802281842 }, "geometry": { "type": "Point", "coordinates": [ -0.088113971125745, 51.508467802281842 ] } },
{ "type": "Feature", "properties": { "id": 484, "utm_x": 702064.9886854667, "utm_y": 5710532.7727482887, "lon": -0.088032943528998875, "lat": 51.509737779073284 }, "geometry": { "type": "Point", "coordinates": [ -0.088032943528999, 51.509737779073284 ] } },
{ "type": "Feature", "properties": { "id": 485, "utm_x": 702064.9886854667, "utm_y": 5710674.1941045262, "lon": -0.087951909998358321, "lat": 51.511007755496934 }, "geometry": { "type": "Point", "coordinates": [ -0.087951909998358, 51.511007755496934 ] } },
{ "type": "Feature", "properties": { "id": 486, "utm_x": 702064.9886854667, "utm_y": 5710815.6154607637, "lon": -0.087870870533250003, "lat": 51.512277731552764 }, "geometry": { "type": "Point", "coordinates": [ -0.08787087053325, 51.512277731552764 ] } },
{ "type": "Feature", "properties": { "id": 487, "utm_x": 702064.9886854667, "utm_y": 5710957.0368170012, "lon": -0.087789825133099839, "lat": 51.513547707240789 }, "geometry": { "type": "Point", "coordinates": [ -0.0877898251331, 51.513547707240789 ] } },
{ "type": "Feature", "properties": { "id": 488, "utm_x": 702064.9886854667, "utm_y": 5711098.4581732377, "lon": -0.087708773797335687, "lat": 51.514817682560981 }, "geometry": { "type": "Point", "coordinates": [ -0.087708773797336, 51.514817682560981 ] } },
{ "type": "Feature", "properties": { "id": 489, "utm_x": 702064.9886854667, "utm_y": 5711239.8795294752, "lon": -0.08762771652538151, "lat": 51.51608765751336 }, "geometry": { "type": "Point", "coordinates": [ -0.087627716525382, 51.51608765751336 ] } },
{ "type": "Feature", "properties": { "id": 490, "utm_x": 702064.9886854667, "utm_y": 5711381.3008857127, "lon": -0.087546653316664391, "lat": 51.517357632097912 }, "geometry": { "type": "Point", "coordinates": [ -0.087546653316664, 51.517357632097912 ] } },
{ "type": "Feature", "properties": { "id": 491, "utm_x": 702064.9886854667, "utm_y": 5711522.7222419502, "lon": -0.087465584170611441, "lat": 51.518627606314617 }, "geometry": { "type": "Point", "coordinates": [ -0.087465584170611, 51.518627606314617 ] } },
{ "type": "Feature", "properties": { "id": 492, "utm_x": 702064.9886854667, "utm_y": 5711664.1435981877, "lon": -0.087384509086648562, "lat": 51.51989758016348 }, "geometry": { "type": "Point", "coordinates": [ -0.087384509086649, 51.51989758016348 ] } },
{ "type": "Feature", "properties": { "id": 493, "utm_x": 702206.41004170396, "utm_y": 5707280.081554831, "lon": -0.087861180065409897, "lat": 51.480477691163678 }, "geometry": { "type": "Point", "coordinates": [ -0.08786118006541, 51.480477691163678 ] } },
{ "type": "Feature", "properties": { "id": 494, "utm_x": 702206.41004170396, "utm_y": 5707421.5029110685, "lon": -0.087780226524437815, "lat": 51.481747673761205 }, "geometry": { "type": "Point", "coordinates": [ -0.087780226524438, 51.481747673761205 ] } },
{ "type": "Feature", "properties": { "id": 495, "utm_x": 702206.41004170396, "utm_y": 5707562.9242673051, "lon": -0.087699267058062566, "lat": 51.483017655990942 }, "geometry": { "type": "Point", "coordinates": [ -0.087699267058063, 51.483017655990942 ] } },
{ "type": "Feature", "properties": { "id": 496, "utm_x": 702206.41004170396, "utm_y": 5707704.3456235426, "lon": -0.087618301665711218, "lat": 51.484287637852894 }, "geometry": { "type": "Point", "coordinates": [ -0.087618301665711, 51.484287637852894 ] } },
{ "type": "Feature", "properties": { "id": 497, "utm_x": 702206.41004170396, "utm_y": 5707845.76697978, "lon": -0.087537330346812478, "lat": 51.485557619347034 }, "geometry": { "type": "Point", "coordinates": [ -0.087537330346812, 51.485557619347034 ] } },
{ "type": "Feature", "properties": { "id": 498, "utm_x": 702206.41004170396, "utm_y": 5707987.1883360175, "lon": -0.087456353100792653, "lat": 51.486827600473383 }, "geometry": { "type": "Point", "coordinates": [ -0.087456353100793, 51.486827600473383 ] } },
{ "type": "Feature", "properties": { "id": 499, "utm_x": 702206.41004170396, "utm_y": 5708128.609692255, "lon": -0.087375369927080032, "lat": 51.488097581231891 }, "geometry": { "type": "Point", "coordinates": [ -0.08737536992708, 51.488097581231891 ] } },
{ "type": "Feature", "properties": { "id": 500, "utm_x": 702206.41004170396, "utm_y": 5708270.0310484916, "lon": -0.087294380825102519, "lat": 51.489367561622593 }, "geometry": { "type": "Point", "coordinates": [ -0.087294380825103, 51.489367561622593 ] } },
{ "type": "Feature", "properties": { "id": 501, "utm_x": 702206.41004170396, "utm_y": 5708411.4524047291, "lon": -0.087213385794286419, "lat": 51.490637541645476 }, "geometry": { "type": "Point", "coordinates": [ -0.087213385794286, 51.490637541645476 ] } },
{ "type": "Feature", "properties": { "id": 502, "utm_x": 702206.41004170396, "utm_y": 5708552.8737609666, "lon": -0.087132384834060439, "lat": 51.491907521300512 }, "geometry": { "type": "Point", "coordinates": [ -0.08713238483406, 51.491907521300512 ] } },
{ "type": "Feature", "properties": { "id": 503, "utm_x": 702206.41004170396, "utm_y": 5708694.2951172041, "lon": -0.087051377943848873, "lat": 51.493177500587727 }, "geometry": { "type": "Point", "coordinates": [ -0.087051377943849, 51.493177500587727 ] } },
{ "type": "Feature", "properties": { "id": 504, "utm_x": 702206.41004170396, "utm_y": 5708835.7164734416, "lon": -0.086970365123082011, "lat": 51.494447479507095 }, "geometry": { "type": "Point", "coordinates": [ -0.086970365123082, 51.494447479507095 ] } },
{ "type": "Feature", "properties": { "id": 505, "utm_x": 702206.41004170396, "utm_y": 5708977.1378296781, "lon": -0.08688934637118538, "lat": 51.495717458058593 }, "geometry": { "type": "Point", "coordinates": [ -0.086889346371185, 51.495717458058593 ] } },
{ "type": "Feature", "properties": { "id": 506, "utm_x": 702206.41004170396, "utm_y": 5709118.5591859156, "lon": -0.086808321687586482, "lat": 51.49698743624225 }, "geometry": { "type": "Point", "coordinates": [ -0.086808321687586, 51.49698743624225 ] } },
{ "type": "Feature", "properties": { "id": 507, "utm_x": 702206.41004170396, "utm_y": 5709259.9805421531, "lon": -0.086727291071711995, "lat": 51.498257414058038 }, "geometry": { "type": "Point", "coordinates": [ -0.086727291071712, 51.498257414058038 ] } },
{ "type": "Feature", "properties": { "id": 508, "utm_x": 702206.41004170396, "utm_y": 5709401.4018983906, "lon": -0.086646254522988242, "lat": 51.499527391505957 }, "geometry": { "type": "Point", "coordinates": [ -0.086646254522988, 51.499527391505957 ] } },
{ "type": "Feature", "properties": { "id": 509, "utm_x": 702206.41004170396, "utm_y": 5709542.8232546281, "lon": -0.086565212040843137, "lat": 51.500797368585999 }, "geometry": { "type": "Point", "coordinates": [ -0.086565212040843, 51.500797368585999 ] } },
{ "type": "Feature", "properties": { "id": 510, "utm_x": 702206.41004170396, "utm_y": 5709684.2446108647, "lon": -0.086484163624702168, "lat": 51.502067345298158 }, "geometry": { "type": "Point", "coordinates": [ -0.086484163624702, 51.502067345298158 ] } },
{ "type": "Feature", "properties": { "id": 511, "utm_x": 702206.41004170396, "utm_y": 5709825.6659671022, "lon": -0.086403109273992446, "lat": 51.503337321642441 }, "geometry": { "type": "Point", "coordinates": [ -0.086403109273992, 51.503337321642441 ] } },
{ "type": "Feature", "properties": { "id": 512, "utm_x": 702206.41004170396, "utm_y": 5709967.0873233397, "lon": -0.086322048988140665, "lat": 51.504607297618811 }, "geometry": { "type": "Point", "coordinates": [ -0.086322048988141, 51.504607297618811 ] } },
{ "type": "Feature", "properties": { "id": 513, "utm_x": 702206.41004170396, "utm_y": 5710108.5086795771, "lon": -0.086240982766572757, "lat": 51.505877273227284 }, "geometry": { "type": "Point", "coordinates": [ -0.086240982766573, 51.505877273227284 ] } },
{ "type": "Feature", "properties": { "id": 514, "utm_x": 702206.41004170396, "utm_y": 5710249.9300358146, "lon": -0.086159910608714627, "lat": 51.507147248467859 }, "geometry": { "type": "Point", "coordinates": [ -0.086159910608715, 51.507147248467859 ] } },
{ "type": "Feature", "properties": { "id": 515, "utm_x": 702206.41004170396, "utm_y": 5710391.3513920512, "lon": -0.086078832513994161, "lat": 51.508417223340501 }, "geometry": { "type": "Point", "coordinates": [ -0.086078832513994, 51.508417223340501 ] } },
{ "type": "Feature", "properties": { "id": 516, "utm_x": 702206.41004170396, "utm_y": 5710532.7727482887, "lon": -0.085997748481837277, "lat": 51.509687197845231 }, "geometry": { "type": "Point", "coordinates": [ -0.085997748481837, 51.509687197845231 ] } },
{ "type": "Feature", "properties": { "id": 517, "utm_x": 702206.41004170396, "utm_y": 5710674.1941045262, "lon": -0.085916658511668284, "lat": 51.510957171982049 }, "geometry": { "type": "Point", "coordinates": [ -0.085916658511668, 51.510957171982049 ] } },
{ "type": "Feature", "properties": { "id": 518, "utm_x": 702206.41004170396, "utm_y": 5710815.6154607637, "lon": -0.085835562602915486, "lat": 51.512227145750934 }, "geometry": { "type": "Point", "coordinates": [ -0.085835562602915, 51.512227145750934 ] } },
{ "type": "Feature", "properties": { "id": 519, "utm_x": 702206.41004170396, "utm_y": 5710957.0368170012, "lon": -0.085754460755002815, "lat": 51.513497119151872 }, "geometry": { "type": "Point", "coordinates": [ -0.085754460755003, 51.513497119151872 ] } },
{ "type": "Feature", "properties": { "id": 520, "utm_x": 702206.41004170396, "utm_y": 5711098.4581732377, "lon": -0.085673352967358549, "lat": 51.514767092184847 }, "geometry": { "type": "Point", "coordinates": [ -0.085673352967359, 51.514767092184847 ] } },
{ "type": "Feature", "properties": { "id": 521, "utm_x": 702206.41004170396, "utm_y": 5711239.8795294752, "lon": -0.085592239239406218, "lat": 51.51603706484989 }, "geometry": { "type": "Point", "coordinates": [ -0.085592239239406, 51.51603706484989 ] } },
{ "type": "Feature", "properties": { "id": 522, "utm_x": 702206.41004170396, "utm_y": 5711381.3008857127, "lon": -0.085511119570572933, "lat": 51.517307037146978 }, "geometry": { "type": "Point", "coordinates": [ -0.085511119570573, 51.517307037146978 ] } },
{ "type": "Feature", "properties": { "id": 523, "utm_x": 702206.41004170396, "utm_y": 5711522.7222419502, "lon": -0.085429993960284598, "lat": 51.518577009076097 }, "geometry": { "type": "Point", "coordinates": [ -0.085429993960285, 51.518577009076097 ] } },
{ "type": "Feature", "properties": { "id": 524, "utm_x": 702206.41004170396, "utm_y": 5711664.1435981877, "lon": -0.085348862407965922, "lat": 51.51984698063724 }, "geometry": { "type": "Point", "coordinates": [ -0.085348862407966, 51.51984698063724 ] } },
{ "type": "Feature", "properties": { "id": 525, "utm_x": 702347.83139794134, "utm_y": 5707280.081554831, "lon": -0.08582728791682244, "lat": 51.480427127260718 }, "geometry": { "type": "Point", "coordinates": [ -0.085827287916822, 51.480427127260718 ] } },
{ "type": "Feature", "properties": { "id": 526, "utm_x": 702347.83139794134, "utm_y": 5707421.5029110685, "lon": -0.08574627803147776, "lat": 51.481697107572742 }, "geometry": { "type": "Point", "coordinates": [ -0.085746278031478, 51.481697107572742 ] } },
{ "type": "Feature", "properties": { "id": 527, "utm_x": 702347.83139794134, "utm_y": 5707562.9242673051, "lon": -0.085665262216621421, "lat": 51.48296708751684 }, "geometry": { "type": "Point", "coordinates": [ -0.085665262216621, 51.48296708751684 ] } },
{ "type": "Feature", "properties": { "id": 528, "utm_x": 702347.83139794134, "utm_y": 5707704.3456235426, "lon": -0.085584240471680895, "lat": 51.484237067093012 }, "geometry": { "type": "Point", "coordinates": [ -0.085584240471681, 51.484237067093012 ] } },
{ "type": "Feature", "properties": { "id": 529, "utm_x": 702347.83139794134, "utm_y": 5707845.76697978, "lon": -0.085503212796084901, "lat": 51.485507046301265 }, "geometry": { "type": "Point", "coordinates": [ -0.085503212796085, 51.485507046301265 ] } },
{ "type": "Feature", "properties": { "id": 530, "utm_x": 702347.83139794134, "utm_y": 5707987.1883360175, "lon": -0.08542217918925854, "lat": 51.486777025141578 }, "geometry": { "type": "Point", "coordinates": [ -0.085422179189259, 51.486777025141578 ] } },
{ "type": "Feature", "properties": { "id": 531, "utm_x": 702347.83139794134, "utm_y": 5708128.609692255, "lon": -0.085341139650628922, "lat": 51.488047003613971 }, "geometry": { "type": "Point", "coordinates": [ -0.085341139650629, 51.488047003613971 ] } },
{ "type": "Feature", "properties": { "id": 532, "utm_x": 702347.83139794134, "utm_y": 5708270.0310484916, "lon": -0.085260094179625531, "lat": 51.489316981718396 }, "geometry": { "type": "Point", "coordinates": [ -0.085260094179626, 51.489316981718396 ] } },
{ "type": "Feature", "properties": { "id": 533, "utm_x": 702347.83139794134, "utm_y": 5708411.4524047291, "lon": -0.085179042775673078, "lat": 51.490586959454873 }, "geometry": { "type": "Point", "coordinates": [ -0.085179042775673, 51.490586959454873 ] } },
{ "type": "Feature", "properties": { "id": 534, "utm_x": 702347.83139794134, "utm_y": 5708552.8737609666, "lon": -0.085097985438200269, "lat": 51.491856936823389 }, "geometry": { "type": "Point", "coordinates": [ -0.0850979854382, 51.491856936823389 ] } },
{ "type": "Feature", "properties": { "id": 535, "utm_x": 702347.83139794134, "utm_y": 5708694.2951172041, "lon": -0.085016922166631814, "lat": 51.493126913823957 }, "geometry": { "type": "Point", "coordinates": [ -0.085016922166632, 51.493126913823957 ] } },
{ "type": "Feature", "properties": { "id": 536, "utm_x": 702347.83139794134, "utm_y": 5708835.7164734416, "lon": -0.084935852960395214, "lat": 51.494396890456542 }, "geometry": { "type": "Point", "coordinates": [ -0.084935852960395, 51.494396890456542 ] } },
{ "type": "Feature", "properties": { "id": 537, "utm_x": 702347.83139794134, "utm_y": 5708977.1378296781, "lon": -0.084854777818917579, "lat": 51.49566686672113 }, "geometry": { "type": "Point", "coordinates": [ -0.084854777818918, 51.49566686672113 ] } },
{ "type": "Feature", "properties": { "id": 538, "utm_x": 702347.83139794134, "utm_y": 5709118.5591859156, "lon": -0.084773696741625201, "lat": 51.496936842617757 }, "geometry": { "type": "Point", "coordinates": [ -0.084773696741625, 51.496936842617757 ] } },
{ "type": "Feature", "properties": { "id": 539, "utm_x": 702347.83139794134, "utm_y": 5709259.9805421531, "lon": -0.084692609727943999, "lat": 51.4982068181464 }, "geometry": { "type": "Point", "coordinates": [ -0.084692609727944, 51.4982068181464 ] } },
{ "type": "Feature", "properties": { "id": 540, "utm_x": 702347.83139794134, "utm_y": 5709401.4018983906, "lon": -0.084611516777301859, "lat": 51.499476793307039 }, "geometry": { "type": "Point", "coordinates": [ -0.084611516777302, 51.499476793307039 ] } },
{ "type": "Feature", "properties": { "id": 541, "utm_x": 702347.83139794134, "utm_y": 5709542.8232546281, "lon": -0.084530417889124312, "lat": 51.500746768099674 }, "geometry": { "type": "Point", "coordinates": [ -0.084530417889124, 51.500746768099674 ] } },
{ "type": "Feature", "properties": { "id": 542, "utm_x": 702347.83139794134, "utm_y": 5709684.2446108647, "lon": -0.084449313062837664, "lat": 51.50201674252429 }, "geometry": { "type": "Point", "coordinates": [ -0.084449313062838, 51.50201674252429 ] } },
{ "type": "Feature", "properties": { "id": 543, "utm_x": 702347.83139794134, "utm_y": 5709825.6659671022, "lon": -0.084368202297866221, "lat": 51.503286716580902 }, "geometry": { "type": "Point", "coordinates": [ -0.084368202297866, 51.503286716580902 ] } },
{ "type": "Feature", "properties": { "id": 544, "utm_x": 702347.83139794134, "utm_y": 5709967.0873233397, "lon": -0.084287085593639482, "lat": 51.504556690269496 }, "geometry": { "type": "Point", "coordinates": [ -0.084287085593639, 51.504556690269496 ] } },
{ "type": "Feature", "properties": { "id": 545, "utm_x": 702347.83139794134, "utm_y": 5710108.5086795771, "lon": -0.084205962949581756, "lat": 51.505826663590049 }, "geometry": { "type": "Point", "coordinates": [ -0.084205962949582, 51.505826663590049 ] } },
{ "type": "Feature", "properties": { "id": 546, "utm_x": 702347.83139794134, "utm_y": 5710249.9300358146, "lon": -0.084124834365119763, "lat": 51.507096636542578 }, "geometry": { "type": "Point", "coordinates": [ -0.08412483436512, 51.507096636542578 ] } },
{ "type": "Feature", "properties": { "id": 547, "utm_x": 702347.83139794134, "utm_y": 5710391.3513920512, "lon": -0.084043699839677813, "lat": 51.508366609127066 }, "geometry": { "type": "Point", "coordinates": [ -0.084043699839678, 51.508366609127066 ] } },
{ "type": "Feature", "properties": { "id": 548, "utm_x": 702347.83139794134, "utm_y": 5710532.7727482887, "lon": -0.083962559372683002, "lat": 51.509636581343507 }, "geometry": { "type": "Point", "coordinates": [ -0.083962559372683, 51.509636581343507 ] } },
{ "type": "Feature", "properties": { "id": 549, "utm_x": 702347.83139794134, "utm_y": 5710674.1941045262, "lon": -0.083881412963560456, "lat": 51.510906553191901 }, "geometry": { "type": "Point", "coordinates": [ -0.08388141296356, 51.510906553191901 ] } },
{ "type": "Feature", "properties": { "id": 550, "utm_x": 702347.83139794134, "utm_y": 5710815.6154607637, "lon": -0.083800260611736885, "lat": 51.512176524672228 }, "geometry": { "type": "Point", "coordinates": [ -0.083800260611737, 51.512176524672228 ] } },
{ "type": "Feature", "properties": { "id": 551, "utm_x": 702347.83139794134, "utm_y": 5710957.0368170012, "lon": -0.083719102316636596, "lat": 51.513446495784493 }, "geometry": { "type": "Point", "coordinates": [ -0.083719102316637, 51.513446495784493 ] } },
{ "type": "Feature", "properties": { "id": 552, "utm_x": 702347.83139794134, "utm_y": 5711098.4581732377, "lon": -0.083637938077687088, "lat": 51.514716466528661 }, "geometry": { "type": "Point", "coordinates": [ -0.083637938077687, 51.514716466528661 ] } },
{ "type": "Feature", "properties": { "id": 553, "utm_x": 702347.83139794134, "utm_y": 5711239.8795294752, "lon": -0.083556767894309894, "lat": 51.51598643690479 }, "geometry": { "type": "Point", "coordinates": [ -0.08355676789431, 51.51598643690479 ] } },
{ "type": "Feature", "properties": { "id": 554, "utm_x": 702347.83139794134, "utm_y": 5711381.3008857127, "lon": -0.083475591765934137, "lat": 51.517256406912814 }, "geometry": { "type": "Point", "coordinates": [ -0.083475591765934, 51.517256406912814 ] } },
{ "type": "Feature", "properties": { "id": 555, "utm_x": 702347.83139794134, "utm_y": 5711522.7222419502, "lon": -0.083394409691984889, "lat": 51.518526376552749 }, "geometry": { "type": "Point", "coordinates": [ -0.083394409691985, 51.518526376552749 ] } },
{ "type": "Feature", "properties": { "id": 556, "utm_x": 702347.83139794134, "utm_y": 5711664.1435981877, "lon": -0.083313221671884111, "lat": 51.519796345824595 }, "geometry": { "type": "Point", "coordinates": [ -0.083313221671884, 51.519796345824595 ] } },
{ "type": "Feature", "properties": { "id": 557, "utm_x": 702489.2527541786, "utm_y": 5707280.081554831, "lon": -0.083793401697174169, "lat": 51.480376528120857 }, "geometry": { "type": "Point", "coordinates": [ -0.083793401697174, 51.480376528120857 ] } },
{ "type": "Feature", "properties": { "id": 558, "utm_x": 702489.2527541786, "utm_y": 5707421.5029110685, "lon": -0.08371233546802978, "lat": 51.481646506145772 }, "geometry": { "type": "Point", "coordinates": [ -0.08371233546803, 51.481646506145772 ] } },
{ "type": "Feature", "properties": { "id": 559, "utm_x": 702489.2527541786, "utm_y": 5707562.9242673051, "lon": -0.083631263305265241, "lat": 51.48291648380264 }, "geometry": { "type": "Point", "coordinates": [ -0.083631263305265, 51.48291648380264 ] } },
{ "type": "Feature", "properties": { "id": 560, "utm_x": 702489.2527541786, "utm_y": 5707704.3456235426, "lon": -0.083550185208308841, "lat": 51.484186461091468 }, "geometry": { "type": "Point", "coordinates": [ -0.083550185208309, 51.484186461091468 ] } },
{ "type": "Feature", "properties": { "id": 561, "utm_x": 702489.2527541786, "utm_y": 5707845.76697978, "lon": -0.083469101176587693, "lat": 51.485456438012235 }, "geometry": { "type": "Point", "coordinates": [ -0.083469101176588, 51.485456438012235 ] } },
{ "type": "Feature", "properties": { "id": 562, "utm_x": 702489.2527541786, "utm_y": 5707987.1883360175, "lon": -0.083388011209526894, "lat": 51.486726414564956 }, "geometry": { "type": "Point", "coordinates": [ -0.083388011209527, 51.486726414564956 ] } },
{ "type": "Feature", "properties": { "id": 563, "utm_x": 702489.2527541786, "utm_y": 5708128.609692255, "lon": -0.083306915306555554, "lat": 51.487996390749593 }, "geometry": { "type": "Point", "coordinates": [ -0.083306915306556, 51.487996390749593 ] } },
{ "type": "Feature", "properties": { "id": 564, "utm_x": 702489.2527541786, "utm_y": 5708270.0310484916, "lon": -0.083225813467099188, "lat": 51.48926636656617 }, "geometry": { "type": "Point", "coordinates": [ -0.083225813467099, 51.48926636656617 ] } },
{ "type": "Feature", "properties": { "id": 565, "utm_x": 702489.2527541786, "utm_y": 5708411.4524047291, "lon": -0.083144705690583284, "lat": 51.490536342014664 }, "geometry": { "type": "Point", "coordinates": [ -0.083144705690583, 51.490536342014664 ] } },
{ "type": "Feature", "properties": { "id": 566, "utm_x": 702489.2527541786, "utm_y": 5708552.8737609666, "lon": -0.083063591976436146, "lat": 51.491806317095062 }, "geometry": { "type": "Point", "coordinates": [ -0.083063591976436, 51.491806317095062 ] } },
{ "type": "Feature", "properties": { "id": 567, "utm_x": 702489.2527541786, "utm_y": 5708694.2951172041, "lon": -0.082982472324082901, "lat": 51.493076291807384 }, "geometry": { "type": "Point", "coordinates": [ -0.082982472324083, 51.493076291807384 ] } },
{ "type": "Feature", "properties": { "id": 568, "utm_x": 702489.2527541786, "utm_y": 5708835.7164734416, "lon": -0.082901346732950257, "lat": 51.494346266151609 }, "geometry": { "type": "Point", "coordinates": [ -0.08290134673295, 51.494346266151609 ] } },
{ "type": "Feature", "properties": { "id": 569, "utm_x": 702489.2527541786, "utm_y": 5708977.1378296781, "lon": -0.082820215202464895, "lat": 51.49561624012771 }, "geometry": { "type": "Point", "coordinates": [ -0.082820215202465, 51.49561624012771 ] } },
{ "type": "Feature", "properties": { "id": 570, "utm_x": 702489.2527541786, "utm_y": 5709118.5591859156, "lon": -0.082739077732052344, "lat": 51.496886213735714 }, "geometry": { "type": "Point", "coordinates": [ -0.082739077732052, 51.496886213735714 ] } },
{ "type": "Feature", "properties": { "id": 571, "utm_x": 702489.2527541786, "utm_y": 5709259.9805421531, "lon": -0.082657934321140492, "lat": 51.498156186975606 }, "geometry": { "type": "Point", "coordinates": [ -0.08265793432114, 51.498156186975606 ] } },
{ "type": "Feature", "properties": { "id": 572, "utm_x": 702489.2527541786, "utm_y": 5709401.4018983906, "lon": -0.08257678496915169, "lat": 51.499426159847388 }, "geometry": { "type": "Point", "coordinates": [ -0.082576784969152, 51.499426159847388 ] } },
{ "type": "Feature", "properties": { "id": 573, "utm_x": 702489.2527541786, "utm_y": 5709542.8232546281, "lon": -0.082495629675515408, "lat": 51.500696132351017 }, "geometry": { "type": "Point", "coordinates": [ -0.082495629675515, 51.500696132351017 ] } },
{ "type": "Feature", "properties": { "id": 574, "utm_x": 702489.2527541786, "utm_y": 5709684.2446108647, "lon": -0.082414468439655969, "lat": 51.501966104486513 }, "geometry": { "type": "Point", "coordinates": [ -0.082414468439656, 51.501966104486513 ] } },
{ "type": "Feature", "properties": { "id": 575, "utm_x": 702489.2527541786, "utm_y": 5709825.6659671022, "lon": -0.082333301260998484, "lat": 51.503236076253877 }, "geometry": { "type": "Point", "coordinates": [ -0.082333301260998, 51.503236076253877 ] } },
{ "type": "Feature", "properties": { "id": 576, "utm_x": 702489.2527541786, "utm_y": 5709967.0873233397, "lon": -0.08225212813897205, "lat": 51.504506047653081 }, "geometry": { "type": "Point", "coordinates": [ -0.082252128138972, 51.504506047653081 ] } },
{ "type": "Feature", "properties": { "id": 577, "utm_x": 702489.2527541786, "utm_y": 5710108.5086795771, "lon": -0.082170949072997421, "lat": 51.505776018684138 }, "geometry": { "type": "Point", "coordinates": [ -0.082170949072997, 51.505776018684138 ] } },
{ "type": "Feature", "properties": { "id": 578, "utm_x": 702489.2527541786, "utm_y": 5710249.9300358146, "lon": -0.082089764062503665, "lat": 51.507045989347041 }, "geometry": { "type": "Point", "coordinates": [ -0.082089764062504, 51.507045989347041 ] } },
{ "type": "Feature", "properties": { "id": 579, "utm_x": 702489.2527541786, "utm_y": 5710391.3513920512, "lon": -0.082008573106916297, "lat": 51.508315959641763 }, "geometry": { "type": "Point", "coordinates": [ -0.082008573106916, 51.508315959641763 ] } },
{ "type": "Feature", "properties": { "id": 580, "utm_x": 702489.2527541786, "utm_y": 5710532.7727482887, "lon": -0.08192737620565807, "lat": 51.509585929568324 }, "geometry": { "type": "Point", "coordinates": [ -0.081927376205658, 51.509585929568324 ] } },
{ "type": "Feature", "properties": { "id": 581, "utm_x": 702489.2527541786, "utm_y": 5710674.1941045262, "lon": -0.081846173358156457, "lat": 51.510855899126703 }, "geometry": { "type": "Point", "coordinates": [ -0.081846173358156, 51.510855899126703 ] } },
{ "type": "Feature", "properties": { "id": 582, "utm_x": 702489.2527541786, "utm_y": 5710815.6154607637, "lon": -0.081764964563836182, "lat": 51.512125868316886 }, "geometry": { "type": "Point", "coordinates": [ -0.081764964563836, 51.512125868316886 ] } },
{ "type": "Feature", "properties": { "id": 583, "utm_x": 702489.2527541786, "utm_y": 5710957.0368170012, "lon": -0.081683749822121968, "lat": 51.513395837138894 }, "geometry": { "type": "Point", "coordinates": [ -0.081683749822122, 51.513395837138894 ] } },
{ "type": "Feature", "properties": { "id": 584, "utm_x": 702489.2527541786, "utm_y": 5711098.4581732377, "lon": -0.081602529132441301, "lat": 51.514665805592678 }, "geometry": { "type": "Point", "coordinates": [ -0.081602529132441, 51.514665805592678 ] } },
{ "type": "Feature", "properties": { "id": 585, "utm_x": 702489.2527541786, "utm_y": 5711239.8795294752, "lon": -0.081521302494215353, "lat": 51.515935773678279 }, "geometry": { "type": "Point", "coordinates": [ -0.081521302494215, 51.515935773678279 ] } },
{ "type": "Feature", "properties": { "id": 586, "utm_x": 702489.2527541786, "utm_y": 5711381.3008857127, "lon": -0.081440069906871582, "lat": 51.517205741395664 }, "geometry": { "type": "Point", "coordinates": [ -0.081440069906872, 51.517205741395664 ] } },
{ "type": "Feature", "properties": { "id": 587, "utm_x": 702489.2527541786, "utm_y": 5711522.7222419502, "lon": -0.08135883136983553, "lat": 51.518475708744823 }, "geometry": { "type": "Point", "coordinates": [ -0.081358831369836, 51.518475708744823 ] } },
{ "type": "Feature", "properties": { "id": 588, "utm_x": 702489.2527541786, "utm_y": 5711664.1435981877, "lon": -0.081277586882529118, "lat": 51.51974567572578 }, "geometry": { "type": "Point", "coordinates": [ -0.081277586882529, 51.51974567572578 ] } },
{ "type": "Feature", "properties": { "id": 589, "utm_x": 702630.67411041586, "utm_y": 5707280.081554831, "lon": -0.081759521410573147, "lat": 51.480325893744322 }, "geometry": { "type": "Point", "coordinates": [ -0.081759521410573, 51.480325893744322 ] } },
{ "type": "Feature", "properties": { "id": 590, "utm_x": 702630.67411041586, "utm_y": 5707421.5029110685, "lon": -0.081678398838201147, "lat": 51.481595869480536 }, "geometry": { "type": "Point", "coordinates": [ -0.081678398838201, 51.481595869480536 ] } },
{ "type": "Feature", "properties": { "id": 591, "utm_x": 702630.67411041586, "utm_y": 5707562.9242673051, "lon": -0.081597270328101712, "lat": 51.48286584484859 }, "geometry": { "type": "Point", "coordinates": [ -0.081597270328102, 51.48286584484859 ] } },
{ "type": "Feature", "properties": { "id": 592, "utm_x": 702630.67411041586, "utm_y": 5707704.3456235426, "lon": -0.081516135879702342, "lat": 51.484135819848483 }, "geometry": { "type": "Point", "coordinates": [ -0.081516135879702, 51.484135819848483 ] } },
{ "type": "Feature", "properties": { "id": 593, "utm_x": 702630.67411041586, "utm_y": 5707845.76697978, "lon": -0.08143499549242933, "lat": 51.48540579448018 }, "geometry": { "type": "Point", "coordinates": [ -0.081434995492429, 51.48540579448018 ] } },
{ "type": "Feature", "properties": { "id": 594, "utm_x": 702630.67411041586, "utm_y": 5707987.1883360175, "lon": -0.081353849165708592, "lat": 51.486675768743702 }, "geometry": { "type": "Point", "coordinates": [ -0.081353849165709, 51.486675768743702 ] } },
{ "type": "Feature", "properties": { "id": 595, "utm_x": 702630.67411041586, "utm_y": 5708128.609692255, "lon": -0.081272696898966837, "lat": 51.487945742639027 }, "geometry": { "type": "Point", "coordinates": [ -0.081272696898967, 51.487945742639027 ] } },
{ "type": "Feature", "properties": { "id": 596, "utm_x": 702630.67411041586, "utm_y": 5708270.0310484916, "lon": -0.081191538691630372, "lat": 51.48921571616615 }, "geometry": { "type": "Point", "coordinates": [ -0.08119153869163, 51.48921571616615 ] } },
{ "type": "Feature", "properties": { "id": 597, "utm_x": 702630.67411041586, "utm_y": 5708411.4524047291, "lon": -0.081110374543125904, "lat": 51.490485689325062 }, "geometry": { "type": "Point", "coordinates": [ -0.081110374543126, 51.490485689325062 ] } },
{ "type": "Feature", "properties": { "id": 598, "utm_x": 702630.67411041586, "utm_y": 5708552.8737609666, "lon": -0.081029204452878548, "lat": 51.491755662115764 }, "geometry": { "type": "Point", "coordinates": [ -0.081029204452879, 51.491755662115764 ] } },
{ "type": "Feature", "properties": { "id": 599, "utm_x": 702630.67411041586, "utm_y": 5708694.2951172041, "lon": -0.080948028420314205, "lat": 51.493025634538256 }, "geometry": { "type": "Point", "coordinates": [ -0.080948028420314, 51.493025634538256 ] } },
{ "type": "Feature", "properties": { "id": 600, "utm_x": 702630.67411041586, "utm_y": 5708835.7164734416, "lon": -0.080866846444858781, "lat": 51.494295606592537 }, "geometry": { "type": "Point", "coordinates": [ -0.080866846444859, 51.494295606592537 ] } },
{ "type": "Feature", "properties": { "id": 601, "utm_x": 702630.67411041586, "utm_y": 5708977.1378296781, "lon": -0.080785658525940995, "lat": 51.495565578278558 }, "geometry": { "type": "Point", "coordinates": [ -0.080785658525941, 51.495565578278558 ] } },
{ "type": "Feature", "properties": { "id": 602, "utm_x": 702630.67411041586, "utm_y": 5709118.5591859156, "lon": -0.080704464662982353, "lat": 51.496835549596355 }, "geometry": { "type": "Point", "coordinates": [ -0.080704464662982, 51.496835549596355 ] } },
{ "type": "Feature", "properties": { "id": 603, "utm_x": 702630.67411041586, "utm_y": 5709259.9805421531, "lon": -0.080623264855410381, "lat": 51.498105520545913 }, "geometry": { "type": "Point", "coordinates": [ -0.08062326485541, 51.498105520545913 ] } },
{ "type": "Feature", "properties": { "id": 604, "utm_x": 702630.67411041586, "utm_y": 5709401.4018983906, "lon": -0.080542059102651373, "lat": 51.499375491127225 }, "geometry": { "type": "Point", "coordinates": [ -0.080542059102651, 51.499375491127225 ] } },
{ "type": "Feature", "properties": { "id": 605, "utm_x": 702630.67411041586, "utm_y": 5709542.8232546281, "lon": -0.080460847404129648, "lat": 51.500645461340277 }, "geometry": { "type": "Point", "coordinates": [ -0.08046084740413, 51.500645461340277 ] } },
{ "type": "Feature", "properties": { "id": 606, "utm_x": 702630.67411041586, "utm_y": 5709684.2446108647, "lon": -0.080379629759272708, "lat": 51.501915431185054 }, "geometry": { "type": "Point", "coordinates": [ -0.080379629759273, 51.501915431185054 ] } },
{ "type": "Feature", "properties": { "id": 607, "utm_x": 702630.67411041586, "utm_y": 5709825.6659671022, "lon": -0.080298406167504069, "lat": 51.503185400661565 }, "geometry": { "type": "Point", "coordinates": [ -0.080298406167504, 51.503185400661565 ] } },
{ "type": "Feature", "properties": { "id": 608, "utm_x": 702630.67411041586, "utm_y": 5709967.0873233397, "lon": -0.080217176628249259, "lat": 51.504455369769822 }, "geometry": { "type": "Point", "coordinates": [ -0.080217176628249, 51.504455369769822 ] } },
{ "type": "Feature", "properties": { "id": 609, "utm_x": 702630.67411041586, "utm_y": 5710108.5086795771, "lon": -0.080135941140934183, "lat": 51.505725338509784 }, "geometry": { "type": "Point", "coordinates": [ -0.080135941140934, 51.505725338509784 ] } },
{ "type": "Feature", "properties": { "id": 610, "utm_x": 702630.67411041586, "utm_y": 5710249.9300358146, "lon": -0.080054699704983551, "lat": 51.506995306881464 }, "geometry": { "type": "Point", "coordinates": [ -0.080054699704984, 51.506995306881464 ] } }
]
}
